t,P_R_ordinary_exact,P_R_ordinary_leading,P_R_ordinary_periodic_frame,P_R_CDT_exact,P_R_CDT_leading,current_exact,current_generator_only,current_periodic_frame
0.0,0.0,0.0,0.0,0.0,0.0,0.0,0.0,0.0
0.0125,0.00015582329318036364,7.037634281104247e-05,7.037634281104244e-05,0.00015456627496842278,1.6381541909308187e-36,0.024863980446869768,0.011259950691417041,0.016508489898212977
0.025,0.000618328586190131,0.0002814855599256601,0.0002814855599256601,0.0005989302303243083,6.552616763723275e-36,0.048948981943945265,0.022516731646234505,0.03146273806186452
0.037500000000000006,0.0013737456777698617,0.0006332682229653164,0.0006332682229653164,0.0012811668413777778,1.4743387718377376e-35,0.07165210914941612,0.03376717402015071,0.04361414753903123
0.05,0.002402602314143752,0.0011256253032208546,0.001125625303220855,0.002132527542407752,2.621046705489311e-35,0.09268111115050053,0.045008110753208486,0.05224855968422617
0.0625,0.003684093077533207,0.0017584181995296123,0.0017584181995296123,0.003086882572029539,4.095385477327048e-35,0.11211918079727509,0.056236377461339686,0.057289979045419256
0.07500000000000001,0.005200770383844714,0.0025314687772923956,0.002531468777292395,0.004097488472540826,5.89735508735095e-35,0.1304121129263763,0.06744881332715622,0.059274297986265545
0.08750000000000001,0.006942638297840533,0.003444559418619317,0.003444559418619318,0.005147215753804632,8.026955535561013e-35,0.14828855109559927,0.07864226198973709,0.059226310972587834
0.1,0.008909938315809062,0.004497433083590414,0.004497433083590413,0.006251725844331391,1.048418682195724e-34,0.16663423804740501,0.08981357243316106,0.05849171316242568
0.1125,0.011114188567282399,0.005689793382613753,0.005689793382613753,0.007457336116116998,1.326904894653963e-34,0.18634143642567966,0.10095959987353446,0.058570905140452934
0.125,0.013577267761125035,0.007021304659860702,0.007021304659860699,0.008835613873823945,1.6381541909308183e-34,0.2081485479697999,0.11207720664426482,0.0609802915588136
0.1375,0.016328479933303407,0.008491592087754843,0.008491592087754843,0.010475470783326776,1.982166571026291e-34,0.232478534194703,0.12316326307933076,0.06714125373650946
0.15000000000000002,0.019399628636729106,0.010100241772487953,0.010100241772487955,0.012471715600361097,2.35894203494038e-34,0.2592835485803935,0.13421464839429992,0.07827797216626073
0.1625,0.022818254735278876,0.011846800870533322,0.011846800870533324,0.014907816909864868,2.7684805826730844e-34,0.2879097350550948,0.14522825156484642,0.09529946081399776
0.17500000000000002,0.026599440771095693,0.013730777716123665,0.013730777716123663,0.017831083478953458,3.2107822142244064e-34,0.317008651240485,0.156200972202521,0.11865057641740252
0.1875,0.03073699718138336,0.015751641959657642,0.015751641959657645,0.021221359954027706,3.6858469295943436e-34,0.34453408705294475,0.16712972142752705,0.14813920699228342
0.2,0.03519536367155543,0.01790882471699615,0.017908824716996147,0.02495960945748426,4.193674728782898e-34,0.36786602231962073,0.1780114227382567,0.18277593650982926
0.21250000000000002,0.039904008293012216,0.020201718729606237,0.02020171872960624,0.028808689739825488,4.73426561179007e-34,0.3840883057516262,0.18884301287734273,0.220687512112291
0.225,0.04475623120668497,0.022629678535507656,0.022629678535507656,0.03242149326947329,5.3076195786158565e-34,0.3904100255101382,0.1996214426939818,0.25917302365107864
0.23750000000000002,0.04961384324509467,0.025192020650973892,0.025192020650973895,0.035387064053520656,5.91373662926026e-34,0.3846695317551547,0.21034367800228704,0.29495081350000657
0.25,0.054318116027700876,0.027888023762936462,0.027888023762936445,0.03731175581777473,6.552616763723279e-34,0.3658130492973678,0.2210067004354274,0.32459348778560637
0.2625,0.05870588839239726,0.030716928932038468,0.030716928932038475,0.03791448871095858,7.224259982004917e-34,0.3342204563516231,0.23160750829531418,0.34508183911387225
0.275,0.06262822845438916,0.03367793980628007,0.03367793980628007,0.03710280736997948,7.92866628410517e-34,0.2917759401380978,0.2421431173975954,0.35435278282556065
0.28750000000000003,0.06596815979316305,0.036770222845195856,0.036770222845195856,0.03499932530330149,8.665835670024039e-34,0.24164902639441588,0.2526105619117194,0.3516995815578621
0.30000000000000004,0.06865406990919541,0.03999290755450096,0.03999290755450096,0.03190735058127415,9.435768139761524e-34,0.18783837430307887,0.26300689519583226,0.3379180514455893
0.3125,0.07066655084238,0.04334508673113987,0.04334508673113987,0.028230090998491195,1.023846369331762e-33,0.13460143199787875,0.27332919062627314,0.3151689222901931
0.325,0.07203817606296378,0.04682581671866901,0.04682581671866902,0.02437529573432663,1.1073922330692338e-33,0.08591857691542279,0.283574542421435,0.2866123639735596
0.3375,0.07284745507295905,0.050434117672901034,0.05043411767290102,0.020677787662325874,1.1942144051885672e-33,0.04511296347305285,0.29374006645975703,0.2559301689252939
0.35000000000000003,0.07320934389975362,0.05416897383773627,0.05416897383773625,0.01735857696893546,1.284312885689762e-33,0.014682792253072813,0.30382290109162113,0.22686289546031155
0.36250000000000004,0.07326493644937862,0.05802933383110347,0.058029333831103494,0.014521269704665515,1.3776876745728187e-33,-0.003670139913274084,0.3138202079449208,0.20285540407853966
0.375,0.07317238784631916,0.06201411094092958,0.06201411094092957,0.012173954792872225,1.4743387718377364e-33,-0.008886729871414228,0.32372917272407914,0.18684516302461024
0.3875,0.0731000483351023,0.06612218343105497,0.06612218343105498,0.010261344924864697,1.5742661774845164e-33,-0.0003667024708192135,0.33354700600228715,0.18116954610537303
0.4,0.07322161147232138,0.07035239485700823,0.07035239485700823,0.008695503237532426,1.677469891513158e-33,0.022156908869592012,0.34327094400674324,0.1875308422564604
0.41250000000000003,0.07371213358688716,0.07470355439155144,0.07470355439155144,0.0073795622096437755,1.783949913923661e-33,0.05862475498067521,0.35289824939666925,0.2069492832074315
0.42500000000000004,0.07474327519774593,0.07917443715990448,0.07917443715990446,0.0062239143288669715,1.8937062447160256e-33,0.10852023394640911,0.3624262120338875,0.2396538603926432
0.4375,0.07647615918441655,0.08376378458455383,0.0837637845845538,0.005156953956504353,2.0067388838902517e-33,0.17062753178601534,0.3718521497457385,0.28490112363639575
0.45,0.07905086726403794,0.08847030473954898,0.08847030473954896,0.004132669071259947,2.1230478314463395e-33,0.2427513127865581,0.3811734090801273,0.34076311690886435
0.4625,0.08257274703230733,0.09329267271418643,0.09329267271418644,0.0031360282803228807,2.242633087384289e-33,0.32150687255273125,0.3903873660524847,0.40397293650382976
0.47500000000000003,0.08709717401640918,0.0982295309859792,0.0982295309859792,0.002185227409644019,2.3654946517041006e-33,0.4023022697294596,0.3994914268844324,0.4699420848197943
0.48750000000000004,0.09261581890601207,0.10327948980280671,0.10327948980280674,0.00132859343726225,2.4916325244057736e-33,0.4796085406629801,0.40848302873394615,0.5330498616813792
0.5,0.09904828031819377,0.10844112757413743,0.10844112757413744,0.0006343121161648574,2.6210467054893073e-33,0.5475445387274522,0.4173596404168093,0.5872426296199663
0.5125000000000001,0.10624266262371772,0.11371299127121441,0.11371299127121441,0.00017349715051643801,2.7537371949547042e-33,0.6007019384113484,0.42611876311915453,0.6268805858360887
0.525,0.1139871061119673,0.11909359683609033,0.11909359683609035,5.522032417590279e-07,2.8897039928019615e-33,0.6350373398374555,0.4347579311008937,0.647665373475201
0.5375,0.12203171592688555,0.12458142959939823,0.12458142959939823,0.00013726622104184933,3.02894709903108e-33,0.6486058287341996,0.44327471238983723,0.6474197757636447
0.55,0.13011758258196715,0.13017494470673863,0.1301749447067386,0.0005666743569706626,3.171466513642063e-33,0.6419349975524627,0.4516667094663059,0.626506975623619
0.5625,0.1380076362854411,0.13587256755356475,0.1358725675535648,0.0012391029044408162,3.317262236634905e-33,0.6179387268873943,0.4599315599380478,0.5877746067353926
0.5750000000000001,0.14551366948681346,0.14167269422844203,0.141672694228442,0.0020878625042463515,3.4663342680096115e-33,0.5814078381048106,0.4680669372052626,0.536051728876814
0.5875,0.15251511596316203,0.14757369196455736,0.14757369196455733,0.00304857439458545,3.618682607766177e-33,0.5382333255832604,0.4760705511155521,0.47735576437986993
0.6000000000000001,0.1589675368804373,0.15357389959935244,0.1535738995993524,0.004075840581537242,3.774307255904606e-33,0.4945712562432239,0.48394014860861156,0.41803008458300717
0.6125,0.1649012977793976,0.15967162804214946,0.15967162804214935,0.005153459067501749,3.933208212424896e-33,0.4561334771454863,0.4916735143504769,0.3640132512484009
0.625,0.17041275274118878,0.1658651607496394,0.16586516074963936,0.006297674330206093,4.0953854773270466e-33,0.42770692618857264,0.49926847135715413,0.32035768159533345
0.6375000000000001,0.17565092493159395,0.17215275420909812,0.1721527542090981,0.00755511345635163,4.2608390506110606e-33,0.41290735390967603,0.5067228816074514,0.29101063174128233
0.65,0.18080224036539386,0.1785326384291946,0.17853263842919456,0.008997300161225377,4.429568932276935e-33,0.41409855043078736,0.5140346466448439,0.2787848118546107
0.6625000000000001,0.18607476431298187,0.18500301743825298,0.185003017438253,0.01071236814791551,4.601575122324673e-33,0.4323766821060643,0.5212017081682003,0.2854036232188316
0.675,0.19168217757672956,0.19156206978982815,0.19156206978982818,0.012792851189203298,4.77685762075427e-33,0.4675330852565536,0.5282220486112057,0.31151110539208315
0.6875,0.19782691934159446,0.19820794907545292,0.1982079490754529,0.015317374927628365,4.955416427565729e-33,0.5179568807833373,0.5350936917103173,0.35657997936245733
0.7000000000000001,0.20468183953844155,0.20493878444441177,0.2049387844444118,0.01832477637639032,5.1372515427590516e-33,0.5805038942424403,0.5418147030610937,0.4187177131621234
0.7125,0.21237043767424602,0.2117526811303953,0.2117526811303953,0.021782355880238788,5.3223629663342345e-33,0.65042056903563,0.5483831906627392,0.4944430433785554
0.7250000000000001,0.2209471449011627,0.21864772098488738,0.21864772098488736,0.02555541261708759,5.5107506982912805e-33,0.7214489695445228,0.5547973054507134,0.5785636849362429
0.7375,0.23038068751751314,0.2256219630171341,0.22562196301713414,0.02939094933763122,5.702414738630186e-33,0.7862307837962575,0.5610552418172514,0.6643071008573687
0.75,0.24054469484568652,0.23267344394054273,0.23267344394054285,0.03293053294306966,5.897355087350954e-33,0.8370627660253203,0.5671552381196527,0.7438202931624776
0.7625000000000001,0.2512196939046291,0.23980017872535855,0.23980017872535855,0.035761568518503276,6.0955717444535846e-33,0.8669419107332518,0.5730955771761946,0.809056884887835
0.775,0.26210905223085945,0.2470001611574598,0.2470001611574598,0.03750175963733648,6.297064709938075e-33,0.8707110746471138,0.5788745867495249,0.8529325473674427
0.7875000000000001,0.2728684496614614,0.2542713644031191,0.254271364403119,0.037893664549165325,6.50183398380443e-33,0.8460289685735564,0.5844906400174084,0.8705029051128578
0.8,0.28314491877877346,0.26161174157956746,0.2616117415795674,0.03687547607610959,6.709879566052643e-33,0.7938917185708145,0.589942156030685,0.8598609343556707
0.8125,0.29261866032036443,0.2690192263312027,0.2690192263312027,0.03459933666213577,6.921201456682719e-33,0.7185416174311919,0.5952276001583157,0.8225017269442907
0.8250000000000001,0.30103986359639273,0.2764917334112799,0.27649173341127986,0.031389288119060124,7.135799655694658e-33,0.6267777223668222,0.6003454845193891,0.7630521596800447
0.8375,0.3082541004991534,0.2840271592689193,0.2840271592689193,0.02765630644326759,7.353674163088458e-33,0.5268609550806004,0.605294368401968,0.6884536076107484
0.8500000000000001,0.3142130263030641,0.29162338264126736,0.2916233826412673,0.023803427067660275,7.57482497886412e-33,0.42731048726209386,0.610072858668658,0.6068386118580504
0.8625,0.31897090729257194,0.2992782651506436,0.29927826515064354,0.020152318193100857,7.799252103021642e-33,0.3358818217193368,0.6146796101487826,0.526398566706735
0.875,0.3226705649800894,0.30698965190650523,0.30698965190650523,0.01690766011839206,8.026955535561026e-33,0.2589150401374393,0.6191133260170558,0.4544881159430287
0.8875000000000001,0.3255237878833309,0.314755372112061,0.314755372112061,0.014157909197745202,8.257935276482274e-33,0.20109654168350216,0.6233727581586465,0.39708905833222896
0.9,0.3277909521592339,0.3225732396753614,0.3225732396753612,0.011899580332573028,8.492191325785381e-33,0.16554812056793733,0.6274567075205282,0.35862005404218744
0.9125000000000001,0.3297629792208684,0.3304410538246956,0.3304410538246956,0.010069891649001166,8.729723683470352e-33,0.1540821376313582,0.6313640244490196,0.3419780762578162
0.925,0.3317466098136336,0.33835659972812054,0.33835659972812054,0.008576792462147665,8.970532349537183e-33,0.16745033708678142,0.6350936090134183,0.3486576223684743
0.9375,0.3340520282969044,0.3463176491169483,0.3463176491169483,0.007321551990893013,9.214617323985875e-33,0.20545445673429352,0.6386444113156371,0.37881299568925675
0.9500000000000001,0.33698065254086995,0.3543219609130151,0.3543219609130152,0.006213934501197036,9.461978606816431e-33,0.26685919478208686,0.6420154317857552,0.43119128105568255
0.9625,0.3408106918327448,0.3623672818595573,0.3623672818595573,0.005182296668650917,9.712616198028846e-33,0.3491337043911777,0.6452057214634044,0.5029479281475935
0.9750000000000001,0.34577892940508453,0.37045134715551487,0.3704513471555147,0.004180934056292705,9.966530097623126e-33,0.44813018228409424,0.6482143822649038,0.5894412386087438
0.9875,0.352058956925082,0.37857188109308554,0.37857188109308554,0.0031955088851199852,1.0223720305599264e-32,0.5578689331494273,0.6510405672360781,0.6841629230677803
1.0,0.35973836896533906,0.38672659769834855,0.38672659769834866,0.0022454443082363454,1.0484186821957265e-32,0.6706161878479393,0.6536834807906775,0.7789743577694493
1.0125,0.3687995322476786,0.39491320137477853,0.3949132013747787,0.001380908958603015,1.0747929646697127e-32,0.7773937061658616,0.6561423789343402,0.8647632832248172
1.0250000000000001,0.37910962479180654,0.40312938754946853,0.4031293875494686,0.0006724586706146524,1.1014948779818855e-32,0.8689437187070359,0.6584165694740326,0.9325140545107636
1.0375,0.3904249669475386,0.41137284332187907,0.4113728433218791,0.0001938698358768226,1.1285244221322441e-32,0.9370147893551138,0.6605054122129019,0.9746278331608303
1.05,0.4024120340530879,0.41964124811493253,0.41964124811493253,2.2258578530908257e-06,1.1558815971207889e-32,0.9756898270250566,0.6624083191304972,0.9861971712980611
1.0625,0.4146835394122502,0.42793227432826814,0.4279322743282682,0.00012181681907712522,1.1835664029475197e-32,0.9824129169131074,0.6641247545483007,0.9658969829374149
1.075,0.4268439075578946,0.4362435879934736,0.4362435879934736,0.0005379279417073752,1.2115788396124367e-32,0.9584284287338773,0.6656542352805224,0.9162352241303645
1.0875000000000001,0.4385358290703771,0.4445728494311103,0.4445728494311104,0.001202886070714458,1.2399189071155404e-32,0.9085125909866687,0.6669963307701211,0.8430902582320244
1.1,0.4494794123973147,0.4529177139093448,0.452917713909345,0.00205174994322597,1.2685866054568295e-32,0.8400894356111963,0.6681506632100082,0.7546752922568283
1.1125,0.4594977428160028,0.4612758323040042,0.46127583230400426,0.0030215982876596573,1.2975819346363047e-32,0.7619926660696662,0.669116907649401,0.6602255172593768
1.125,0.4685264521809128,0.469644851759867,0.46964485175986714,0.004068161493820591,1.3269048946539662e-32,0.6831984046857016,0.6698947920853003,0.5687428550626864
1.1375,0.47660873618842475,0.47802241635300435,0.4780224163530042,0.00517604783745499,1.3565554855098135e-32,0.6117996422019961,0.6704840975390592,0.4880551711570334
1.1500000000000001,0.4838798663093631,0.48640616775398543,0.4864061677539854,0.006362053030303607,1.386533707203848e-32,0.5543613828662828,0.670884658118027,0.424299578060113
1.1625,0.4905460494500181,0.49479374589175945,0.49479374589175934,0.00767312312193624,1.4168395597360679e-32,0.5156492363052685,0.6710963610622492,0.381789344276007
1.175,0.49686167082664545,0.5031827896180289,0.503182789618029,0.009180726819835876,1.4474730431064737e-32,0.4986176406518492,0.6711191467762101,0.3631226847729937
1.1875,0.5031072057014302,0.5115709373719255,0.5115709373719257,0.010972122162045904,1.478434157315066e-32,0.5045030660974478,0.6709530088456086,0.3693602821827238
1.2000000000000002,0.5095682368989425,0.5199558278448017,0.5199558278448018,0.013137330679859362,1.509722902361845e-32,0.532890395796702,0.6705979940391646,0.4001301078632349
1.2125000000000001,0.5165147549920817,0.5283351006449517,0.5283351006449517,0.01574974104044917,1.5413392782468093e-32,0.5816880733575287,0.6700542022954532,0.453591802958541
1.225,0.5241796486622436,0.5367063969620754,0.5367063969620756,0.018839218442989428,1.5732832849699602e-32,0.6470343969647437,0.6693217866947707,0.5262841607154376
1.2375,0.532736094365704,0.5450673602312953,0.5450673602312951,0.02236005947786636,1.605554922531297e-32,0.7232375856280481,0.6684009534160429,0.612964459284623
1.25,0.5422751833182982,0.5534156367965423,0.5534156367965423,0.026161718633430017,1.63815419093082e-32,0.8029001166544762,0.6672919616787838,0.7066035260221527
1.2625000000000002,0.5527870243795654,0.561748876573123,0.5617488765731231,0.02997570267642993,1.6710810901685297e-32,0.8773701288052298,0.6659951236701243,0.7987018813397982
1.2750000000000001,0.5641499452179041,0.5700647337092797,0.5700647337092796,0.03343329972800696,1.704335620244425e-32,0.9375872606398665,0.6645108044569289,0.8800247307846996
1.2875,0.5761324745461038,0.5783608672465625,0.5783608672465625,0.03612189822594145,1.7379177811585063e-32,0.9752583365983899,0.6628394218830291,0.9417231166175611
1.3,0.5884110466622082,0.5866349417788199,0.58663494177882,0.037672324915542184,1.771827572910774e-32,0.984151187238689,0.6609814464515968,0.9766524823521971
1.3125,0.6006030154838893,0.5948846281096293,0.5948846281096295,0.03785209241849979,1.806064995501228e-32,0.9611949143571363,0.6589374011926958,0.9805805339634791
1.3250000000000002,0.6123105619558898,0.6031076039079776,0.6031076039079775,0.03663038928942272,1.8406300489298682e-32,0.9070779185416957,0.6567078615160457,0.9529549251467206
1.3375000000000001,0.6231678702671614,0.6113015543620093,0.6113015543620093,0.034188122738639345,1.8755227331966945e-32,0.8261572733695614,0.6542934550490401,0.897003511064603
1.35,0.6328828330697684,0.6194641728306602,0.6194641728306604,0.030868498670490383,1.9107430483017067e-32,0.7256946170310417,0.6516948614600684,0.8191343154088985
1.3625,0.6412660328978341,0.6275931614929883,0.6275931614929884,0.027088472767668764,1.946290994244905e-32,0.6146335035416839,0.6489128122671834,0.727810914190429
1.375,0.6482432804786661,0.6356862319950218,0.6356862319950218,0.023244926708016023,1.9821665710262895e-32,0.5022496861954223,0.6459480906321762,0.632216117837611
1.3875000000000002,0.6538522214892021,0.6437411060939452,0.6437411060939454,0.019645593845700714,2.018369778645861e-32,0.3969990124876581,0.642801531140111,0.5410335947899474
1.4000000000000001,0.6582269626297697,0.6517555162994344,0.6517555162994345,0.016478702939474288,2.054900617103618e-32,0.3057750293608493,0.6394740195643858,0.46158209196440264
1.4125,0.6615763335552661,0.6597272065119693,0.6597272065119691,0.013817885385562787,2.091759086399561e-32,0.23362860625621523,0.6359664926173823,0.39938423409230434
1.425,0.6641611207769984,0.6676539326579375,0.6676539326579375,0.011648585273268466,2.1289451865336902e-32,0.18385985036891367,0.6322799376867756,0.35810760613483394
1.4375,0.6662739008626644,0.675533463321352,0.6755334633213522,0.009900998717594325,2.1664589175060054e-32,0.1583103349825442,0.6284153925575802,0.3397268464703808
1.4500000000000002,0.668222801689681,0.6833635803720086,0.6833635803720085,0.008479294794997564,2.2043002793165078e-32,0.15767069940934492,0.6243739451200072,0.34473666651881457
1.4625000000000001,0.6703184259345478,0.6911420795898999,0.6911420795899,0.007283054712329896,2.2424692719651953e-32,0.18166075435629958,0.6201567330632181,0.3722857892691183
1.475,0.6728618282910054,0.698866771285716,0.6988667712857158,0.006221468827357958,2.2809658954520693e-32,0.22901366812038787,0.6157649435550585,0.42017738348619
1.4875,0.6761311186793846,0.7065354809172529,0.7065354809172528,0.0052228537787889304,2.3197901497771292e-32,0.29728208455039135,0.6111998129078644,0.4847680968722674
1.5,0.6803650083763783,0.7141460497015593,0.7141460497015594,0.004241823257243662,2.3589420349403752e-32,0.38256527817154307,0.6064626262304331,0.5608728715589587
1.5125000000000002,0.6857432567510842,0.7216963352226436,0.7216963352226436,0.003264814601643039,2.3984215509418083e-32,0.479315449195767,0.601554717066259,0.6418250588678385
1.5250000000000001,0.6923661117904205,0.7291842120345782,0.7291842120345781,0.002312661772982545,2.438228697781427e-32,0.5803979865109952,0.5964774670181338,0.7198317191424228
1.5375,0.7002368209806548,0.7366075722598204,0.7366075722598207,0.0014376521361661823,2.4783634754592313e-32,0.677537309162996,0.5912323053592168,0.7866925740055762
1.55,0.7092523306199495,0.7439643261825944,0.7439643261825944,0.0007130322198208424,2.5188258839752224e-32,0.7621739433779471,0.5858207086306879,0.8348287611984386
1.5625,0.7192067271825865,0.751252402837156,0.7512524028371558,0.00021552703644309157,2.5596159233293993e-32,0.8266140799553109,0.5802442002260935,0.8584322873909521
1.5750000000000002,0.7298096227230113,0.7584697505907811,0.758469750590781,5.072026109871441e-06,2.6007335935217633e-32,0.8652214530507248,0.5745043499625021,0.8544554110293896
1.5875000000000001,0.7407180908041184,0.7656143377213106,0.7656143377213108,0.00010846769942608879,2.642178894552312e-32,0.8753428268212147,0.5686027736385934,0.8231611220746061
1.6,0.7515771012198486,0.772684152989092,0.772684152989092,0.0005130949062714912,2.683951826421048e-32,0.8577094983617879,0.5625411325798009,0.7680651345351225
1.6125,0.7620610376990832,0.7796772062031538,0.7796772062031536,0.0011730097557099849,2.7260523891279696e-32,0.8162068279385084,0.5563211331706412,0.6952794641128635
1.625,0.7719087149441508,0.786591528781455,0.7865915287814551,0.002024705941089593,2.768480582673077e-32,0.757093005613009,0.5499445263743576,0.6124446418245167
1.6375000000000002,0.7809463473350529,0.7934251743050511,0.7934251743050511,0.003006439835362023,2.811236407056372e-32,0.6878993348376725,0.5434131072400131,0.5275398260801653
1.6500000000000001,0.7890962915478992,0.8001762190660221,0.8001762190660223,0.0040748747729123175,2.8543198622778517e-32,0.6163008211155183,0.5367287143971762,0.44785326086824706
1.6625,0.7963727964692018,0.8068427626090063,0.8068427626090067,0.005215333014110256,2.897730948337518e-32,0.5491986802111409,0.5298932295383355,0.37929672823952976
1.675,0.8028683373189978,0.8134229282661886,0.8134229282661887,0.006445143368172002,2.9414696652353705e-32,0.4921413161222702,0.5229085768891939,0.3261095102522194
1.6875,0.8087348818443503,0.8199148636855929,0.8199148636855929,0.007811583274099658,2.9855360129714087e-32,0.4490830746792699,0.5157767226669884,0.2908771712080428
1.7000000000000002,0.8141637963984384,0.826316741352529,0.8263167413525287,0.009386047350424169,3.0299299915456345e-32,0.4223875059122304,0.5084996745269892,0.2747244564900453
1.7125000000000001,0.8193666468123182,0.8326267591040474,0.8326267591040475,0.011254803677506482,3.074651600958045e-32,0.4129457223677283,0.5010794809973348,0.27753699655550546
1.725,0.8245575911846472,0.8388431406362584,0.8388431406362583,0.013505103046367498,3.119700841208642e-32,0.42029771918561754,0.49351823090235947,0.2981091346983315
1.7375,0.8299369655868136,0.8449641360043709,0.8449641360043707,0.016204684764781485,3.165077712297425e-32,0.442697544548663,0.48581805277457824,0.33418259586431664
1.75,0.8356753387584857,0.8509880221153117,0.8509880221153119,0.01937393789845822,3.2107822142243945e-32,0.4771298965962549,0.4779811142554935,0.382411297926154
1.7625000000000002,0.8418977946413746,0.8569131032127847,0.8569131032127842,0.022953718261380214,3.256814346989551e-32,0.5193449114142996,0.47000962148539244,0.4383431427034765
1.7750000000000001,0.8486692775278908,0.8627377113546358,0.8627377113546361,0.02677751155806939,3.3031741105928926e-32,0.5640107141482682,0.46190581848230683,0.4965342880840572
1.7875,0.855983075052772,0.8684602068823879,0.8684602068823881,0.03056177186279384,3.3498615050344203e-32,0.6050749132614719,0.4536719865103097,0.5508928191979939
1.8,0.8637553565961521,0.8740789788828128,0.8740789788828127,0.03392864098777107,3.3968765303141345e-32,0.636371186972589,0.4453104434373269,0.5952837374524479
1.8125,0.8718285954370566,0.8795924456414126,0.8795924456414128,0.03646716022417558,3.4442191864320345e-32,0.6524166303618443,0.43682354308264537,0.6243295654348417
1.8250000000000002,0.8799854123419829,0.8849990550876807,0.8849990550876805,0.03782302765288789,3.4918894733881216e-32,0.6492503003080129,0.42821367455430004,0.634243839005691
1.8375000000000001,0.8879720866323729,0.890297285232018,0.8902972852320179,0.03778992439820679,3.539887391182394e-32,0.6251055391272226,0.4194832615765277,0.6234814723767421
1.85,0.8955283896989135,0.89548564459418,0.8954856445941798,0.0363682373970596,3.588212939814853e-32,0.5807224482808102,0.4106347618074743,0.5930128949897818
1.8625,0.9024184730089979,0.9005626726231388,0.9005626726231387,0.03376674455969314,3.636866119285497e-32,0.5191977586081338,0.4016706661473527,0.5461289164157788
1.875,0.9084570900317547,0.9055269401082344,0.9055269401082343,0.03034618081958104,3.685846929594328e-32,0.4454057437048975,0.39259349803723936,0.48782390201017617
1.8875000000000002,0.9135266831927995,0.9103770495815053,0.9103770495815053,0.02652770734401235,3.735155370741346e-32,0.3651502753570353,0.3834058127487128,0.4239279999344022
1.9000000000000001,0.9175833588117344,0.9151116357110837,0.9151116357110841,0.022700684305550167,3.7847914427265495e-32,0.28427351716043636,0.3741101966645315,0.3602153104054447
1.9125,0.9206525716445231,0.9197293656855433,0.9197293656855434,0.019158220048887217,3.834755145549939e-32,0.207930244919686,0.3647092665505518,0.30168797521576884
1.925,0.92281749204295,0.9242289395890937,0.9242289395890939,0.01607204293268907,3.8850464792115144e-32,0.1401551976741232,0.3552056688190956,0.2521482185028048
1.9375,0.9242039613262921,0.9286090907675124,0.9286090907675122,0.013501323319843698,3.9356654437112757e-32,0.0837449984204589,0.3456020787839705,0.2140651177317118
1.9500000000000002,0.924965620461027,0.9328685861847161,0.9328685861847159,0.011420944924157954,3.9866120390492246e-32,0.0403873421738255,0.33590119990735434,0.1886614291572215
1.9625000000000001,0.9252716087714811,0.9370062267698659,0.9370062267698662,0.009754540996929646,4.037886265225359e-32,0.010922224161240446,0.32610576303875716,0.17610967783674822
1.975,0.9252977193214316,0.9410208477549128,0.9410208477549127,0.008402812588657866,4.089488122239679e-32,-0.0043846954671991345,0.3162185256462708,0.17573529950631883
1.9875,0.925220541309288,0.9449113190024859,0.9449113190024859,0.007263808458226813,4.1414176100921855e-32,-0.005649774675157981,0.3062422710403282,0.18616312188235798
2.0,0.9252132131922242,0.9486765453240327,0.9486765453240326,0.006246187319935265,4.193674728782878e-32,0.00668956692546524,0.29617980759018564,0.20539338581942806
2.0125,0.9254410772536483,0.9523154667881195,0.9523154667881196,0.005278222078459681,4.2462594783117575e-32,0.0318015326303521,0.28603396793335223,0.23083899438560812
2.025,0.9260557751461742,0.9558270590188085,0.9558270590188085,0.0043148651053792324,4.299171858678821e-32,0.06829414874310435,0.2758076081781877,0.2593850034849415
2.0375,0.9271870830546203,0.9592103334840254,0.9592103334840256,0.003343429522017037,4.352411869884073e-32,0.1140345554626993,0.26550360709989057,0.28753626835360996
2.0500000000000003,0.9289328936722274,0.9624643377738359,0.9624643377738359,0.0023863662138600755,4.4059795119275114e-32,0.16604947035907486,0.2551248653301102,0.3116956528294321
2.0625,0.9313489324484392,0.9655881558685538,0.965588155868554,0.0014983759234686645,4.4598747848091334e-32,0.22059436985070152,0.2446743045404018,0.3285668333103113
2.075,0.9344406665938716,0.9685809083966074,0.9685809083966073,0.0007557202612671194,4.514097688528944e-32,0.273437840617175,0.23415486661975946,0.3356166702883745
2.0875,0.9381600432257444,0.9714417528820846,0.9714417528820848,0.00023834394752820536,4.5686482230869385e-32,0.32034002240159715,0.22356951284646107,0.3314856999804711
2.1,0.9424089636991677,0.9741698839818969,0.9741698839818965,9.175571006172005e-06,4.6235263884831215e-32,0.35763098885442596,0.21292122305444958,0.31622527837996134
2.1125000000000003,0.9470498779228562,0.9767645337124858,0.9767645337124856,9.749716099040137e-05,4.6787321847174904e-32,0.382745959577792,0.20221299479449636,0.2912775025676163
2.125,0.9519220324348284,0.9792249716660157,0.9792249716660159,0.000492597975659282,4.734265611790043e-32,0.39457363257927197,0.19144784249037344,0.25918870965805574
2.1375,0.9568603863969328,0.9815505052159879,0.9815505052159874,0.0011499746294065343,4.7901266697007844e-32,0.3935259934973132,0.18062879659027606,0.22312924184987837
2.15,0.9617135758218989,0.9837404797122161,0.983740479712216,0.0020072436666867186,4.84631535844971e-32,0.38132252269480116,0.16975890271373756,0.18634665748603804
2.1625,0.9663577521778173,0.9857942786651173,0.9857942786651175,0.0030035748886601907,4.9028316780368236e-32,0.36056376460031053,0.15884122079426824,0.15168559810724214
2.1750000000000003,0.9707044048479736,0.9877113239192544,0.9877113239192542,0.004096391211385037,4.959675628462124e-32,0.3342171556639445,0.14787882421797033,0.12126775224420347
2.1875,0.9747018667168396,0.9894910758160921,0.989491075816092,0.005271652671920329,5.016847209725608e-32,0.30513889618393486,0.1368747989583623,0.09636225894230022
2.2,0.9783315467128457,0.9911330333459107,0.9911330333459104,0.006547215167448738,5.074346421827281e-32,0.27571853644166167,0.12583224270765897,0.07741871599090902
2.2125,0.9816006902890451,0.9926367342888474,0.9926367342888471,0.007970701441855405,5.132173264767136e-32,0.24768020649857583,0.11475426400475817,0.06420151863811215
2.225,0.9845335899522898,0.9940017553450096,0.9940017553450092,0.009613403842265314,5.190327738545181e-32,0.2220285404820542,0.10364398136016648,0.05596050259867553
2.2375000000000003,0.9871628326441135,0.9952277122536384,0.995227712253638,0.011560468697735197,5.248809843161411e-32,0.19910134468855817,0.09250452237812479,0.05159134337924766
2.25,0.9895216466621,0.9963142599012782,0.996314259901278,0.013896096256170543,5.307619578615825e-32,0.1786862199260305,0.08133902287616962,0.04976700491918801
2.2625,0.9916379249080028,0.9972610924189311,0.9972610924189311,0.016681946931726893,5.366756944908428e-32,0.16016775708798792,0.0701506260023827,0.04904673579367945
2.275,0.9935301714519716,0.9980679432681574,0.998067943268157,0.019928427863674096,5.426221942039216e-32,0.14268591432610409,0.05894248135058036,0.047983592735146796
2.2875,0.9952054483420643,0.9987345853161089,0.9987345853161091,0.02356254362194778,5.486014570008191e-32,0.12529669433781837,0.04771774407368298,0.04525149513901744
2.3000000000000003,0.9966593151309561,0.9992608308994689,0.999260830899469,0.027401747846938274,5.546134828815352e-32,0.10712910909667771,0.0364795739955252,0.039798797934306906
2.3125,0.9978776566829404,0.9996465318772788,0.9996465318772787,0.031147971382052636,5.606582718460698e-32,0.08752796928145654,0.025231134721347376,0.03101214611430879
2.325,0.99884011675933,0.9998915796726418,0.9998915796726414,0.03441542522805165,5.667358238944231e-32,0.06616444232765689,0.013975592747222506,0.018851226039505342
2.3375,0.9995245945954526,0.9999959053032871,0.9999959053032869,0.03679651255167794,5.728461390265948e-32,0.04309183804357074,0.0027161165686733738,0.0039037176285384367
2.35,0.9999119947793237,0.9999594794009896,0.9999594794009894,0.037953515542148444,5.789892172425854e-32,0.01872818222278528,-0.008544124211279154,-0.012680378856350632
2.3625000000000003,0.9999902699506599,0.999782312219836,0.9997823122198364,0.03770738784254649,5.851650585423947e-32,-0.006238566537039757,-0.019801959774373646,-0.029383967079647345
2.375,0.9997568697432838,0.9994644536333399,0.9994644536333395,0.036089771058848405,5.913736629260223e-32,-0.03100624577705213,-0.031054220979430072,-0.044613364370595925
2.3875,0.9992190377414415,0.9990059931204004,0.9990059931204006,0.03333629570652491,5.976150303934688e-32,-0.05484013126880928,-0.042297740254481395,-0.05701416331668121
2.4000000000000004,0.9983919021099003,0.9984070597401147,0.9984070597401146,0.029823535280848735,6.038891609447339e-32,-0.07723713615409018,-0.053529352488459594,-0.06573167798149133
2.4125,0.9972948255565428,0.997667822095446,0.9976678220954461,0.02597510570978669,6.101960545798173e-32,-0.09803504908822587,-0.06474589592219268,-0.07055496817663615
2.4250000000000003,0.9959468504229023,0.996788488285762,0.9967884882857617,0.02217155485510259,6.165357112987196e-32,-0.11744642822630108,-0.07594421303845801,-0.07192437934920787
2.4375,0.9943621997847265,0.9957693058482534,0.9957693058482535,0.018690765502374584,6.229081311014403e-32,-0.13601733171001196,-0.08712115145083774,-0.07082557110208586
2.45,0.9925466871039172,0.9946105616882503,0.9946105616882507,0.015687985888775728,6.293133139879798e-32,-0.1545266635581359,-0.0982735647911355,-0.06862010922898831
2.4625000000000004,0.9904956416229236,0.9933125819984581,0.9933125819984581,0.013208324048146688,6.35751259958338e-32,-0.1738479194750021,-0.10939831359509322,-0.0668657156476926
2.475,0.9881936945556105,0.9918757321671309,0.9918757321671308,0.011216617580162834,6.422219690125145e-32,-0.19479235707650658,-0.12049226618616846,-0.06716191443111744
2.4875000000000003,0.9856165736686573,0.9903004166752138,0.9903004166752137,0.009630380830103766,6.487254411505099e-32,-0.21794604890507546,-0.1315522995571193,-0.07103027068393301
2.5,0.9827349299818796,0.9885870789824797,0.98858707898248,0.008347137330569965,6.552616763723236e-32,-0.24350901409177253,-0.14257530024914492,-0.07981488654137267
2.5125,0.9795201111653192,0.9867362014026912,0.9867362014026911,0.007263539961681655,6.618306746779563e-32,-0.2711469813198105,-0.15355816522834403,-0.09457696187391473
2.5250000000000004,0.9759516109192814,0.9847483049678291,0.984748304967829,0.006287747350794797,6.684324360674075e-32,-0.29987588845579494,-0.16449780275923298,-0.11596082943951239
2.5375,0.9720255919948286,0.9826239492814169,0.982623949281417,0.005347985319011869,6.750669605406771e-32,-0.3280120685037659,-0.17539113327508696,-0.14402728116988406
2.5500000000000003,0.9677634069635304,0.9803637323609912,0.9803637323609915,0.0043995771607489315,6.817342480977656e-32,-0.3532293992250309,-0.18623509024485574,-0.17807846590158682
2.5625,0.9632185407239356,0.9779682904697548,0.9779682904697548,0.0034308327246101032,6.884342987386725e-32,-0.37275912576844744,-0.19702662103640614,-0.21652805942812364
2.575,0.9584800926505885,0.9754382979374666,0.9754382979374666,0.0024660485133216996,6.951671124633981e-32,-0.3837420082685038,-0.20776268777585702,-0.2568878916757247
2.5875000000000004,0.9536710617737373,0.972774466970614,0.9727744669706135,0.0015626492507864213,7.019326892719425e-32,-0.38369742687212083,-0.2184402682027549,-0.2959345447700727
2.6,0.9489404634163272,0.969977547451922,0.9699775474519222,0.000800236888473207,7.087310291643051e-32,-0.37102307047705646,-0.22905635652085726,-0.33007989831578244
2.6125000000000003,0.9444496332397084,0.9670483267292581,0.9670483267292579,0.00026222889569619466,7.155621321404867e-32,-0.34540385686149366,-0.23960796424428177,-0.3559051865554199
2.625,0.9403546224984947,0.9639876293939895,0.9639876293939893,1.465479670934343e-05,7.224259982004866e-32,-0.30801131303465035,-0.2500921210387783,-0.37075142274716955
2.6375,0.9367878159661066,0.9607963170488555,0.9607963170488556,8.921093431960765e-05,7.293226273443054e-32,-0.26142296205235993,-0.26050587555789695,-0.3732204331112599
2.6500000000000004,0.9338422999117848,0.9574752880654225,0.9574752880654226,0.0004768769679572081,7.362520195719428e-32,-0.20927199581290895,-0.2708462962738053,-0.36345286810653016
2.6625,0.9315618490666183,0.9540254773311879,0.9540254773311876,0.0011342869304306954,7.432141748833986e-32,-0.15571947061600067,-0.2811104723025307,-0.34311285466559144
2.6750000000000003,0.9299378926896822,0.9504478559864028,0.9504478559864026,0.0019998721033213655,7.502090932786732e-32,-0.1048904813494721,-0.2912955142233903,-0.3150987109221073
2.6875,0.9289130114248134,0.9467434311506925,0.9467434311506924,0.003013468870361597,7.572367747577661e-32,-0.060413255625976575,-0.30139855489237644,-0.28307758834674523
2.7,0.9283890490444612,0.9429132456395448,0.9429132456395447,0.004133108655590206,7.642972193206781e-32,-0.025150868551442773,-0.3114167502492754,-0.25097806769206576
2.7125000000000004,0.9282372430813224,0.9389583776707544,0.9389583776707545,0.005345332153855213,7.713904269674085e-32,-0.001143436107178153,-0.3213472801182838,-0.22255937788282723
2.725,0.9283079841905046,0.9348799405608972,0.9348799405608976,0.006668526869883769,7.785163976979574e-32,0.010286859792727865,-0.33118734900190383,-0.2011229279560021
2.7375000000000003,0.928438687473928,0.9306790824119252,0.9306790824119252,0.008150674591331066,7.85675131512325e-32,0.008354722803415787,-0.3409341868678919,-0.18936757706334628
2.75,0.9284594215127098,0.9263569857879727,0.926356985787973,0.009862926736886801,7.928666284105111e-32,-0.007351203431139847,-0.35058504992903583,-0.18933925132002055
2.7625,0.9281970220583866,0.9219148673824524,0.9219148673824524,0.011889157776968995,8.000908883925161e-32,-0.03693787841289206,-0.3601372214155468,-0.20240240605881732
2.7750000000000004,0.9274791499873147,0.9173539776755568,0.9173539776755566,0.014310216386441553,8.073479114583397e-32,-0.08014407671859661,-0.3695880123398446,-0.2291681749736587
2.7875,0.9261399837469368,0.9126756005822353,0.912675600582235,0.01718123878962227,8.146376976079816e-32,-0.13614718501595013,-0.37893476225352096,-0.2693467973768594
2.8000000000000003,0.9240288972329297,0.9078810530907684,0.9078810530907684,0.020502145911557912,8.219602468414424e-32,-0.203290891903918,-0.38817483999627206,-0.3215408157874344
2.8125,0.9210225735668509,0.9029716848920278,0.9029716848920277,0.024185711379770734,8.293155591587215e-32,-0.27882600064198304,-0.39730564443658206,-0.3830479671221442
2.825,0.9170396655882003,0.897948877999531,0.8979488779995313,0.028033358315650493,8.367036345598196e-32,-0.35878261922727817,-0.406324605203958,-0.4497819938211757
2.8375000000000004,0.9120556264418278,0.8928140463603962,0.8928140463603961,0.031733111393695085,8.441244730447362e-32,-0.4380870756125971,-0.41522918341250015,-0.5164266436681052
2.85,0.9061141668546208,0.8875686354573112,0.8875686354573114,0.03489254601632479,8.515780746134712e-32,-0.5109894058194581,-0.42401687237561414,-0.5768981012081579
2.8625000000000003,0.8993314870244234,0.8822141219016191,0.8822141219016186,0.037109167557480546,8.59064439266025e-32,-0.5717795441754152,-0.4326851983116565,-0.6251043044076456
2.875,0.8918903581586091,0.8767520130176465,0.8767520130176465,0.03806350947002379,8.665835670023972e-32,-0.6156660555659126,-0.44123172104031605,-0.6558795505262855
2.8875,0.884023254877435,0.871183846418382,0.8711838464183822,0.03760478446852441,8.741354578225884e-32,-0.6396111364773422,-0.4496540346695397,-0.6658828726893701
2.9000000000000004,0.8759864989803731,0.8655111895726317,0.8655111895726317,0.03579579823865642,8.817201117265981e-32,-0.6428997949569325,-0.4579497682728022,-0.6542240220983793
2.9125,0.8680298263360796,0.8597356393637671,0.8597356393637667,0.032897898403514356,8.893375287144262e-32,-0.6272859807086121,-0.46611658655653565,-0.6226431002655805
2.9250000000000003,0.8603670139962681,0.8538588216401936,0.8538588216401939,0.02930176133348434,8.969877087860731e-32,-0.5966832145415981,-0.47415219051752794,-0.5752005404110703
2.9375,0.8531527505340376,0.8478823907576664,0.8478823907576667,0.025431739230470377,9.046706519415384e-32,-0.5565015044253747,-0.48205431809010185,-0.5175805625118907
2.95,0.846469033578062,0.8418080291135793,0.8418080291135792,0.021658357813241196,9.123863581808226e-32,-0.5128214585255569,-0.4898207447829022,-0.4562131132306737
2.9625000000000004,0.8403218268938089,0.8356374466733621,0.8356374466733619,0.01824376243358095,9.201348275039254e-32,-0.4716096304666917,-0.49744928430509927,-0.3974397762213153
2.975,0.8346464577112311,0.8293723804891163,0.8293723804891162,0.015326806736025492,9.279160599108465e-32,-0.43812182768117797,-0.5049377891818427,-0.34689073508640245
2.9875000000000003,0.8293189717256444,0.8230145942106231,0.8230145942106233,0.012938965544899619,9.357300554015866e-32,-0.41654724882192107,-0.5122841513587877,-0.30913744936760434
3.0,0.8241705825472845,0.8165658775888694,0.8165658775888698,0.01103554521267739,9.43576813976145e-32,-0.40985736897769265,-0.5194863027955214,-0.28758436686347466
3.0125,0.8190031860754476,0.8100280459722218,0.8100280459722218,0.009528368362871919,9.514563356345222e-32,-0.4197696126330064,-0.526542216047731,-0.28449677241775867
3.0250000000000004,0.8136051315535755,0.8034029397953965,0.8034029397953966,0.008312049636659059,9.593686203767182e-32,-0.4467279792004232,-0.533449904837936,-0.3010442875760979
3.0375,0.8077674952941409,0.7966924240613679,0.796692424061368,0.007281964408967145,9.673136682027324e-32,-0.4898355020211659,-0.5402074246146394,-0.33726656860089366
3.0500000000000003,0.8013015682073318,0.7898983878163582,0.7898983878163585,0.006345793483214338,9.752914791125655e-32,-0.5467320837658571,-0.546812873099728,-0.39192609277714985
3.0625,0.7940579340140422,0.7830227436180636,0.7830227436180635,0.00543171432211352,9.83302053106217e-32,-0.6134771668009179,-0.5532643908239734,-0.46228596434407343
3.075,0.7859464198983575,0.7760674269972558,0.7760674269972558,0.004495466718166357,9.913453901836873e-32,-0.6845488639914429,-0.559560161650484,-0.5439195370030335
3.0875000000000004,0.7769546549467823,0.7690343959129228,0.7690343959129227,0.003526499463824383,9.994214903449762e-32,-0.7530876822418042,-0.5656984132859555,-0.6307012357935213
3.1,0.7671615381816258,0.7619256302010912,0.761925630201091,0.002551205671896814,1.0075303535900835e-31,-0.8114763598314007,-0.5716774177795826,-0.7151215290472179
3.1125000000000003,0.7567412998794658,0.7547431310174908,0.7547431310174907,0.0016300587650468123,1.0156719799190097e-31,-0.8522548608625862,-0.5774954920094857,-0.788999649559921
3.125,0.7459546271283993,0.7474889202742223,0.7474889202742222,0.0008463241298656775,1.0238463693317543e-31,-0.8692431376305437,-0.5831509981565192,-0.8445436245208947
3.1375,0.7351256702145823,0.7401650400705727,0.7401650400705725,0.0002871238441462228,1.0320535218283178e-31,-0.8586306196064741,-0.588642344165325,-0.8755662984940518
3.1500000000000004,0.7246071405591266,0.7327735521181578,0.7327735521181576,2.1660948489485364e-05,1.0402934374086998e-31,-0.8197457543380516,-0.5939679841925064,-0.8785670847325477
3.1625,0.714739047365956,0.7253165371605387,0.7253165371605388,8.394084737198053e-05,1.0485661160729002e-31,-0.7552764125165544,-0.5991264190417906,-0.8533853326771537
3.1750000000000003,0.70580861700769,0.7177960943874785,0.7177960943874785,0.00046638705689488905,1.0568715578209196e-31,-0.6708629022241887,-0.6041161965860604,-0.8032385342581404
3.1875,0.6980187416332372,0.7102143408440125,0.7102143408440122,0.0011264568189713726,1.065209762652757e-31,-0.5741732105739004,-0.6089359121761355,-0.7341407335966095
3.2,0.6914699311798893,0.7025734108344859,0.7025734108344862,0.00200309485323779,1.0735807305684137e-31,-0.473717707971791,-0.6135842090361896,-0.6538791766278845
3.2125000000000004,0.6861571010394891,0.6948754553217383,0.6948754553217384,0.0030365761614659903,1.0819844615678886e-31,-0.37770988448460285,-0.6180597786456896,-0.570836256014774
3.225,0.6819789655315914,0.6871226413215942,0.6871226413215942,0.004185411890125566,1.0904209556511821e-31,-0.29322026654118605,-0.6223613611077505,-0.4929427469243489
3.2375000000000003,0.6787554927141101,0.6793171512928364,0.6793171512928367,0.005436684242387958,1.0988902128182946e-31,-0.2257395368717962,-0.626487745503805,-0.42695252404129114
3.25,0.6762483393937652,0.6714611825228337,0.6714611825228337,0.00680932574705749,1.1073922330692252e-31,-0.17912357990237504,-0.6304377702344813,-0.3780901805964832
3.2625,0.6741802384264602,0.6635569465089908,0.6635569465089907,0.008351689163640227,1.115927016403975e-31,-0.15578857881639396,-0.6342103233466017,-0.3499988583864563
3.2750000000000004,0.6722512898254409,0.6556066683362012,0.655606668336201,0.010134734546839738,1.124494562822543e-31,-0.15698215681129302,-0.6378043428462014,-0.3448442484817675
3.2875,0.6701522283329093,0.6476125860504739,0.6476125860504738,0.01224089537668516,1.1330948723249296e-31,-0.1829738459755943,-0.6412188169974868,-0.3634224805107665
3.3000000000000003,0.6675763626339395,0.6395769500289098,0.63957695002891,0.014747346721243589,1.141727944911135e-31,-0.23306723998924034,-0.6444527846076449,-0.40516388566655664
3.3125,0.6642326091084805,0.631502022346211,0.6315020223462112,0.017702241135805836,1.1503937805811587e-31,-0.3054171903942975,-0.6475053352974226,-0.4680014981878359
3.325,0.6598617111853433,0.623390076137892,0.6233900761378921,0.021094513714229986,1.1590923793350016e-31,-0.3967212559521828,-0.6503756097574047,-0.5481608706994642
3.3375000000000004,0.6542563860714276,0.6152433949603818,0.6152433949603819,0.024822362495810886,1.1678237411726628e-31,-0.5019285276257741,-0.6530627999899141,-0.6400036167272649
3.35,0.6472840465795837,0.6070642721481904,0.6070642721481906,0.02867125027590191,1.1765878660941423e-31,-0.6141504204953636,-0.6555661495364664,-0.7360963417278343
3.3625000000000003,0.6389084555048179,0.5988550101683204,0.5988550101683203,0.03231600115411881,1.185384754099441e-31,-0.7249444429039096,-0.6578849536907184,-0.8276560163731033
3.375,0.6292049764797739,0.5906179199721141,0.5906179199721142,0.03535892589703026,1.1942144051885578e-31,-0.8250592412238971,-0.6600185596968456,-0.905431626283871
3.3875,0.6183638235153401,0.5823553203447043,0.5823553203447044,0.037404395053263734,1.2030768193614936e-31,-0.9055871358717064,-0.6619663669332975,-0.9609358696928243
3.4000000000000004,0.6066773928274737,0.5740695372522668,0.574069537252267,0.03815280473232025,1.2119719966182479e-31,-0.9593111128955956,-0.6637278270818745,-0.9877876502462678
3.4125,0.5945112053293534,0.5657629031872476,0.5657629031872476,0.037482489148247505,1.2208999369588205e-31,-0.9819217198825071,-0.6653024442820838,-0.982832712041412
3.4250000000000003,0.5822622097454603,0.5574377565117525,0.5574377565117524,0.03548718104584384,1.229860640383212e-31,-0.972773729731134,-0.6666897752707259,-0.9467296454354394
3.4375,0.5703117074119771,0.5490964407992871,0.5490964407992872,0.032452699580075794,1.238854106891422e-31,-0.9349697626037252,-0.6678894295066755,-0.8838290465812938
3.45,0.5589816194476799,0.5407413041750276,0.5407413041750274,0.028782053369596813,1.247880336483451e-31,-0.8747577890934225,-0.6689010692808219,-0.8013842793650114
3.4625000000000004,0.5485016804018197,0.5323746986548114,0.5323746986548114,0.02489865294254049,1.2569393291592984e-31,-0.8004301310564956,-0.669724409811135,-0.7083266010875029
3.475,0.5389919272192025,0.5239989794830316,0.5239989794830319,0.02116187638253718,1.2660310849189641e-31,-0.7210325105050559,-0.6703592193228326,-0.6139375310798748
3.4875000000000003,0.5304608584559931,0.5156165044696227,0.5156165044696226,0.017817706961086154,1.2751556037624488e-31,-0.6451935389068969,-0.670805319113628,-0.5267269939596044
3.5,0.5228163049948171,0.507229633326326,0.5072296333263259,0.014988750425086794,1.2843128856897519e-31,-0.580284523863157,-0.6710625836040337,-0.453703876164014
3.5125,0.5158843344450587,0.4988407270024153,0.4988407270024152,0.012693303627701857,1.2935029307008739e-31,-0.5319725275331104,-0.6711309403727138,-0.4000684062668353
3.5250000000000004,0.5094315885770215,0.49045214702008033,0.4904521470200803,0.01087765411861516,1.3027257387958144e-31,-0.5040983328711051,-0.671010370176871,-0.36922560133044313
3.5375,0.5031878439697465,0.4820662548096433,0.48206625480964327,0.009448341823349483,1.311981309974573e-31,-0.49873636852150993,-0.6707009069576627,-0.3629526916191813
3.5500000000000003,0.49686748405449377,0.4736854110448035,0.4736854110448034,0.008297319211255351,1.321269644237151e-31,-0.5162866210253797,-0.6702026378306475,-0.3815564091939886
3.5625,0.4901901900728438,0.465311974978097,0.4653119749780969,0.007318785234969918,1.330590741583547e-31,-0.5554968630882315,-0.669515703061261,-0.4239123422926095
3.575,0.48290194685344984,0.45694830377675166,0.45694830377675166,0.006419957328012656,1.339944602013762e-31,-0.6133939422885547,-0.6686402960253304,-0.4873642968902413
3.5875000000000004,0.4747971760174404,0.44859675185913445,0.44859675185913445,0.005528967148178824,1.3493312255277957e-31,-0.6851896040321914,-0.6675766631546384,-0.5675526506125887
3.6,0.4657415375259363,0.4402596702319686,0.44025967023196866,0.004602031493984775,1.3587506121256477e-31,-0.7642934128438273,-0.6663251038675512,-0.6583134208717802
3.6125000000000003,0.45569308549752274,0.43193940582851204,0.4319394058285119,0.003629902438112411,1.3682027618073184e-31,-0.8425876197101067,-0.6648859704847304,-0.7518200567209915
3.625,0.44471771662226706,0.4236383008478851,0.423638300847885,0.002641342495143555,1.3776876745728075e-31,-0.9110772128931369,-0.6632596681299532,-0.8391071048642852
3.6375,0.4329940441993057,0.4153586920957265,0.4153586920957265,0.0017002105457318336,1.3872053504221157e-31,-0.9609210387145635,-0.6614466546160679,-0.9110129047160725
3.6500000000000004,0.42080365715713,0.40710291032637214,0.40710291032637214,0.0008937531929598115,1.3967557893552423e-31,-0.9847031782341454,-0.6594474403161166,-0.9594289099821246
3.6625,0.4085053562247997,0.3988732795867341,0.398873279586734,0.0003130047584249776,1.4063389913721874e-31,-0.9776721187828793,-0.6572625880196631,-0.9785980477808661
3.6750000000000003,0.39649580802858686,0.3906721165620683,0.3906721165620683,3.0377575380657237e-05,1.4159549564729512e-31,-0.9386220264817495,-0.654892712774364,-0.966129465053183
3.6875,0.38516285252237487,0.3825017299238175,0.3825017299238174,8.204340255252892e-05,1.4256036846575334e-31,-0.8701551509082044,-0.6523384817128307,-0.923438956920687
3.7,0.3748399787489675,0.3743644196797047,0.37436441967970485,0.00046159701705536163,1.4352851759259348e-31,-0.7782352131138365,-0.6496006138648257,-0.8554806517022103
3.7125000000000004,0.36577028229013386,0.3662624765262715,0.36626247652627136,0.0011269967756745783,1.4449994302781545e-31,-0.6711538154932268,-0.6466798799548542,-0.7698476712825282
3.725,0.3580855630242385,0.35819818120403324,0.3581981812040332,0.0020174090218175,1.4547464477141925e-31,-0.5581982125167316,-0.6435771021852001,-0.6755000563730035
3.7375000000000003,0.35180213696668217,0.350173803855438,0.3501738038554379,0.0030733395672156096,1.4645262282340497e-31,-0.44836448662850664,-0.640293154004471,-0.5814560624160853
3.75,0.34683093365340656,0.34219160338581084,0.3421916033858108,0.0042536725779514775,1.4743387718377247e-31,-0.34939441644863717,-0.6368289598617187,-0.4957380600100884
3.7625,0.3429968300341491,0.3342538268274576,0.33425382682745763,0.005546009352365649,1.484184078525219e-31,-0.2672691531519903,-0.6331854949462015,-0.4247318604576882
3.7750000000000004,0.3400615169680427,0.3263627087071156,0.32636270870711553,0.006969848101965207,1.494062148296532e-31,-0.2061346292916787,-0.6293637849128628,-0.3729628903309052
3.7875,0.33774529232893247,0.3185204704169213,0.31852047041692133,0.008573921078860638,1.5039729811516631e-31,-0.16851844637363478,-0.6253649055936052,-0.3431732586359281
3.8000000000000003,0.33574529335471504,0.31072931958907507,0.310729319589075,0.01042893352886821,1.5139165770906132e-31,-0.1556513138656696,-0.6211899826944349,-0.33653102853224554
3.8125,0.3337499657281183,0.3029914494743838,0.30299144947438383,0.012615689181081555,1.5238929361133817e-31,-0.16772363565226545,-0.616840191478573,-0.352816799089054
3.825,0.33145133425155016,0.2953090383248464,0.29530903832484634,0.01520734683423618,1.533902058219969e-31,-0.20396922200075046,-0.6123167564356109,-0.39049379152522223
3.8375000000000004,0.32855748432022536,0.28768424878046567,0.2876842487804657,0.01824460348511681,1.543943943410375e-31,-0.26255097495469165,-0.6076209509368093,-0.44665118536463566
3.85,0.32480743531259704,0.2801192272604532,0.2801192272604532,0.021704916794998454,1.5540185916845992e-31,-0.34030934780906846,-0.6027540968766386,-0.5168931210485894
3.8625000000000003,0.31998935065526807,0.2726161033589999,0.2726161033589998,0.025471603948451712,1.5641260030426424e-31,-0.43250689659391356,-0.5977175643006574,-0.5953061037942543
3.875,0.31396106668694157,0.26517698924578587,0.26517698924578575,0.029314309850693596,1.5742661774845037e-31,-0.5327425280426074,-0.592512771019839,-0.6746550717120838
3.8875,0.3066697640367092,0.2578039790713906,0.2578039790713905,0.03289545255416867,1.5844391150101842e-31,-0.63319700650534,-0.5871411822114474,-0.746917687015284
3.9000000000000004,0.29816599571140245,0.2504991483777806,0.25049914837778064,0.035813520282509254,1.5946448156196833e-31,-0.7252949228058595,-0.5816043100065846,-0.8041669937409278
3.9125,0.2886069966544259,0.24326455351403253,0.24326455351403245,0.037681525278530185,1.6048832793130004e-31,-0.8007375525565577,-0.5759037130645164,-0.8396789421056433
3.9250000000000003,0.27824569438355357,0.2361022310574588,0.2361022310574588,0.03822127195491882,1.6151545060901367e-31,-0.852715141082361,-0.5700409961339009,-0.8490225222129867
3.9375,0.26740494678862087,0.22901419724030198,0.22901419724030198,0.037340948413282914,1.6254584959510914e-31,-0.8770055123503001,-0.5640178096010444,-0.8308427122328093
3.95,0.2564403459130187,0.22200244738215266,0.22200244738215258,0.0351648324052792,1.6357952488958648e-31,-0.8726609234759918,-0.5578358490253078,-0.7871042886052888
3.9625000000000004,0.24569809511747284,0.21506895532825804,0.2150689553282581,0.03200186692564383,1.646164764924457e-31,-0.8420912024929987,-0.551496854661798,-0.722715724371277
3.975,0.23547578534241037,0.2082156728938729,0.20821567289387294,0.028265597569418332,1.6565670440368672e-31,-0.7905309407008883,-0.5450026109714767,-0.644638498933887
3.9875000000000003,0.2259928836793933,0.2014445293148128,0.2014445293148128,0.024376863579185015,1.6670020862330966e-31,-0.725058286834689,-0.5383549461188247,-0.560731239951541
4.0,0.2173748762836474,0.1947574307043652,0.19475743070436516,0.020682856957577586,1.6774698915131442e-31,-0.6534408308038655,-0.5315557314572047,-0.4786246937512778
4.0125,0.2096514408183356,0.1881562595167064,0.18815625951670642,0.017413059556146276,1.687970459877011e-31,-0.5830859916734021,-0.5246068810020637,-0.40486504944683155
4.025,0.2027660361977065,0.1816428740169825,0.18164287401698254,0.01467403284355405,1.698503791324696e-31,-0.5202849834095222,-0.5175103508921287,-0.3444379451327896
4.0375000000000005,0.19659272670163208,0.1752191077581968,0.17521910775819677,0.012471372854076923,1.7090698858561998e-31,-0.46981072205939123,-0.5102681388387434,-0.300651899591976
4.05,0.19095605728342596,0.168886769065055,0.168886769065055,0.010742855525972232,1.7196687434715215e-31,-0.43481545615884976,-0.5028822835635006,-0.2752660608226182
4.0625,0.18565094305080904,0.16264764052491093,0.16264764052491093,0.009390127756234531,1.7303003641706626e-31,-0.4169086568815348,-0.4953548642243306,-0.2687139285791815
4.075,0.18046113297401645,0.156503478485961,0.15650347848596097,0.008302704775840374,1.7409647479536222e-31,-0.4162881701638378,-0.4876879998302095,-0.28029673997843707
4.0875,0.17517619381262897,0.150456012562821,0.150456012562821,0.007373693913642215,1.7516618948204006e-31,-0.4318358776344563,-0.47988384864464506,-0.3082776758085156
4.1000000000000005,0.16960768982406288,0.14450694514963067,0.14450694514963064,0.006509857428321617,1.7623918047709975e-31,-0.46115214393603676,-0.4719446075781136,-0.34987844493085285
4.1125,0.16360513611949679,0.13865795094082112,0.13865795094082112,0.005639289326754404,1.7731544778054121e-31,-0.5005691127620988,-0.46387251156961984,-0.40124356430794117
4.125,0.15707147269152902,0.1329106764596777,0.13291067645967763,0.004718760395159432,1.7839499139236464e-31,-0.5452312564842035,-0.45566983295754615,-0.4574782194953589
4.1375,0.14997657267183126,0.12726673959483725,0.12726673959483722,0.0037405131333642784,1.7947781131256991e-31,-0.5893451234485736,-0.44733888083998086,-0.512868893223346
4.15,0.1423661762408182,0.12172772914484223,0.12172772914484226,0.002735973314452707,1.8056390754115704e-31,-0.6266678868899738,-0.4388820004246929,-0.5613537134860096
4.1625000000000005,0.13436320882999747,0.11629520437088561,0.11629520437088564,0.00177273178679775,1.8165328007812605e-31,-0.6512281917190947,-0.43030157236894295,-0.5972264831823709
4.175,0.12615913359386927,0.11097069455787119,0.11097069455787116,0.0009423256054607414,1.8274592892347682e-31,-0.6581742849448468,-0.42160001210931697,-0.61595832075369
4.1875,0.11799485541424638,0.10575569858390971,0.10575569858390968,0.0003398818296377296,1.8384185407720955e-31,-0.6445620501025583,-0.412779769181765,-0.6149432274581546
4.2,0.11013326868649433,0.10065168449837927,0.10065168449837925,4.101975971222669e-05,1.8494105553932414e-31,-0.6098706693631465,-0.4038433265320474,-0.5939582637497034
4.2125,0.10282793632046647,0.09566008910865985,0.09566008910865981,8.389827408269505e-05,1.8604353330982058e-31,-0.5560882881968706,-0.3947931998167699,-0.5551929766320054
4.2250000000000005,0.0962936527861924,0.09078231757566474,0.09078231757566475,0.0004629874615258284,1.8714928738869887e-31,-0.48733071867967964,-0.38563193669521334,-0.5028274885990578
4.2375,0.09068422126759826,0.08601974301828048,0.08601974301828048,0.0011364200532024919,1.8825831777595898e-31,-0.4090960413465779,-0.3763621161121544,-0.4422744046890108
4.25,0.08608078909681231,0.08137370612682532,0.08137370612682532,0.0020433041834273806,1.89370624471601e-31,-0.32735939522959995,-0.3669863475718764,-0.37929020879739433
4.2625,0.0824912902719867,0.07684551478563943,0.0768455147856394,0.0031241898607307,1.904862074756249e-31,-0.24773677606456726,-0.35750727040358365,-0.3191737288149422
4.275,0.07985894980635969,0.07243644370490752,0.07243644370490751,0.004338249251900729,1.9160506678803065e-31,-0.17489291503713478,-0.3479275530184135,-0.26620718365906637
4.2875000000000005,0.07807621723894476,0.06814773406182091,0.06814773406182091,0.005673595741220665,1.9272720240881826e-31,-0.11226810235581966,-0.33824989215826473,-0.22339478835118576
4.3,0.07700021993867517,0.06398059315118015,0.06398059315118015,0.007150319456799456,1.9385261433798765e-31,-0.062096428193829295,-0.32847701213665137,-0.1924591359964359
4.3125,0.07646665491175925,0.05993619404553375,0.05993619404553376,0.008817535703892005,1.94981302575539e-31,-0.0256175794656128,-0.31861166407179065,-0.17399802301903364
4.325,0.07630046662718333,0.05601567526495369,0.05601567526495368,0.01074561731111605,1.961132671214722e-31,-0.003358849648169404,-0.3086566251121527,-0.16769321645625299
4.3375,0.07632315079113605,0.05222014045653477,0.05222014045653477,0.013013529373682116,1.972485079757873e-31,0.0046227838910016805,-0.2986146976546755,-0.17248862029394463
4.3500000000000005,0.0763576863242112,0.04855065808371229,0.0485506580837123,0.015690051662011966,1.9838702513848427e-31,-0.0013883278239238683,-0.2884887085558761,-0.18670081467295677
4.3625,0.07623272442346934,0.04500826112548415,0.045008261125484145,0.018807943282937254,1.99528818609563e-31,-0.02075601188627757,-0.2782815083360757,-0.20807278040279406
4.375,0.07578769510266387,0.04159394678562065,0.041593946785620645,0.022332704393596425,2.006738883890237e-31,-0.052363175706828025,-0.26799597037695994,-0.23381847336900202
4.3875,0.07487996226687096,0.038308676211947834,0.038308676211947834,0.026132509779926563,2.0182223447686624e-31,-0.09442642663979217,-0.2576349901127113,-0.2607223052503611
4.4,0.07339418361819441,0.035153374225778196,0.0351533742257782,0.029961404464896892,2.0297385687309066e-31,-0.14434512664420804,-0.24720148421492544,-0.28534765224797376
4.4125000000000005,0.07125283302444348,0.03212892906156874,0.03212892906156874,0.033470283757731624,2.0412875557769695e-31,-0.19868132866791455,-0.23669838977155364,-0.3043720302645643
4.425,0.06842576181997542,0.029236192116878428,0.02923619211687842,0.036255321299494055,2.05286930590685e-31,-0.2533415284421814,-0.22612866346009708,-0.3150124073260533
4.4375,0.06493611688482184,0.02647597771269435,0.026475977712694353,0.03793995166114548,2.06448381912055e-31,-0.3039741075051797,-0.2154952807152834,-0.31545127667725886
4.45,0.060860220104806524,0.02384906286419731,0.023849062864197308,0.038268857714552205,2.0761310954180687e-31,-0.34652175763127296,-0.20480123489147062,-0.3051465682918511
4.4625,0.05632020536569291,0.021356187062026948,0.02135618706202694,0.03718067868012117,2.087811134799406e-31,-0.3778031507115321,-0.1940495364199985,-0.2849239118491686
4.4750000000000005,0.05146999752875326,0.018998052064111412,0.018998052064111412,0.034829712575132114,2.0995239372645617e-31,-0.3959718664838285,-0.1832432119617367,-0.2568079971749234
4.4875,0.04647699938784766,0.01677532169811889,0.016775321698118885,0.03154658495731322,2.1112695028135354e-31,-0.4007286324285196,-0.17238530355506435,-0.2236293970067653
4.5,0.0415029767446716,0.014688621674585931,0.01468862167458593,0.027753568715143888,2.1230478314463283e-31,-0.3932365097555643,-0.16147886775951698,-0.18851081314758028
4.5125,0.03668770189519147,0.012738539410777487,0.012738539410777487,0.023867357780039074,2.13485892316294e-31,-0.3757775963894689,-0.15052697479535282,-0.1543642656788037
4.525,0.03213796957899216,0.010925623865325198,0.010925623865325198,0.020222008726550875,2.1467027779633705e-31,-0.3512580468230985,-0.13953270767926668,-0.12351021690449554
4.5375000000000005,0.02792306334765842,0.009250385383692713,0.00925038538369271,0.017030245593535224,2.1585793958476197e-31,-0.3226922041163303,-0.12849916135650458,-0.09747540254178222
4.55,0.024076208435309283,0.00771329555451083,0.0077132955545108324,0.014382841752914984,2.1704887768156863e-31,-0.2927752436526096,-0.117429441829621,-0.07696492709748756
4.5625,0.020600470184816973,0.006314787076822337,0.0063147870768223355,0.012273187394238749,2.1824309208675726e-31,-0.26360468992433267,-0.10632666528411944,-0.06196006506741019
4.575,0.017477137863967006,0.005055253638275542,0.005055253638275542,0.010631046154464984,2.194405828003277e-31,-0.23655884128695923,-0.0951939572112339,-0.05187750125306774
4.5875,0.014674786378877624,0.00393504980429866,0.003935049804298659,0.009353541212480573,2.2064134982228005e-31,-0.2123031515542093,-0.08403445152808339,-0.04573576341771961
4.6000000000000005,0.012157685205536936,0.002954490918287843,0.002954490918287843,0.008327953969350283,2.2184539315261426e-31,-0.19088089420895185,-0.07285128969545818,-0.04229920146668126
4.6125,0.009892760464847881,0.0021138530128363784,0.002113853012836379,0.0074463697475363275,2.2305271279133025e-31,-0.17184835495151363,-0.06164761983348241,-0.040196375899186704
4.625,0.007854733572732704,0.0014133727320298065,0.0014133727320298068,0.0066150991776645915,2.2426330873842817e-31,-0.15442825582005112,-0.050426595835398325,-0.03802841676837763
4.6375,0.006029299738088109,0.0008532472648296862,0.0008532472648296863,0.0057622141526968524,2.2547718099390796e-31,-0.13766869740199567,-0.039191376479732996,-0.03448843049067293
4.65,0.00441431435164921,0.0004336342895636063,0.0004336342895636063,0.004845134371601086,2.2669432955776963e-31,-0.12060221351815878,-0.027945124541082188,-0.028504229330890016
4.6625000000000005,0.0030190209534906413,0.00015465192953794757,0.00015465192953794754,0.0038578032381653476,2.2791475443001313e-31,-0.10239852316563348,-0.016691005899772977,-0.019396649872979104
4.675,0.0018614747841170594,1.6378719785544273e-05,1.637871978554427e-05,0.0028346237336886186,2.291384556106384e-31,-0.08249752727731416,-0.0054321886506523125,-0.007022093609327835
4.6875,0.0009645342521521241,1.885358495762117e-05,1.8853584957621177e-05,0.001847272434558975,2.3036543309964567e-31,-0.060701535635972345,0.005828157788751917,0.008148309932373714
4.7,0.00035107475176447656,0.00016207582836635418,0.00016207582836635418,0.0009918742454272523,2.3159568689703475e-31,-0.03720405752936935,0.017086863570434166,0.02505861755497614
4.7125,3.9320857755036334e-05,0.0004460051321809424,0.0004460051321809424,0.00036779955324569766,2.3282921700280575e-31,-0.012540975413789159,0.02834075930824362,0.042228193057224465
4.7250000000000005,3.926579628497741e-05,0.0008705615687773081,0.0008705615687773079,5.383321849330335e-05,2.3406602341695854e-31,0.012532176973214596,0.03958667697008267,0.05802229657436227
4.7375,0.00035096730009024615,0.0014356256232381085,0.0014356256232381083,8.990673512064825e-05,2.3530610613949316e-31,0.037211979091318285,0.05082145076972415,0.07097282539523635
4.75,0.0009650916620827655,0.0021410382269969937,0.0021410382269969946,0.0004710490815533017,2.365494651704097e-31,0.060827694926072165,0.06204191805800028,0.08006778669848114
4.7625,0.0018655432535577166,0.0029866008026170295,0.0029866008026170287,0.0011552391865540758,2.377961005097081e-31,0.08298779164544832,0.0732449202131008,0.08493751443830624
4.775,0.0030335384255222885,0.003972075319691457,0.003972075319691457,0.0020812614302435023,2.3904601215738836e-31,0.1036607514802264,0.08442730352974501,0.08590169212144655
4.7875000000000005,0.004452205235247214,0.0050971843618504925,0.005097184361850494,0.0031895454017147043,2.4029920011345053e-31,0.12317813934459601,0.09558592010696595,0.08388706159182108
4.800000000000001,0.006110765598367452,0.006361611204855537,0.006361611204855533,0.004439487353196471,2.4155566437789453e-31,0.14216723106557896,0.10671762873426144,0.08026112426416979
4.8125,0.008007532178149224,0.007764999905758627,0.007764999905758626,0.005819719732049507,2.4281540495072027e-31,0.1614324048000665,0.11781929577586098,0.07663931051017042
4.825,0.010151215301952413,0.009306955403102724,0.009306955403102724,0.007350954723433928,2.4407842183192797e-31,0.18180664923764112,0.12888779605286427,0.0747114709134288
4.8375,0.012560276975611698,0.010987043628133004,0.010987043628133006,0.009082687782189357,2.4534471502151756e-31,0.20398981406620595,0.1399200137229908,0.07610759233689372
4.8500000000000005,0.01526023837646369,0.012804791626989958,0.01280479162698996,0.011084866474283358,2.46614284519489e-31,0.22838439819965192,0.15091284315770975,0.0822953593921291
4.862500000000001,0.018278966691804913,0.014759687693848349,0.014759687693848342,0.013434387877499964,2.4788713032584234e-31,0.25493828049598766,0.16186318981649012,0.09448425947348221
4.875,0.021640113254635173,0.016851181514964966,0.016851181514964966,0.01619527057352047,2.4916325244057738e-31,0.2830095694414839,0.17276797111792963,0.11350813923022102
4.8875,0.025355132418003086,0.019078684323595534,0.019078684323595538,0.019391845170809573,2.504426508636944e-31,0.311280166994989,0.18362411730752118,0.1396713965156094
4.9,0.029414717395559245,0.021441569065734835,0.021441569065734835,0.02297718945289853,2.5172532559519333e-31,0.33775580785550846,0.19442857232180077,0.17257012428308327
4.9125000000000005,0.03378098845830371,0.023939170576636314,0.023939170576636328,0.026804122316554213,2.5301127663507408e-31,0.35989236694785154,0.20517829464864842,0.21093111929434116
4.925000000000001,0.03838219036563249,0.026570785768059442,0.02657078576805944,0.030611385506443732,2.543005039833367e-31,0.37487264130999864,0.21587025818348982,0.25253703700264757
4.9375,0.04311175212757546,0.02933567382619257,0.029335673826192576,0.03403932292655267,2.5559300763998106e-31,0.38002159421301246,0.22650145308115996,0.2943110555874137
4.95,0.047833107969613264,0.03223305642019682,0.032233056420196825,0.036683361570711774,2.568887876050074e-31,0.373298377456434,0.23706888660319375,0.3326083342128899
4.9625,0.052390609208889646,0.03526211792130927,0.035262117921309274,0.038179133356533015,2.581878438784156e-31,0.3537584554865691,0.24756958396029394,0.36370445787673095
4.9750000000000005,0.05662537524029638,0.038422005632447506,0.0384220056324475,0.03829558485523629,2.5949017646020568e-31,0.32186182359150695,0.25800058914975266,0.3843993173927863
4.987500000000001,0.06039349746423503,0.04171183002824832,0.04171183002824833,0.03700226420749651,2.607957853503776e-31,0.27952956413429775,0.2683589657875815,0.39259785869005903
5.0,0.06358317467970102,0.045130665005473594,0.04513066500547361,0.034482825532262174,2.621046705489313e-31,0.22991829378803574,0.2786417979351189,0.3877161274070748
5.0125,0.06612750723043377,0.048677548143714354,0.04867754814371434,0.031088051119085452,2.6341683205586695e-31,0.17696687482493012,0.28884619091988517,0.3708043006724855
5.025,0.06801081589564278,0.05235148097631574,0.05235148097631574,0.027247127153835447,2.6473226987118445e-31,0.12483757715883431,0.2989692721504441,0.3443636099129778
5.0375000000000005,0.06926807771399388,0.056151429271451815,0.05615142927145182,0.023371090485125548,2.660509839948838e-31,0.07739690375330185,0.3090081919250557,0.31192589595246495
5.050000000000001,0.06997875684338259,0.06007632332326701,0.060076323323267004,0.019780003421653106,2.6737297442696506e-31,0.03785276720977945,0.3189601242338819,0.27752506194799176
5.0625,0.07025739042762164,0.06412505825300388,0.06412505825300388,0.016669655982959823,2.6869824116742805e-31,0.008600745664155612,0.32882226755452293,0.24519779284781562
5.075,0.07024349652413205,0.06829649432003357,0.06829649432003358,0.014115337740738471,2.70026784216273e-31,-0.00873895643244374,0.33859184564066325,0.21861074702341984
5.0875,0.07009278252977152,0.07258945724269711,0.07258945724269711,0.01209874187582099,2.7135860357349983e-31,-0.013165113762755504,0.34826610830359633,0.20084628893585676
5.1000000000000005,0.06997056902955195,0.07700273852887322,0.0770027385288732,0.010542108730137799,2.726936992391085e-31,-0.004113184171717799,0.3578423321864196,0.19431684431835666
5.112500000000001,0.07004719325086689,0.08153509581617503,0.08153509581617506,0.009338385895611872,2.7403207121309907e-31,0.018666618106190608,0.3673178215306738,0.20073955245145803
5.125,0.07049423765960988,0.08618525322168143,0.08618525322168144,0.008372803222976333,2.7537371949547135e-31,0.055112841101013166,0.3766899089352128,0.2210960500577915
5.1375,0.07147994591102712,0.09095190170110631,0.09095190170110636,0.0075364796606342075,2.7671864408622564e-31,0.10471996319999943,0.38595595610709377,0.2555247425472704
5.15,0.0731622448434085,0.09583369941729952,0.09583369941729956,0.006735274776006117,2.7806684498536175e-31,0.16629661150871738,0.3951133546042669,0.30313683788892354
5.1625000000000005,0.07567841777026288,0.1008292721179827,0.1008292721179827,0.005897263051737667,2.7941832219287975e-31,0.23768698934031404,0.40415952656986864,0.36180140022225354
5.175000000000001,0.07913161305792245,0.10593721352260808,0.10593721352260811,0.004980627352319045,2.807730757087796e-31,0.3155629661488068,0.41309192545790147,0.4279937105997891
5.1875,0.08357582364831417,0.11115608571823395,0.11115608571823393,0.00398124612678509,2.8213110553306123e-31,0.39540650106610054,0.42190803675009964,0.4968265537694253
5.2,0.08900235570140629,0.1164844195643061,0.11648441956430607,0.0029368323931874907,2.834924116657248e-31,0.4717767478945434,0.4306053786637822,0.5623673374394927
5.2125,0.09533159699629241,0.12192071510622672,0.12192071510622669,0.0019235067715117349,2.848569941067702e-31,0.5388874231372621,0.43918150285048435,0.6182767755953987
5.2250000000000005,0.10241361123662539,0.1274634419976011,0.1274634419976011,0.0010422642532551193,2.8622485285619754e-31,0.5914204289460753,0.44763399508518287,0.6586994013623753
5.237500000000001,0.11003952798450417,0.13311103993103798,0.13311103993103804,0.0003968366624791711,2.875959879140067e-31,0.6254047299612198,0.4559604759459135,0.679228343367848
5.25,0.1179631709431965,0.13886191907738404,0.13886191907738407,6.909328243531613e-05,2.889703992801976e-31,0.6389380561248381,0.4641586014835898,0.6777048716565035
5.2625,0.12592965577194315,0.14471446053327103,0.144714460533271,0.000100490024336096,2.903480869547705e-31,0.6325537428354782,0.47222606388183974,0.6546338287471826
5.275,0.13370577324452884,0.1506670167768433,0.1506670167768433,0.00048628089747987,2.9172905093772526e-31,0.609134139396201,0.4801605921066655,0.6131008894960229
5.2875000000000005,0.1411065801623958,0.1567179121315456,0.15671791213154565,0.0011839645676247302,2.9311329122906187e-31,0.5734077895056209,0.48795995254575336,0.5582273821285187
5.300000000000001,0.14801386211850842,0.16286544323783483,0.16286544323783486,0.002131752504766653,2.945008078287803e-31,0.5311841166212482,0.4956219496372476,0.4963311458908184
5.3125,0.15438446061269415,0.1691078795326842,0.16910787953268425,0.0032698118273392675,2.9589160073688056e-31,0.4885314718121063,0.503144426487812,0.4340250568589485
5.325,0.1602489487225525,0.1754434637367479,0.1754434637367479,0.004557719312487587,2.9728566995336276e-31,0.4510794340643386,0.5105252654798089,0.3774611038007911
5.3375,0.16570293689042756,0.18187041234904214,0.1818704123490421,0.0059846459451669606,2.9868301547822683e-31,0.42354595458905253,0.5177623888674174,0.33183917658567014
5.3500000000000005,0.1708939452512427,0.18838691614901182,0.18838691614901173,0.007571958353279342,3.0008363731147274e-31,0.4094944893094363,0.5248537593615317,0.30119022768945913
5.362500000000001,0.17600634741819923,0.19499114070583554,0.1949911407058355,0.009369521323583301,3.0148753545310052e-31,0.41125294562269965,0.5317973807032679,0.28835548854250526
5.375,0.1812457983214972,0.2016812268948271,0.2016812268948271,0.011446748086923005,3.0289470990311005e-31,0.42989562208761734,0.5385912982259219,0.2950411270427432
5.3875,0.18682336800522892,0.20845529142079122,0.20845529142079125,0.013878217561540226,3.0430516066150154e-31,0.4652032520392048,0.5452335994052205,0.321834641878736
5.4,0.19293881312864286,0.21531142734817818,0.21531142734817824,0.016722786441395195,3.057188877282749e-31,0.515563937016255,0.5517224143977039,0.36811524957783626
5.4125000000000005,0.1997623479424861,0.2222477046378985,0.2222477046378985,0.019995860312836372,3.0713589110343015e-31,0.5778421986555226,0.5580559165670984,0.4318597183441043
5.425000000000001,0.20741501467322998,0.22926217069063876,0.22926217069063876,0.023637648735079956,3.0855617078696726e-31,0.6473047423931149,0.5642323229985249,0.5094195724326236
5.4375,0.21594912655045279,0.23635285089652794,0.23635285089652794,0.027485453565961635,3.0997972677888608e-31,0.7177280957408163,0.5702498950003971,0.5954045916567653
5.45,0.22533182209052488,0.2435177491910035,0.24351774919100355,0.03126309115216046,3.114065590791869e-31,0.7818044494923311,0.5761069385938756,0.6828277096301966
5.4625,0.2354358723545396,0.2507548486167106,0.25075484861671055,0.03460141201538976,3.128366676878696e-31,0.8318963551813517,0.581801804989729,0.7636278639866825
5.4750000000000005,0.24604184214736322,0.2580621118912887,0.2580621118912887,0.03709671791106269,3.1427005260493413e-31,0.8610772444068865,0.5873328910524782,0.8295859835730585
5.487500000000001,0.256854115111363,0.2654374819808768,0.26543748198087674,0.03839859754994585,3.1570671383038054e-31,0.8642683238263192,0.5926986397516878,0.8735087093644395
5.5,0.26753031972664776,0.27287888267917937,0.2728788826791793,0.03830155249806149,3.171466513642087e-31,0.8391971683806942,0.5978975406002779,0.8904260657523012
5.5125,0.27772017862844095,0.28038421919193124,0.2803842191919311,0.036806354797876036,3.185898652064188e-31,0.7869079567615356,0.6029281300797356,0.8784936920335975
5.525,0.28710700858810134,0.2879513787265905,0.2879513787265906,0.03412521524547284,3.200363553570108e-31,0.7116621655291115,0.6077889920521017,0.8393453293227301
5.5375000000000005,0.2954441585643833,0.2955782310871032,0.2955782310871031,0.030627471930965593,3.2148612181598465e-31,0.6202467895564497,0.612478758158622,0.7777962379110538
5.550000000000001,0.30258003156204405,0.303262629273564,0.303262629273564,0.02674741591854525,3.2293916458334035e-31,0.5208833869080376,0.6169961082049473,0.7009929496158985
5.5625,0.30846849591739367,0.31100241008660845,0.31100241008660845,0.022888983512080095,3.243954836590778e-31,0.42203336893200405,0.6213397705327766,0.617258800539427
5.575,0.31316525177327714,0.31879539473636614,0.31879539473636603,0.019357475211042394,3.2585507904319724e-31,0.3313871973841659,0.6255085223778333,0.5349390069212606
5.5875,0.31681375094899167,0.32663938945579973,0.32663938945579973,0.016331647872326223,3.273179507356985e-31,0.25522294028508735,0.6295011902140816,0.4614939023912873
5.6000000000000005,0.31962569584074435,0.3345321861182637,0.3345321861182637,0.013871655181317279,3.287840987365817e-31,0.19817526695341942,0.63331665008408,0.4029621567480787
5.612500000000001,0.3218608132892785,0.34247156285910346,0.3424715628591036,0.01194801219690562,3.302535230458467e-31,0.1633278088593333,0.6369538279153815,0.36377669259162776
5.625,0.32380898294216454,0.3504552847011214,0.3504552847011214,0.010475912453151057,3.3172622366349347e-31,0.15246799493772634,0.6404116998228898,0.34681494590903283
5.6375,0.3257756611825575,0.3584811041837378,0.3584811041837379,0.009344454266118832,3.332022005895222e-31,0.16633309992059836,0.6436892923970907,0.3535260556747604
5.65,0.3280696131955994,0.36654676199565894,0.36654676199565883,0.008436977612593544,3.3468145382393282e-31,0.20471713985089918,0.6467856829780695,0.38399860920414913
5.6625000000000005,0.33099076558205553,0.3746499876108883,0.37464998761088836,0.007643677998802809,3.361639833667253e-31,0.2663805457532543,0.6496999999152462,0.43689676526738486
5.675000000000001,0.3348157939340311,0.38278849992789066,0.38278849992789077,0.00686996322839943,3.3764978921789963e-31,0.3487897939109916,0.6524314228127492,0.5092783282439888
5.6875,0.3397799236480301,0.39096000791173435,0.39096000791173435,0.006043946018734271,3.391388713774557e-31,0.44779607813738437,0.6549791827603619,0.5963933957780303
5.7,0.3460551959498009,0.3991622112390319,0.39916221123903195,0.005124707265291105,3.4063122984539376e-31,0.5574223495746126,0.6573425625499747,0.6916227282763244
5.7125,0.3537277271831592,0.4073928009454901,0.4073928009454901,0.004110318405096384,3.4212686462171367e-31,0.669944319366763,0.6595208968774822,0.7867260843007278
5.7250000000000005,0.3627785839826011,0.41564946007589787,0.4156494600758979,0.0030421527421961156,3.4362577570641544e-31,0.7764032120183779,0.6615135725300707,0.8725138119454562
5.737500000000001,0.37307395961638595,0.4239298643363617,0.42392986433636176,0.0020011349361602317,3.451279630994991e-31,0.8675723088078606,0.6633200285588413,0.9399313220615994
5.75,0.38436964562631326,0.4322316827486055,0.43223168274860563,0.0010933938188956856,3.466334268009645e-31,0.9352415975556516,0.6649397564367185,0.9813883250872789
5.7625,0.3963321495501521,0.4405525783061564,0.4405525783061563,0.00042710591633787683,3.4814216681081186e-31,0.9735413355795992,0.6663723002016052,0.9920335114457829
5.775,0.40857481056111583,0.44889020863222073,0.44889020863222084,8.710375914647577e-05,3.4965418312904105e-31,0.9799619773652514,0.6676172565847367,0.9706354161261532
5.7875000000000005,0.42070321297905733,0.4572422266390783,0.4572422266390783,0.0001160876618528311,3.5116947575565216e-31,0.9557857663661407,0.6686742751242045,0.9198149077542725
5.800000000000001,0.4323615952756364,0.4656062811887993,0.4656062811887995,0.0005091885298903508,3.526880446906451e-31,0.9058124122747107,0.6695430582636118,0.8455611384630266
5.8125,0.4432718019735026,0.4739800177551021,0.47398001775510223,0.0012231030888647588,3.542098899340198e-31,0.8374724754509476,0.6702233614358387,0.7561770556103721
5.825,0.45325863496988644,0.48236107908616715,0.4823610790861672,0.0021952390161786516,3.557350114857765e-31,0.7595905305802287,0.6707149931318881,0.6609544835564272
5.8375,0.46225925233496384,0.49074710586821246,0.49074710586821246,0.0033653818121003017,3.57263409345915e-31,0.6811222612180532,0.671017814954797,0.5689152920373255
5.8500000000000005,0.47031807950072424,0.4991357373896556,0.4991357373896558,0.0046932646688534,3.587950835144354e-31,0.6101346259547415,0.6711317416585957,0.4878742868698317
5.862500000000001,0.47757128543167043,0.5075246122056656,0.5075246122056656,0.006168627533854644,3.6033003399133765e-31,0.5531662570550575,0.671056741172305,0.4239304541145507
5.875,0.4842256619010479,0.5159113688029224,0.5159113688029227,0.007813524463380262,3.6186826077662167e-31,0.5149594977965379,0.6707928346089644,0.38134281605025666
5.8875,0.490535914477357,0.5242936462643981,0.5242936462643981,0.009678169452638403,3.6340976387028765e-31,0.49844971849007874,0.6703400962596895,0.3626468693353135
5.9,0.4967826222013726,0.5326690849339633,0.5326690849339634,0.01183131519536644,3.6495454327233547e-31,0.5048574931423587,0.6696986535727569,0.36883764209787456
5.9125000000000005,0.5032512808654962,0.5410353270806457,0.5410353270806456,0.01434495141679049,3.665025989827652e-31,0.533752622011596,0.6688686871177287,0.3994784986028779
5.925000000000001,0.5102115966970728,0.5493900175623443,0.5493900175623444,0.017272354721354615,3.6805393100157677e-31,0.5830266649011147,0.66785043053462,0.4526693250738275
5.9375,0.517895941824565,0.5577308044888126,0.5577308044888126,0.020619505791231722,3.696085393287701e-31,0.6487974852596514,0.666644170468128,0.5248990751065408
5.95,0.5264766976160979,0.5660553398837317,0.5660553398837319,0.024313323074864814,3.7116642396434535e-31,0.7253493641813189,0.6652502464869405,0.6108921676388162
5.9625,0.5360438500627898,0.5743612803456741,0.5743612803456741,0.028175486793559672,3.727275849083025e-31,0.8052596783780156,0.6636690509881455,0.7036120732086393
5.9750000000000005,0.5465861040716419,0.5826462877077866,0.5826462877077867,0.03191534935100263,3.7429202216064153e-31,0.8798547455133646,0.6619010290867688,0.7945853836496684
5.987500000000001,0.5579801598909719,0.5909080296959961,0.590908029695996,0.035155410620670215,3.758597357213624e-31,0.9400612049437742,0.6599466784904722,0.8746409628876967
6.0,0.5699928383398001,0.5991441805855563,0.5991441805855561,0.03749451491790891,3.7743072559046503e-31,0.9775866897847801,0.6578065493594458,0.9350282816204041
6.0125,0.5822989776198281,0.6073524218557544,0.6073524218557544,0.038597941507515075,3.7900499176794964e-31,0.9862162688277715,0.6554812441515347,0.9687244497219331
6.025,0.594514650631149,0.6155304428425844,0.6155304428425845,0.03828693574393321,3.8058253425381608e-31,0.9629117297814613,0.6529714174526455,0.9716228372407086
6.0375000000000005,0.6062412398188382,0.623675941389212,0.623675941389212,0.03659366325688656,3.821633530480644e-31,0.9084049583558657,0.6502777757924746,0.9432778400163198
6.050000000000001,0.6171127057565876,0.6317866244940447,0.6317866244940444,0.03375796185719822,3.837474481506946e-31,0.8271002523702631,0.6474010774456171,0.8869844539725201
6.0625,0.6268372922260219,0.6398602089562235,0.6398602089562234,0.03016605920531533,3.853348195617065e-31,0.7263028526539469,0.6443421322181098,0.8091654305920257
6.075,0.6352264248779091,0.6478944220183585,0.6478944220183586,0.026255558015517842,3.869254672811004e-31,0.6149907382494755,0.6411018012194638,0.7182448421298187
6.0875,0.6422071158786887,0.6558870020063182,0.6558870020063184,0.02242192431469886,3.885193913088762e-31,0.5024624352115848,0.6376809966202602,0.6233204403731738
6.1000000000000005,0.647818426267233,0.6638356989659062,0.6638356989659062,0.01895502072462643,3.9011659164503384e-31,0.3971855785365134,0.6340806813953679,0.5329608240383735
6.112500000000001,0.6521959708408126,0.6717382752962336,0.6717382752962336,0.016016545414224224,3.917170682895733e-31,0.30605733783689265,0.6303018690528606,0.45435705343040833
6.125,0.6555500998685113,0.6795925063796164,0.6795925063796163,0.013651903198319281,3.933208212424946e-31,0.23412751601652154,0.6263456233487097,0.3929063259964948
6.1375,0.6581430927291229,0.6873961812078186,0.6873961812078186,0.011820956304060897,3.949278505037978e-31,0.18469317681966363,0.6222130579873306,0.35216310194872097
6.15,0.6602689747643122,0.6951471030044603,0.6951471030044604,0.010432313418278624,3.965381560734829e-31,0.15959188188597578,0.61790533630807,0.33400649017461853
6.1625000000000005,0.6622372621785624,0.7028430898434234,0.7028430898434234,0.009371527605620593,3.981517379515499e-31,0.15950828077729234,0.6134236709577181,0.3388557075008642
6.175000000000001,0.6643598451413628,0.7104819752630758,0.7104819752630758,0.008520190692150416,3.997685961379986e-31,0.18415147458599684,0.6087693235491434,0.3658062408884205
6.1875,0.6669388834705077,0.718061608876141,0.7180616088761405,0.007767606342323611,4.013887306328292e-31,0.2322355322121103,0.6039436043061412,0.4126345221008047
6.2,0.6702532827891091,0.725579856975046,0.7255798569750461,0.007018730390809085,4.030121414360417e-31,0.3012822246402077,0.598947871694598,0.4757041011251601
6.2125,0.674542080611997,0.733034603132568,0.7330346031325679,0.006201762131602892,4.046388285476361e-31,0.3873465319541524,0.5937835320400774,0.5498794471073537
6.2250000000000005,0.679984730561083,0.7404237487976221,0.7404237487976222,0.005276837140441394,4.062687919676124e-31,0.4848243853750448,0.588452039131931,0.6285938358656417
6.237500000000001,0.6866804223704781,0.7477452138860157,0.7477452138860157,0.00424450151400617,4.079020316959704e-31,0.5865182576963698,0.5829548938140499,0.7042067981817385
6.25,0.6946305622382511,0.7549969373659994,0.7549969373659995,0.0031501548104764117,4.095385477327103e-31,0.6840919159176908,0.577293643562367,0.7687152718209707
6.2625,0.7037295675379758,0.762176877838464,0.7621768778384639,0.0020798843690968765,4.111783400778322e-31,0.7689383551246839,0.5714698820492358,0.8147623262888125
6.275,0.7137685376169113,0.7692830141116015,0.7692830141116017,0.001145194838469088,4.128214087313359e-31,0.8333394376380359,0.5654852486948037,0.8367558475949102
6.2875000000000005,0.72445397411226,0.7763133457698818,0.7763133457698819,0.00045875374310820204,4.144677536932214e-31,0.8716641112171137,0.5593414282055045,0.8318222020702324
6.300000000000001,0.7354400960008894,0.7832658937371811,0.7832658937371814,0.00010819568772825877,4.161173749634889e-31,0.8812944133572378,0.5530401500998061,0.8003247843221639
6.3125,0.7463696209250463,0.7901387008339033,0.7901387008339031,0.00013715572459822384,4.17770272542138e-31,0.863021376321723,0.5465831882213416,0.7457865836762968
6.325,0.7569155291050547,0.7969298323279348,0.796929832327935,0.0005402824994961518,4.194264464291691e-31,0.8208045082940837,0.5399723602395603,0.6742321793269311
6.3375,0.766816188209019,0.8036373764792835,0.8036373764792835,0.0012731568602438613,4.210858966245822e-31,0.7609790069554787,0.5332095271380484,0.5931360625603929
6.3500000000000005,0.7758982922989803,0.8102594450782428,0.8102594450782429,0.0022721717401221835,4.22748623128377e-31,0.6911460336138795,0.5262965926906484,0.5102611181293594
6.362500000000001,0.7840854706591746,0.8167941739769333,0.8167941739769334,0.003476634893126695,4.2441462594055376e-31,0.6190368853258923,0.5192355029255384,0.4326613783575244
6.375,0.7913938496610238,0.8232397236140699,0.82323972361407,0.0048464302221762744,4.260839050611122e-31,0.5515931947473145,0.5120282455774148,0.3660247400356468
6.3875,0.7979181916611833,0.8295942795328103,0.8295942795328105,0.006371906420135074,4.277564604900527e-31,0.4943888354563568,0.5046768495279319,0.3143962175895402
6.4,0.8038129893327695,0.8358560528915308,0.8358560528915306,0.008075836935798037,4.29432292227375e-31,0.45139118419585256,0.4971833842345643,0.28020615037639507
6.4125000000000005,0.8092722319674064,0.8420232809673974,0.8420232809673972,0.010008754214224933,4.311114002730792e-31,0.4249667474458528,0.48954995914804134,0.2644651996838285
6.425000000000001,0.8145100883469718,0.8480942276525811,0.8480942276525814,0.012238606269052016,4.327937846271653e-31,0.4160004908338285,0.4817787231185258,0.2669851647433607
6.4375,0.8197431820377598,0.8540671839429813,0.854067183942981,0.014834501705199982,4.34479445289633e-31,0.4240162604551976,0.4738718637907018,0.28652721679533877
6.45,0.8251740381852399,0.8599404684193206,0.8599404684193208,0.01784370254618932,4.3616838226048275e-31,0.44723955579914443,0.4658316069879388,0.32084494151185716
6.4625,0.8309749655186082,0.8657124277204716,0.8657124277204715,0.021262264079480037,4.378605955397144e-31,0.4826113605249892,0.45766021608571317,0.3666575712836688
6.4750000000000005,0.8372721377212753,0.8713814370088885,0.8713814370088886,0.02500341777710299,4.395560851273279e-31,0.5258214373113332,0.4493599913744546,0.419641421818901
6.487500000000001,0.8441307358040867,0.8769459004280072,0.876945900428007,0.02887317827953065,4.412548510233232e-31,0.5714623766581833,0.44093326941200217,0.4745498164122136
6.5,0.8515432724222267,0.8824042515514864,0.8824042515514864,0.03256698095615925,4.429568932277003e-31,0.6133967686846921,0.43238242236585034,0.5255522670530917
6.5125,0.8594240696360351,0.8877549538241676,0.8877549538241676,0.03570019986493854,4.446622117404594e-31,0.6453736801202603,0.4237098573453705,0.5668200656421377
6.525,0.8676127634186139,0.8929965009946209,0.8929965009946209,0.037875928435201635,4.463708065616003e-31,0.6618386141189485,0.41491801572419884,0.5932917452187592
6.5375000000000005,0.8758883899915377,0.898127417539164,0.8981274175391638,0.03877683436315535,4.480826776911231e-31,0.6587845556848569,0.40600937245297486,0.6014604225528489
6.550000000000001,0.8839932775970908,0.9031462590772303,0.90314625907723,0.03825198507073535,4.497978251290278e-31,0.6344333275282524,0.3969864353626299,0.5899769292815396
6.5625,0.8916633373009015,0.908051612777969,0.9080516127779692,0.03636496262579386,4.515162488753142e-31,0.5895509622744983,0.38785174445841986,0.5598878822039378
6.575,0.8986594003312693,0.9128420977579662,0.912842097757966,0.03338217779432786,4.532379489299826e-31,0.5272934307923793,0.3786078712048978,0.5144258165916953
6.5875,0.9047937989802226,0.9175163654699688,0.9175163654699692,0.029705026346953635,4.5496292529303285e-31,0.45261761176039034,0.36925741780203614,0.4584030347707494
6.6000000000000005,0.9099476664566832,0.9220731000825093,0.9220731000825093,0.025772653884039712,4.5669117796446494e-31,0.3714204797424239,0.35980301645269147,0.3973762679354296
6.612500000000001,0.9140769633682053,0.9265110188503188,0.9265110188503188,0.021970764919879624,4.584227069442789e-31,0.2896353856906765,0.35024732862162555,0.3367992947180507
6.625,0.9172080760415218,0.930828872475427,0.9308288724754274,0.018573199205603713,4.601575122324746e-31,0.21249708210469676,0.34059304428628934,0.2813516057124519
6.6375,0.919426007812862,0.9350254454588465,0.9350254454588467,0.0157246405871192,4.618955938290523e-31,0.1441040867006039,0.33084288117957755,0.2345454512301374
6.65,0.9208591218863726,0.9390995564427412,0.9390995564427413,0.01345616662336787,4.636369517340118e-31,0.08729955460268421,0.32099958402477574,0.1986133683286217
6.6625000000000005,0.92166406171639,0.9430500585429865,0.9430500585429866,0.011717514932480806,4.653815859473533e-31,0.0438018894939369,0.31106592376290376,0.17460229441622727
6.675000000000001,0.9220132649005932,0.9468758396720219,0.9468758396720218,0.010411154987948871,4.671294964690766e-31,0.014467997062885762,0.3010446967726816,0.16256819832807293
6.6875,0.9220859540609558,0.9505758228519104,0.9505758228519106,0.009419376042717911,4.688806832991815e-31,-0.0004323479852690326,0.2909387240833341,0.16177521296854896
6.7,0.9220621155885987,0.954148966517513,0.9541489665175127,0.008622144311528619,4.7063514643766856e-31,-0.0010251311927074735,0.28075085058045335,0.17084084710811856
6.7125,0.9221180646901692,0.9575942648096963,0.9575942648096962,0.007907893335035214,4.7239288588453745e-31,0.012225984176553184,0.2704839442051529,0.18781613811331027
6.7250000000000005,0.9224218687395781,0.9609107478584852,0.960910747858485,0.007181129067594249,4.741539016397882e-31,0.038442562970116806,0.26014089514672345,0.2102315940436928
6.737500000000001,0.9231271681074873,0.9640974820560877,0.9640974820560878,0.006370200143565879,4.759181937034208e-31,0.07616277999656529,0.24972461502902987,0.23516563236018295
6.75,0.9243647192061945,0.9671535703197103,0.9671535703197103,0.005436476294502661,4.776857620754351e-31,0.12316112093344697,0.23923803609087446,0.25939470018375277
6.7625,0.9262321201836972,0.9700781523440926,0.9700781523440923,0.0043832833843409046,4.794566067558314e-31,0.17635441624138973,0.22868411036055297,0.27966044334967183
6.775,0.9287833773465854,0.972870404843685,0.972870404843685,0.003260426969480402,4.812307277446096e-31,0.23188245589174156,0.2180658088248466,0.29304349589217793
6.7875000000000005,0.932020838601743,0.9755295417844115,0.9755295417844119,0.002159511175838293,4.8300812504176965e-31,0.2854084060529376,0.20738612059267136,0.2973797519085366
6.800000000000001,0.9358921697849352,0.9780548146049406,0.9780548146049406,0.0011976334352105733,4.847887986473115e-31,0.33261470701268153,0.19664805205362787,0.2916152030270189
6.8125,0.9402942710559599,0.9804455124274088,0.9804455124274093,0.0004919597412687685,4.865727485612351e-31,0.36979585221364664,0.18585462603168723,0.2759907098133527
6.825,0.9450844519104901,0.9827009622575391,0.9827009622575393,0.00013272599263430116,4.883599747835407e-31,0.3944008127086128,0.17500888093424746,0.251986945242508
6.8375,0.9500972923325003,0.9848205291740889,0.9848205291740888,0.00016416509114907326,4.901504773142283e-31,0.40537919750705514,0.1641138698968092,0.22203043592485444
6.8500000000000005,0.9551640879160193,0.9868036165075869,0.9868036165075866,0.0005800765638264314,4.919442561532976e-31,0.4032401529389957,0.15317265992349935,0.18903545449041032
6.862500000000001,0.9601311680725296,0.9886496660082967,0.9886496660082965,0.0013346220030875,4.9374131130074885e-31,0.3898201516403597,0.14218833102369324,0.15590212735462627
6.875,0.964873872325794,0.9903581580033686,0.9903581580033686,0.0023629900009660156,4.955416427565818e-31,0.36783913960245684,0.13116397534497648,0.12509112145283877
6.8875,0.9693043084182253,0.9919286115431291,0.991928611543129,0.003603937357175774,4.973452505207967e-31,0.3403720263535849,0.12010269630268561,0.09835451065118905
6.9,0.9733726471337567,0.9933605845364717,0.9933605845364719,0.005017510214277617,4.991521345933935e-31,0.3103616873999094,0.10900760770628462,0.07664311532858623
6.9125000000000005,0.9770630697479084,0.994653673875307,0.9946536738753067,0.006594713526535039,5.0096229497437214e-31,0.2802604037380029,0.09788183288280786,0.060158786603816815
6.925000000000001,0.9803862328609716,0.9958075155480408,0.995807515548041,0.008359069487524783,5.027757316637327e-31,0.25183220641976295,0.08672850379762734,0.04849279975162357
6.9375,0.9833702119944792,0.9968217847420444,0.9968217847420446,0.010361386335222255,5.045924446614749e-31,0.22610187823378602,0.07555076017278864,0.040791645941893204
6.95,0.9860515208901037,0.9976961959350922,0.997696195935092,0.012668644602346322,5.064124339675991e-31,0.20341043559605443,0.0643517486031589,0.035910900771152915
6.9625,0.9884672555950151,0.9984305029757364,0.9984305029757362,0.015346759085526279,5.082356995821053e-31,0.1835328128319479,0.05313462167064842,0.03254402261516057
6.9750000000000005,0.9906489144799467,0.9990244991526012,0.9990244991526012,0.01843652784116757,5.100622415049932e-31,0.16582396246852893,0.04190253705673862,0.029334816134655353
6.987500000000001,0.9926181176804445,0.999478017252572,0.9994780172525722,0.021923582601613457,5.11892059736263e-31,0.1493747163827927,0.0306586566535786,0.024992824428910224
7.0,0.9943842948638157,0.9997909296078678,0.9997909296078678,0.025707103165442217,5.137251542759146e-31,0.13317021251935612,0.01940614567389627,0.018427374786255037
7.0125,0.995944350575945,0.9999631481319797,0.9999631481319797,0.02957745925655425,5.155615251239481e-31,0.11624706040200646,0.00814817175997078,0.008899886898809366
7.025,0.997284246406299,0.9999946243444684,0.9999946243444687,0.03321680299624517,5.174011722803636e-31,0.09784076498138358,-0.0031120959080709496,-0.0038287712176607127
7.0375000000000005,0.9983822802694664,0.9998853493846108,0.9998853493846109,0.0362346862986182,5.192440957451609e-31,0.07750629180902956,-0.014371487504398739,-0.01939875446181314
7.050000000000001,0.9992135842331409,0.9996353540138954,0.9996353540138952,0.038240188871546926,5.2109029551834e-31,0.05518843736193073,-0.025626833449801264,-0.036847626170733686
7.0625,0.9997550733952243,0.9992447086073616,0.9992447086073615,0.03893501862991464,5.229397715999008e-31,0.031220870112563776,-0.03687496530393889,-0.054734053324320575
7.075,0.9999898847542054,0.9987135231337896,0.9987135231337895,0.038197025428269735,5.247925239898437e-31,0.006245719338649553,-0.048112716657279814,-0.07138362640759778
7.0875,0.9999103677444775,0.9980419471247431,0.9980419471247437,0.036121083203364476,5.266485526881684e-31,-0.018933833818206926,-0.05933692402245655,-0.08520844373180232
7.1000000000000005,0.9995189750379547,0.9972301696324762,0.9972301696324761,0.03299900382887044,5.28507857694875e-31,-0.043535373764622666,-0.07054442772480787,-0.09502185745015287
7.112500000000001,0.9988268906058416,0.9962784191767131,0.9962784191767132,0.02924558475248553,5.303704390099635e-31,-0.06697006777503864,-0.0817320727918433,-0.10026792517813282
7.125,0.9978507687506306,0.9951869636803194,0.9951869636803193,0.025299779034220822,5.322362966334336e-31,-0.08896643837416938,-0.09289670984138412,-0.10111372796292703
7.1375,0.9966083701037397,0.9939561103938794,0.9939561103938792,0.021536321039106913,5.341054305652858e-31,-0.10962072102526986,-0.10403519596813449,-0.09839877599198779
7.15,0.9951140568441605,0.9925862058092046,0.992586205809205,0.018212532779375207,5.359778408055199e-31,-0.1293700388096404,-0.11514439562842138,-0.0934784318983996
7.1625000000000005,0.9933750431759905,0.9910776355617938,0.9910776355617938,0.015456194062926275,5.3785352735413575e-31,-0.1489015471506987,-0.1262211815228702,-0.08802047537079745
7.175000000000001,0.9913890728294199,0.9894308243222748,0.9894308243222749,0.01328450694484798,5.397324902111335e-31,-0.16901861521084374,-0.1372624354767556,-0.08381008781013881
7.1875,0.9891439309269734,0.987646235676856,0.9876462356768563,0.011637612305688804,5.41614729376513e-31,-0.19048406587103472,-0.14826504931778334,-0.08259519961267925
7.2,0.986618980438051,0.9857243719968275,0.9857243719968274,0.010412268117957691,5.435002448502744e-31,-0.21385494104375163,-0.15922592575106118,-0.0859743089903362
7.2125,0.9837887625660243,0.9836657742971375,0.9836657742971374,0.009487758542691757,5.453890366324178e-31,-0.23931916806807862,-0.17014197923099877,-0.09530513263872745
7.2250000000000005,0.9806285666903781,0.9814710220840961,0.9814710220840961,0.008742528422566518,5.4728110472294295e-31,-0.2665463355551951,-0.18101013682990874,-0.11160280676214872
7.237500000000001,0.9771216752080046,0.9791407331922396,0.9791407331922398,0.008064154534710991,5.491764491218501e-31,-0.2945733748341233,-0.1918273391030515,-0.13540354609193384
7.25,0.9732676554676265,0.9766755636104076,0.9766755636104077,0.007356699165024275,5.510750698291388e-31,-0.3217576393719969,-0.2025905409498844,-0.1665919654020401
7.2625,0.9690906101127612,0.9740762072970783,0.9740762072970783,0.006548739155956583,5.529769668448096e-31,-0.3458371235921412,-0.21329671247127746,-0.20422191923506583
7.275,0.9646458212673379,0.971343395985016,0.9713433959850157,0.005603081595925194,5.548821401688623e-31,-0.36413127455132066,-0.22394283982244112,-0.2463916259939034
7.2875000000000005,0.9600229472269026,0.9684778989752832,0.9684778989752832,0.004526160136533868,5.567905898012968e-31,-0.3738897534115552,-0.23452592606134315,-0.2902502512352003
7.300000000000001,0.9553440999933167,0.9654805229206799,0.9654805229206799,0.0033725776732564145,5.587023157421132e-31,-0.3727523647130963,-0.24504299199236285,-0.3322015004118397
7.3125,0.9507559044951742,0.962352111598665,0.9623521115986651,0.0022398013972590846,5.606173179913112e-31,-0.35923411897224866,-0.2554910770049502,-0.36832418185151816
7.325,0.9464159502382214,0.9590935456738287,0.9590935456738288,0.0012507103405234538,5.625355965488913e-31,-0.33311655789197475,-0.2658672399070564,-0.39495919005949165
7.3375,0.9424755514877785,0.9557057424499817,0.9557057424499816,0.0005269360405874783,5.644571514148533e-31,-0.2956307317660715,-0.27616855975309096,-0.409342224086909
7.3500000000000005,0.9390619038055026,0.9521896556119283,0.9521896556119279,0.00016107604521796909,5.663819825891971e-31,-0.24936589130942477,-0.28639213666618624,-0.4101242583515762
7.362500000000001,0.9362630709265245,0.9485462749569988,0.948546274956999,0.0001975996661347268,5.6831009007192285e-31,-0.1979173441693518,-0.2965350926545279,-0.39764005567966415
7.375,0.9341185534648533,0.944776626116418,0.9447766261164179,0.0006290860982954777,5.702414738630303e-31,-0.1453662520915128,-0.3065945724215242,-0.37385701865387805
7.3875,0.9326166936097672,0.940881770266581,0.9408817702665807,0.0014079875237041027,5.7217613396251965e-31,-0.09573051393175436,-0.31656774416959027,-0.34203409748975544
7.4,0.9316984037476956,0.9368628038303305,0.9368628038303305,0.0024681211351224317,5.741140703703909e-31,-0.05252147465934259,-0.3264518003973099,-0.30620245764464454
7.4125000000000005,0.9312652952587629,0.932720858168305,0.9327208581683051,0.003747642185322533,5.76055283086644e-31,-0.01849170360789615,-0.3362439586897654,-0.27061419142849097
7.425000000000001,0.9311896527626238,0.9284570992604557,0.9284570992604557,0.005206786534217679,5.77999772111279e-31,0.00441149815790623,-0.34594146250180124,-0.23928464334842844
7.4375,0.9313239324921453,0.9240727273778171,0.9240727273778171,0.0068372689999452365,5.7994753744429574e-31,0.01493566720751524,-0.3555415819340062,-0.2156944772377852
7.45,0.9315083387682439,0.9195689767446231,0.919568976744623,0.00866338570837704,5.818985790856945e-31,0.01234186029502421,-0.36504161450119677,-0.20264829487710434
7.4625,0.9315761769461339,0.9149471151908686,0.9149471151908687,0.010736164941522786,5.8385289703547505e-31,-0.003755401793263058,-0.3744388858931777,-0.20223350015193536
7.4750000000000005,0.9313577348756363,0.9102084437954051,0.9102084437954052,0.013121437674256825,5.858104912936375e-31,-0.03345391261334163,-0.38373075072757684,-0.21580047488858492
7.487500000000001,0.9306841511137638,0.9053542965196835,0.9053542965196836,0.01588159172028692,5.877713618601818e-31,-0.076497203533363,-0.3929145932945346,-0.24389493142362928
7.5,0.9293929407212358,0.900386039832235,0.9003860398322351,0.01905049846799689,5.8973550873510785e-31,-0.13208051509853974,-0.40198782829303914,-0.2861094313329022
7.5125,0.9273365041774723,0.8953050723240022,0.8953050723240021,0.022602873386129034,5.917029319184158e-31,-0.19857959309106593,-0.410947901558705,-0.3408732798990035
7.525,0.9243940509832868,0.8901128243146303,0.8901128243146303,0.026423515288330104,5.936736314101057e-31,-0.2732935566819725,-0.4197922907827807,-0.4052548401067054
7.5375000000000005,0.9204860468410737,0.8848107574498225,0.8848107574498227,0.030287238027388794,5.956476072101774e-31,-0.3523184203616345,-0.42851850622219384,-0.47489031097801526
7.550000000000001,0.9155888287353148,0.8794003642898802,0.87940036428988,0.033863632074538616,5.976248593186311e-31,-0.4306627286932067,-0.4371240914004283,-0.5441584677703963
7.5625,0.9097458870170565,0.8738831678895386,0.8738831678895385,0.036757805799949986,5.996053877354664e-31,-0.5026697102861075,-0.44560662379903254,-0.6066769588421874
7.575,0.9030720164315512,0.8682607213692178,0.8682607213692177,0.038586584352823874,6.015891924606837e-31,-0.5627237862813931,-0.45396371553957593,-0.6561037726792684
7.5875,0.895747459088024,0.8625346074778131,0.8625346074778132,0.03907231142594852,6.0357627349428295e-31,-0.6061165706242827,-0.4621930140558448,-0.6871128635619453
7.6000000000000005,0.8880012626589768,0.8567064381471419,0.8567064381471419,0.038122455036171565,6.05566630836264e-31,-0.6298688553272423,-0.4702922027561056,-0.6963212486973063
7.612500000000001,0.8800857964834083,0.8507778540381749,0.8507778540381751,0.03586290937453251,6.075602644866269e-31,-0.633289924479877,-0.4782590016752364,-0.6829226275506705
7.625,0.87224677881353,0.8447505240791829,0.8447505240791832,0.03260960510899933,6.095571744453716e-31,-0.6181198290229509,-0.48609116811654907,-0.6488507833827893
7.6375,0.8646943677766746,0.8386261449959231,0.8386261449959231,0.02878894032323893,6.115573607124982e-31,-0.5882233240373526,-0.49378649728312324,-0.5984339478654142
7.65,0.857580413713143,0.8324064408340031,0.832406440834003,0.02483798186670497,6.135608232880067e-31,-0.5489362299898911,-0.5013428228984642,-0.5376532241566104
7.6625000000000005,0.8509850961352003,0.8260931624735522,0.8260931624735525,0.02111937134979526,6.155675621718971e-31,-0.5062523579752108,-0.5087580178163247,-0.4732216238029748
7.675000000000001,0.8449136568931508,0.819688087136339,0.8196880871363392,0.01787350683122444,6.175775773641693e-31,-0.46605162353222496,-0.5160299946195063,-0.4117182073559572
7.6875,0.839301729616161,0.8131930178854746,0.8131930178854749,0.015211436112849384,6.195908688648233e-31,-0.43351325124505,-0.5231567062074789,-0.3589483729846046
7.7,0.8340265294094065,0.8066097831178388,0.8066097831178387,0.013136963241607756,6.216074366738592e-31,-0.41276549642298854,-0.5301361463726522,-0.31959371391018254
7.7125,0.8289210943230843,0.7999402360493795,0.7999402360493796,0.011581156792626956,6.236272807912771e-31,-0.40673590502152307,-0.5369663503651307,-0.2971100294310265
7.7250000000000005,0.823789594750121,0.7931862541934198,0.7931862541934196,0.010435471636272012,6.256504012170768e-31,-0.41711340232265604,-0.5436453954458043,-0.2937647871180817
7.737500000000001,0.818422928706261,0.7863497388321298,0.7863497388321298,0.009576422863429801,6.276767979512583e-31,-0.444326130607165,-0.5501714014276076,-0.3106888090799008
7.75,0.812614853344291,0.7794326144813046,0.7794326144813049,0.008881020877104016,6.2970647099382154e-31,-0.48747156559493,-0.5565425312048037,-0.3478463255463706
7.7625,0.8061793506242232,0.7724368283486016,0.7724368283486014,0.008235992289346915,6.3173942034476675e-31,-0.5441935620539837,-0.5627569912701402,-0.4038885857679748
7.775,0.7989695817033636,0.7653643497853939,0.7653643497853941,0.007544967905043213,6.337756460040939e-31,-0.6105661101704094,-0.5688130322197291,-0.475931574571254
7.7875000000000005,0.7908976908449011,0.7582171697323848,0.7582171697323846,0.0067368493733976605,6.358151479718029e-31,-0.6810948874382962,-0.5747089492455143,-0.5593685727440435
7.800000000000001,0.7819531850174547,0.7509973001591487,0.7509973001591485,0.00577610880736425,6.378579262478938e-31,-0.7489634262870788,-0.580443082615185,-0.647870737667421
7.8125,0.7722162015189294,0.7437067734977504,0.7437067734977506,0.004672637817880055,6.399039808323663e-31,-0.8066136531769803,-0.5860138181393975,-0.7337206064583275
7.825,0.7618613798769757,0.7363476420706033,0.7363476420706033,0.0034862371690610387,6.419533117252209e-31,-0.8466581959793785,-0.5914195876261807,-0.8085508385477232
7.8375,0.7511488576161749,0.7289219775127325,0.7289219775127324,0.0023205721788748276,6.440059189264574e-31,-0.8629962655745844,-0.5966588693223882,-0.8644328616143091
7.8500000000000005,0.7404012566346522,0.721431870188596,0.721431870188596,0.001304461131787537,6.460618024360756e-31,-0.8518927016877392,-0.601730188342081,-0.8951167464772194
7.862500000000001,0.72996890327478,0.7138794286036368,0.713879428603637,0.0005639265271232913,6.481209622540758e-31,-0.8127356853411078,-0.6066321170817159,-0.8971247625692764
7.875,0.720188827433723,0.7062667788107277,0.706266778810728,0.00019365014188832717,6.501833983804577e-31,-0.7482470673576425,-0.6113632756220226,-0.8704002404352152
7.8875,0.7113450434883365,0.6985960638116735,0.6985960638116735,0.00023795459415509095,6.522491108152215e-31,-0.6640700177946532,-0.6159223321164605,-0.8183256581633888
7.9,0.7036373887519444,0.6908694429539484,0.6908694429539486,0.0006878265286754403,6.543180995583673e-31,-0.5678452076886784,-0.6203080031661385,-0.747110836119579
7.9125000000000005,0.6971638153031052,0.6830890913228254,0.6830890913228254,0.0014937342690784393,6.563903646098949e-31,-0.46803233918581266,-0.6245190541810997,-0.664737442339739
7.925000000000001,0.6919174061956819,0.6752571991290788,0.6752571991290788,0.002587980033516144,6.584659059698044e-31,-0.37278138531478305,-0.6285542997278643,-0.5797545531525151
7.9375,0.6877958590562421,0.6673759710924286,0.6673759710924287,0.0039080890511631675,6.605447236380955e-31,-0.2890976342482949,-0.6324126038631366,-0.5002159249813073
7.95,0.684618902797706,0.659447625820898,0.659447625820898,0.005414528943200115,6.626268176147688e-31,-0.22241381817432637,-0.6360928804535791,-0.43294984944340953
7.9625,0.6821486042397958,0.6514743951862668,0.6514743951862668,0.00709978242383877,6.647121878998238e-31,-0.1765404461910579,-0.639594093481564,-0.38321044456349723
7.9750000000000005,0.6801085860363629,0.6434585236957848,0.6434585236957847,0.008988939064518012,6.668008344932607e-31,-0.15386223783737019,-0.6429152573368175,-0.3546335792299909
7.987500000000001,0.6782001523376069,0.6354022678603316,0.6354022678603316,0.01113317722974921,6.688927573950795e-31,-0.15560750559385972,-0.646055437093876,-0.3493495021307219
8.0,0.6761154250017567,0.6273078955591979,0.6273078955591979,0.013596976467755723,6.7098795660528e-31,-0.1820351821169059,-0.649013748775271,-0.3680974249960357
8.012500000000001,0.6735491972200236,0.619177685401661,0.6191776854016608,0.016438844368432685,6.730864321238625e-31,-0.23244332177445898,-0.6517893596003748,-0.4102334364378074
8.025,0.6702119221381198,0.6110139260855524,0.6110139260855524,0.019685251404767207,6.751881839508267e-31,-0.3049836427381388,-0.6543814882198307,-0.4736016596699445
8.0375,0.6658459097720758,0.6028189157529679,0.6028189157529679,0.023299512823003743,6.772932120861727e-31,-0.396352084937621,-0.6567894049355101,-0.5543272943655804
8.05,0.6602454499408412,0.5945949613433321,0.594594961343332,0.027151756787945146,6.794015165299008e-31,-0.5014987321631827,-0.6590124319059243,-0.6466661239804696
8.0625,0.6532794858307793,0.5863443779439867,0.5863443779439866,0.031001402260273467,6.815130972820106e-31,-0.6135413044413872,-0.6610499433370399,-0.7430834030735255
8.075000000000001,0.6449131812405504,0.5780694881384723,0.5780694881384723,0.03450628788401853,6.836279543425024e-31,-0.7240522339756602,-0.6629013656584458,-0.8347126607057554
8.0875,0.6352230465426625,0.5697726213527177,0.5697726213527176,0.037268527453439955,6.85746087711376e-31,-0.8238061878293379,-0.6645661776848134,-0.9122516542385919
8.1,0.6244000452927757,0.5614561131992867,0.5614561131992865,0.03891446369063569,6.878674973886314e-31,-0.9039327981884812,-0.6660439107626157,-0.9672051331313435
8.1125,0.6127368000700643,0.553122304819893,0.5531223048198931,0.03918860540698421,6.899921833742687e-31,-0.957260679655707,-0.667334148902054,-0.9932309946386951
8.125,0.6005984655999597,0.5447735422263608,0.5447735422263608,0.03802874389181224,6.921201456682878e-31,-0.9795283779641377,-0.6684365288941614,-0.9872547942120428
8.137500000000001,0.5883810486854395,0.536412175640201,0.5364121756402009,0.03559137626423373,6.942513842706889e-31,-0.9701335087954788,-0.6693507404130495,-0.9500405544615439
8.15,0.5764644426429035,0.5280405588310211,0.5280405588310211,0.032215167180713704,6.9638589918147175e-31,-0.9322094355645795,-0.670076526103265,-0.8860494909677994
8.1625,0.5651688761205934,0.5196610484539175,0.5196610484539175,0.028336290105044553,6.9852369040063645e-31,-0.8720184848061925,-0.6706136816522379,-0.8026306457879937
8.175,0.5547223187413786,0.5112760033860687,0.5112760033860687,0.02438828167707706,7.006647579281832e-31,-0.797850461353302,-0.6709620558477958,-0.7087812668090396
8.1875,0.5452431647243927,0.5028877840627017,0.5028877840627017,0.02072065694103974,7.0280910176411155e-31,-0.7187348126688361,-0.6711215506207313,-0.6138125891533182
8.200000000000001,0.5367385319473538,0.49449875181260894,0.49449875181260905,0.01755657048399453,7.04956721908422e-31,-0.6432754806893073,-0.6710921210724096,-0.5262293758457135
8.2125,0.5291152011299344,0.48611126819343053,0.4861112681934304,0.014990567543615595,7.071076183611142e-31,-0.5788164536786319,-0.6708737754874062,-0.45300738889509945
8.225,0.5221985233905042,0.47772769432685547,0.47772769432685536,0.013013553096622816,7.0926179112218815e-31,-0.5309993036887963,-0.6704665753311764,-0.3992948642146336
8.2375,0.515754718134297,0.46935039023395614,0.46935039023395597,0.011548041520316037,7.114192401916441e-31,-0.5036434187153254,-0.6698706352327509,-0.3684344342252497
8.25,0.5095133806785822,0.46098171417083383,0.4609817141708338,0.010480572475621855,7.135799655694818e-31,-0.49880586213038586,-0.6690861229524689,-0.3621369882449326
8.262500000000001,0.5031889140133201,0.452624021964748,0.4526240219647478,0.009685105480180646,7.157439672557016e-31,-0.5168714483429772,-0.6681132593347509,-0.38064343387584587
8.275,0.4965012085535666,0.4442796663509482,0.44427966635094823,0.009037287221067461,7.17911245250303e-31,-0.5565723379023854,-0.6669523182459307,-0.42276771566037685
8.2875,0.48919666872956896,0.43595099631035816,0.43595099631035816,0.008422995644078233,7.200817995532863e-31,-0.6149170247810154,-0.6656036264971606,-0.48580055485410817
8.3,0.4810703881143414,0.42764035640832826,0.42764035640832837,0.007745450103321028,7.222556301646516e-31,-0.6870952396526093,-0.6640675637524116,-0.5653440075945566
8.3125,0.47198899168394404,0.41935008613463204,0.4193500861346321,0.006933992942706702,7.244327370843987e-31,-0.766492066631829,-0.6623445624215977,-0.6552185834903281
8.325000000000001,0.4619118029700741,0.41108251924487804,0.4110825192448782,0.0059550140026294884,7.266131203125277e-31,-0.8449662820738678,-0.6604351075388473,-0.7476134659577591
8.3375,0.45090624894657627,0.40283998310355534,0.40283998310355557,0.00482223416957553,7.287967798490384e-31,-0.9135055413463106,-0.6583397366259669,-0.8336161498430824
8.35,0.43915262279548306,0.3946247980288592,0.3946247980288591,0.0036010591675442946,7.309837156939311e-31,-0.9632629212417457,-0.6560590395411227,-0.9041552583916209
8.3625,0.4269341714871707,0.3864392766395127,0.3864392766395128,0.0024016728307201217,7.331739278472057e-31,-0.9868321957228134,-0.6535936583127941,-0.951241583918844
8.375,0.41461112994640414,0.3782857232037557,0.3782857232037558,0.0013589563244810737,7.35367416308862e-31,-0.9794877908071407,-0.6509442869590397,-0.9692495342502647
8.387500000000001,0.40258118698366263,0.3701664329906727,0.37016643299067264,0.0006032059367223928,7.375641810789004e-31,-0.9400630531665154,-0.6481116712921252,-0.9559092212141842
8.4,0.3912326630888185,0.36208369162407184,0.3620836916240717,0.00023087390821306214,7.397642221573205e-31,-0.8712065126631877,-0.6450966087085764,-0.9127239534209082
8.4125,0.3808989440041141,0.35403977443906076,0.3540397744390607,0.0002857344729945948,7.419675395441223e-31,-0.778927782942906,-0.6418999479647045,-0.8446848970726103
8.425,0.37182248633274884,0.3460369458415322,0.34603694584153216,0.0007568118214262194,7.441741332393063e-31,-0.6715573602592342,-0.6385225889376791,-0.7593651380993681
8.4375,0.36413403099921726,0.3380774586707234,0.3380774586707234,0.0015923339662746458,7.463840032428719e-31,-0.5584104097448914,-0.6349654823722072,-0.6656525316824637
8.450000000000001,0.3578485601508437,0.33016355356502325,0.33016355356502314,0.0027229687608795036,7.485971495548196e-31,-0.448499230827062,-0.6312296296128925,-0.5724549036980021
8.4625,0.35287553034234265,0.32229745833122864,0.3222974583312286,0.0040856043682041526,7.508135721751489e-31,-0.34957214283267124,-0.6273160823223538,-0.4876639888080151
8.475,0.3490383067263785,0.31448138731739755,0.3144813873173975,0.005640995314575086,7.530332711038602e-31,-0.2676105670883832,-0.6232259421851736,-0.41753186879724546
8.4875,0.34609708664025146,0.30671754078950125,0.3067175407895013,0.007382453015268546,7.5525624634095346e-31,-0.20675770348259553,-0.6189603605977687,-0.36645989676017887
8.5,0.34377071636087747,0.29900810431204117,0.29900810431204117,0.009335872865468414,7.5748249788642835e-31,-0.16953734539066473,-0.6145205383442691,-0.33708317994317777
8.512500000000001,0.3417549349304194,0.2913552481327927,0.2913552481327926,0.011552498093365627,7.597120257402853e-31,-0.15717528992406893,-0.6099077252584851,-0.3304832009002623
8.525,0.339736867546117,0.28376112657187774,0.2837611265718778,0.014095234750770423,7.61944829902524e-31,-0.1698539511375799,-0.6051232198720783,-0.34637623783482685
8.5375,0.3374073546565129,0.27622787741530475,0.27622787741530475,0.017018337468717865,7.641809103731446e-31,-0.2067927237364947,-0.6001683690490128,-0.38318642616557375
8.55,0.33447353714031636,0.26875762131317293,0.268757621313173,0.020340391969543715,7.664202671521471e-31,-0.2661299755076775,-0.5950445676064086,-0.4379948600511949
8.5625,0.3306738747463819,0.2613524611827018,0.2613524611827017,0.02401284153215448,7.686629002395313e-31,-0.34466882837266316,-0.5897532579218943,-0.5064370289864933
8.575000000000001,0.32579652074141563,0.25401448161624085,0.25401448161624085,0.0278908979369804,7.7090880963529765e-31,-0.43762149217394475,-0.5842959295275653,-0.5826791021634992
8.5875,0.3196999965088538,0.24674574829445423,0.24674574829445411,0.031718821458937674,7.731579953394456e-31,-0.5385268791614134,-0.5786741186906789,-0.6596193148537701
8.6,0.31233294211092794,0.23954830740481317,0.2395483074048131,0.035143596824771736,7.754104573519755e-31,-0.6395033431609806,-0.5728894079811812,-0.7294193305737722
8.6125,0.30374811336438307,0.23242418506558626,0.23242418506558624,0.03776585738673254,7.7766619567288736e-31,-0.7319207705684525,-0.5669434258262072,-0.784372179018086
8.625,0.29410552699272513,0.22537538675547947,0.22537538675547952,0.039223239148693016,7.799252103021808e-31,-0.8074441987671039,-0.5608378460516722,-0.8179828554827961
8.637500000000001,0.28366118374969324,0.21840389674907584,0.21840389674907587,0.03928386939889663,7.8218750123985645e-31,-0.8592545356550819,-0.5545743874110759,-0.826023258320384
8.65,0.27274094208742505,0.21151167755825978,0.21151167755825973,0.03791643199694833,7.844530684859138e-31,-0.8831506419824497,-0.5481548131016698,-0.8072794978231528
8.6625,0.2617029527917081,0.2047006693797522,0.2047006693797521,0.03530746623557865,7.867219120403529e-31,-0.8782334696391172,-0.5415809302681021,-0.7637689853917582
8.675,0.2508952367759756,0.19797278954893816,0.19797278954893813,0.03181689201992788,7.889940319031741e-31,-0.8469810387753227,-0.5348545894936996,-0.7003539728965344
8.6875,0.2406162858925272,0.19132993200012888,0.19132993200012888,0.027888819066885846,7.912694280743768e-31,-0.7947044666308519,-0.5279776842795211,-0.6238594464804067
8.700000000000001,0.23108551796051,0.184773966733403,0.184773966733403,0.023951666846508776,7.935481005539616e-31,-0.7285557352842427,-0.5209521505113199,-0.5419415586622249
8.7125,0.22242750881044496,0.1783067392881985,0.17830673928819848,0.020340880917622997,7.95830049341928e-31,-0.6563653151580164,-0.5137799659145894,-0.46199503958796284
8.725,0.21467033236547234,0.17193007022377751,0.17193007022377754,0.017262137166906576,7.981152744382764e-31,-0.5855883316701546,-0.5064631494978165,-0.3903283619691056
8.7375,0.20775534618584954,0.16564575460673125,0.16564575460673125,0.014793760656525394,8.004037758430068e-31,-0.5225480914655964,-0.4990037609841216,-0.33171222704032605
8.75,0.2015541999897033,0.1594555615056624,0.1594555615056624,0.012914273486079571,8.026955535561188e-31,-0.4720359691295066,-0.49140390023143976,-0.2892772358932691
8.762500000000001,0.19588886473326134,0.15336123349317618,0.1533612334931761,0.011538144940614996,8.04990607577613e-31,-0.4372116681882111,-0.4836657066413912,-0.26464675062051984
8.775,0.1905516471499643,0.14736448615534392,0.14736448615534398,0.010547365860851142,8.072889379074888e-31,-0.41968286676351096,-0.4757913585570377,-0.2581604218351716
8.7875,0.18532376698145944,0.1414670076087504,0.1414670076087504,0.009813531481954652,8.095905445457463e-31,-0.41963638241998746,-0.4677830726496588,-0.26906671265778226
8.8,0.17999246579552208,0.13567045802528233,0.13567045802528233,0.00921098048876575,8.118954274923861e-31,-0.4359320661729772,-0.45964310329475055,-0.2956192598683158
8.8125,0.17436734111806618,0.12997646916478403,0.12997646916478406,0.008624740283458455,8.142035867474075e-31,-0.4661344831686372,-0.4513737419374111,-0.335080064707867
8.825000000000001,0.16829648784280227,0.1243866439157017,0.12438664391570171,0.007957648515407888,8.16515022310811e-31,-0.5065238720068523,-0.44297731644727606,-0.3836933682752249
8.8375,0.16168217777424862,0.11890255584386897,0.11890255584386894,0.007139624876388004,8.18829734182596e-31,-0.5521765279531466,-0.43445619046322315,-0.436731841517704
8.85,0.1544945536618764,0.11352574874953363,0.11352574874953368,0.006139255054334808,8.211477223627629e-31,-0.5972180768526302,-0.42581276272798485,-0.4887182483196336
8.8625,0.1467806776145182,0.10825773623277207,0.10825773623277204,0.004974480415255521,8.23468986851312e-31,-0.6353199074584562,-0.41704946641289276,-0.5338837069209601
8.875,0.138665841004364,0.1031000012674051,0.1031000012674051,0.003716722462341476,8.257935276482426e-31,-0.6604315310634362,-0.4081687684329323,-0.5668434688188201
8.887500000000001,0.13034475300416015,0.09805399578352743,0.09805399578352739,0.002482985770127877,8.281213447535554e-31,-0.6676416200165568,-0.39917316875228254,-0.5833761471887563
8.9,0.12206212718799943,0.09312114025878755,0.09312114025878754,0.0014143013171083508,8.304524381672497e-31,-0.6539771196589332,-0.39006519968057374,-0.5811204630911587
8.9125,0.11408480173329745,0.08830282331851048,0.0883028233185105,0.0006450788224412322,8.32786807889326e-31,-0.6189250110413753,-0.3808474251600194,-0.5599919701798313
8.925,0.10666995635651699,0.08360040134479461,0.08360040134479459,0.0002731926386499694,8.351244539197844e-31,-0.5645172418753159,-0.37152244004365664,-0.5221862936661362
8.9375,0.10003526526989766,0.07901519809468481,0.07901519809468482,0.00034145157566754526,8.374653762586242e-31,-0.4949420626253736,-0.3620928693648852,-0.4717557629711791
8.950000000000001,0.0943363872131221,0.07454850432752286,0.07454850432752283,0.0008365530377327295,8.398095749058464e-31,-0.4157868130551245,-0.3525613675984971,-0.4138746373229641
8.9625,0.08965517231440343,0.07020157744159719,0.07020157744159722,0.0017042483465765203,8.4215704986145e-31,-0.33311973269856465,-0.34293061791343793,-0.35399128108559424
8.975,0.08599912877569504,0.06597564112017404,0.06597564112017407,0.0028734762491510026,8.445078011254355e-31,-0.2526427472620023,-0.3332033314174724,-0.29707327382053705
8.9875,0.08331006575062394,0.06187188498702574,0.06187188498702575,0.0042805013819832965,8.468618286978032e-31,-0.17909225573978738,-0.3233822463939948,-0.24708958166497688
9.0,0.08147822686142259,0.057891464271547254,0.05789146427154725,0.005886431884511526,8.492191325785525e-31,-0.11596313970408062,-0.3134701275311938,-0.20677736795859855
9.012500000000001,0.08035795669251956,0.05403549948354867,0.054035499483548674,0.007685469803240049,8.51579712767684e-31,-0.06552745656034156,-0.3034697651437667,-0.17765188322377787
9.025,0.07978178871936772,0.05030507609783022,0.05030507609783022,0.00970432019268405,8.539435692651969e-31,-0.029048197773604734,-0.29338397438744285,-0.1601652483944235
9.0375,0.07957129489981754,0.04670124424861145,0.04670124424861147,0.011994189703122172,8.563107020710917e-31,-0.007062960934609175,-0.28321559446649186,-0.15391151741614453
9.05,0.07954454949830528,0.043225018433914505,0.04322501843391451,0.014616168321223852,8.586811111853687e-31,0.00037391477393283745,-0.2729674878344771,-0.1578015465928843
9.0625,0.07952123330064041,0.03987737722997887,0.039877377229978875,0.01761986621911491,8.610547966080273e-31,-0.0064356360177399985,-0.2626425393884634,-0.17017479175013847
9.075000000000001,0.07932703055563192,0.03665926301578348,0.03665926301578347,0.021015493095515238,8.63431758339068e-31,-0.02681938522957189,-0.2522436556568931,-0.18885976951643638
9.0875,0.0787989896744639,0.033571581707765835,0.03357158170776584,0.024742164351516677,8.658119963784902e-31,-0.05960215057852794,-0.24177376398139466,-0.21122813792833064
9.1,0.0777929662558857,0.03061520250479837,0.03061520250479838,0.028639977847427563,8.681955107262943e-31,-0.10291895614441993,-0.23123581169270963,-0.23430066032825547
9.1125,0.07619326434010598,0.02779095764350574,0.027790957643505736,0.032438349602764996,8.705823013824806e-31,-0.1540669316330653,-0.22063276528100742,-0.25495191559171165
9.125,0.07392336960356408,0.025099642163986927,0.025099642163986916,0.035774395709224326,8.729723683470485e-31,-0.209493809209406,-0.20996760956080773,-0.270225270630324
9.137500000000001,0.0709555788633085,0.02254201368600435,0.022542013686004347,0.038248842545556654,8.753657116199985e-31,-0.2649937274070528,-0.19924334683072784,-0.27771959380482464
9.15,0.06731678729125107,0.02011879219571296,0.020118792195712963,0.03951238899018582,8.777623312013301e-31,-0.31612192276535256,-0.188462996028332,-0.27596266448515894
9.1625,0.0630880217236708,0.017830659842977596,0.017830659842977593,0.03935814872582276,8.801622270910435e-31,-0.3587635951676497,-0.17762959188027339,-0.26466503901164995
9.175,0.058396554725761746,0.015678260749345384,0.015678260749345384,0.037786127313551555,8.825653992891391e-31,-0.38972671977343487,-0.166746184048007,-0.2447670889148034
9.1875,0.05340127287407585,0.013662200826722846,0.013662200826722846,0.03501220525216982,8.849718477956163e-31,-0.40720350368840874,-0.1558158362692982,-0.21824871877581592
9.200000000000001,0.04827378091325457,0.011783047606806379,0.011783047606806383,0.031415994094207145,8.873815726104756e-31,-0.4109757491601759,-0.14484162549575313,-0.18774445664256997
9.2125,0.043178839310203644,0.010041330081321319,0.01004133008132132,0.02744769702918206,8.897945737337165e-31,-0.4023158258343149,-0.13382664102665284,-0.15606519099534338
9.225,0.03825776305122122,0.008437538553106003,0.008437538553106003,0.02352909321901482,8.922108511653392e-31,-0.38362590186555423,-0.122773983639288,-0.1257475305508142
9.2375,0.033617407941871534,0.006972124498089777,0.0069721244980897774,0.019980708155514722,8.946304049053443e-31,-0.357926720657003,-0.11168676471607808,-0.09872766099195783
9.25,0.029325784382258253,0.005645500438200644,0.005645500438200643,0.016990585266612686,8.970532349537307e-31,-0.32833004411832,-0.10056810536870527,-0.07618402278302941
9.262500000000001,0.02541376744156778,0.004458039825236703,0.004458039825236702,0.014621160222031797,8.994793413104993e-31,-0.29760545190951837,-0.08942113555949371,-0.058537416581102994
9.275,0.021881291876196925,0.00341007693573899,0.0034100769357389912,0.01283910163972215,9.019087239756495e-31,-0.2679011461073682,-0.07824899322032106,-0.04555963160433578
9.2875,0.018706019450868482,0.002501906776889576,0.002501906776889575,0.011551331349948766,9.043413829491815e-31,-0.24062478961958783,-0.06705482336926238,-0.03653115443444812
9.3,0.015852646853603557,0.001733785003466085,0.0017337850034660847,0.01063563545225899,9.067773182310959e-31,-0.2164530664174045,-0.05584177722525583,-0.03040090184314013
9.3125,0.013281526693276138,0.0011059278458737242,0.0011059278458737242,0.009961414442588235,9.092165298213916e-31,-0.19542437951943276,-0.04461301132102215,-0.025925005050166237
9.325000000000001,0.010955828948705048,0.0006185120492745516,0.0006185120492745513,0.009401741001696972,9.116590177200695e-31,-0.1770739745882308,-0.03337168661447264,-0.021785521540900105
9.3375,0.008846892621116226,0.0002716748238334766,0.00027167482383347655,0.008840788513819989,9.14104781927129e-31,-0.16058537897200517,-0.02212096759889527,-0.01670486266929672
9.35,0.0069376479365404285,6.551380609232982e-05,6.551380609232979e-05,0.008181054254549215,9.165538224425703e-31,-0.14494670329911738,-0.010864021412121696,-0.009573353369694821
9.3625,0.005224073280865783,8.703148494700114e-08,8.703148494700118e-08,0.007353194061036481,9.19006139266394e-31,-0.1291084135893935,0.0003959830550343056,0.0004044093454369731
9.375,0.003714689728299494,7.541291799982182e-05,7.541291799982182e-05,0.006328293187820159,9.21461732398599e-31,-0.11213834115667816,0.011655876050831779,0.013559665799117278
9.387500000000001,0.002428192096941582,0.0002914702609953286,0.00029147026099532865,0.005128923062265678,9.239206018391863e-31,-0.09336203166455448,0.022912487854916015,0.02964299970298727
9.4,0.001389522613141179,0.0006481982391688554,0.0006481982391688554,0.0038329324889377755,9.26382747588155e-31,-0.07246753516271431,0.03416264967059891,0.04778942558321232
9.4125,0.0006249856393088499,0.001145496431678494,0.0011454964316784944,0.0025644273403446394,9.288481696455057e-31,-0.049550181308792705,0.045403194516903604,0.06660456051810153
9.425,0.00015727708233324633,0.001783224846412044,0.0017832248464120437,0.001470636188376016,9.313168680112386e-31,-0.025079682471374553,0.05663095812008176,0.08438072666222145
9.4375,1.424078514454674e-06,0.0025612039593951794,0.002561203959395179,0.0006898784021188497,9.33788842685353e-31,0.00021087118326601947,0.06784277980436876,0.09940847558539936
9.450000000000001,0.00016249931184069932,0.0034792147653291035,0.0034792147653291048,0.000321069581849414,9.362640936678496e-31,0.025492626755194363,0.07903550338174231,0.11031132045314375
9.4625,0.0006355867753894972,0.004536998839240825,0.004536998839240824,0.0004056240905195641,9.387426209587277e-31,0.05002619506252985,0.09020597804039333,0.11631799228679253
9.475,0.0014079402717866545,0.0057342584092320405,0.005734258409232037,0.0009275569564738437,9.412244245579875e-31,0.07332024293234192,0.10135105923170766,0.11740538147853033
9.4875,0.0024627663140181387,0.007070656440303225,0.007070656440303226,0.0018299283547926002,9.437095044656297e-31,0.09522835315519379,0.11246760955546858,0.11428866047596205
9.5,0.0037837365021735126,0.008545816729230124,0.008545816729230124,0.0030398780619027236,9.461978606816533e-31,0.11596795824490701,0.12355249964304696,0.10828325634589037
9.512500000000001,0.00535926103334095,0.010159324010468394,0.010159324010468394,0.004493080302389179,9.486894932060593e-31,0.13606525536646255,0.1346026090383469,0.10109582858744778
9.525,0.007185698413297745,0.011910724073051356,0.011910724073051356,0.006151073509005176,9.511844020388466e-31,0.1562436312825909,0.14561482707621742,0.09460728497114093
9.5375,0.009268930570418764,0.013799523888454415,0.013799523888454412,0.008009011785229829,9.53682587180016e-31,0.1772771730280204,0.1565860537581332,0.09069253335742931
9.55,0.011623986616479776,0.01582519174938463,0.015825191749384626,0.010094403787991804,9.561840486295675e-31,0.19982750799841648,0.1675132006248557,0.0910909937340825
9.5625,0.014272592543032026,0.017987157419458215,0.017987157419458215,0.012458301042053447,9.586887863875004e-31,0.2242769655279081,0.17839319162584646,0.09731294059494217
9.575000000000001,0.01723867048841222,0.020284812293727212,0.02028481229372721,0.015159714218862183,9.611968004538156e-31,0.2505694491699654,0.18922296398520266,0.11054997978559644
9.5875,0.020541977665472885,0.022717509570002584,0.022717509570002584,0.018243199657967866,9.637080908285123e-31,0.2780753979173646,0.19999946906383267,0.13155822664328345
9.600000000000001,0.02419034092626774,0.025284564430935182,0.025284564430935175,0.021710094665785152,9.662226575115912e-31,0.3055075432294194,0.21071967321767698,0.16049988532400616
9.6125,0.028171343884312413,0.027985254236792607,0.0279852542367926,0.02548675045267697,9.687405005030517e-31,0.33092418833813214,0.22138055865168205,0.19675869489384668
9.625,0.032444803518688926,0.0308188187288888,0.030818818728888808,0.029398005854687177,9.712616198028939e-31,0.35185783190110453,0.23197912426933762,0.23877872254362076
9.637500000000001,0.03693776674457051,0.03378446024359992,0.0337844602435999,0.0331588279514312,9.737860154111184e-31,0.3655909592654796,0.2425123865174964,0.2840016021347426
9.65,0.041543825473546826,0.03688134393690953,0.03688134393690952,0.036397535539591394,9.763136873277245e-31,0.36956501981351975,0.2529773802262557,0.3289798360496977
9.662500000000001,0.04612807740311951,0.04010859801942474,0.04010859801942475,0.03871657438626392,9.788446355527128e-31,0.36186029616458465,0.2633711594436795,0.3697125222903586
9.675,0.050537995333327264,0.043465314001786035,0.04346531400178602,0.039781459790312855,9.813788600860825e-31,0.34164142209824594,0.27369079826508774,0.4021864285924747
9.6875,0.05461901737520951,0.04695054695041508,0.0469505469504151,0.03941156523110937,9.83916360927834e-31,0.3094480019942702,0.28393339165672415,0.4230285813739127
9.700000000000001,0.058232287563353406,0.050563315753517336,0.05056331575351735,0.037638503460856065,9.864571380779678e-31,0.26723713043986275,0.2940960562735352,0.43011840098185905
9.7125,0.061271196635903025,0.05430260339726861,0.054302603397268605,0.03470665912489241,9.890011915364832e-31,0.2181514076544489,0.30417593127084197,0.42299833523295294
9.725000000000001,0.06367356025934445,0.05816735725211365,0.058167357252113645,0.031013696472708123,9.915485213033808e-31,0.16606876076274973,0.31417017910969425,0.40297302763314746
9.7375,0.06542741696825258,0.06215648936908267,0.062156489369082676,0.027014075751204264,9.940991273786598e-31,0.11505529127725003,0.324075986355641,0.37288083453293375
9.75,0.06657012558352002,0.0662688767860587,0.06626887678605868,0.0231214826645786,9.966530097623205e-31,0.06886290220866542,0.3338905644707374,0.33661910594610306
9.762500000000001,0.06718207593935699,0.07050336184389577,0.07050336184389577,0.019640765201560672,9.992101684543638e-31,0.03058383789226224,0.34361115059852887,0.29856601748223427
9.775,0.06737735368816675,0.07485875251230455,0.07485875251230457,0.01674225885162344,1.0017706034547883e-30,0.002510889222612972,0.35323500834180627,0.26304604929096426
9.787500000000001,0.0672938676109176,0.07933382272541913,0.07933382272541908,0.014472884462910417,1.0043343147635952e-30,-0.01381731239483211,0.36275942853292503,0.23393980431192607
9.8,0.0670848449122624,0.08392731272693668,0.08392731272693667,0.012787995868708957,1.0069013023807837e-30,-0.01745729663576409,0.3721817299964413,0.2144677793929238
9.8125,0.0669125459324886,0.08863792942474959,0.08863792942474956,0.011587451361209582,1.0094715663063537e-30,-0.007880082323088677,0.3814992603038845,0.20711203948392976
9.825000000000001,0.06694392335086351,0.0934643467549562,0.09346434675495618,0.010745153446427801,1.0120451065403063e-30,0.015147143508657451,0.3907093965204277,0.21360055226236083
9.8375,0.0673470605020603,0.09840520605515284,0.0984052060551528,0.010128456269704704,1.0146219230826401e-30,0.051561097631312613,0.3998095459432536,0.23487372111981444
9.850000000000001,0.06828676297913246,0.10345911644690937,0.10345911644690935,0.009609196176303276,1.0172020159333563e-30,0.1008677286785428,0.408797146831423,0.27097820902544145
9.8625,0.0699177463111812,0.10862465522730326,0.10862465522730326,0.00907068929041172,1.019785385092454e-30,0.16190067263073354,0.41766966912700876,0.3208804855026439
9.875,0.07237448855853992,0.11390036826942321,0.11390036826942321,0.008415147284437756,1.0223720305599334e-30,0.23254445354298928,0.42642461516732955,0.38224941911153865
9.887500000000001,0.07575794307627814,0.11928477043171147,0.11928477043171151,0.007574144350434092,1.0249619523357952e-30,0.3095284961003894,0.43505952038805124,0.4513078525705168
9.9,0.0801207375641756,0.12477634597603697,0.12477634597603694,0.006521594596285475,1.0275551504200385e-30,0.3884097589407972,0.44357195401697175,0.5228779884384688
9.912500000000001,0.08545384472456799,0.13037354899438872,0.13037354899438872,0.005285125706502531,1.030151624812664e-30,0.4638365816993825,0.451959519758304,0.5907259085690019
9.925,0.09167848475930031,0.13607480384405174,0.1360748038440517,0.00394942281280563,1.0327513755136708e-30,0.5301183933574302,0.4602198564672384,0.6482387002539104
9.9375,0.09864673224893285,0.14187850559116377,0.14187850559116374,0.0026459484986223252,1.0353544025230596e-30,0.5820277731430438,0.46835063881462413,0.6893571281417458
9.950000000000001,0.10615276002425415,0.14778302046251068,0.1477830204625107,0.0015281353470286377,1.0379607058408308e-30,0.6156659811199153,0.47634957794155897,0.7095756658624155
9.9625,0.11395416010022269,0.15378668630543993,0.1537866863054399,0.0007379652930711569,1.0405702854669832e-30,0.6291727887412958,0.4842144221037122,0.706760116143853
9.975000000000001,0.12180011262081197,0.15988781305577135,0.15988781305577138,0.00037498418165628515,1.043183141401518e-30,0.6230862355936666,0.4919429573052105,0.6815580571819069
9.9875,0.1294612934751053,0.16608468321355238,0.16608468321355233,0.0004787743882377179,1.0457992736444342e-30,0.6002558468898386,0.49953300792188077,0.6372891063996649
10.0,0.1367560317276176,0.1723755523265493,0.1723755523265493,0.0010303247707052362,1.0484186821957323e-30,0.5653465538878792,0.5069824373137068,0.579358370767245
10.012500000000001,0.14356845673879762,0.17875864948131825,0.17875864948131823,0.0019698134435777877,1.0510413670554128e-30,0.5240850160644343,0.5142891484263041,0.5143727331089256
10.025,0.1498566689070596,0.185232177801723,0.185232177801723,0.0032225362263940257,1.0536673282234746e-30,0.4824509321548343,0.5214510843812457,0.4492020990083529
10.037500000000001,0.1556514175301627,0.19179431495477217,0.19179431495477214,0.004723628471580456,1.0562965656999186e-30,0.44599096827316176,0.5284662290550934,0.39019990876246646
10.05,0.16104753173431596,0.19844321366360876,0.19844321366360873,0.006435143922996484,1.0589290794847443e-30,0.4193537076565235,0.5353326076469404,0.3427031674408252
10.0625,0.1661909875228816,0.20517700222753413,0.20517700222753413,0.008353248058806547,1.0615648695779517e-30,0.4060501345656944,0.5420482872343324,0.3108183377421405
10.075000000000001,0.1712640637650525,0.21199378504889982,0.21199378504889987,0.01050623590040516,1.0642039359795414e-30,0.40837224438392916,0.5486113773173955,0.2974092622087734
10.0875,0.1764699630969105,0.2188916431667249,0.21889164316672485,0.01294486739552211,1.0668462786895126e-30,0.4273725576701199,0.555020030351017,0.30416112644895316
10.100000000000001,0.18201710474881824,0.22586863479690117,0.22586863479690114,0.01572578990694872,1.0694918977078659e-30,0.462821423599616,0.5612724422649474,0.33160320697991624
10.1125,0.18810252655726445,0.2329227958788076,0.23292279587880754,0.018888079752942235,1.0721407930346008e-30,0.5131063162701189,0.5673668529716481,0.3790216963655574
10.125,0.19489377708849584,0.24005214062821098,0.24005214062821095,0.02242370291604646,1.0747929646697175e-30,0.575101078155009,0.5733015468617713,0.4442656258950777
10.137500000000001,0.20250942080877754,0.247254662096272,0.24725466209627195,0.02624583359168096,1.0774484126132165e-30,0.6440935808023521,0.5790748532871113,0.5235251904414128
10.15,0.2109996456276416,0.2545283327345088,0.2545283327345088,0.03016396307941226,1.080107136865097e-30,0.71389599849836,0.5846851470308976,0.6112213539535523
10.162500000000001,0.22033001108848835,0.2618711049655701,0.26187110496557015,0.0338790880070566,1.0827691374253597e-30,0.7772524151055245,0.5901308487653089,0.7001647681363011
10.175,0.2303724567043254,0.2692809117596311,0.26928091175963115,0.03701188534096553,1.0854344142940039e-30,0.8265926218099129,0.595410425496055,0.7821008901295693
10.1875,0.24090762902327906,0.2767556672162802,0.27675566721628037,0.039168192465485585,1.0881029674710299e-30,0.8550677648480913,0.6005223909939292,0.8486533102346324
10.200000000000001,0.25164098547269925,0.2842932671517089,0.2842932671517089,0.04003006849935646,1.0907747969564382e-30,0.8576782823403892,0.605465306213187,0.8925336054481341
10.2125,0.26223216840598657,0.2918915896910468,0.2918915896910467,0.039444316990255385,1.0934499027502279e-30,0.832220917187643,0.6102377796966432,0.908756464430798
10.225000000000001,0.27233365546770794,0.2995484958656888,0.2995484958656889,0.037474297167138584,1.0961282848524e-30,0.7797875513607537,0.6148384679673791,0.8955448809524678
10.2375,0.2816319361986947,0.3072618302154176,0.3072618302154176,0.03439192966381049,1.0988099432629535e-30,0.7046578994998864,0.6192660759069342,0.854669466455962
10.25,0.2898835612476903,0.3150294213951844,0.3150294213951846,0.03061122700204947,1.1014948779818887e-30,0.6136055247832672,0.623519357119892,0.7911259516864113
10.262500000000001,0.2969397882265721,0.32284908278635177,0.3228490827863517,0.026589086185805196,1.1041830890092063e-30,0.5148110645656434,0.6275971142847466,0.7122534300377881
10.275,0.30275670262477206,0.33071861311223455,0.33071861311223444,0.022729721826332205,1.1068745763449053e-30,0.41667665754065475,0.6314981994909522,0.6265508802858653
10.287500000000001,0.30739142485785875,0.3386357970577789,0.33863579705777896,0.01932164030958465,1.1095693399889867e-30,0.3268264305638443,0.6352215145620703,0.5425018451515768
10.3,0.31098800916478364,0.3465984058931771,0.34659840589317725,0.016517468461294878,1.1122673799414495e-30,0.25147545108462577,0.6387660113649093,0.4676583057314019
10.3125,0.3137580335934844,0.35460419810127364,0.3546041981012735,0.014349026039417163,1.1149686962022942e-30,0.19520598717739857,0.6421306921045805,0.40810431880279713
10.325000000000001,0.31596053081006753,0.3626509200085621,0.362650920008562,0.012760896357605545,1.1176732887715211e-30,0.1610631082253156,0.645314609605384,0.3682785578465967
10.3375,0.31788429023403847,0.3707363064196025,0.37073630641960253,0.011646342327353244,1.1203811576491294e-30,0.1508091245291877,0.6483168675774409,0.35103331475626787
10.350000000000001,0.3198334341741285,0.37885808125469395,0.3788580812546939,0.010875680636274606,1.12309230283512e-30,0.16516682335305216,0.6511366208690071,0.3577694178034284
10.3625,0.3221152596902452,0.38701395819059364,0.38701395819059353,0.010314347034982409,1.1258067243294921e-30,0.2039226405526428,0.6537730757043843,0.38850928002454616
10.375,0.3250281560636369,0.39520164130413843,0.39520164130413854,0.00983296034520796,1.1285244221322461e-30,0.26583307016493957,0.6562254899073758,0.4418362546184328
10.387500000000001,0.3288472247288329,0.40341882571855475,0.4034188257185548,0.00931397829393473,1.1312453962433823e-30,0.3483624856160396,0.6584931731102115,0.5147155243076564
10.4,0.33380610178362025,0.41166319825229125,0.4116631982522913,0.008659396989839956,1.1339696466629e-30,0.44736195134486767,0.6605754869478889,0.6022973026515939
10.412500000000001,0.3400752594854708,0.4199324380701994,0.4199324380701993,0.007801915742522161,1.1366971733907998e-30,0.5568582601830996,0.6624718452378784,0.6978631835447183
10.425,0.34773933418550834,0.4282242173368522,0.42822421733685206,0.006718632111411896,1.1394279764270814e-30,0.6691380760809361,0.6641817141451353,0.7930861693604907
10.4375,0.3567781101728288,0.4365362018718496,0.4365362018718495,0.005442670831278968,1.1421620557717445e-30,0.7752637076330766,0.6657046123323777,0.8787159826474233
10.450000000000001,0.36705683380510146,0.44486605180690114,0.44486605180690114,0.004065956537001613,1.1448994114247902e-30,0.8660410432276494,0.6670401110955873,0.9456757971843779
10.4625,0.37833082341451424,0.45321142224450567,0.4532114222445056,0.0027275353681756116,1.147640043386217e-30,0.9333027372349761,0.6681878344846877,0.9863980564663083
10.475000000000001,0.3902666866788575,0.4615699639180623,0.46156996391806226,0.001587007035710829,1.1503839516560263e-30,0.9712270947220767,0.6691474594093808,0.9960968437317014
10.4875,0.40247846112661667,0.469939323853192,0.4699393238531921,0.0007897261415550245,1.1531311362342171e-30,0.9773509540204374,0.6699187157300956,0.9736369366513165
10.5,0.4145729591307074,0.4783171460301203,0.47831714603012043,0.0004354302840398942,1.1558815971207895e-30,0.9529937530262845,0.6705013863340356,0.9217476047206778
10.512500000000001,0.4261960230926148,0.48670107204690627,0.4867010720469062,0.0005614273241939987,1.1586353343157445e-30,0.9029774365177016,0.6708953071962958,0.8465179950531719
10.525,0.4370712716664584,0.4950887417833415,0.4950887417833414,0.0011453508615868473,1.1613923478190807e-30,0.8347375043949447,0.6711003674260378,0.7563256603409931
10.537500000000001,0.4470252407604172,0.5034777940653455,0.5034777940653457,0.0021243309520743918,1.1641526376307993e-30,0.7570877265035744,0.6711165092977055,0.660502048902421
10.55,0.4559966117438128,0.5118658673296389,0.5118658673296388,0.0034217991295769678,1.1669162037508993e-30,0.6789618057573688,0.6709437282672751,0.5680724476030067
10.5625,0.46403101922896905,0.5202506002885444,0.5202506002885442,0.004972420562883731,1.1696830461793812e-30,0.6083994047004024,0.670582072973535,0.4868243006295927
10.575000000000001,0.4712654953881561,0.5286296325946991,0.5286296325946991,0.00673885599749795,1.1724531649162452e-30,0.5519118530663822,0.6700316452243925,0.42280733777005997
10.5875,0.47790737297410835,0.5370006055055003,0.5370006055055003,0.008718337925496878,1.1752265599614909e-30,0.5142176153328398,0.669292599968216,0.38021859710498707
10.600000000000001,0.48421162808858065,0.5453611625471138,0.5453611625471139,0.01093991809006669,1.1780032313151188e-30,0.49823264763773245,0.6683651452502144,0.36152628134117526
10.6125,0.49045889078020943,0.5537089501778231,0.5537089501778232,0.013453909797102629,1.180783178977128e-30,0.5051614945963556,0.6672495421538727,0.36765800222206496
10.625,0.4969345165460522,0.5620416184505735,0.5620416184505734,0.01631429242726313,1.1835664029475193e-30,0.5345589265551501,0.6659461047274544,0.3981133667641751
10.637500000000001,0.5039078758690029,0.5703568216744905,0.5703568216744905,0.01955422050415232,1.1863529032262928e-30,0.5842998698541694,0.664455199895596,0.4509360351739477
10.65,0.5116107775079368,0.5786522190752014,0.5786522190752011,0.02315578991349663,1.1891426798134475e-30,0.6504822453043451,0.6627772473560161,0.5225716149898119
10.662500000000001,0.5202147688869048,0.5869254754537834,0.5869254754537832,0.02701861250226603,1.1919357327089848e-30,0.727367186529041,0.6609127194613666,0.607721417006739
10.675,0.5298087038710761,0.5951742618441261,0.5951742618441263,0.03093680416855011,1.1947320619129033e-30,0.8075080942049585,0.6588621410862658,0.6993545515719608
10.6875,0.5403798725879185,0.6033962561685554,0.6033962561685553,0.03459795462565692,1.1975316674252038e-30,0.8822109022093729,0.6566260894795395,0.7890392989876143
10.700000000000001,0.5518033564599277,0.6115891438915081,0.6115891438915082,0.037616336032565006,1.2003345492458866e-30,0.9423908956761959,0.6542051941017255,0.8676850078028101
10.7125,0.5638442979074118,0.6197506186710813,0.6197506186710813,0.03960288790661239,1.2031407073749508e-30,0.9797581774544806,0.6516001364478761,0.9266554957820972
10.725000000000001,0.5761759881124902,0.6278783830082901,0.6278783830082901,0.040257904243063164,1.2059501418123974e-30,0.9881164831743121,0.648811649855713,0.959062104010822
10.7375,0.5884132831278001,0.6359701488938149,0.6359701488938148,0.0394566777169171,1.2087628525582252e-30,0.9644612354074041,0.6458405192991902,0.9609308945609246
10.75,0.6001568389546443,0.6440236384520973,0.6440236384520974,0.03729430549114878,1.211578839612435e-30,0.9095680974551996,0.6426875811675175,0.9319231897251814
10.762500000000001,0.611040463811063,0.6520365845825703,0.6520365845825704,0.03406915075602609,1.214398102975027e-30,0.8278881745923753,0.6393537230297137,0.8753944344053068
10.775,0.6207728146127159,0.6600067315978567,0.6600067315978568,0.030209814564953946,1.2172206426460006e-30,0.7267692716323358,0.6358398833847525,0.797769798833312
10.787500000000001,0.6291662062597974,0.6679318358587643,0.6679318358587644,0.026173835908354127,1.2200464586253564e-30,0.6152223315019263,0.6321470513973668,0.7074181026159231
10.8,0.63614887889031,0.6758096664058735,0.6758096664058733,0.022354661048972775,1.2228755509130937e-30,0.5025670205933013,0.6282762666195971,0.6133353368091048
10.8125,0.6417613152153405,0.6836380055875727,0.6836380055875728,0.019023883604749794,1.2257079195092127e-30,0.3972811930877052,0.6242286186981488,0.5239595609044689
10.825000000000001,0.6461406261593846,0.6914146496843356,0.6914146496843357,0.016316491950714204,1.2285435644137141e-30,0.30626430575748204,0.620005247067652,0.44634139081024454
10.8375,0.6494986558660597,0.6991374095290767,0.6991374095290767,0.014249653030208961,1.2313824856265969e-30,0.23456407370095456,0.6156073406299069,0.3857432142077375
10.850000000000001,0.6520991390907256,0.7068041111234205,0.7068041111234205,0.012757725917534574,1.234224683147862e-30,0.1854738137284882,0.6110361374191963,0.3456003619230188
10.8625,0.6542375054281753,0.7144125962496867,0.7144125962496868,0.011727828716528733,1.2370701569775084e-30,0.1608266447694357,0.6062929242537786,0.3276934305159364
10.875,0.6562246108918206,0.721960723078446,0.721960723078446,0.011026966432314638,1.239918907115537e-30,0.16130100888588444,0.6013790363736361,0.33236578289071445
10.887500000000001,0.6583735829995065,0.7294463667714548,0.7294463667714548,0.01051876478934184,1.2427709335619476e-30,0.18659525053377896,0.5962958570646002,0.3586617180822651
10.9,0.6609876369669146,0.7368674200798035,0.7368674200798037,0.01007263459657249,1.2456262363167397e-30,0.23540445523759213,0.5910448172689503,0.40433542632217834
10.912500000000001,0.6643464270045476,0.7442217939371285,0.7442217939371285,0.009570178061012829,1.2484848153799141e-30,0.3052198306417757,0.5856273951825928,0.4657645093408814
10.925,0.6686892751138938,0.7515074180476842,0.7515074180476843,0.008913262827674026,1.25134667075147e-30,0.3920526212749992,0.5800451158389444,0.5378729168670182
10.9375,0.6741952962577243,0.7587222414691516,0.7587222414691516,0.008035945638835354,1.2542118024314076e-30,0.49024335189714663,0.5742995506796233,0.6142064128355117
10.950000000000001,0.6809626018057234,0.7658642331899864,0.7658642331899865,0.006918886923133907,1.2570802104197276e-30,0.592532762601735,0.5683923171120822,0.6872913862362233
10.9625,0.6889907531222458,0.7729313827011554,0.7729313827011556,0.00560116159037834,1.259951894716429e-30,0.6905254195728361,0.5623250780543008,0.7493367356843098
10.975000000000001,0.6981716542409664,0.7799217005621136,0.7799217005621134,0.004182327619699263,1.2628268553215129e-30,0.7755683659510377,0.5560995414666607,0.7932205721572702
10.9875,0.708293452417176,0.7868332189608351,0.7868332189608351,0.0028092096492074933,1.265705092234978e-30,0.8399206284281461,0.5497174598711525,0.8135760263948211
11.0,0.7190595907491654,0.7936639922677677,0.7936639922677678,0.001647492691184246,1.268586605456825e-30,0.8779575305138201,0.5431806298580237,0.8077075172461446
11.012500000000001,0.7301214968349724,0.800412097583537,0.8004120975835367,0.0008455721552772402,1.2714713949870542e-30,0.8870970051036096,0.5364908915800335,0.7760766222635763
11.025,0.7411197031227825,0.8070756352802487,0.8070756352802487,0.0005029143202054808,1.274359460825665e-30,0.868189789471407,0.5296501282344405,0.722205648329578
11.037500000000001,0.7517258488595384,0.8136527295362519,0.8136527295362519,0.0006541085840681244,1.277250802972658e-30,0.8252688767165449,0.5226602655328685,0.6520195356094147
11.05,0.7616779056636871,0.8201415288641842,0.8201415288641845,0.0012731216530314688,1.2801454214280325e-30,0.7647453191417193,0.515523271159214,0.5728124105095205
11.0625,0.7708030819161253,0.8265402066321832,0.8265402066321829,0.0022938955676528915,1.2830433161917887e-30,0.6942887130433445,0.5082411542157271,0.49211661732489564
11.075000000000001,0.7790262959012696,0.8328469615780886,0.8328469615780888,0.003638001474123505,1.2859444872639274e-30,0.6216851872959037,0.5008159646574399,0.41673950849195646
11.0875,0.7863655504076271,0.8390600183165067,0.8390600183165068,0.005239718806044357,1.2888489346444474e-30,0.5539154830292885,0.49324979271509783,0.3521354534317839
11.100000000000001,0.7929178790708625,0.8451776278385956,0.8451776278385956,0.007062411990766715,1.2917566583333497e-30,0.49657789682004705,0.4855447683067405,0.302148694595795
11.1125,0.7988402723794783,0.8511980680044136,0.8511980680044136,0.009104430964240857,1.2946676583306336e-30,0.4536520815264275,0.47770306043812616,0.2690507770258165
11.125,0.8043293077063637,0.8571196440277178,0.8571196440277179,0.011395540988299261,1.297581934636299e-30,0.42750700706964073,0.46972687659213885,0.25373721465602694
11.137500000000001,0.8096017171027698,0.8629406889530522,0.8629406889530524,0.013985434431382879,1.300499487250347e-30,0.4190212030998964,0.4616184621073719,0.25594702400799696
11.15,0.81487654729181,0.8686595641250024,0.8686595641250026,0.016925097532203063,1.3034203161727763e-30,0.42770222784322587,0.4533800995460574,0.27441115983777875
11.162500000000001,0.8203584692313224,0.8742746596494917,0.8742746596494912,0.02024130706817578,1.306344421403588e-30,0.4517470175541314,0.4450141080515043,0.3068999332867277
11.175,0.8262214890184718,0.8797843948469684,0.8797843948469682,0.02390579312039774,1.3092718029427811e-30,0.4880529636772243,0.43652284269525654,0.3502047606781652
11.1875,0.832592830070099,0.8851872186973808,0.8851872186973807,0.027804251438315115,1.3122024607903559e-30,0.532249761126423,0.4279086938141192,0.4001392307998538
11.200000000000001,0.8395378753939361,0.8904816102767961,0.8904816102767958,0.031715459215997506,1.3151363949463132e-30,0.578855015845883,0.41917408633726994,0.4516643317701373
11.2125,0.84704833659921,0.8956660791855457,0.8956660791855459,0.03531424926840966,1.318073605410652e-30,0.621647138451894,0.4103214791036316,0.49922230377558807
11.225000000000001,0.8550366746504003,0.9007391659677861,0.9007391659677858,0.03820980431886805,1.3210140921833728e-30,0.6542917047609668,0.40135336416968737,0.5373015094450027
11.2375,0.8633396898166601,0.905699442522338,0.9056994425223378,0.04001990672310443,1.3239578552644751e-30,0.6711639451838846,0.3922722661079639,0.5611651522086044
11.25,0.8717328523044696,0.9105455125047093,0.9105455125047094,0.04046472984854581,1.3269048946539594e-30,0.6682121299414691,0.38308074129634084,0.5675909744180245
11.262500000000001,0.8799545739259796,0.9152760117201707,0.9152760117201707,0.03944899586491511,1.329855210351826e-30,0.6436477477438167,0.3737813771984213,0.55542619610825
11.275,0.8877369527306895,0.9198896085077835,0.9198896085077832,0.03709938282934362,1.332808802358074e-30,0.5982635719422648,0.3643767916351507,0.5257894137668847
11.287500000000001,0.89483755400614,0.9243850041152724,0.9243850041152727,0.03373948439035602,1.3357656706727041e-30,0.5352751068908134,0.35486963204787686,0.48184681461192974
11.3,0.9010663433717038,0.9287609330646267,0.9287609330646267,0.0298106854374914,1.3387258152957159e-30,0.45972158013423353,0.34526257475309136,0.4282182039250882
11.3125,0.9063031930504677,0.9330161635083436,0.9330161635083438,0.025769406725441465,1.3416892362271094e-30,0.3775923431837817,0.3355583241890233,0.3701758771162592
11.325000000000001,0.9105039549881466,0.9371494975761979,0.9371494975761977,0.021997113484656976,1.3446559334668851e-30,0.29491090303152595,0.325759612154329,0.3128432774361089
11.3375,0.9136959703538314,0.9411597717124474,0.9411597717124478,0.01874800736768992,1.3476259070150424e-30,0.2169908478737589,0.3158691970390802,0.2605693153931758
11.350000000000001,0.9159660847223768,0.9450458570033835,0.945045857003384,0.016139575382971623,1.350599156871582e-30,0.14799339710188955,0.30588986304825294,0.21657088581546252
11.3625,0.9174451800085324,0.9488066594951227,0.9488066594951224,0.014174809903175926,1.353575683036503e-30,0.090807339581506,0.2958244194179698,0.1828410915128821
11.375,0.9182928891290851,0.9524411205015638,0.9524411205015642,0.012778390697875123,1.3565554855098058e-30,0.04718111149957738,0.2856756996246753,0.16025027979094345
11.387500000000001,0.9186849278030144,0.9559482169024125,0.9559482169024124,0.011831722438881923,1.359538564291491e-30,0.017988058233640747,0.27544656058750117,0.14873877690985654
11.4,0.9188039231915867,0.9593269614311936,0.9593269614311933,0.011198748847356471,1.3625249193815575e-30,0.003501750847074603,0.26513988186403237,0.14751167214155067
11.412500000000001,0.9188332305179099,0.9625764029531744,0.9625764029531745,0.010741375366836068,1.3655145507800065e-30,0.0035863505753397917,0.2547585648396862,0.15518258701586934
11.425,0.9189523109026387,0.9656956267331135,0.9656956267331137,0.010327806636285415,1.3685074584868368e-30,0.017751775904175565,0.24430553191096882,0.16985791515977777
11.4375,0.9193319240616434,0.9686837546927619,0.9686837546927621,0.009838798173008386,1.371503642502049e-30,0.045072824406253265,0.23378372566279382,0.1891914229560722
11.450000000000001,0.9201276751828793,0.9715399456580497,0.9715399456580496,0.009176195060716227,1.3745031028256434e-30,0.08401777335356253,0.2231961080401337,0.2104614577408743
11.4625,0.9214712673049403,0.9742633955958785,0.9742633955958785,0.00827567018435262,1.3775058394576191e-30,0.13226856145423954,0.21254565951422108,0.23072308955582954
11.475000000000001,0.9234599731604124,0.9768533378404626,0.9768533378404626,0.007121850341613019,1.3805118523979773e-30,0.1866324740249472,0.20183537824351902,0.247063473026681
11.4875,0.9261460550989885,0.9793090433091487,0.9793090433091484,0.0057602235652246874,1.383521141646717e-30,0.24313424684391544,0.1910682792297358,0.2569456338007957
11.5,0.9295287266442767,0.9816298207076575,0.9816298207076576,0.0042983620924937245,1.3865337072038384e-30,0.2973325435867801,0.1802473934690751,0.25857765704167407
11.512500000000001,0.9335513701290359,0.9838150167246857,0.983815016724686,0.0028910288850686706,1.3895495490693421e-30,0.34483322317574144,0.16937576709899851,0.2512111881666974
11.525,0.9381058967190419,0.9858640162158174,0.9858640162158177,0.0017098661641662275,1.3925686672432273e-30,0.3818963571727483,0.15845646054072654,0.23527370324969096
11.537500000000001,0.94304450140731,0.9877762423766903,0.9877762423766903,0.0009059375477723742,1.3955910617254948e-30,0.4059856703306657,0.14749254763770242,0.2122789959108638
11.55,0.9481971341394064,0.9895511569053684,0.9895511569053683,0.0005779534760863395,1.3986167325161437e-30,0.4161123526495961,0.13648711479030137,0.18452681365311863
11.5625,0.9533914691692948,0.991188260153879,0.9911882601538786,0.0007573430801719211,1.4016456796151744e-30,0.4128829460895641,0.1254432600869812,0.15466816883844306
11.575000000000001,0.9584715716912996,0.9926870912688642,0.9926870912688639,0.0014141145496933275,1.4046779030225876e-30,0.39825071395988587,0.11436409243215863,0.12524952140731527
11.5875,0.9633120068617145,0.9940472283213145,0.9940472283213146,0.0024789088690450605,1.407713402738382e-30,0.3750544577364185,0.10325273067104049,0.09834307644862217
11.600000000000001,0.9678255301388532,0.9952682884253443,0.9952682884253443,0.0038714642903401007,1.4107521787625589e-30,0.346475817651384,0.09211230271164124,0.07532884855983708
11.6125,0.9719641698749467,0.9963499278459752,0.996349927845975,0.005525773234224006,1.413794231095117e-30,0.3155435606139335,0.0809459446442726,0.056838800176728016
11.625,0.975714889954896,0.9972918420959008,0.997291842095901,0.007406003789706276,1.4168395597360571e-30,0.2847719924919608,0.06975679985870616,0.042828004916065934
11.637500000000001,0.9790917604043421,0.9980937660212008,0.998093766021201,0.009511667071972155,1.4198881646853796e-30,0.2559644787276872,0.058548018159297124,0.03271663406588972
11.65,0.9821266358639402,0.9987554738759823,0.9987554738759824,0.011873184012991091,1.4229400459430833e-30,0.23016552568743995,0.0473227548783021,0.025550515174219277
11.662500000000001,0.9848599483517255,0.9992767793859304,0.9992767793859303,0.014539431995075652,1.4259952035091694e-30,0.207719035224396,0.03608416998762518,0.020148227002154174
11.675,0.987332649397282,0.9996575358007438,0.999657535800744,0.01755805879814108,1.429053637383637e-30,0.18838699069407755,0.02483542720928146,0.015227119546450354
11.6875,0.9895798269791809,0.9998976359354467,0.9998976359354466,0.02094899490996891,1.4321153475664862e-30,0.1714944086892368,0.013579693124781182,0.00951914900216224
11.700000000000001,0.9916261974906802,0.9999970122005615,0.9999970122005616,0.024673115050722665,1.435180334057718e-30,0.15608266035266508,0.002320136283724829,0.0018939720974011512
11.7125,0.9934835340796888,0.9999556366211358,0.9999556366211358,0.028601880871813593,1.438248596857331e-30,0.14106566776823082,-0.008940073688155813,-0.008500333960792703
11.725000000000001,0.9951500579786081,0.9997735208446175,0.9997735208446175,0.03249883586222065,1.4413201359653264e-30,0.1253873366756199,-0.02019776698127551,-0.022086711446896383
11.7375,0.9966117762454558,0.9994507161375757,0.9994507161375757,0.03602679338200225,1.4443949513817032e-30,0.10817371341073928,-0.031449774494501245,-0.038728839038791006
11.75,0.997845609246538,0.99898731337127,0.9989873133712699,0.038791236581676325,1.447473043106462e-30,0.08886365841356422,-0.04269292872728238,-0.05766732648699443
11.762500000000001,0.9988238933215002,0.998383442996067,0.9983834429960671,0.040418552979128254,1.450554411139603e-30,0.06729386653265898,-0.053924064671314206,-0.07756765963479163
11.775,0.9995195326536949,0.9976392750047216,0.997639275004721,0.04065038308550904,1.4536390554811254e-30,0.04371437137082724,-0.06514002070150016,-0.09670169596462182
11.787500000000001,0.9999108377378929,0.9967550188845202,0.9967550188845203,0.0394216934310631,1.45672697613103e-30,0.01872241945068365,-0.07633763946597727,-0.1132433790994273
11.8,0.9999850594077094,0.9957309235583105,0.9957309235583106,0.036890437726239525,1.4598181730893161e-30,-0.006876771075848034,-0.08751376877491501,-0.12561635356408857
11.8125,0.9997398732805326,0.9945672773144272,0.994567277314427,0.033404116649587576,1.4629126463559842e-30,-0.032252178412938697,-0.09866526248788482,-0.13280648268090176
11.825000000000001,0.9991825429905358,0.9932644077255383,0.9932644077255386,0.02941505975967175,1.4660103959310345e-30,-0.05672855833382279,-0.10978898139951063,-0.13455943491252098
11.8375,0.9983270446167829,0.9918226815564307,0.9918226815564305,0.02537685246764016,1.4691114218144662e-30,-0.07992482635636315,-0.12088179412316744,-0.13142088868754787
11.850000000000001,0.9971898894945006,0.9902425046607659,0.9902425046607659,0.021657854371751967,1.4722157240062803e-30,-0.10182087120301102,-0.13194057797249462,-0.12462791352136908
11.8625,0.9957856100075912,0.9885243218668266,0.9885243218668271,0.01849448642969931,1.4753233025064757e-30,-0.12274509848818785,-0.14296221984043586,-0.11590229664613921
11.875,0.9941228485278526,0.9866686168522985,0.9866686168522983,0.015986933960529512,1.478434157315053e-30,-0.14329326728177136,-0.15394361707560703,-0.10721377104267088
11.887500000000001,0.9922017859899096,0.9846759120081102,0.9846759120081106,0.014124518470721418,1.4815482884320125e-30,-0.164199007015379,-0.16488167835570425,-0.10057039056232035
11.9,0.9900133794508323,0.9825467682913792,0.9825467682913792,0.01282278085428119,1.4846656958573536e-30,-0.18617706265937634,-0.17577332455772296,-0.09786405837031166
11.912500000000001,0.9875406409485213,0.9802817850674974,0.9802817850674973,0.011957823125469131,1.487786379591077e-30,-0.20975575545893754,-0.1866154896247588,-0.10076619606731366
11.925,0.9847620120322367,0.9778815999414087,0.9778815999414084,0.011390754447079291,1.4909103396331816e-30,-0.23511121099055746,-0.19740512142910638,-0.11064466829395302
11.9375,0.9816567301741226,0.9753468885781178,0.9753468885781178,0.010981832181195484,1.4940375759836683e-30,-0.2619172027399395,-0.20813918263146058,-0.12846570135555754
11.950000000000001,0.9782118682542034,0.9726783645124873,0.9726783645124875,0.010598050677743314,1.4971680886425372e-30,-0.28923207498880277,-0.21881465153593913,-0.15465531210890263
11.9625,0.9744303939509062,0.9698767789483768,0.9698767789483769,0.010119335507427824,1.5003018776097874e-30,-0.3154547542353153,-0.229428522940702,-0.1889209070991814
11.975000000000001,0.9703391479746502,0.966942920547168,0.9669429205471682,0.009447635575660841,1.5034389428854201e-30,-0.33838803128515516,-0.23997780898394175,-0.2300684738836159
11.9875,0.9659951886824198,0.9638776152057617,0.9638776152057613,0.008520525685067601,1.506579284469434e-30,-0.3554402975751859,-0.2504595399849717,-0.2758830944250511
12.0,0.9614887032274804,0.960681725824075,0.9606817258240752,0.007327025593869769,1.50972290236183e-30,-0.3639708004827278,-0.2608707652802165,-0.323155765375174
12.012500000000001,0.9569408790982822,0.9573561520621341,0.9573561520621342,0.0059195064859081095,1.5128697965626082e-30,-0.36174024544003885,-0.2712085540538359,-0.3679239055958828
12.025,0.9524959094440885,0.9539018300868173,0.9539018300868174,0.004413919170740199,1.5160199670717679e-30,-0.34738109229863756,-0.28146999616276047,-0.40594134822384437
12.037500000000001,0.9483075972777065,0.9503197323083125,0.9503197323083126,0.002973086580502215,1.5191734138893099e-30,-0.3207712051029815,-0.29165220295592237,-0.4333171513648008
12.05,0.94452248597352,0.9466108671063861,0.946610867106386,0.0017744328029678457,1.5223301370152331e-30,-0.28320044020580426,-0.30175230808741554,-0.44718919181911587
12.0625,0.9412625590035668,0.9427762785465135,0.9427762785465135,0.0009712779039475252,1.5254901364495383e-30,-0.23726875511482376,-0.31176746832339686,-0.4462626802229174
12.075000000000001,0.9386108484329823,0.9388170460859695,0.9388170460859695,0.0006610738582817489,1.5286534121922259e-30,-0.18653242822976884,-0.3216948643424672,-0.4310681937622994
12.0875,0.9366025856945674,0.9347342842699597,0.9347342842699596,0.0008716534053345105,1.5318199642432948e-30,-0.13499165036379598,-0.33153170152932215,-0.4038744277643898
12.100000000000001,0.9352230430484603,0.9305291424178633,0.9305291424178633,0.001568796960270436,1.5349897926027461e-30,-0.08655626728343882,-0.3412752107614603,-0.3682957337082714
12.1125,0.9344114906771573,0.9262028042996999,0.9262028042997,0.002679758948704791,1.5381628972705788e-30,-0.04462017759681633,-0.35092264918869526,-0.32871980600453454
12.125,0.9340693388317598,0.9217564878028867,0.9217564878028865,0.004122494999662598,1.5413392782467933e-30,-0.011825168194835672,-0.36047130100529234,-0.28971373593488436
12.137500000000001,0.934069952458308,0.9171914445893993,0.9171914445893995,0.005830821948194568,1.5445189355313901e-30,0.00997432772618112,-0.36991847821447854,-0.25554057079759884
12.15,0.9342678863093441,0.9125089597434234,0.9125089597434233,0.00776981313784292,1.5477018691243684e-30,0.019595478422131052,-0.3792615213851234,-0.22985272084038977
12.162500000000001,0.9345061652899525,0.9077103514095929,0.9077103514095932,0.009940176469068696,1.550888079025729e-30,0.016345537405010657,-0.3884978004003935,-0.2155543469525434
12.175,0.9346213607059748,0.9027969704219294,0.9027969704219292,0.012372915038778664,1.554077565235471e-30,-0.00013528914567692563,-0.397624715198133,-0.21476959213158886
12.1875,0.9344472390396749,0.8977701999235711,0.897770199923571,0.015115877018141509,1.5572703277535947e-30,-0.029935864680112667,-0.40663969650280485,-0.22883145722409076
12.200000000000001,0.9338184396234941,0.8926314549774128,0.8926314549774131,0.018213006724564072,1.5604663665801008e-30,-0.07280480123239783,-0.41554020654875135,-0.2582183845784881
12.2125,0.932575832312899,0.8873821821677598,0.8873821821677598,0.02167690898997957,1.5636656817149884e-30,-0.12795566564575597,-0.42432373979458515,-0.3024050558218815
12.225000000000001,0.9305748552384894,0.8820238591931013,0.8820238591931016,0.02545712302826597,1.5668682731582582e-30,-0.1937969329176096,-0.43298782362852156,-0.35964934868772336
12.2375,0.9276972456021066,0.8765579944501373,0.8765579944501373,0.029410598351981915,1.5700741409099095e-30,-0.26767692309685276,-0.441530019064422,-0.4267945158665634
12.25,0.923865271109322,0.8709861266091509,0.8709861266091506,0.033285821571050304,1.5732832849699426e-30,-0.3457586074609599,-0.44994792142839035,-0.49920624235312705
12.262500000000001,0.9190561281391001,0.865309824180866,0.8653098241808663,0.03673441189611724,1.5764957053383582e-30,-0.42313384555584466,-0.4582391610356976,-0.5709680499837364
12.275,0.9133130490739094,0.8595306850749067,0.8595306850749069,0.039359612753575024,1.579711402015155e-30,-0.4942400320277526,-0.4664014038578578,-0.6354107817555651
12.287500000000001,0.9067493752269516,0.8536503361499709,0.853650336149971,0.04079819176862542,1.5829303750003343e-30,-0.5535567327610192,-0.47443235217967716,-0.6859548785445593
12.3,0.8995427662200557,0.8476704327558674,0.8476704327558674,0.04081477761425561,1.5861526242938947e-30,-0.5964587985241581,-0.48232974524606487,-0.7171251915169978
12.3125,0.8919187903930309,0.8415926582675204,0.8415926582675202,0.03937526446545786,1.5893781498958373e-30,-0.6200252661175393,-0.490091359898455,-0.7255048689534301
12.325000000000001,0.8841258198177322,0.8354187236110926,0.8354187236110928,0.036668429506163794,1.592606951806162e-30,-0.623588850682685,-0.49771501120063444,-0.7103750898150287
12.3375,0.8764055232532807,0.8291503667823533,0.8291503667823533,0.03306425369079579,1.595839030024868e-30,-0.6088745115652158,-0.505198553053811,-0.6738615522587488
12.350000000000001,0.8689644240554009,0.8227893523574169,0.822789352357417,0.029024148132996586,1.5990743845519567e-30,-0.5796969020878263,-0.5125398788007592,-0.6205535664833954
12.3625,0.8619515350005257,0.8163374709960124,0.8163374709960124,0.0249971969693437,1.6023130153874264e-30,-0.5413163794434522,-0.519736921818847,-0.5567186855605288
12.375,0.8554452328989808,0.8097965389373968,0.8097965389373969,0.021337620481021422,1.6055549225312782e-30,-0.49963889308820875,-0.526787656101809,-0.4893405844079511
12.387500000000001,0.849450064666842,0.8031683974890765,0.8031683974890766,0.01826375867007055,1.6088001059835122e-30,-0.460456939812797,-0.5336900968300742,-0.4252231984661833
12.4,0.8439020052727864,0.7964549125084724,0.7964549125084726,0.015858752987642284,1.6120485657441276e-30,-0.4288726633109146,-0.5404423009295009,-0.3703357325207589
12.412500000000001,0.8386794788726656,0.7896579738776647,0.7896579738776649,0.014098778824431588,1.6153003018131255e-30,-0.40895311121712297,-0.5470423676183693,-0.3294605290591469
12.425,0.8336173897672808,0.7827794949713875,0.7827794949713874,0.012890771171161887,1.618555314190505e-30,-0.4035818078772331,-0.5534884389424541,-0.30609767353311274
12.4375,0.8285222249840012,0.7758214121183983,0.7758214121183984,0.012105918360009514,1.6218136028762656e-30,-0.41441921421869704,-0.5597787002980552,-0.30251202300983493
12.450000000000001,0.8231874722890001,0.7687856840563921,0.768785684056392,0.011602698269172106,1.6250751678704092e-30,-0.4418777683712486,-0.5659113809428149,-0.3197929408433391
12.4625,0.8174096078691584,0.7616742913806119,0.761674291380612,0.011239776019150945,1.628340009172934e-30,-0.4850496885423973,-0.5718847544941903,-0.35782869025734976
12.475000000000001,0.8110053379762184,0.7544892359862909,0.7544892359862907,0.010882927364040677,1.631608126783841e-30,-0.5415832840430456,-0.577697139415444,-0.41516108282307335
12.4875,0.8038304265943375,0.7472325405051166,0.7472325405051167,0.010411274555994107,1.6348795207031294e-30,-0.607567854690198,-0.5833468994889989,-0.48876350835263743
12.5,0.7957993491459879,0.7399062477358438,0.7399062477358438,0.009727018786810435,1.6381541909307998e-30,-0.6775376906394994,-0.5888324442770488,-0.5738568420743981
12.512500000000001,0.7869034898128601,0.7325124200692372,0.732512420069237,0.008769950099946083,1.6414321374668524e-30,-0.7447206494970361,-0.5941522295692728,-0.6639199136482842
12.525,0.7772242062372056,0.7250531389075013,0.7250531389075008,0.007533929647007644,1.6447133603112867e-30,-0.8016192821493051,-0.5993047578175357,-0.751041093784666
12.537500000000001,0.7669365114209169,0.7175305040783464,0.7175305040783463,0.006078685905741443,1.6479978594641032e-30,-0.8409202626521576,-0.6042885785574613,-0.8266818463485283
12.55,0.7562999418048171,0.7099466332438851,0.7099466332438849,0.0045288922477334445,1.6512856349253008e-30,-0.8566031579467929,-0.6091022888167408,-0.882792057293225
12.5625,0.745635528583831,0.7023036613044907,0.7023036613044906,0.0030555121698799745,1.6545766866948805e-30,-0.8450088171104918,-0.6137445335100812,-0.913071433846142
12.575000000000001,0.7352911470822796,0.6946037397978163,0.6946037397978164,0.0018415284060039588,1.6578710147728423e-30,-0.8055851228765603,-0.6182140058206678,-0.9140726906928859
12.5875,0.7256007864039832,0.6868490362931253,0.686849036293125,0.0010420684765041002,1.661168619159186e-30,-0.7410872354628555,-0.6225094475680366,-0.8858444827573073
12.600000000000001,0.7168451992500846,0.6790417337811049,0.6790417337811049,0.0007528086663081672,1.6644694998539117e-30,-0.6571599980676738,-0.6266296495622654,-0.8319291104505487
12.6125,0.7092211354361164,0.6711840300593493,0.6711840300593496,0.0009975583506111004,1.6677736568570186e-30,-0.5614152716618308,-0.6305734519443611,-0.7587214679543501
12.625,0.702823975834301,0.663278137113661,0.6632781371136611,0.001737625407454265,1.6710810901685076e-30,-0.46226053293891944,-0.6343397445127703,-0.6743832960610087
12.637500000000001,0.6976449765586822,0.6553262804953671,0.6553262804953672,0.002896820111812775,1.674391799788379e-30,-0.36778082472783763,-0.6379274670359061,-0.5876146243709078
12.65,0.6935808399781207,0.6473306986948196,0.6473306986948196,0.004391387525281294,1.6777057857166316e-30,-0.2849150585941739,-0.6413356095506065,-0.5065771451597222
12.662500000000001,0.6904510895338187,0.6392936425112392,0.6392936425112392,0.0061550913932312285,1.6810230479532667e-30,-0.2190371973979594,-0.6445632126464489,-0.4381606717221663
12.675,0.6880182440628901,0.631217374419113,0.631217374419113,0.008154011846378269,1.684343586498283e-30,-0.1739118530059922,-0.6476093677358244,-0.3876388364943962
12.6875,0.686006862977306,0.6231041679312871,0.623104167931287,0.010390079667621796,1.6876674013516814e-30,-0.15189200006643688,-0.6504732173097142,-0.3586332369526794
12.700000000000001,0.6841195038315202,0.614956306958965,0.6149563069589651,0.012894790021754629,1.690994492513462e-30,-0.15418654501210388,-0.6531539551790813,-0.3532344865041663
12.7125,0.6820497250593067,0.6067760851687765,0.6067760851687763,0.015714727146949017,1.694324859983624e-30,-0.1810438841745889,-0.6556508267018157,-0.3721232530696181
12.725000000000001,0.679493852000876,0.5985658053370915,0.5985658053370916,0.018889747823870623,1.6976585037621684e-30,-0.23175676521780048,-0.6579631289951733,-0.4145822744132629
12.7375,0.6761639180219295,0.5903277787017843,0.5903277787017841,0.022424642994003263,1.700995423849094e-30,-0.30447422001034563,-0.6600902111336376,-0.47837038784093583
12.75,0.6718038359401413,0.5820643243116,0.5820643243115998,0.026257149054513634,1.7043356202444014e-30,-0.3958912905440182,-0.6620314743321624,-0.5595191855485562
12.762500000000001,0.6662094934342218,0.5737777683733332,0.5737777683733332,0.030229469530610405,1.7076790929480915e-30,-0.5009600911475007,-0.6637863721147299,-0.6521888012110816
12.775,0.6592513743662147,0.5654704435969922,0.5654704435969923,0.03407528608069855,1.7110258419601627e-30,-0.6128059930151634,-0.6653544104681886,-0.7487566689408659
12.787500000000001,0.6508960354934241,0.5571446885391196,0.5571446885391196,0.037435936824916534,1.7143758672806163e-30,-0.7230179195798172,-0.6667351479813193,-0.8402889765731213
12.8,0.6412211057732374,0.5488028469444864,0.5488028469444863,0.03991395015281261,1.7177291689094514e-30,-0.8223981733765601,-0.6679281959690959,-0.9174493180794853
12.8125,0.630418250887623,0.5404472670863061,0.5404472670863062,0.041158251994704624,1.7210857468466682e-30,-0.9021151233056446,-0.6689332185821018,-0.9717502400643027
12.825000000000001,0.6187802570447911,0.5320803011051882,0.5320803011051882,0.040957903633673826,1.7244456010922676e-30,-0.955043999332479,-0.6697499329010735,-0.996900542993446
12.8375,0.6066718415010218,0.5237043043469988,0.5237043043469988,0.03931027329764656,1.727808731646248e-30,-0.9769717023091777,-0.6703781090165426,-0.9899115468955738
12.850000000000001,0.5944879978029862,0.5153216346998133,0.5153216346998134,0.03643436474554774,1.731175138508611e-30,-0.9673383410322528,-0.6708175700935599,-0.9516515819952719
12.8625,0.5826071484418414,0.5069346519301645,0.5069346519301643,0.032721117733809174,1.7345448216793553e-30,-0.9293070289661932,-0.6710681924214703,-0.8866844938681927
12.875,0.5713477823167972,0.4985457170187496,0.49854571701874945,0.0286391483573585,1.7379177811584815e-30,-0.8691529956037412,-0.671129905448743,-0.8024416277141764
12.887500000000001,0.5609360765964203,0.4901571914958041,0.49015719149580417,0.024631432237444115,1.74129401694599e-30,-0.7951618648759462,-0.6710026918028292,-0.7079697634604469
12.9,0.5514887760632379,0.4817714367763219,0.4817714367763218,0.021037109723101213,1.7446735290418802e-30,-0.7163451800270475,-0.6706865872950537,-0.6125927991357192
12.912500000000001,0.5430116303561959,0.473390813495296,0.4733908134952959,0.01805622560657716,1.7480563174461524e-30,-0.6412808028878024,-0.6701816809105331,-0.5247947783298945
12.925,0.535410398179358,0.4650176808431966,0.4650176808431965,0.015755188856068254,1.751442382158806e-30,-0.5772843085756525,-0.6694881147831269,-0.4515056152299636
12.9375,0.5285097538844642,0.4566543959018387,0.45665439590183865,0.014097570244466118,1.7548317231798415e-30,-0.5299710175053396,-0.6686060841554251,-0.39781220570139875
12.950000000000001,0.5220755418641005,0.448303312980853,0.44830331298085313,0.012982221637107806,1.758224340509259e-30,-0.5031384546934735,-0.6675358373237869,-0.36698876882075687
12.9625,0.5158372278390083,0.4399667829549399,0.43996678295494007,0.012275783864472008,1.7616202341470585e-30,-0.49882608715292553,-0.6662776755684442,-0.3606768076297072
12.975000000000001,0.5095092876656381,0.4316471526020768,0.43164715260207687,0.011834283713924873,1.76501940409324e-30,-0.5174035209152885,-0.6648319530686887,-0.37905103988862204
12.9875,0.5028118735368694,0.42334676394289733,0.42334676394289733,0.011514834834798104,1.768421850347803e-30,-0.5575874551742243,-0.6631990768031699,-0.4208660081440569
13.0,0.4954918588956156,0.4150679535813912,0.4150679535813912,0.011181983727377203,1.7718275729107477e-30,-0.6163683980928081,-0.6613795064353267,-0.48336438945361937
13.012500000000001,0.4873450524463204,0.4068130520471415,0.4068130520471415,0.01071408781320716,1.775236571782075e-30,-0.6889147046218436,-0.6593737541839911,-0.5621180761641965
13.025,0.4782390774001662,0.39858438313927147,0.3985843831392714,0.010013772626135353,1.7786488469617835e-30,-0.7685879391975714,-0.6571823846791953,-0.6509435172384939
13.037500000000001,0.46813454581374264,0.39038426327227455,0.3903842632722745,0.009023384603251226,1.7820643984498743e-30,-0.8472246967071161,-0.6548060148032252,-0.7420600690484744
13.05,0.4571004160926065,0.38221500082394066,0.3822150008239408,0.007742095049426566,1.7854832262463466e-30,-0.9157968629924557,-0.6522453135169652,-0.8266245823971984
13.0625,0.44531864196075704,0.3740788954855268,0.3740788954855268,0.006237464818971396,1.7889053303512006e-30,-0.965453427758601,-0.6495010016715814,-0.8956725425845676
13.075000000000001,0.43307408846831097,0.3659782376143856,0.36597823761438564,0.004643209765090644,1.792330710764437e-30,-0.9887994327249581,-0.6465738518055981,-0.9413484886227379
13.0875,0.4207283671018913,0.3579153075892207,0.3579153075892206,0.0031384708342700857,1.795759367486055e-30,-0.9811364533644461,-0.643464687927426,-0.9581681691922203
13.100000000000001,0.4086801195489427,0.34989237516813987,0.34989237516814,0.0019115180490782578,1.799191300516055e-30,-0.9413376440569251,-0.6401743852833959,-0.943986187957501
13.1125,0.3973180740196227,0.341911698849715,0.34191169884971495,0.0011188024232597913,1.8026265098544367e-30,-0.8720977404791435,-0.636703870111376,-0.9003898946135536
13.125,0.3869754454259772,0.3339755252371949,0.3339755252371947,0.0008536963807510436,1.8060649955012e-30,-0.7794714927221872,-0.6330541193800281,-0.83239768514568
13.137500000000001,0.37789399684484526,0.32608608840607733,0.3260860884060773,0.0011355714924553984,1.8095067574563458e-30,-0.6718270040076322,-0.6292261605137857,-0.7475482639253013
13.15,0.37020337390147073,0.3182456092752085,0.3182456092752086,0.0019210447252427652,1.812951795719873e-30,-0.5585057672629791,-0.6252210711036316,-0.6546408293411448
13.162500000000001,0.3639172088434551,0.310456294981575,0.310456294981575,0.003130452648956252,1.8164001102917824e-30,-0.4485346712485087,-0.6210399786037464,-0.5624565687857016
13.175,0.3589434887267231,0.302720338258991,0.30272033825899103,0.004678422445341426,1.8198517011720732e-30,-0.3496671095590818,-0.6166840600141279,-0.47874247703239925
13.1875,0.35510408701642826,0.295039916820824,0.295039916820824,0.006498796644304427,1.8233065683607462e-30,-0.2678835930706896,-0.6121545415492544,-0.4096059512273497
13.200000000000001,0.3521577403668105,0.28741719274696154,0.2874171927469616,0.008558761985009263,1.8267647118578013e-30,-0.207323733094198,-0.6074526982929025,-0.3593167487633019
13.2125,0.3498218850777618,0.2798543118751762,0.2798543118751761,0.010861487400690267,1.8302261316632375e-30,-0.17050695782545056,-0.6025798538392053,-0.3303986576713374
13.225000000000001,0.3477909090017512,0.27235340319705303,0.27235340319705303,0.01343885257867597,1.8336908277770565e-30,-0.15865383714668396,-0.5975373799200481,-0.3238450509902076
13.2375,0.34575066656970266,0.2649165782586765,0.2649165782586765,0.016335922391816804,1.8371588001992566e-30,-0.17193866884373554,-0.5923266960189248,-0.339308819076487
13.25,0.34339086415326603,0.25754593056621056,0.25754593056621056,0.019588063707066786,1.8406300489298385e-30,-0.20956646803458345,-0.5869492689713411,-0.37517831925222295
13.262500000000001,0.3404177468814752,0.25024353499656926,0.25024353499656926,0.023191758613572908,1.844104573968803e-30,-0.26965127918347453,-0.5814066125518933,-0.4285323830482891
13.275,0.33656925968231244,0.2430114472133304,0.2430114472133304,0.02707248979440602,1.8475823753161487e-30,-0.34895932480922826,-0.575700287048136,-0.49504639125261585
13.287500000000001,0.33163358337928756,0.23585170308804823,0.2358517030880482,0.031057529357864155,1.8510634529718766e-30,-0.4426531806684609,-0.5698318988213471,-0.5689774422549886
13.3,0.3254699512360558,0.22876631812715273,0.22876631812715276,0.03486608402482289,1.8545478069359864e-30,-0.5442127964751039,-0.5638030998543344,-0.6433705807492942
13.3125,0.31802847472718215,0.22175728690456678,0.22175728690456684,0.03813021095825841,1.8580354372084776e-30,-0.6456954516964578,-0.5576155872863886,-0.7105860983168939
13.325000000000001,0.30936410631621264,0.2148265825002257,0.2148265825002257,0.0404533072593154,1.8615263437893512e-30,-0.7384178712225596,-0.5512711029355315,-0.7631509943271748
13.3375,0.29963961867578937,0.2079761559446479,0.20797615594464786,0.041498228932161256,1.8650205266786063e-30,-0.8140104217839896,-0.5447714328081872,-0.7948105592366058
13.350000000000001,0.28911404144052255,0.2012079356697021,0.2012079356697021,0.041079828224206166,1.8685179858762436e-30,-0.8656460286895935,-0.538118406596406,-0.8015461874440355
13.3625,0.2781161749131791,0.19452382696575138,0.1945238269657514,0.03922735248880089,1.8720187213822626e-30,-0.8891454962617208,-0.5313138971628035,-0.782285825207217
13.375,0.26700666229704584,0.1879257114452969,0.18792571144529693,0.036189293605597195,1.875522733196663e-30,-0.8836587637039145,-0.524359820013333,-0.7390942060895015
13.387500000000001,0.2561352762283657,0.18141544651329683,0.18141544651329683,0.03237594307735957,1.879030021319446e-30,-0.8517316751757918,-0.5172581327580632,-0.6767770473841358
13.4,0.24580135198361658,0.17499486484429957,0.17499486484429957,0.028261242318426503,1.8825405857506105e-30,-0.7987509317820085,-0.5100108345601031,-0.6020094000668756
13.412500000000001,0.23622421502954827,0.1686657738665298,0.1686657738665298,0.02428051680943825,1.8860544264901574e-30,-0.7319410233118452,-0.502619965572821,-0.5222305731221796
13.425,0.22752750553493015,0.16242995525309442,0.16242995525309442,0.02075698091048808,1.8895715435380853e-30,-0.6591938269226179,-0.4950876063655363,-0.44458596401341366
13.4375,0.2197376865389085,0.15628916442042642,0.15628916442042648,0.01787225307004066,1.893091936894395e-30,-0.5880107688892302,-0.4874158773378233,-0.37513543040297476
13.450000000000001,0.2127940234169513,0.15024513003412804,0.1502451300341281,0.015676370046611116,1.8966156065590877e-30,-0.5247460622298782,-0.47960693812260896,-0.3184268825355291
13.4625,0.20656577355716857,0.14429955352234475,0.14429955352234472,0.014120852079407031,1.900142552532161e-30,-0.47420864101198856,-0.4716629869782283,-0.27740819783430687
13.475000000000001,0.2008723655862969,0.13845410859679808,0.13845410859679805,0.01309697797211323,1.9036727748136172e-30,-0.4395650476576918,-0.46358626016959514,-0.2535648356083344
13.4875,0.1955035357043913,0.13271044078163344,0.1327104407816334,0.012467183639777356,1.9072062734034545e-30,-0.4224207856238117,-0.4553790313386904,-0.24714273113959695
13.5,0.19023801588363393,0.12707016695019066,0.12707016695019063,0.012085202409378382,1.910743048301674e-30,-0.42295143765778004,-0.4470436108645117,-0.2573396499116809
13.512500000000001,0.18486076567800344,0.12153487486984772,0.12153487486984772,0.0118066235494069,1.9142830995082754e-30,-0.4399947512416224,-0.43858234521269296,-0.28240360882096516
13.525,0.17917945919184555,0.11610612275505837,0.1161061227550584,0.011494753190490913,1.9178264270232584e-30,-0.4710795460609072,-0.42999761627496536,-0.31964273835717283
13.537500000000001,0.17304081279532438,0.11078543882870046,0.11078543882870046,0.01102723623897273,1.921373030846624e-30,-0.5124343681606085,-0.4212918406986329,-0.3654088130464889
13.55,0.16634646785908805,0.10557432089187949,0.10557432089187949,0.010307319619925802,1.9249229109783704e-30,-0.5590677639824612,-0.41246746920628374,-0.4151516045337814
13.5625,0.15906686749648474,0.10047423590228405,0.10047423590228405,0.009280275212568873,1.928476067418499e-30,-0.6050251374941746,-0.4035269859058894,-0.463640991506644
13.575000000000001,0.1512504158888624,0.09548661956123182,0.09548661956123179,0.007951071780968441,1.93203250016701e-30,-0.6438930875139587,-0.39447290759151943,-0.5054120475507503
13.5875,0.1430247764158487,0.09061287590951396,0.09061287590951397,0.006395575211342254,1.9355922092239022e-30,-0.6695432354202012,-0.3853077830348534,-0.5354110923672826
13.600000000000001,0.13458789384403697,0.08585437693214508,0.08585437693214507,0.004756835952383791,1.939155194589177e-30,-0.6770060464429516,-0.37603419226767953,-0.5497309449884249
13.6125,0.12618826312351936,0.08121246217214773,0.08121246217214773,0.0032221631671681826,1.9427214562628328e-30,-0.6632808272853559,-0.36665474585561214,-0.5462576192607169
13.625,0.11809662420522356,0.07668843835345907,0.07668843835345908,0.001984794794150444,1.9462909942448708e-30,-0.6278633743922093,-0.35717208416319435,-0.5250430848510326
13.637500000000001,0.11057372163505252,0.07228357901308304,0.07228357901308301,0.0012019889956407077,1.949863808535291e-30,-0.5728299925961077,-0.3475888766106249,-0.48828271331470513
13.65,0.10384005385987098,0.06799912414258473,0.06799912414258469,0.000964278976569502,1.9534398991340925e-30,-0.5024413753762731,-0.33790782092230587,-0.43989166465869456
13.662500000000001,0.09805308296893346,0.06383627983902189,0.06383627983902189,0.0012861998543508971,1.9570192660412765e-30,-0.422373602853054,-0.32813164236741055,-0.38479511293795315
13.675,0.09329531880480324,0.05979621796542681,0.05979621796542681,0.0021194873437285293,1.9606019092568417e-30,-0.33878710217368685,-0.31826309299271505,-0.32812289733454514
13.6875,0.08957381359644931,0.055880075820916426,0.05588007582091644,0.0033810026791692336,1.964187828780789e-30,-0.2574686104292503,-0.30830495084787335,-0.274502594035384
13.700000000000001,0.0868289447174996,0.052088955820538456,0.052088955820538435,0.004983867184094888,1.9677770246131184e-30,-0.1832250613090743,-0.2982600192033853,-0.22758354061237085
13.7125,0.08494874740845232,0.04842392518493714,0.048423925184937135,0.0068621416952698005,1.9713694967538292e-30,-0.11960492712713125,-0.2881311257614656,-0.1898320021633752
13.725000000000001,0.08378479223779575,0.04488601563992112,0.044886015639921104,0.008984216049372464,1.9749652452029225e-30,-0.06891744281829235,-0.27792112186002,-0.16255431189834632
13.7375,0.08316646638772968,0.041476223126031296,0.0414762231260313,0.011354500510910935,1.9785642699603973e-30,-0.03244833591755869,-0.26763288166999,-0.1460571817547214
13.75,0.08291199245123038,0.03819550751817463,0.03819550751817463,0.014005133520919796,1.9821665710262535e-30,-0.010745122070861646,-0.2572693013862484,-0.13984866045537278
13.762500000000001,0.08283605039415956,0.03504479235541583,0.03504479235541581,0.016979384341633284,1.9857721484004926e-30,-0.003859238585896818,-0.2468332984123088,-0.1428094523954373
13.775,0.08275505283128148,0.03202496458099738,0.03202496458099739,0.02030771017095579,1.9893810020831127e-30,-0.01147097260383223,-0.2363278105390657,-0.15330587464284673
13.787500000000001,0.08249174917543524,0.02913687429265715,0.029136874292657138,0.023977784884851517,1.9929931320741153e-30,-0.03287189088283418,-0.22575579511778007,-0.16925702806519866
13.8,0.08188083987971162,0.02638133450332475,0.02638133450332476,0.02790240668789699,1.996608538373499e-30,-0.0668286326142978,-0.2151202282275807,-0.18819828740630784
13.8125,0.08077670633287126,0.023759120912251148,0.02375912091225115,0.031893783452026536,2.000227220981265e-30,-0.11139466718970661,-0.20442410383767207,-0.20739343718904713
13.825000000000001,0.07906333150770148,0.021270971686646434,0.021270971686646427,0.03565705771824539,2.0038491798974133e-30,-0.16376511750503586,-0.1936704329645198,-0.22403497219065965
13.8375,0.07666524104351156,0.018917587253882772,0.018917587253882776,0.03881609162730838,2.0074744151219427e-30,-0.220273889399885,-0.18286224282423835,-0.23553798503549078
13.850000000000001,0.0735571973520725,0.01669963010431793,0.016699630104317933,0.04097678741137454,2.0111029266548546e-30,-0.27660355566514594,-0.17200257598040256,-0.23988729389753682
13.8625,0.06976985245534505,0.014617724604803328,0.01461772460480333,0.04181768655699902,2.0147347144961476e-30,-0.3282172503305654,-0.16109448948756203,-0.2359573672352289
13.875,0.0653889327241674,0.012672456822919167,0.01267245682291917,0.041180695382654384,2.0183697786458228e-30,-0.37094384747835335,-0.15014105403065292,-0.22370976882276497
13.887500000000001,0.060546829589087026,0.010864374361994323,0.010864374361994321,0.03912720052164719,2.0220081191038804e-30,-0.4015817297656129,-0.13914535306058834,-0.20419521408509836
13.9,0.05540735913572087,0.00919398620695371,0.009193986206953712,0.035934306045715986,2.025649735870319e-30,-0.4183625803717551,-0.12811048192625513,-0.17934248355462856
13.912500000000001,0.05014628763332975,0.007661762581034551,0.007661762581034549,0.032029972161800174,2.0292946289451403e-30,-0.42114972564872916,-0.1170395470031454,-0.15158299111433637
13.925,0.044931326990647766,0.006268134813417932,0.0062681348134179336,0.027891593035373398,2.032942798328343e-30,-0.4113248420760358,-0.10593566481890788,-0.12340925610249609
13.9375,0.039905294284211835,0.005013495217805719,0.005013495217805722,0.02394537430038767,2.036594244019927e-30,-0.39140976596639915,-0.09480196117601752,-0.09697739408623181
13.950000000000001,0.03517507267519209,0.003898196981982912,0.003898196981982913,0.020497853666678296,2.040248966019894e-30,-0.36453915477260423,-0.08364157027185007,-0.07383619910146122
13.9625,0.030807375015958146,0.002922554068393746,0.002922554068393746,0.017712171953934604,2.043906964328242e-30,-0.33392140017877725,-0.07245763381639339,-0.05481468705781511
13.975000000000001,0.026830711632914866,0.0020868411257585337,0.002086841125758534,0.015622398139379145,2.0475682389449725e-30,-0.3023997243470988,-0.06125330014782812,-0.04004989207925844
13.9875,0.02324188096187359,0.0013912934117596865,0.0013912934117596865,0.014168564592711284,2.0512327898700844e-30,-0.2721723638370661,-0.050031723346266425,-0.029105860106051287
14.0,0.020014918640214607,0.0008361067268145205,0.0008361067268145205,0.013234872105775468,2.054900617103578e-30,-0.24467585175077664,-0.03879606234585013,-0.021129393283274834
14.012500000000001,0.017110649860102557,0.00042143735895684297,0.0004214373589568429,0.012679870063145667,2.0585717206454543e-30,-0.22059773396326257,-0.02754948004549876,-0.015002775827556237
14.025,0.014485521174917432,0.00014740203984111463,0.00014740203984111455,0.012355134054339533,2.0622461004957116e-30,-0.199971246675187,-0.016295142418541218,-0.009477190922200262
14.037500000000001,0.012098960805061659,1.4077911881498577e-05,1.4077911881498575e-05,0.012114743861209533,2.0659237566543514e-30,-0.18231031128180217,-0.005036217621466058,-0.0032916565105852885
14.05,0.00991894342606179,2.150250653616998e-05,2.1502506536169985e-05,0.011820755614889225,2.0696046891213726e-30,-0.16675894779201952,0.006224124897918703,0.004706603008075419
14.0625,0.007925656492093081,0.00016967373374182518,0.0001696737337418252,0.011350169798571105,2.0732888978967757e-30,-0.15224493344632178,0.017482715292713398,0.015426687301658634
14.075000000000001,0.006113227872823396,0.0004585498825021928,0.0004585498825021929,0.010607078051674731,2.0769763829805608e-30,-0.1376363367302724,0.028736384209250853,0.029384440549603923
14.0875,0.004489486271953085,0.0008880496326296904,0.0008880496326296906,0.00954007447719379,2.0806671443727278e-30,-0.12189887063033496,0.039981963679281675,0.04656152612117724
14.100000000000001,0.003073797902143652,0.0014580520776378305,0.0014580520776378307,0.00816042910252207,2.084361182073277e-30,-0.10424369782101119,0.05121628801178546,0.06631551762480523
14.1125,0.0018932192288143614,0.002168396758776562,0.0021683967587765624,0.006552779533348446,2.0880584960822073e-30,-0.08424487057966905,0.0624361946841172,0.08738958197102335
14.125,0.0009775087140910402,0.003018883710202778,0.003018883710202778,0.004869771429783334,2.0917590863995193e-30,-0.06190012245203037,0.0736385252322853,0.10805486947221767
14.137500000000001,0.00035384962869356356,0.004009273515271631,0.0040092735152716325,0.003306824689696409,2.095462953025214e-30,-0.037613853242059625,0.08482012614007159,0.12638207769291168
14.15,4.23072377567584e-05,0.005139287373933084,0.005139287373933084,0.0020617782870306213,2.0991700959592903e-30,-0.012097716100400564,0.09597784972675825,0.14059297222241304
14.162500000000001,5.296076329860451e-05,0.0064086071812166695,0.00640860718121667,0.0012921516887753055,2.1028805152017487e-30,0.013793018898595705,0.10710855503322797,0.1494079798683612
14.175,0.00038529219631725295,0.007816875616778443,0.007816875616778445,0.0010851001704050192,2.1065942107525885e-30,0.03924951248078214,0.11820910870614801,0.1523002184528529
14.1875,0.0010298769078107462,0.009363696245489822,0.009363696245489819,0.0014499426472376576,2.11031118261181e-30,0.06368013474956505,0.12927638588003734,0.14959454823879823
14.200000000000001,0.0019718795916950776,0.011048633629035708,0.01104863362903571,0.002333372660901716,2.1140314307794138e-30,0.08682340470900136,0.14030727105692792,0.14240070543609712
14.2125,0.003195483219203001,0.012871213448491953,0.012871213448491955,0.003648802059710816,2.1177549552553993e-30,0.10878274314832447,0.15129865898338982,0.132419923098611
14.225000000000001,0.004688256893159354,0.014830922637850375,0.014830922637850377,0.0053079762363282355,2.121481756039767e-30,0.12998357686782594,0.16224745552468742,0.12169385362746915
14.2375,0.006444580040365415,0.016927209528447538,0.01692720952844754,0.007245319747870002,2.125211833132516e-30,0.15106868861857617,0.17315057853578258,0.11236414892793159
14.25,0.00846748614275319,0.01915948400426434,0.019159484004264336,0.009430517102164634,2.128945186533647e-30,0.1727536454247286,0.18400495872898587,0.10648605605236292
14.262500000000001,0.010768555867755067,0.021527117668046093,0.02152711766804609,0.011869209797072846,2.1326818162431603e-30,0.195662187621346,0.19480754053797295,0.10590409207799013
14.275,0.013365708384988483,0.02402944401819862,0.024029444018198613,0.01459365034370962,2.1364217222610548e-30,0.22015677072837775,0.20555528297793818,0.1121673416754308
14.287500000000001,0.016278912813215515,0.02666575863641447,0.026665758636414474,0.01764501534857614,2.140164904587332e-30,0.24617762312864633,0.21624516050165904,0.12644638328501773
14.3,0.019524028367899113,0.029435319385967575,0.029435319385967586,0.02104841629275092,2.1439113632219905e-30,0.27310787930270536,0.22687416385119155,0.14941718852932684
14.3125,0.023105255774313275,0.032337346620631306,0.03233734662063131,0.02478221759416603,2.1476610981650306e-30,0.29969158204493446,0.23743930090500343,0.18109830396213134
14.325000000000001,0.027007077293400416,0.035371023404152074,0.03537102340415207,0.02874612619494249,2.1514141094164533e-30,0.3240402200748605,0.24793759752026767,0.22066095805104113
14.3375,0.03118702326598132,0.038535495740219805,0.03853549574021979,0.03273720964577129,2.155170396976257e-30,0.34376363296263146,0.25836609837009505,0.26626807971634325
14.350000000000001,0.03557096854568673,0.04182987281287565,0.04182987281287566,0.03644704010066579,2.1589299608444436e-30,0.3562447175680867,0.26872186777548523,0.3150239920553493
14.3625,0.04005270209179118,0.04525322723727785,0.04525322723727783,0.03949245452819935,2.162692801021011e-30,0.3590419987695497,0.27900199053172464,0.3631164482119128
14.375,0.044499024955753586,0.04880459532076866,0.048804595320768654,0.04148354240251884,2.1664589175059608e-30,0.35035719474200716,0.28920357272904135,0.4061962607239152
14.387500000000001,0.04876057270259937,0.052482977334157896,0.05248297733415789,0.042116259628022186,2.1702283102992927e-30,0.3294640144375216,0.2993237425672533,0.43997009910768586
14.4,0.052687139542359915,0.05628733779315024,0.05628733779315022,0.04126072574755178,2.1740009794010058e-30,0.2969811441819099,0.3093596511641903,0.4609004484843705
14.412500000000001,0.05614495052603664,0.06021660574984341,0.06021660574984339,0.039010579241438456,2.1777769248111016e-30,0.2549007970693556,0.31930847335767965,0.46684764928762956
14.425,0.05903260401312718,0.06426967509420141,0.0642696750942014,0.03567052793845296,2.1815561465295786e-30,0.2063504491386346,0.3291674085008337,0.45748388804513695
14.4375,0.061292632496502256,0.06844540486543434,0.06844540486543431,0.03168445169648523,2.1853386445564374e-30,0.15514596410253625,0.33893368125045614,0.43436786691102436
14.450000000000001,0.06291678048431784,0.07274261957318337,0.07274261957318338,0.027531341877471423,2.1891244188916786e-30,0.10525630286987256,0.3486045423483125,0.4006710395253593
14.4625,0.06394476625170863,0.07716010952842563,0.07716010952842563,0.02362689213706362,2.192913469535301e-30,0.06031806534224382,0.35817726939505623,0.36064941963028824
14.475000000000001,0.0644578760735583,0.08169663118401259,0.08169663118401263,0.02026030847462234,2.196705796487306e-30,0.02330742392387078,0.36764916761660915,0.3190169917864207
14.4875,0.06456971151794229,0.08635090748473018,0.08635090748473019,0.017576279030052412,2.2005013997476924e-30,-0.0035857623633078484,0.3770175706227432,0.28037719347353424
14.5,0.0644165389023856,0.09112162822680102,0.09112162822680103,0.015593348825993232,2.2043002793164604e-30,-0.01890440000274457,0.3862798411576935,0.24881635637256436
14.512500000000001,0.06414907318392385,0.0960074504267123,0.09600745042671227,0.014240629772296736,2.208102435193611e-30,-0.021762639665088235,0.3954333718425558,0.2276861243256468
14.525,0.06392648439553864,0.10100699869927038,0.1010069986992704,0.013395722605982107,2.211907867379143e-30,-0.011666881964490783,0.40447558590927407,0.21953269038619994
14.537500000000001,0.06391231304261016,0.10611886564478416,0.10611886564478418,0.012913583943885214,2.215716575873057e-30,0.011598925590616704,0.4134039379260229,0.226090834332035
14.55,0.064271118695062,0.11134161224525001,0.11134161224525,0.012643746242772327,2.2195285606753525e-30,0.04796994252172504,0.422215914513751,0.24825718660915155
14.5625,0.06516424834211405,0.11667376826944786,0.11667376826944789,0.012438784069806301,2.2233438217860302e-30,0.0969639787580259,0.4309090350537186,0.2859857031686076
14.575000000000001,0.0667431915970142,0.12211383268681747,0.1221138326868175,0.012159497400575313,2.22716235920509e-30,0.15744024644440532,0.43948085238580215,0.3380990107926813
14.5875,0.06913961505782053,0.1276602740900037,0.12766027409000363,0.011682328082898995,2.2309841729325313e-30,0.2273243690557361,0.4479289534973787,0.402068964805943
14.600000000000001,0.07245228186621598,0.1333115311259621,0.13331153112596214,0.01091246321024185,2.2348092629683547e-30,0.30340430099498966,0.45625096020261147,0.47387184199690713
14.6125,0.0767324722861065,0.139066012935481,0.139066012935481,0.009802243220893457,2.2386376293125595e-30,0.3813130875174083,0.46444452981191064,0.5480479590009076
14.625,0.0819708569148766,0.1449220996010231,0.144922099601023,0.008369757395252642,2.2424692719651465e-30,0.45578930521401106,0.47250735579142267,0.6180732050192951
14.637500000000001,0.08808953167398696,0.15087814260273846,0.15087814260273846,0.0067088720862241965,2.2463041909261156e-30,0.5212389233329308,0.4804371684123283,0.6770735561234436
14.65,0.09494263331730664,0.15693246528252908,0.1569324652825291,0.004982053668260589,2.250142386195466e-30,0.5725256242986859,0.4882317353897793,0.7187982416448689
14.662500000000001,0.10232743140963188,0.163083363316043,0.16308336331604298,0.003392725217064604,2.253983857773199e-30,0.6058228731764037,0.49588886251130737,0.7386530577977014
14.675,0.11000533526548338,0.16932910519244415,0.16932910519244418,0.0021429132521300753,2.257828605659313e-30,0.6193118647397766,0.5034063942544974,0.7345342601838829
14.6875,0.11772962794689203,0.17566793270184758,0.17566793270184755,0.001389826363698866,2.2616766298538092e-30,0.6135342972507754,0.5107822143937857,0.7072328932107756
14.700000000000001,0.1252748940789329,0.1820980614302632,0.18209806143026316,0.001216703710288279,2.2655279303566876e-30,0.5913055820295274,0.5180142465961876,0.6602979185337489
14.7125,0.13246274206476727,0.18861768126191422,0.18861768126191417,0.00162729009240324,2.2693825071679475e-30,0.5572257147312782,0.5251004550057905,0.5994091667227461
14.725000000000001,0.13917963633328734,0.19522495688880137,0.19522495688880134,0.002563106500453799,2.2732403602875895e-30,0.5169374152060282,0.5320388448168675,0.5314506468366895
14.7375,0.145384914331144,0.20191802832734457,0.2019180283273446,0.0039341683586840565,2.2771014897156132e-30,0.4763308130608584,0.538827462835417,0.4635363620189098
14.75,0.15110947008765707,0.20869501144198463,0.20869501144198466,0.005650991420380696,2.2809658954520184e-30,0.4408690354942092,0.5454643980290046,0.40220889406620536
14.762500000000001,0.1564473137803681,0.21555399847557505,0.21555399847557508,0.007648513496503628,2.284833577496806e-30,0.41513093215433605,0.5519477820647256,0.3529317989962443
14.775,0.1615428363968204,0.2224930585864225,0.22249305858642254,0.009897798885180517,2.2887045358499752e-30,0.40257485035056795,0.5582757898351479,0.3198787705514354
14.787500000000001,0.16657618005987673,0.22951023839183637,0.22951023839183649,0.012405695817471134,2.292578770511527e-30,0.4054568523126357,0.564446639972097,0.30593035183850675
14.8,0.1717480535819298,0.23660356251800854,0.23660356251800857,0.01520440667140404,2.2964562814814596e-30,0.42480777591577357,0.5704585953481124,0.31274707173010224
14.8125,0.17726418580702055,0.24377103415609847,0.24377103415609852,0.01833269768630679,2.3003370687597744e-30,0.46038780901359005,0.5763099635654648,0.340798443665569
14.825000000000001,0.18331885997975444,0.25101063562434284,0.2510106356243429,0.02180988353839198,2.3042211323464714e-30,0.5105841934626065,0.581999097432573,0.3892783227965423
14.8375,0.19007692954275238,0.2583203289360406,0.2583203289360405,0.025604518758438354,2.3081084722415498e-30,0.5722807199739866,0.5875243954276939,0.45591124117085435
14.850000000000001,0.19765446131347414,0.2656980563732644,0.2656980563732644,0.02960284018117611,2.3119990884450107e-30,0.6407873315940827,0.5928843021497655,0.5367322885782143
14.8625,0.2060995110761801,0.273141741066111,0.273141741066111,0.03358675971060121,2.3158929809568527e-30,0.7099530316374716,0.5980773087562549,0.6259831242812108
14.875,0.2153760687599055,0.28064928757735863,0.2806492875773587,0.03723485783045265,2.3197901497770765e-30,0.7725751816582731,0.6031019533879101,0.7162847728843633
14.887500000000001,0.22535526948811915,0.28821858249234045,0.2882185824923404,0.04015819758648672,2.323690594905683e-30,0.821152243721482,0.6079568215802795,0.7992041646734932
14.9,0.23581788578080448,0.2958474950138794,0.29584749501387947,0.04197277595820699,2.3275943163426708e-30,0.8489143396357114,0.6126405466618889,0.8662231782823037
14.912500000000001,0.24647050656600364,0.30353387756212596,0.303533877562126,0.04239365550689102,2.331501314088041e-30,0.8509419999628793,0.6171518101389717,0.9099724129643744
14.925,0.25697485307069656,0.31127556637910514,0.3112755663791052,0.04132021601573883,2.3354115881417923e-30,0.8251014178870502,0.6214893420666265,0.9254614267720329
14.9375,0.2669862224201438,0.3190703821378336,0.3190703821378337,0.038878311062676835,2.3393251385039257e-30,0.7725318106237317,0.6256519214063186,0.9109850292905864
14.950000000000001,0.2761943329778152,0.32691613055580865,0.32691613055580865,0.0353991171069601,2.3432419651744413e-30,0.6975301727832076,0.6296383763696063,0.8684485664834576
14.9625,0.2843589783367861,0.3348106030127068,0.33481060301270676,0.0313406288690158,2.3471620681533383e-30,0.6068552623759053,0.6334475847480039,0.8030199102937037
14.975000000000001,0.2913342934255471,0.34275157717213073,0.3427515771721308,0.027181605956777835,2.3510854474406178e-30,0.5086452432376447,0.6370784742288939,0.7222177166696513
14.9875,0.2970785842899348,0.35073681760719905,0.350736817607199,0.023325920476585438,2.3550121030362783e-30,0.4112414799711718,0.6405300226973838,0.6347011208724307
15.0,0.3016503775071878,0.35876407642983993,0.35876407642984,0.020044886856238547,2.358942034940321e-30,0.32220048529763307,0.6438012585240411,0.5490762649539436
