t_over_tdisp,sigmaz_exact,sigmaz_generator_only,sigmaz_complete_second,sigmaz_complete_fourth
0.0,1.0,1.0,1.0,1.0
0.0015625,0.9999218800861306,1.0,0.9999011295644711,0.9999268734309626
0.003125,0.9996875813717317,1.0,0.9996045964607884,0.9997075507637985
0.004687500000000001,0.9992972868907573,1.0,0.9991106352358089,0.9993422030738583
0.00625,0.9987513015409197,1.0,0.9984196365948241,0.9988311153384551
0.0078125,0.998050051845504,1.0,0.9975321470925268,0.9981746862145762
0.009375000000000001,0.9971940856201682,1.0,0.9964488687007058,0.9973734277279245
0.010937500000000001,0.9961840715449902,1.0,0.9951706582530124,0.9964279648735296
0.0125,0.9950207986420959,1.0,0.9936985267672358,0.9953390351282418
0.0140625,0.9937051756592749,1.0,0.9920336386456253,0.9941074878754871
0.015625,0.9922382303600681,1.0,0.9901773107538905,0.9927342837427342
0.0171875,0.9906211087208799,1.0,0.9881310113796083,0.9912204938521894
0.018750000000000003,0.9888550740357421,1.0,0.9858963590708618,0.9895672989853025
0.0203125,0.9869415059294295,1.0,0.983475121356027,0.9877759886617382
0.021875000000000002,0.9848818992796986,1.0,0.9808692133457231,0.985847960133529
0.0234375,0.9826778630494902,1.0,0.9780806962180295,0.9837847172951952
0.025,0.980331119030009,1.0,0.9751117755881692,0.981587869510682
0.026562500000000003,0.9778435004956618,1.0,0.9719647997639482,0.9792591303580286
0.028125,0.9752169507719051,1.0,0.9686422578883291,0.9768003162927487
0.029687500000000002,0.9724535217171206,1.0,0.9651467779706104,0.9742133452309649
0.03125,0.969555372119706,1.0,0.961481124807767,0.9715002350534021
0.0328125,0.9665247660116304,1.0,0.9576481977975964,0.9686631020314063
0.034375,0.9633640708997753,1.0,0.9536510286454013,0.9657041591762182
0.035937500000000004,0.9600757559164397,1.0,0.9494927789660215,0.9626257145127869
0.037500000000000006,0.9566623898904563,1.0,0.9451767377831117,0.9594301692794719
0.0390625,0.9531266393404247,1.0,0.9407063189276441,0.9561200160550372
0.040625,0.9494712663916292,1.0,0.9360850583376924,0.9526978368143976
0.0421875,0.945699126618269,1.0,0.9313166112616346,0.949166300914636
0.043750000000000004,0.9418131668126861,1.0,0.9264047493669841,0.9455281630128595
0.045312500000000006,0.9378164226833337,1.0,0.9213533577571394,0.9417862609175206
0.046875,0.9337120164832831,1.0,0.9161664318984083,0.9379435133748797
0.0484375,0.9295031545711225,1.0,0.9108480744597405,0.9340029177923338
0.05,0.9251931249061529,1.0,0.9054024920676661,0.9299675479003887
0.051562500000000004,0.9207852944798361,1.0,0.8998339919790076,0.9258405513550976
0.053125000000000006,0.9162831066855048,1.0,0.8941469786739971,0.921625147282837
0.0546875,0.9116900786283861,1.0,0.8883459503724931,0.9173246237693339
0.05625,0.9070097983780421,1.0,0.8824354954760532,0.912942335294904
0.0578125,0.9022459221653734,1.0,0.8764202889386754,0.9084817001179012
0.059375000000000004,0.897402171526374,1.0,0.8703050885690813,0.9039461976084185
0.060937500000000006,0.8924823303948713,1.0,0.8640947312674618,0.8993393655343213
0.0625,0.8874902421465198,1.0,0.8577941291996666,0.8946647973017291
0.06406250000000001,0.8824298065963592,1.0,0.8514082659118598,0.8899261391520987
0.065625,0.8773049769522827,1.0,0.8449421923887175,0.8851270873180952
0.0671875,0.8721197567267944,1.0,0.8384010230582828,0.8802713851404675
0.06875,0.8668781966094682,1.0,0.8317899317466404,0.8753628201481816
0.0703125,0.8615843913025533,1.0,0.8251141475856085,0.8704052211040827
0.07187500000000001,0.8562424763221959,1.0,0.8183789508766872,0.8654024550183979
0.0734375,0.8508566247677773,1.0,0.8115896689145324,0.8603584241324023
0.07500000000000001,0.8454310440618935,1.0,0.8047516717732603,0.8552770628746056
0.0765625,0.8399699726635185,1.0,0.7978703680589151,0.8501623347918328
0.078125,0.8344776767569251,1.0,0.7909512006314583,0.8450182294575905
0.07968750000000001,0.8289584469189449,1.0,0.7839996422996667,0.8398487593601334
0.08125,0.8234165947671739,1.0,0.7770211914923392,0.8346579567726555
0.08281250000000001,0.8178564495917394,1.0,0.7700213679092407,0.8294498706080506
0.084375,0.8122823549732638,1.0,0.7630057081552216,0.8242285632606918
0.0859375,0.8066986653896621,1.0,0.7559797613609653,0.8189981074376956
0.08750000000000001,0.8011097428144274,1.0,0.7489490847938278,0.8137625829821431
0.0890625,0.795519953309062,1.0,0.7419192394622437,0.8085260736907334
0.09062500000000001,0.7899336636123128,1.0,0.7348957857171696,0.8032926641283542
0.0921875,0.7843552377288795,1.0,0.7278842788540514,0.7980664364420526
0.09375,0.7787890335202574,1.0,0.7208902647187869,0.7928514671768919
0.09531250000000001,0.7732393993003802,1.0,0.7139192753211656,0.787651824096179
0.096875,0.7677106704387205,1.0,0.7069768244592498,0.7824715630085399
0.09843750000000001,0.7622071659735031,1.0,0.7000684033581624,0.7773147246043222
0.1,0.7567331852376762,1.0,0.6931994763267282,0.7721853313037879
0.1015625,0.7512930045002755,1.0,0.6863754764354048,0.7670873841195589
0.10312500000000001,0.7458908736258074,1.0,0.6796018012189224,0.7620248595357602
0.1046875,0.7405310127542586,1.0,0.6728838084070317,0.7570017064062957
0.10625000000000001,0.735217609004325,1.0,0.666226811686734,0.7520218428746759
0.1078125,0.7299548132024398,1.0,0.6596360764993497,0.7470891533178003
0.109375,0.7247467366401507,1.0,0.6531168158757464,0.7422074853160788
0.11093750000000001,0.7195974478623821,1.0,0.6466741863130214,0.7373806466522543
0.1125,0.7145109694890923,1.0,0.6403132836959015,0.7326124023412685
0.11406250000000001,0.7094912750728053,1.0,0.6340391392660831,0.727906471693487
0.115625,0.7045422859944759,1.0,0.6278567156427055,0.7232665254135756
0.1171875,0.6996678684001093,1.0,0.6217709028970986,0.7186961827372886
0.11875000000000001,0.6948718301805319,1.0,0.615786514684916,0.7141990086084046
0.1203125,0.6901579179966699,1.0,0.6099082844387093,0.7097785108980104
0.12187500000000001,0.6855298143526616,1.0,0.6041408616239548,0.7054381376683037
0.1234375,0.6809911347190867,1.0,0.598488808061497,0.7011812744830455
0.125,0.6765454247085667,1.0,0.5929565943193151,0.6970112417667651
0.1265625,0.6721961573059321,1.0,0.5875485961764663,0.6929312922147725
0.12812500000000002,0.6679467301551316,1.0,0.5822690911620036,0.6889446082560018
0.1296875,0.6638004629049961,1.0,0.577122255171609,0.6850542995706637
0.13125,0.6597605946159296,1.0,0.5721121591646099,0.6812634006646423
0.1328125,0.6558302812295602,1.0,0.5672427659440005,0.6775748685025307
0.134375,0.65201259310332,1.0,0.5625179270220084,0.6739915802011476
0.13593750000000002,0.6483105126118851,1.0,0.5579413795736899,0.6705163307853398
0.1375,0.6447269318173467,1.0,0.5535167434809607,0.6671518310078146
0.1390625,0.6412646502099353,1.0,0.5492475184694009,0.6639007052347081
0.140625,0.63792637252106,1.0,0.5451370813401006,0.6607654893985355
0.1421875,0.6347147066103764,1.0,0.5411886832987335,0.6577486290201213
0.14375000000000002,0.6316321614285276,1.0,0.5374054473839712,0.6548524773010518
0.1453125,0.6286811450571546,1.0,0.5337903659972749,0.6520792932881394
0.146875,0.6258639628277051,1.0,0.5303462985360138,0.6494312401113269
0.1484375,0.6231828155205101,1.0,0.527075969131787,0.6469103832964114
0.15000000000000002,0.6206397976455371,1.0,0.5239819644957346,0.6445186891538982
0.15156250000000002,0.6182368958061593,1.0,0.5210667318725439,0.6422580232452472
0.153125,0.6159759871472241,1.0,0.518332577104768,0.6401301489277025
0.1546875,0.6138588378886286,1.0,0.515781662808988,0.6381367259788444
0.15625,0.6118871019455501,1.0,0.5134160066652637,0.6362793093019361
0.15781250000000002,0.610062319636409,1.0,0.5112374798212207,0.634559347713072
0.15937500000000002,0.6083859164795735,1.0,0.5092478054120423,0.6329781828110771
0.1609375,0.6068592020797459,1.0,0.5074485571975316,0.6315370479310383
0.1625,0.6054833691049003,1.0,0.5058411583173252,0.6302370671822812
0.1640625,0.6042594923545717,1.0,0.5044268801652423,0.6290792545715471
0.16562500000000002,0.6031885279202233,1.0,0.5032068413836575,0.6280645132120497
0.16718750000000002,0.6022713124383487,1.0,0.5021820069786962,0.6271936346190327
0.16875,0.6015085624368925,1.0,0.5013531875569504,0.6264672980923738
0.1703125,0.6009008737754988,1.0,0.5007210386843176,0.6258860701867204
0.171875,0.6004487211800265,1.0,0.5002860603674727,0.6254504042695663
0.17343750000000002,0.6001524578716937,1.0,0.5000485966583808,0.6251606401676184
0.17500000000000002,0.6000123152911416,1.0,0.5000088353821646,0.6250170039017258
0.1765625,0.6000284029176337,1.0,0.5001668079885415,0.62501960751058
0.178125,0.6002007081835299,1.0,0.5005223895269485,0.6251684489633225
0.1796875,0.6005290964841048,1.0,0.501075298745373,0.6254634121611289
0.18125000000000002,0.6010133112827007,1.0,0.5018250983128133,0.6259042670277686
0.18281250000000002,0.6016529743111344,1.0,0.5027711951651908,0.6264906696890669
0.184375,0.6024475858651988,1.0,0.5039128409744429,0.627222162741134
0.1859375,0.6033965251950322,1.0,0.5052491327404225,0.6280981756071466
0.1875,0.6044990509900476,1.0,0.5067790135051384,0.629118024982408
0.18906250000000002,0.6057543019580436,1.0,0.5085012731887706,0.630280915367337
0.19062500000000002,0.6071612974980449,1.0,0.5104145495467989,0.6315859396879705
0.1921875,0.6087189384663477,1.0,0.5125173292474887,0.6330320800034971
0.19375,0.6104260080351691,1.0,0.5148079490688817,0.6346182083002676
0.1953125,0.6122811726432323,1.0,0.5172845972143427,0.6363430873716643
0.19687500000000002,0.6142829830375434,1.0,0.5199453147456253,0.6382053717831433
0.19843750000000002,0.6164298754055464,1.0,0.5227879971323206,0.6402036089216958
0.2,0.6187201725967726,1.0,0.5258103959164633,0.6423362401289104
0.2015625,0.6211520854330288,1.0,0.5290101204909805,0.6446016019167529
0.203125,0.623723714106102,1.0,0.532384639990574,0.6469979272651146
0.20468750000000002,0.6264330496618877,1.0,0.5359312852935427,0.6495233470001183
0.20625000000000002,0.6292779755697835,1.0,0.5396472511329609,0.6521758912521038
0.2078125,0.6322562693761201,1.0,0.5435295983155404,0.6549534909921609
0.209375,0.6353656044403415,1.0,0.5475752560464271,0.6578539796460052
0.2109375,0.6386035517525738,1.0,0.551781024358086,0.660875094783943
0.21250000000000002,0.6419675818311651,1.0,0.5561435766413594,0.6640144798856042
0.21406250000000002,0.6454550666987158,1.0,0.5606594622766932,0.6672696861780673
0.215625,0.6490632819350509,1.0,0.5653251093634509,0.6706381745459438
0.2171875,0.6527894088055357,1.0,0.5701368275451566,0.6741173175119305
0.21875,0.6566305364630685,1.0,0.5750908109284321,0.6777044012862855
0.22031250000000002,0.6605836642220313,1.0,0.5801831410933198,0.6813966278836301
0.22187500000000002,0.6646457039024236,1.0,0.5854097901926096,0.6851911173054237
0.2234375,0.6688134822423462,1.0,0.5907666241377192,0.6890849097864111
0.225,0.6730837433769492,1.0,0.5962494058686064,0.6930749681032893
0.2265625,0.6774531513819123,1.0,0.6018537987051307,0.6971581799437918
0.22812500000000002,0.6819182928794658,1.0,0.6075753697772068,0.7013313603343447
0.22968750000000002,0.6864756797049172,1.0,0.6134095935310444,0.7055912541243995
0.23125,0.6911217516316042,1.0,0.6193518553086953,0.7099345385255045
0.2328125,0.695852879152139,1.0,0.6253974549980794,0.714357825703136
0.234375,0.7006653663137778,1.0,0.6315416107506026,0.7188576654192655
0.23593750000000002,0.7055554536056947,1.0,0.6377794627634229,0.7234305477236036
0.23750000000000002,0.7105193208959093,1.0,0.6441060771233782,0.728072905691419
0.2390625,0.7155530904155694,1.0,0.6505164497095308,0.7327811182058004
0.240625,0.7206528297882626,1.0,0.6570055101512449,0.7375515127821883
0.2421875,0.725814555101983,1.0,0.6635681258386641,0.742380368432974
0.24375000000000002,0.7310342340213614,1.0,0.6701991059824188,0.7472639185699319
0.24531250000000002,0.7363077889377218,1.0,0.6768932057193504,0.7521983539422223
0.246875,0.7416311001545055,1.0,0.6836451302610072,0.7571798256076699
0.2484375,0.7470000091055747,1.0,0.6904495390816282,0.7622044479350043
0.25,0.7524103216038818,1.0,0.6973010501423051,0.7672683016347155
0.2515625,0.7578578111179627,1.0,0.7041942441479767,0.7723674368161676
0.253125,0.7633382220737006,1.0,0.7111236688338948,0.7774978760685775
0.2546875,0.7688472731787781,1.0,0.7180838432781664,0.7826556175634635
0.25625000000000003,0.774380660767216,1.0,0.7250692622369619,0.7878366381761375
0.2578125,0.7799340621613963,1.0,0.7320744004989628,0.7930368966238096
0.259375,0.7855031390489335,1.0,0.7390937172556021,0.7982523366178578
0.2609375,0.7910835408717594,1.0,0.7461216604836407,0.8034788900277983
0.2625,0.7966709082247763,1.0,0.7531526713366166,0.8087124800544981
0.26406250000000003,0.8022608762614207,1.0,0.7601811885416873,0.813949024410145
0.265625,0.807849078103477,1.0,0.7672016527983951,0.8191844385025004
0.2671875,0.8134311482524795,1.0,0.7742085111758713,0.8244146386209504
0.26875,0.8190027260000352,1.0,0.7811962215049996,0.829635545121868
0.2703125,0.824559458834407,1.0,0.7881592567620717,0.8348430856108032
0.27187500000000003,0.8300970058406908,1.0,0.7950921094404595,0.8400331981190193
0.2734375,0.8356110410919341,1.0,0.8019892959068526,0.8452018342718959
0.275,0.8410972570285485,1.0,0.8088453607386128,0.8503449624467295
0.2765625,0.8465513678233695,1.0,0.815654881038812,0.8554585709174662
0.278125,0.8519691127297422,1.0,0.8224124707255485,0.8605386709839158
0.27968750000000003,0.8573462594100114,1.0,0.8291127847921378,0.8655813000830035
0.28125,0.862678607241822,1.0,0.8357505235348204,0.8705825248796365
0.2828125,0.867961990599641,1.0,0.8423204367446335,0.8755384443347713
0.284375,0.8731922821089394,1.0,0.848817327860133,0.8804451927482885
0.2859375,0.8783653958704956,1.0,0.8552360580776863,0.8852989427743042
0.28750000000000003,0.8834772906522941,1.0,0.8615715504160754,0.8900959084065639
0.2890625,0.8885239730465343,1.0,0.8678187937322062,0.8948323479315903
0.290625,0.8935015005892771,1.0,0.8739728466847386,0.8995045668472833
0.2921875,0.8984059848402927,1.0,0.880028841642507,0.9041089207446922
0.29375,0.9032335944207087,1.0,0.8859819885346398,0.908641818150717
0.29531250000000003,0.907980558006079,1.0,0.8918275786393282,0.9130997233295165
0.296875,0.9126431672725392,1.0,0.8975609883082557,0.9174791590404419
0.2984375,0.9172177797937463,1.0,0.9031776826237345,0.9217767092503427
0.30000000000000004,0.921700821886339,1.0,0.9086732189856587,0.9259890217981299
0.3015625,0.9260887914016953,1.0,0.9140432506254397,0.9301128110095169
0.30312500000000003,0.93037826046181,1.0,0.9192835300441413,0.9341448602599018
0.3046875,0.9345658781371472,1.0,0.9243899123720961,0.9380820244833871
0.30625,0.9386483730643862,1.0,0.9293583586473464,0.9419212326259846
0.30781250000000004,0.9426225560020058,1.0,0.9341849390103149,0.9456594900410886
0.309375,0.9464853223217184,1.0,0.9388658358121807,0.9492938808253503
0.31093750000000003,0.9502336544338018,1.0,0.9433973466345004,0.9528215700931314
0.3125,0.9538646241444386,1.0,0.9477758872176847,0.956239806187762
0.3140625,0.9573753949432183,1.0,0.9519979942960184,0.9595459228278799
0.31562500000000004,0.9607632242190167,1.0,0.956060328336976,0.9627373411871727
0.3171875,0.9640254654025214,1.0,0.9599596761826702,0.9658115719059076
0.31875000000000003,0.9671595700337298,1.0,0.9636929535913429,0.9687662170326724
0.3203125,0.9701630897528032,1.0,0.9672572076768872,0.971598971894818
0.321875,0.9730336782127244,1.0,0.9706496192444729,0.974307626896142
0.32343750000000004,0.9757690929122604,1.0,0.9738675050204267,0.9768900692404102
0.325,0.9783671969478044,1.0,0.9769083197746034,0.9793442845793732
0.32656250000000003,0.9808259606827215,1.0,0.97976965833357,0.9816683585839919
0.328125,0.9831434633328996,1.0,0.9824492574830103,0.9838604784376461
0.3296875,0.9853178944672647,1.0,0.9849449977578448,0.9859189342501617
0.33125000000000004,0.9873475554220872,1.0,0.98725490511865,0.987842120391554
0.3328125,0.9892308606279774,1.0,0.9893771525130516,0.9896285367444452
0.33437500000000003,0.9909663388485308,1.0,0.991310061320856,0.9912767898741821
0.3359375,0.992552634329656,1.0,0.9930521026817778,0.9927855941157376
0.3375,0.9939885078586896,1.0,0.9946018987047127,0.9941537725765514
0.33906250000000004,0.9952728377324674,1.0,0.9959582235575986,0.9953802580545256
0.340625,0.9964046206335982,1.0,0.9971200044370038,0.9964640938704604
0.34218750000000003,0.9973829724142546,1.0,0.9980863224166762,0.99740443461428
0.34375,0.9982071287868678,1.0,0.9988564131743798,0.9982005468044661
0.3453125,0.9988764459211897,1.0,0.9994296675964455,0.9988518094601866
0.34687500000000004,0.9993904009472515,1.0,0.9998056322595584,0.9993577145856701
0.3484375,0.9997485923638293,1.0,0.9999840097893987,0.9997178675664515
0.35000000000000003,0.9999507403520971,1.0,0.9999646590958537,0.9999319874771785
0.3515625,0.9999966869942205,1.0,0.9997475954846157,0.9999999073007368
0.353125,0.9998863963967223,1.0,0.9993329906450745,0.9999215740585276
0.35468750000000004,0.9996199547185223,1.0,0.9987211725145189,0.9996970488517906
0.35625,0.99919757010363,1.0,0.997912625018749,0.9993265068139447
0.35781250000000003,0.9986195725185427,1.0,0.9969079876893093,0.9988102369739813
0.359375,0.997886413494476,1.0,0.9957080551576423,0.9981486420310159
0.3609375,0.9969986657746283,1.0,0.9943137765265639,0.9973422380401766
0.36250000000000004,0.9959570228667535,1.0,0.9927262546195584,0.9963916540100728
0.3640625,0.994762298501394,1.0,0.9909467451084846,0.9952976314121572
0.36562500000000003,0.993415425996195,1.0,0.9889766555203854,0.9940610236023661
0.3671875,0.9919174575267978,1.0,0.9868175441241859,0.9926827951554877
0.36875,0.9902695633048801,1.0,0.9844711186981587,0.991164021112777
0.37031250000000004,0.988473030663989,1.0,0.9819392351791343,0.9895058861434062
0.371875,0.986529263053876,1.0,0.9792238961945227,0.9877096836204025
0.37343750000000003,0.984439778944124,1.0,0.9763272494783078,0.9857768146117958
0.375,0.98220621063792,1.0,0.9732515861722691,0.9837087867877623
0.3765625,0.9798303029969009,1.0,0.9699993390137713,0.9815072132446158
0.37812500000000004,0.9773139120780693,1.0,0.9665730804115586,0.9791738112465666
0.3796875,0.974659003683844,1.0,0.9629755204110728,0.9767104008862257
0.38125000000000003,0.9718676518263755,1.0,0.9592095045509066,0.974118903664903
0.3828125,0.968942037107331,1.0,0.9552780116120865,0.9714013409938034
0.384375,0.9658844450144087,1.0,0.9511841512619655,0.9685598326172924
0.38593750000000004,0.9626972641359186,1.0,0.9469311615945901,0.9655965949594605
0.3875,0.9593829842948176,1.0,0.9425224065694862,0.9625139393952746
0.38906250000000003,0.9559441946036629,1.0,0.9379613733508894,0.9593142704476675
0.390625,0.9523835814419995,1.0,0.9332516695495261,0.9560000839119691
0.3921875,0.9487039263577624,1.0,0.9283970203691245,0.9525739649091447
0.39375000000000004,0.944908103894334,1.0,0.9234012656599153,0.9490385858693576
0.3953125,0.9409990793449539,1.0,0.9182683568814496,0.9453967044474284
0.39687500000000003,0.9369799064362323,1.0,0.9130023539771389,0.9416511613718179
0.3984375,0.9328537249425848,1.0,0.9076074221629887,0.9378048782288122
0.4,0.9286237582334396,1.0,0.9020878286330636,0.9338608551836357
0.40156250000000004,0.9242933107551468,1.0,0.8964479391842937,0.9298221686402723
0.403125,0.9198657654495465,1.0,0.890692214763288,0.925691968841819
0.40468750000000003,0.9153445811112182,1.0,0.8848252079378889,0.9214734774132433
0.40625,0.9107332896854728,1.0,0.8788515592962571,0.9171699848484618
0.4078125,0.9060354935092003,1.0,0.8727759937763355,0.9127848479436999
0.40937500000000004,0.9012548624967273,1.0,0.8666033169285966,0.9083214871791346
0.4109375,0.8963951312728834,1.0,0.860338411115027,0.9037833840508633
0.41250000000000003,0.8914600962555146,1.0,0.8539862316473571,0.8991740783552771
0.4140625,0.8864536126897263,1.0,0.8475518028675916,0.8944971654279621
0.415625,0.8813795916361676,1.0,0.8410402141739366,0.8897562933392759
0.41718750000000004,0.8762419969157155,1.0,0.8344566159952735,0.8849551600487929
0.41875,0.8710448420129406,1.0,0.8278062157173562,0.8800975105208337
0.42031250000000003,0.8657921869407764,1.0,0.8210942735639605,0.8751871338033292
0.421875,0.8604881350688413,1.0,0.8143260984362377,0.8702278600723015
0.4234375,0.8551368299178892,1.0,0.8075070437135686,0.8652235576442607
0.42500000000000004,0.8497424519228948,1.0,0.8006425030192361,0.8601781299588549
0.4265625,0.844309215167302,1.0,0.7937379059542652,0.8550955125341213
0.42812500000000003,0.8388413640909838,1.0,0.7867987138028076,0.8499796698967155
0.4296875,0.8333431701744924,1.0,0.7798304152124658,0.8448345924895155
0.43125,0.8278189286021792,1.0,0.772838521852971,0.8396642935590092
0.43281250000000004,0.8222729549068025,1.0,0.7658285640566567,0.8344728060248943
0.434375,0.8167095815982366,1.0,0.7588060864441658,0.8292641793343346
0.43593750000000003,0.8111331547789181,1.0,0.7517766435388586,0.8240424763033218
0.4375,0.8055480307486755,1.0,0.7447457953733879,0.8188117699476133
0.4390625,0.7999585726015905,1.0,0.7377191030919152,0.8135761403057091
0.44062500000000004,0.7943691468175532,1.0,0.7307021245514507,0.8083396712563558
0.4421875,0.7887841198511725,1.0,0.7237004099257889,0.8031064473330516
0.44375000000000003,0.7832078547207038,1.0,0.7167194973155262,0.7978805505380415
0.4453125,0.777644707599664,1.0,0.7097649083676241,0.7926660571582891
0.446875,0.7720990244137924,1.0,0.7028421439079874,0.7874670345859017
0.44843750000000004,0.7665751374460176,1.0,0.6959566795905145,0.782287538145499
0.45,0.761077361952081,1.0,0.6891139615660522,0.7771316079309906
0.45156250000000003,0.7556099927894631,1.0,0.6823194021746903,0.7720032656542355
0.453125,0.750177301062245,1.0,0.6755783756647995,0.7669065115080398
0.4546875,0.7447835307845241,1.0,0.6688962139421946,0.7618453210459384
0.45625000000000004,0.7394328955649959,1.0,0.6622782023527949,0.756823642081198
0.4578125,0.7341295753152861,1.0,0.6557295755021053,0.7518453916074559
0.45937500000000003,0.7288777129846052,1.0,0.649255513114836,0.7469144527433997
0.4609375,0.7236814113232827,1.0,0.6428611359379309,0.7420346717038699
0.4625,0.7185447296777008,1.0,0.6365515016902407,0.7372098547997465
0.46406250000000004,0.7134716808191366,1.0,0.6303316010620548,0.7324437654689651
0.465625,0.7084662278089894,1.0,0.6242063537676452,0.7277401213409709
0.46718750000000003,0.7035322809028391,1.0,0.6181806046539533,0.7231025913369058
0.46875,0.6986736944957594,1.0,0.6122591198684941,0.718534792807789
0.4703125,0.6938942641112666,1.0,0.6064465830895045,0.7140402887129207
0.47187500000000004,0.6891977234362607,1.0,0.600747591821328,0.7096225848407174
0.4734375,0.684587741404272,1.0,0.5951666537579545,0.7052851270741357
0.47500000000000003,0.6800679193292927,1.0,0.5897081832175995,0.701031298702827
0.4765625,0.6756417880924355,1.0,0.584376497651141,0.6968644177841149
0.478125,0.6713128053836098,1.0,0.5791758142271705,0.6927877345548541
0.47968750000000004,0.6670843530003794,1.0,0.5741102464963702,0.6888044288961925
0.48125,0.6629597342061042,1.0,0.5691838011378418,0.6849176078532103
0.48281250000000003,0.6589421711494335,1.0,0.5644003747899706,0.6811303032113722
0.484375,0.655034802347167,1.0,0.559763750968328,0.6774454691316851
0.4859375,0.6512406802324477,1.0,0.5552775970730464,0.6738659798464015
0.48750000000000004,0.6475627687702035,1.0,0.5509454614880418,0.6703946274170719
0.4890625,0.6440039411417008,1.0,0.546770770774371,0.6670341195566889
0.49062500000000003,0.640566977500018,1.0,0.5427568269599459,0.6637870775176267
0.4921875,0.6372545627981918,1.0,0.5389068049277519,0.6606560340470196
0.49375,0.6340692846917337,1.0,0.5352237499046297,0.6576434314111766
0.49531250000000004,0.6310136315171577,1.0,0.5317105750526132,0.6547516194905741
0.496875,0.6280899903480915,1.0,0.5283700591647242,0.6519828539469088
0.49843750000000003,0.6253006451304983,1.0,0.525204844467048,0.6493392944636436
0.5,0.6226477748984596,1.0,0.5222174345288308,0.6468230030614195
0.5015625,0.6201334520719157,1.0,0.5194101922822456,0.6444359424896434
0.503125,0.6177596408376931,1.0,0.5167853381534013,0.6421799746955126
0.5046875000000001,0.6155281956150835,1.0,0.5143449483060649,0.6400568593716629
0.50625,0.6134408596071729,1.0,0.5120909529994935,0.6380682525835804
0.5078125,0.6114992634390524,1.0,0.5100251350616674,0.6362157054778419
0.509375,0.6097049238839769,1.0,0.5081491284791411,0.6345006630721947
0.5109375,0.6080592426784608,1.0,0.5064644171046175,0.632924463128419
0.5125000000000001,0.6065635054272447,1.0,0.504972333483275,0.6314883351088508
0.5140625,0.6052188805989809,1.0,0.5036740577987739,0.6301933992173812
0.515625,0.6040264186134271,1.0,0.5025706169397727,0.6290406655256776
0.5171875,0.6029870510208593,1.0,0.5016628836876982,0.6280310331853125
0.51875,0.6021015897743456,1.0,0.500951576026406,0.627165289726409
0.5203125000000001,0.6013707265954491,1.0,0.5004372565742824,0.6264441104433542
0.521875,0.6007950324338558,1.0,0.5001203321392332,0.6258680578680593
0.5234375,0.6003749570213488,1.0,0.5000010533969137,0.6254375813311737
0.525,0.6001108285204786,1.0,0.5000795146924537,0.6251530166116008
0.5265625,0.6000028532682025,1.0,0.5003556539658335,0.6250145856745846
0.5281250000000001,0.6000511156146946,1.0,0.500829252800971,0.6250223964985728
0.5296875,0.6002555778574512,1.0,0.5014999365984818,0.6251764429909918
0.53125,0.6006160802707448,1.0,0.5023671748719722,0.6254766049929996
0.5328125,0.6011323412304004,1.0,0.5034302816676361,0.6259226483732108
0.534375,0.6018039574338008,1.0,0.5046884161068182,0.6265142252103237
0.5359375000000001,0.6026304042149466,1.0,0.506140583051119,0.6272508740645044
0.5375,0.6036110359543241,1.0,0.5077856338895119,0.6281320203373181
0.5390625,0.6047450865832632,1.0,0.5096222674468549,0.6291569767199245
0.540625,0.6060316701823893,1.0,0.5116490310130697,0.6303249437291913
0.5421875,0.6074697816737029,1.0,0.5138643214921843,0.6316350103313035
0.5437500000000001,0.6090582976057457,1.0,0.516266386670323,0.6330861546523858
0.5453125,0.6107959770312396,1.0,0.5188533266016426,0.6346772447755806
0.546875,0.6126814624765142,1.0,0.5216230951111223,0.6364070396239632
0.5484375,0.6147132810019637,1.0,0.5245735014130108,0.6382741899286006
0.55,0.6168898453527059,1.0,0.5277022118436597,0.6402772392810065
0.5515625000000001,0.6192094551985448,1.0,0.531006751707366,0.642414625269162
0.553125,0.6216702984622664,1.0,0.5344845072337645,0.6446846806962238
0.5546875,0.6242704527352332,1.0,0.5381327276452277,0.6470856348809666
0.55625,0.6270078867791664,1.0,0.5419485273326273,0.649615615038943
0.5578125,0.6298804621129486,1.0,0.5459288881377471,0.652272647743287
0.5593750000000001,0.6328859346832032,1.0,0.5500706617405369,0.6550546604640199
0.5609375,0.6360219566173468,1.0,0.5543705721493157,0.6579594831846585
0.5625,0.6392860780577458,1.0,0.5588252182919664,0.6609848500948651
0.5640625,0.6426757490755424,1.0,0.5634310767060539,0.6641284013578154
0.565625,0.6461883216626569,1.0,0.568184504325759,0.6673876849509127
0.5671875000000001,0.6498210518004097,1.0,0.5730817413634103,0.6707601585784059
0.56875,0.6535711016031457,1.0,0.5781189142833363,0.674243191654422
0.5703125,0.6574355415351898,1.0,0.5832920388656948,0.677834067354869
0.571875,0.6614113526993948,1.0,0.5885970233578414,0.6815299847366018
0.5734375,0.6654954291955038,1.0,0.5940296717107578,0.6853280609222063
0.5750000000000001,0.6696845805464757,1.0,0.599585686897975,0.6892253333486918
0.5765625,0.6739755341908832,1.0,0.6052606743143607,0.6932187620783389
0.578125,0.6783649380394353,1.0,0.6110501452520971,0.6973052321699035
0.5796875,0.6828493630936261,1.0,0.6169495204510782,0.701481556108321
0.58125,0.6874253061244658,1.0,0.6229541337209418,0.7057444762910228
0.5828125000000001,0.6920891924091997,1.0,0.629059235631855,0.7100906675689207
0.584375,0.6968373785238791,1.0,0.6352599972711375,0.7145167398400778
0.5859375,0.7016661551896012,1.0,0.6415515140627601,0.7190192406940469
0.5875,0.7065717501701938,1.0,0.6479288096466793,0.7235946581048058
0.5890625,0.7115503312190832,1.0,0.6543868398149596,0.7282394231701981
0.5906250000000001,0.7165980090730419,1.0,0.6609204965015587,0.7329499128957362
0.5921875,0.721710840490478,1.0,0.6675246118226175,0.7377224530205974
0.59375,0.7268848313318925,1.0,0.6741939621640736,0.7425533208836094
0.5953125,0.7321159396800958,1.0,0.6809232723133419,0.7474387483269878
0.596875,0.7374000789977521,1.0,0.6877072196318202,0.7523749246355621
0.5984375000000001,0.7427331213197776,1.0,0.6945404382649016,0.7573579995091979
0.6000000000000001,0.7481109004781039,1.0,0.7014175233861664,0.762384086066095
0.6015625,0.7535292153562839,1.0,0.7083330354724062,0.7674492638746201
0.603125,0.7589838331714025,1.0,0.7152815046060865,0.7725495820113103
0.6046875,0.76447049278072,1.0,0.7222574348018506,0.777681062142658
0.6062500000000001,0.7699849080104758,1.0,0.7292553083536457,0.7828397016282778
0.6078125000000001,0.7755227710042414,1.0,0.7362695901990242,0.7880214766430341
0.609375,0.7810797555882156,1.0,0.7432947322971789,0.793222345315691
0.6109375,0.7866515206508287,1.0,0.750325178017239,0.7984382508816403
0.6125,0.7922337135340121,1.0,0.7573553665333611,0.8036651248472451
0.6140625000000001,0.7978219734334937,1.0,0.7643797372231426,0.8088988901633329
0.6156250000000001,0.8034119348054529,1.0,0.7713927340658673,0.8141354644053631
0.6171875,0.8089992307768807,1.0,0.778388810037118,0.8193707629577849
0.61875,0.8145794965569773,1.0,0.785362431496269,0.8246007022001081
0.6203125,0.8201483728469207,1.0,0.7923080825633924,0.8298212026921931
0.6218750000000001,0.8257015092453499,1.0,0.7992202694821208,0.8350281923562836
0.6234375000000001,0.8312345676468935,1.0,0.8060935249650042,0.8402176096532954
0.625,0.8367432256310935,1.0,0.8129224125179386,0.8453854067508844
0.6265625,0.842223179839078,1.0,0.819701530740232,0.8505275526808247
0.628125,0.8476701493353394,1.0,0.8264255175969143,0.8556400364832297
0.6296875000000001,0.8530798789519984,1.0,0.8330890546599145,0.8607188703351691
0.6312500000000001,0.8584481426129386,1.0,0.8396868713147387,0.8657600926612368
0.6328125,0.8637707466352105,1.0,0.8462137489293382,0.8707597712236462
0.634375,0.8690435330051374,1.0,0.852664524981854,0.8757140061894428
0.6359375,0.8742623826265484,1.0,0.8590340971439827,0.8806189331724369
0.6375000000000001,0.8794232185386142,1.0,0.8653174273167348,0.8854707262474909
0.6390625000000001,0.8845220091007651,1.0,0.8715095456153833,0.8902656009348047
0.640625,0.8895547711422055,1.0,0.8776055543004645,0.894999817151873
0.6421875,0.8945175730735639,1.0,0.8836006316517093,0.8996696821308134
0.64375,0.8994065379582463,1.0,0.889490035781847,0.9042715532987853
0.6453125000000001,0.9042178465410947,1.0,0.8952691083872675,0.9088018411192588
0.6468750000000001,0.9089477402319885,1.0,0.9009332784325663,0.9132570118919133
0.6484375,0.9135925240420503,1.0,0.9064780657660698,0.9176335905089825
0.65,0.9181485694701685,1.0,0.9118990846634694,0.9219281631658973
0.6515625,0.9226123173375786,1.0,0.9171920472967692,0.9261373800241093
0.6531250000000001,0.9269802805682914,1.0,0.9223527671258038,0.9302579578240222
0.6546875000000001,0.931249046913193,1.0,0.9273771622096353,0.9342866824459882
0.65625,0.9354152816156913,1.0,0.9322612584352223,0.9382204114173757
0.6578125,0.9394757300168259,1.0,0.9370011926607973,0.942056076363751
0.659375,0.9434272200978023,1.0,0.9415932157714696,0.9457906854022606
0.6609375000000001,0.9472666649579731,1.0,0.9460336956446403,0.9494213254753504
0.6625000000000001,0.9509910652263203,1.0,0.950319120022877,0.9529451646229996
0.6640625,0.9545975114045618,1.0,0.9544460992919821,0.9563594541916965
0.665625,0.9580831861400502,1.0,0.958411369162054,0.959661530978435
0.6671875,0.9614453664266838,1.0,0.9622117932494197,0.9628488193080563
0.6687500000000001,0.9646814257321189,1.0,0.965844365557402,0.9659188330423196
0.6703125000000001,0.967788836049613,1.0,0.9693062128539512,0.9688691775191314
0.671875,0.9707651698729023,1.0,0.9725945969442678,0.9716975514204211
0.6734375,0.9736081020925681,1.0,0.9757069168366143,0.9744017485672095
0.675,0.9763154118124089,1.0,0.9786407107996044,0.9769796596404634
0.6765625000000001,0.9788849840844033,1.0,0.9813936583093434,0.9794292738264007
0.6781250000000001,0.9813148115609056,1.0,0.9839635818848769,0.9817486803849585
0.6796875,0.9836029960627839,1.0,0.9863484488104993,0.9839360701402027
0.68125,0.9857477500622764,1.0,0.9885463727435582,0.9859897368915154
0.6828125,0.9877473980794059,1.0,0.9905556152064807,0.9879080787444593
0.6843750000000001,0.9896003779908635,1.0,0.9923745869618482,0.9896895993602831
0.6859375000000001,0.9913052422503387,1.0,0.994001849269423,0.9913329091230902
0.6875,0.99286065901934,1.0,0.9954361150241408,0.9928367262237625
0.6890625,0.9942654132076274,1.0,0.9966762497741629,0.9941998776597931
0.690625,0.995518407422439,1.0,0.9977212726181863,0.9954213001502475
0.6921875000000001,0.9966186628257734,1.0,0.9985703569813015,0.9965000409651411
0.6937500000000001,0.997565319899057,1.0,0.9992228312687821,0.9974352586685838
0.6953125,0.9983576391145995,1.0,0.9996781793972921,0.998226223775115
0.696875,0.9989950015133122,1.0,0.9999360412030895,0.9988723193187137
0.6984375,0.9994769091882384,1.0,0.999996212726902,0.9993730413340423
0.7000000000000001,0.9998029856735172,1.0,0.9998586463752511,0.9997279992495488
0.7015625000000001,0.9999729762384794,1.0,0.999523450958098,0.9999369161921183
0.703125,0.9999867480866419,1.0,0.9989908916027777,0.9999996292030391
0.7046875,0.9998442904594489,1.0,0.9982613895442931,0.9999160893651131
0.70625,0.9995457146446759,1.0,0.9973355217921345,0.999686361840812
0.7078125000000001,0.9990912538894924,1.0,0.9962140206738849,0.9993106258214497
0.7093750000000001,0.9984812632182488,1.0,0.9948977732559765,0.9987891743874096
0.7109375,0.9977162191551322,1.0,0.993387820642053,0.9981224142795375
0.7125,0.9967967193519057,1.0,0.9916853571494948,0.9973108655818768
0.7140625,0.9957234821210237,1.0,0.989791729364758,0.9963551613159939
0.7156250000000001,0.9944973458744863,1.0,0.9877084350782729,0.9952560469472115
0.7171875000000001,0.9931192684688737,1.0,0.9854371220997471,0.9940143798031322
0.71875,0.9915903264570677,1.0,0.9829795869548079,0.9926311284049096
0.7203125,0.9899117142472513,1.0,0.9803377734640158,0.9911073717117849
0.721875,0.9880847431698371,1.0,0.9775137712053747,0.9894442982794809
0.7234375000000001,0.986110840453057,1.0,0.9745098138615502,0.9876432053331087
0.7250000000000001,0.9839915481080133,1.0,0.9713282774531098,0.9857054977553102
0.7265625,0.9817285217240608,1.0,0.9679716784591761,0.9836326869904266
0.728125,0.9793235291754611,1.0,0.9644426718269843,0.9814263898655455
0.7296875,0.9767784492403218,1.0,0.9607440488719164,0.97908832732935
0.7312500000000001,0.9740952701328961,1.0,0.9568787350696716,0.976620323109749
0.7328125000000001,0.9712760879503921,1.0,0.9528497877423229,0.9740243022913394
0.734375,0.9683231050355025,1.0,0.9486603936400859,0.9713022898138076
0.7359375,0.9652386282559365,1.0,0.9443138664207162,0.9684564088924426
0.7375,0.962025067202298,1.0,0.9398136440285282,0.9654888793619929
0.7390625000000001,0.9586849323057142,1.0,0.9351632859751043,0.9624020159451581
0.7406250000000001,0.9552208328766894,1.0,0.9303664705238542,0.9591982264470662
0.7421875,0.9516354750667141,1.0,0.9254269917806399,0.9558800098771459
0.74375,0.9479316597542207,1.0,0.9203487566927784,0.9524499544998564
0.7453125,0.944112280356542,1.0,0.9151357819587888,0.9489107358157988
0.7468750000000001,0.9401803205695735,1.0,0.9097921908513295,0.9452651144747803
0.7484375000000001,0.936138852036914,1.0,0.9043222099558417,0.9415159341224619
0.75,0.9319910319503009,1.0,0.898730165827473,0.9376661191822661
0.7515625,0.9277401005832124,1.0,0.8930204815689307,0.9337186725742779
0.753125,0.9233893787595717,1.0,0.8871976733319705,0.9296766733729178
0.7546875000000001,0.9189422652595199,1.0,0.8812663467452828,0.9255432744052113
0.7562500000000001,0.9144022341642928,1.0,0.8752311932716115,0.9213216997915316
0.7578125,0.9097728321422724,1.0,0.8690969864969756,0.9170152424307314
0.759375,0.9050576756783302,1.0,0.8628685783549381,0.9126272614316263
0.7609375,0.9002604482486347,1.0,0.8565508952889053,0.9081611794928348
0.7625000000000001,0.8953848974431224,1.0,0.8501489343554862,0.9036204802330153
0.7640625000000001,0.890434832037883,1.0,0.8436677592720078,0.8990087054735855
0.765625,0.885414119019748,1.0,0.8371124964112953,0.8943294524760423
0.7671875,0.8803266805654021,1.0,0.8304883307469009,0.8895863711360373
0.76875,0.875176490977384,1.0,0.8238005017519793,0.8847831611363981
0.7703125000000001,0.8699675735793647,1.0,0.8170542992550535,0.8799235690613125
0.7718750000000001,0.8647039975731287,1.0,0.8102550592559566,0.8750113854739316
0.7734375,0.8593898748597186,1.0,0.803408159705248,0.8700504419596659
0.775,0.8540293568272208,1.0,0.7965190162504523,0.8650446081374841
0.7765625,0.8486266311077053,1.0,0.7895930779524805,0.8599977886415476
0.7781250000000001,0.8431859183058508,1.0,0.7826358229756194,0.8549139200755289
0.7796875000000001,0.8377114687018121,1.0,0.7756527542545072,0.849796967941995
0.78125,0.832207558930905,1.0,0.7686493951415098,0.8446509235492498
0.7828125,0.826678488642701,1.0,0.7616312850379519,0.8394798008980451
0.784375,0.8211285771421479,1.0,0.7546039750126547,0.8342876335505953
0.7859375000000001,0.8155621600153296,1.0,0.7475730234112399,0.8290784714843296
0.7875000000000001,0.8099835857425111,1.0,0.7405439914596843,0.823856377932842
0.7890625,0.8043972123011097,1.0,0.7335224388655905,0.8186254262165025
0.790625,0.7988074037612458,1.0,0.7265139194206631,0.8133896965651961
0.7921875,0.7932185268765364,1.0,0.7195239766078618,0.8081532729356785
0.7937500000000001,0.7876349476727897,1.0,0.712558139216708,0.8029202398260197
0.7953125000000001,0.7820610280372713,1.0,0.7056219169702159,0.7976946790896272
0.796875,0.7765011223111996,1.0,0.6987207961669005,0.792480666751333
0.7984375,0.7709595738881384,1.0,0.6918602353413172,0.7872822698280237
0.8,0.765440711820943,1.0,0.6850456609465612,0.7821035431563028
0.8015625000000001,0.759948847439907,1.0,0.6782824630621381,0.7769485262296472
0.8031250000000001,0.7544882709847547,1.0,0.6715759911306126,0.7718212400475359
0.8046875,0.7490632482531099,1.0,0.6649315497263898,0.7667256839790038
0.80625,0.743678017268057,1.0,0.6583543943599932,0.761665832643065
0.8078125,0.7383367849674041,1.0,0.6518497273211484,0.7566456328084454
0.8093750000000001,0.7330437239172238,1.0,0.6454226935639598,0.7516690003150363
0.8109375000000001,0.7278029690522497,1.0,0.6390783766374416,0.7467398170194732
0.8125,0.7226186144456686,1.0,0.6328217946646149,0.7418619277672237
0.8140625,0.7174947101108331,1.0,0.6266578963733558,0.7370391373935425
0.815625,0.7124352588373967,1.0,0.6205915571821341,0.7322752077556374
0.8171875000000001,0.7074442130643366,1.0,0.6146275753437325,0.7275738547983568
0.8187500000000001,0.7025254717923114,1.0,0.6087706681500059,0.7229387456556914
0.8203125,0.6976828775377673,1.0,0.6030254682006753,0.7183734957903476
0.821875,0.692920213331164,1.0,0.5973965197391096,0.7138816661736257
0.8234375,0.6882411997616783,1.0,0.5918882750579972,0.709466760507804
0.8250000000000001,0.68364949207068,1.0,0.5865050909777425,0.7051322224931917
0.8265625000000001,0.6791486772962629,1.0,0.5812512254003825,0.7008814331419844
0.828125,0.6747422714710523,1.0,0.5761308339417396,0.6967177081410194
0.8296875,0.6704337168754828,1.0,0.5711479666444823,0.6926442952654828
0.83125,0.666226379348694,1.0,0.56630656477469,0.6886643718455918
0.8328125000000001,0.6621235456591381,1.0,0.5616104577044538,0.6847810422882237
0.8343750000000001,0.6581284209369597,1.0,0.5570633598829846,0.6809973356554261
0.8359375,0.6542441261701506,1.0,0.5526688678986185,0.6773162033016984
0.8375,0.650473695766437,1.0,0.5484304576340463,0.673740516571885
0.8390625,0.6468200751828026,1.0,0.5443514815170191,0.6702730645614795
0.8406250000000001,0.6432861186245007,1.0,0.5404351658686979,0.6669165519410827
0.8421875000000001,0.6398745868153508,1.0,0.536684608351754,0.6636735968467142
0.84375,0.6365881448410637,1.0,0.5331027755202284,0.6605467288376237
0.8453125,0.6334293600672796,1.0,0.5296925004730972,0.6575383869231899
0.846875,0.6304007001339424,1.0,0.5264564806133943,0.6546509176604552
0.8484375000000001,0.6275045310275837,1.0,0.5233972755146628,0.6518865733237706
0.8500000000000001,0.624743115233015,1.0,0.5205173048964267,0.6492475101479835
0.8515625,0.6221186099658766,1.0,0.5178188467102804,0.64673578664654
0.853125,0.6196330654874226,1.0,0.5153040353381131,0.6443533620058078
0.8546875,0.6172884235028586,1.0,0.51297485990389,0.6421020945568803
0.8562500000000001,0.6150865156444836,1.0,0.5108331627003275,0.6399837403260453
0.8578125000000001,0.6130290620408202,1.0,0.5088806377317086,0.6379999516650571
0.859375,0.6111176699728516,1.0,0.5071188293739848,0.6361522759622724
0.8609375,0.6093538326184146,1.0,0.5055491311532336,0.6344421544356629
0.8625,0.6077389278857315,1.0,0.5041727846434291,0.6328709210086403
0.8640625000000001,0.6062742173369884,1.0,0.5029908784844017,0.6314398012695749
0.8656250000000001,0.6049608452028046,1.0,0.5020043475207655,0.6301499115158147
0.8671875,0.6037998374883601,1.0,0.5012139720624884,0.629002257882956
0.86875,0.6027921011718813,1.0,0.5006203772676969,0.6279977355600398
0.8703125,0.6019384234961107,1.0,0.5002240326481981,0.6271371280912901
0.8718750000000001,0.6012394713533133,1.0,0.5000252516981133,0.6264211067649359
0.8734375000000001,0.6006957907643014,1.0,0.5000241916459153,0.6258502300895956
0.875,0.6003078064518825,1.0,0.5002208533300665,0.6254249433586303
0.8765625,0.6000758215090674,1.0,0.5006150811983563,0.6251455783028079
0.878125,0.6000000171622933,1.0,0.501206563430936,0.6250123528315474
0.8796875000000001,0.6000804526298511,1.0,0.5019948321869585,0.6250253708629463
0.8812500000000001,0.6003170650756227,1.0,0.5029792639746218,0.625184622242722
0.8828125,0.6007096696581691,1.0,0.5041590801443292,0.6254899827521332
0.884375,0.6012579596751286,1.0,0.5055333475045722,0.6259412142048719
0.8859375,0.6019615068028124,1.0,0.5071009790600516,0.6265379646328528
0.8875000000000001,0.60281976143081,1.0,0.5088607348714502,0.6272797685607547
0.8890625000000001,0.6038320530913455,1.0,0.5108112230361797,0.6281660473690989
0.890625,0.6049975909830452,1.0,0.5129509007893255,0.6291961097455814
0.8921875,0.6063154645887123,1.0,0.515278075723917,0.6303691522243093
0.89375,0.6077846443866215,1.0,0.5177909071295599,0.6316842598125167
0.8953125000000001,0.6094039826547795,1.0,0.5204874074483694,0.6331404067042747
0.8968750000000001,0.6111722143675262,1.0,0.5233654438470585,0.6347364570806366
0.8984375,0.6130879581837703,1.0,0.5264227399039296,0.636471165995597
0.9,0.6151497175260932,1.0,0.5296568774094413,0.6383431803471699
0.9015625,0.6173558817498717,1.0,0.5330652982789241,0.6403510399328294
0.9031250000000001,0.6197047274015153,1.0,0.5366453065759306,0.6424931785884953
0.9046875000000001,0.622194419564823,1.0,0.5403940706446249,0.6447679254101636
0.90625,0.6248230132944217,1.0,0.5443086253495176,0.6471735060572428
0.9078125,0.6275884551351543,1.0,0.5483858744207804,0.6497080441365676
0.909375,0.6304885847262358,1.0,0.5526225929032821,0.6523695626660165
0.9109375000000001,0.6335211364889286,1.0,0.557015429707409,0.6551559856165932
0.9125000000000001,0.6366837413964068,1.0,0.5615609102596576,0.6580651395317605
0.9140625,0.6399739288244407,1.0,0.5662554392508925,0.6610947552227764
0.915625,0.6433891284814455,1.0,0.5710953034801063,0.6642424695386973
0.9171875,0.6469266724163911,1.0,0.5760766747914253,0.6675058272096747
0.9187500000000001,0.6505837971030017,1.0,0.5811956131020398,0.6708822827621093
0.9203125000000001,0.6543576455986231,1.0,0.5864480695186689,0.6743692025041593
0.921875,0.6582452697760597,1.0,0.591829889540084,0.6779638665800681
0.9234375,0.6622436326266529,1.0,0.5973368163431699,0.6816634710916953
0.925,0.6663496106327884,1.0,0.6029644941499157,0.6854651302856027
0.9265625000000001,0.6705599962079838,1.0,0.6087084716726736,0.689365878803994
0.9281250000000001,0.6748715002026535,1.0,0.6145642056349697,0.6933626739977393
0.9296875,0.679280754473591,1.0,0.6205270643650664,0.6974523982996961
0.93125,0.6837843145151582,1.0,0.6265923314594466,0.7016318616564622
0.9328125,0.6883786621501282,1.0,0.6327552095133174,0.705897804016669
0.9343750000000001,0.6930602082780872,1.0,0.6390108239151787,0.7102468978738801
0.9359375000000001,0.6978252956792308,1.0,0.6453542267024681,0.7146757508620976
0.9375,0.7026702018713868,1.0,0.651780400475215,0.7191809084018683
0.9390625,0.7075911420180094,1.0,0.6582842623646219,0.7237588563949116
0.940625,0.712584271884896,1.0,0.6648606680534284,0.7284060239651733
0.9421875000000001,0.717645690843294,1.0,0.6715044158448757,0.733118786244173
0.9437500000000001,0.7227714449170733,1.0,0.6782102507770633,0.7378934671984574
0.9453125,0.7279575298715656,1.0,0.6849728687794283,0.7427263424969714
0.946875,0.7331998943416715,1.0,0.6917869208680731,0.7476136424160984
0.9484375,0.738494442996783,1.0,0.6986470173766168,0.7525515547801039
0.9500000000000001,0.7438370397400504,1.0,0.7055477322192212,0.7575362279347027
0.9515625000000001,0.7492235109394988,1.0,0.7124836071824312,0.7625637737514073
0.953125,0.7546496486884671,1.0,0.7194491562424203,0.7676302706603384
0.9546875,0.7601112140928201,1.0,0.7264388699042339,0.7727317667091127
0.95625,0.7656039405823667,1.0,0.7334472195596015,0.7778642826454303
0.9578125000000001,0.7711235372439056,1.0,0.740468661859859,0.7830238150209623
0.9593750000000001,0.7766656921732773,1.0,0.7474976431005412,0.7882063393141023
0.9609375,0.7822260758438253,1.0,0.7545286036141554,0.7934078130691657
0.9625,0.787800344488616,1.0,0.7615559821676763,0.7986241790495703
0.9640625,0.7933841434937846,1.0,0.768574220361279,0.803851368402547
0.9656250000000001,0.7989731108003568,1.0,0.775577767024827,0.8090853038329171
0.9671875000000001,0.804562880311888,1.0,0.78256108260865,0.8143219027834466
0.96875,0.8101490853052491,1.0,0.7895186435651227,0.819557080619313
0.9703125,0.815727361841911,1.0,0.796444946717589,0.8247867538141869
0.971875,0.8212933521770489,1.0,0.8033345136131754,0.8300068431354489
0.9734375000000001,0.8268427081638053,1.0,0.8101818948560437,0.8352132768260646
0.9750000000000001,0.8323710946500646,1.0,0.816981674417669,0.8404019937806169
0.9765625,0.8378741928650641,1.0,0.8237284739207174,0.8455689467130413
0.978125,0.8433477037932194,1.0,0.8304169568931462,0.850710105313575
0.9796875,0.8487873515325063,1.0,0.8370418329891604,0.8558214593924642
0.9812500000000001,0.8541888866347976,1.0,0.8435978621736787,0.8608990220079826
0.9828125000000001,0.8595480894255222,1.0,0.8500798588670155,0.8659388325763089
0.984375,0.8648607733000767,1.0,0.8564826960464815,0.8709369599608521
0.9859375,0.8701227879943949,1.0,0.8628013093016722,0.8758895055386021
0.9875,0.875330022827129,1.0,0.8690307008402325,0.8807926062411195
0.9890625000000001,0.880478409910912,1.0,0.8751659434409249,0.8856424375677973
0.9906250000000001,0.8855639273301897,1.0,0.8812021843508862,0.8904352165690305
0.9921875,0.8905826022831332,1.0,0.8871346491239744,0.895167204796985
0.99375,0.8955305141851925,1.0,0.8929586453971827,0.8998347112216473
0.9953125,0.9004037977318519,1.0,0.8986695666021274,0.9044340951098876
0.9968750000000001,0.9051986459182008,1.0,0.9042628956086726,0.9089617688652971
0.9984375000000001,0.9099113130129672,1.0,0.9097342082978194,0.9134142008265687
1.0,0.9145381174846747,1.0,0.91507917706102,0.9177879180222552
1.0015625000000001,0.9190754448776559,1.0,0.920293574223159,0.9220795088797443
1.003125,0.9235197506356586,1.0,0.9253732753864876,0.9262856258863406
1.0046875,0.9278675628708529,1.0,0.9303142626928748,0.9304029882003839
1.00625,0.9321154850760661,1.0,0.935112628001787,0.93442838421036
1.0078125,0.9362601987781292,1.0,0.939764575981479,0.9383586740400096
1.0093750000000001,0.940298466130269,1.0,0.9442664271109695,0.9421907919974877
1.0109375,0.9442271324415072,1.0,0.9486146205904027,0.9459217489666505
1.0125,0.9480431286411057,1.0,0.9528057171575137,0.9495486347386197
1.0140625,0.9517434736761212,1.0,0.9568364018079608,0.9530686202817928
1.015625,0.9553252768401974,1.0,0.9607034864173675,0.9564789599485334
1.0171875000000001,0.9587857400317892,1.0,0.9644039122630181,0.9597769936168252
1.01875,0.9621221599400306,1.0,0.9679347524431919,0.9629601487652091
1.0203125,0.9653319301565637,1.0,0.9712932141922377,0.9660259424793952
1.021875,0.9684125432116601,1.0,0.97447664108955,0.9689719833889765
1.0234375,0.971361592533054,1.0,0.9774825151606972,0.9717959735327366
1.0250000000000001,0.9741767743259561,1.0,0.9803084588690514,0.9744957101511007
1.0265625,0.9768558893727738,1.0,0.9829522369963302,0.9770690874043219
1.028125,0.9793968447511405,1.0,0.9854117584105745,0.9795140980150739
1.0296875,0.9817976554689035,1.0,0.9876850777201579,0.9818288348341602
1.03125,0.9840564460147972,1.0,0.9897703968125177,0.9840114923281206
1.0328125000000001,0.9861714518235933,1.0,0.9916660662763992,0.9860603679875808
1.034375,0.9881410206545751,1.0,0.993370586706478,0.987973863655235
1.0359375,0.9899636138822685,1.0,0.9948826098893359,0.9897504867724376
1.0375,0.9916378076984141,1.0,0.9962009398698481,0.9913888515434234
1.0390625,0.9931622942242442,1.0,0.9973245338971398,0.9928876800162499
1.0406250000000001,0.9945358825321982,1.0,0.9982525032493644,0.994245803079624
1.0421875,0.9957574995762727,1.0,0.9989841139366495,0.9954621613748257
1.04375,0.9968261910302854,1.0,0.9995187872816569,0.9965358061220274
1.0453125,0.9977411220333927,1.0,0.9998561003772949,0.9974658998603576
1.046875,0.9985015778422831,1.0,0.9999957864212219,0.9982517171011336
1.0484375000000001,0.9991069643895336,1.0,0.999937734926878,0.9988926448937562
1.05,0.999556808747695,1.0,0.9996819918108754,0.9993881833038201
1.0515625,0.9998507594987421,1.0,0.9992287593566802,0.9997379458030718
1.053125,0.9999885870086015,1.0,0.9985783960546134,0.9999416595709086
1.0546875,0.9999701836065409,1.0,0.9977314163182986,0.9999991657071817
1.0562500000000001,0.9997955636692825,1.0,0.996688490077779,0.9999104193561426
1.0578125,0.9994648636097705,1.0,0.9954504422496278,0.9996754897414302
1.059375,0.998978341770607,1.0,0.9940182520844688,0.9992945601120761
1.0609375,0.9983363782222333,1.0,0.9923930523924246,0.9987679275995663
1.0625,0.9975394744660208,1.0,0.9905761286471068,0.9980960029860748
1.0640625000000001,0.996588253042497,1.0,0.988568917968851,0.9972793103840455
1.065625,0.9954834570450192,1.0,0.9863730079880095,0.9963184868273766
1.0671875,0.9942259495392689,1.0,0.9839901355891919,0.995214281774523
1.06875,0.9928167128890263,1.0,0.9814221855374522,0.9939675565239061
1.0703125,0.9912568479887491,1.0,0.9786711889875116,0.9925792835420876
1.0718750000000001,0.9895475734035535,1.0,0.9757393218771857,0.9910505457052273
1.0734375,0.9876902244172736,1.0,0.9726289032063001,0.9893825354544242
1.075,0.9856862519893377,1.0,0.9693423932024443,0.9875765538655902
1.0765625,0.98353722162128,1.0,0.9658823913750205,0.9856340096345899
1.078125,0.9812448121337737,1.0,0.9622516344591309,0.9835564179784351
1.0796875000000001,0.9788108143551354,1.0,0.9584529942509152,0.9813453994533885
1.08125,0.9762371297223339,1.0,0.9544894753360688,0.9790026786909047
1.0828125,0.9735257687955875,1.0,0.9503642127133224,0.9765300830523871
1.084375,0.9706788496877162,1.0,0.9460804693147719,0.9739295412038154
1.0859375,0.967698596409476,1.0,0.9416416334250229,0.9712030816113559
1.0875000000000001,0.9645873371321597,1.0,0.9370512160011757,0.9683528309591214
1.0890625,0.9613475023688365,1.0,0.932312847895791,0.9653810124903239
1.090625,0.9579816230756323,1.0,0.9274302769850151,0.9622899442731067
1.0921875,0.9544923286745515,1.0,0.9224073652041458,0.9590820373924118
1.09375,0.9508823449993756,1.0,0.917248085492988,0.955759794069296
1.0953125000000001,0.9471544921662416,1.0,0.911956518653397,0.9523258057091527
1.096875,0.9433116823705728,1.0,0.9065368501215185,0.9487827508803764
1.0984375,0.9393569176120713,1.0,0.9009933666572579,0.945133393225031
1.1,0.9352932873495596,1.0,0.8953304529536089,0.9413805793031644
1.1015625,0.9311239660874999,1.0,0.8895525881685276,0.9375272363724451
1.1031250000000001,0.92685221089607,1.0,0.883664342382074,0.9335763701048492
1.1046875,0.922481358866747,1.0,0.8776703729816532,0.9295310622421896
1.10625,0.9180148245053713,1.0,0.8715754209781865,0.9253944681923028
1.1078125,0.9134560970647382,1.0,0.8653843072561443,0.9211698145677786
1.109375,0.9088087378187991,1.0,0.85910192876041,0.9168603966691508
1.1109375000000001,0.9040763772805924,1.0,0.8527332546229662,0.9124695759145034
1.1125,0.8992627123660968,1.0,0.8462833222325002,0.9080007772175126
1.1140625,0.8943715035061964,1.0,0.8397572332500085,0.9034574863159531
1.115625,0.889406571709039,1.0,0.8331601495735689,0.898843247052766
1.1171875,0.8843717955750696,1.0,0.826497289255474,0.8941616586118032
1.1187500000000001,0.8792711082670661,1.0,0.8197739223749347,0.8894163727104007
1.1203125,0.8741084944375618,1.0,0.8129953668696459,0.8846110907509817
1.121875,0.8688879871160329,1.0,0.8061669843294884,0.8797495609338968
1.1234375,0.8636136645583019,1.0,0.7992941757557052,0.8748355753337675
1.125,0.8582896470606094,1.0,0.7923823772889146,0.8698729669416057
1.1265625000000001,0.8529200937408377,1.0,0.7854370559093128,0.8648656066750117
1.128125,0.8475091992894168,1.0,0.778463705112499,0.8598174003588003
1.1296875,0.8420611906924309,1.0,0.7714678405643159,0.8547322856783862
1.13125,0.8365803239295029,1.0,0.7644549957381597,0.849614229108326
1.1328125,0.8310708806490287,1.0,0.7574307175382106,0.8444672228184034
1.1343750000000001,0.8255371648233523,1.0,0.7504005619120262,0.8392952815596656
1.1359375,0.8199834993865119,1.0,0.7433700894559971,0.8341024395328555
1.1375,0.8144142228571627,1.0,0.736344861017113,0.8288927472416627
1.1390625,0.8088336859493311,1.0,0.7293304332945347,0.8236702683332651
1.140625,0.8032462481736459,1.0,0.7223323544444562,0.8184390764286184
1.1421875000000001,0.7976562744316826,1.0,0.7153561596917057,0.8132032519449577
1.14375,0.7920681316061154,1.0,0.7084073669515938,0.8079668789130108
1.1453125,0.7864861851493057,1.0,0.701491472465437,0.80273404179138
1.146875,0.7809147956730171,1.0,0.694613946453232,0.7975088222805979
1.1484375,0.7753583155419114,1.0,0.6877802287869192,0.7922952961393361
1.1500000000000001,0.7698210854734795,1.0,0.6809957246876324,0.787097530005239
1.1515625,0.7643074311470832,1.0,0.6742658004503743,0.7819195782228843
1.153125,0.7588216598247325,1.0,0.6675957791994683,0.7767654796813218
1.1546875,0.753368056986259,1.0,0.6609909366781603,0.7716392546636746
1.15625,0.747950882981504,1.0,0.6544564970757066,0.7665449017112518
1.1578125000000001,0.7425743697021332,1.0,0.6479976288952205,0.7614863945046164
1.159375,0.7372427172756906,1.0,0.6416194408655844,0.7564676787640522
1.1609375,0.731960090784459,1.0,0.6353269779006248,0.7514926691718311
1.1625,0.7267306170117022,1.0,0.6291252171087709,0.7465652463186985
1.1640625,0.7215583812178297,1.0,0.623019063856349,0.7416892536769482
1.1656250000000001,0.7164474239489871,1.0,0.6170133478876096,0.736868494602446
1.1671875,0.7114017378805919,1.0,0.6111128195045821,0.7321067293679535
1.16875,0.7064252646982541,1.0,0.6053221458097549,0.7274076722300479
1.1703125,0.701521892018537,1.0,0.5996459070145679,0.7227749885319412
1.171875,0.6966954503519558,1.0,0.5940885928166377,0.7182122918444538
1.1734375000000001,0.6919497101105824,1.0,0.5886545988485641,0.7137231411473637
1.175,0.6872883786626067,1.0,0.5833482232011507,0.709311038053348
1.1765625,0.6827150974361407,1.0,0.578173663023768,0.7049794240766624
1.178125,0.6782334390745389,1.0,0.5731350112045616,0.7007316779487035
1.1796875,0.6738469046454545,1.0,0.5682362531331321,0.6965711129825443
1.1812500000000001,0.6695589209058039,1.0,0.5634812635482307,0.6925009744884902
1.1828125,0.6653728376247927,1.0,0.5588738034729883,0.6885244372426871
1.184375,0.6612919249670739,1.0,0.5544175172400794,0.6846446030107389
1.1859375,0.6573193709381002,1.0,0.5501159296091878,0.6808644981282809
1.1875,0.653458278893658,1.0,0.5459724429790553,0.6771870711403873
1.1890625000000001,0.6497116651155268,1.0,0.5419903346963031,0.673615190501655
1.190625,0.6460824564551639,1.0,0.5381727544631738,0.670151642338763
1.1921875,0.642573488047248,1.0,0.5345227218462298,0.6667991282772459
1.19375,0.6391875010948769,1.0,0.5310431238879862,0.6635602633341795
1.1953125,0.6359271407281419,1.0,0.5277367128233692,0.6604375738784278
1.1968750000000001,0.6327949539377531,1.0,0.5246061039027936,0.657433495660028
1.1984375,0.6297933875853337,1.0,0.5216537733236001,0.6545503719102683
1.2000000000000002,0.6269247864919323,1.0,0.5188820562714695,0.6517904515139261
1.2015625,0.6241913916062531,1.0,0.5162931450733791,0.6491558872551024
1.203125,0.6215953382540262,1.0,0.5138890874635501,0.6466487341380118
1.2046875000000001,0.6191386544698941,1.0,0.5116717849637658,0.6442709477840461
1.20625,0.6168232594131133,1.0,0.5096429913793374,0.6420243829063575
1.2078125000000002,0.6146509618683078,1.0,0.5078043114119073,0.6399107918631495
1.209375,0.6126234588324486,1.0,0.5061571993901886,0.6379318232908101
1.2109375,0.6107423341891611,1.0,0.5047029581196449,0.6360890208179465
1.2125000000000001,0.609009057471396,1.0,0.5034427378520185,0.6343838218613289
1.2140625,0.607424982713433,1.0,0.5023775353755235,0.632817556504683
1.2156250000000002,0.605991347393108,1.0,0.5015081932264218,0.6313914464612003
1.2171875,0.604709271465099,1.0,0.5008353990226088,0.6301066041205827
1.21875,0.6035797564860166,1.0,0.5003596849197319,0.6289640316813596
1.2203125000000001,0.6026036848319891,1.0,0.5000814271902756,0.627964620369156
1.221875,0.6017818190093525,1.0,0.5000008459259433,0.627109149741522
1.2234375000000002,0.6011148010589793,1.0,0.500118004863572,0.6263982870798647
1.225,0.6006031520547179,1.0,0.5004328113347207,0.6258325868689575
1.2265625,0.6002472716963296,1.0,0.5009450163389659,0.6254124903644326
1.2281250000000001,0.600047437997244,1.0,0.501654214740853,0.6251383252485945
1.2296875,0.6000038070673748,1.0,0.5025598455903428,0.6250103053748222
1.2312500000000002,0.6001164129911666,1.0,0.5036611925665033,0.6250285306007595
1.2328125,0.6003851678009688,1.0,0.5049573845440929,0.6251929867104254
1.234375,0.6008098615457556,1.0,0.5064473962825886,0.6255035454253021
1.2359375000000001,0.6013901624551392,1.0,0.5081300492371145,0.6259599645043941
1.2375,0.6021256171985492,1.0,0.5100040124906267,0.6265618879331808
1.2390625000000002,0.6030156512393732,1.0,0.5120678038066206,0.6273088462013141
1.240625,0.6040595692837852,1.0,0.5143197908015267,0.628200256668843
1.2421875,0.6052565558239082,1.0,0.5167581922358646,0.6292354240206842
1.2437500000000001,0.606605675774888,1.0,0.5193810794231406,0.6304135408089783
1.2453125,0.6081058752053807,1.0,0.5221863777553655,0.6317336880829126
1.2468750000000002,0.6097559821608836,1.0,0.5251718683439964,0.6331948361055195
1.2484375,0.611554707579264,1.0,0.5283351897749953,0.6347958451568865
1.25,0.6135006462977745,1.0,0.5316738399766211,0.6365354664231586
1.2515625000000001,0.6155922781507643,1.0,0.5351851781984784,0.6384123429706332
1.253125,0.6178279691572313,1.0,0.538866427100252,0.6404250108041909
1.2546875000000002,0.620205972797287,1.0,0.5427146749484846,0.6425719000092371
1.25625,0.6227244313765355,1.0,0.5467268779196501,0.6448513359762602
1.2578125,0.6253813774773043,1.0,0.5508998625077068,0.6472615407070565
1.2593750000000001,0.628174735495588,1.0,0.5552303280342259,0.6498006342015984
1.2609375,0.6311023232625083,1.0,0.5597148492591053,0.652466635924464
1.2625000000000002,0.6341618537490241,1.0,0.564349879089812,0.655257466349691
1.2640625,0.637350936852553,1.0,0.5691317513870021,0.6581709485828384
1.265625,0.640667081264122,1.0,0.5740566838643019,0.6612048100590037
1.2671875000000001,0.6441076964145738,1.0,0.5791207810799601,0.6643566843154599
1.26875,0.6476700944983151,1.0,0.5843200375179978,0.6676241128375351
1.2703125000000002,0.651351492573032,1.0,0.5896503407564273,0.671004546976298
1.271875,0.6551490147337187,1.0,0.5951074747200276,0.6744953499365431
1.2734375,0.6590596943593345,1.0,0.6006871230151047,0.6780937988335387
1.2750000000000001,0.6630804764303245,1.0,0.6063848723436032,0.6817970868169201
1.2765625,0.6672082199151971,1.0,0.6121962159938603,0.6856023252600799
1.2781250000000002,0.6714397002242981,1.0,0.6181165574052553,0.6895065460133473
1.2796875,0.6757716117288537,1.0,0.6241412138039175,0.6935067037191911
1.28125,0.680200570343328,1.0,0.6302654199066304,0.6975996781876532
1.2828125000000001,0.6847231161690668,1.0,0.6364843316899979,0.7017822768301469
1.284375,0.6893357161971652,1.0,0.6427930302218858,0.7060512371497285
1.2859375000000002,0.6940347670684557,1.0,0.6491865255521234,0.7104032292859028
1.2875,0.6988165978884426,1.0,0.6556597606593677,0.7148348586119657
1.2890625,0.7036774730950093,1.0,0.6622076154510241,0.719342668382874
1.2906250000000001,0.7086135953766316,1.0,0.6688249108130534,0.7239231424315623
1.2921875,0.7136211086388334,1.0,0.6755064127064578,0.728572707911611
1.2937500000000002,0.7186961010165687,1.0,0.6822468363072209,0.7332877380841298
1.2953125,0.7238346079301614,1.0,0.689040850186406,0.7380645551466704
1.296875,0.7290326151824377,1.0,0.6958830805271236,0.7428994331019777
1.2984375000000001,0.7342860620946094,1.0,0.7027681153750243,0.747788600664329
1.3,0.7395908446784722,1.0,0.7096905089189537,0.7527282442011971
1.3015625000000002,0.7449428188424423,1.0,0.7166447857983962,0.757714510707953
1.303125,0.7503378036289109,1.0,0.723625445434281,0.7627435108132676
1.3046875,0.7557715844804103,1.0,0.73062696637974,0.7678113218128924
1.3062500000000001,0.7612399165320201,1.0,0.7376438106873725,0.7729139907294312
1.3078125,0.76673852792745,1.0,0.7446704282895544,0.7780475373957277
1.3093750000000002,0.7722631231562154,1.0,0.7517012613883461,0.7832079575594664
1.3109375,0.7778093864092805,1.0,0.7587307488515025,0.7883912260065511
1.3125,0.7833729849505698,1.0,0.7657533306111273,0.7935932997008448
1.3140625000000001,0.7889495725016963,1.0,0.7727634520614843,0.7988101209378027
1.315625,0.7945347926372652,1.0,0.7797555684524851,0.8040376205095476
1.3171875000000002,0.8001242821881194,1.0,0.7867241492753871,0.8092717208789255
1.31875,0.8057136746498345,1.0,0.7936636826372231,0.814508339360047
1.3203125,0.8112986035938343,1.0,0.8005686796205058,0.8197433913028552
1.3218750000000001,0.8168747060784389,1.0,0.8074336786247639,0.8249727932792197
1.3234375,0.8224376260571887,1.0,0.8142532496864637,0.830192466268076
1.3250000000000002,0.827983017781789,1.0,0.8210219987739183,0.8353983388371357
1.3265625,0.8335065491969993,1.0,0.8277345720537657,0.840586350318666
1.328125,0.8390039053248363,1.0,0.8343856601256562,0.8457524539768835
1.3296875000000001,0.8444707916354286,1.0,0.8409700022217952,0.8508926201644733
1.33125,0.8499029374018974,1.0,0.8474823903680156,0.85600283946578
1.3328125000000002,0.8552960990366503,1.0,0.8539176735030993,0.8610791258242233
1.334375,0.860646063406462,1.0,0.8602707615530757,0.8661175196514834
1.3359375,0.8659486511237753,1.0,0.8665366294572852,0.8711140909160512
1.3375000000000001,0.8711997198116339,1.0,0.8727103211430194,0.8760649422087163
1.3390625,0.8763951673396992,1.0,0.8787869534455903,0.8809662117826098
1.3406250000000002,0.8815309350288388,1.0,0.8847617199707404,0.8858140765654359
1.3421875,0.8866030108217564,1.0,0.8906298948963214,0.8906047551415266
1.34375,0.8916074324172117,1.0,0.896386836710248,0.8953345107014147
1.3453125000000001,0.8965402903653653,1.0,0.9020279918817654,0.8999996539566049
1.346875,0.9013977311218356,1.0,0.9075488984631226,0.9045965460172792
1.3484375000000002,0.9061759600580885,1.0,0.9129451896188144,0.9091216012306963
1.35,0.9108712444257935,1.0,0.9182125970795867,0.9135712899780553
1.3515625,0.915479916272847,1.0,0.9233469545184813,0.9179421414276621
1.3531250000000001,0.9199983753087723,1.0,0.9283442008462496,0.9222307462422341
1.3546875,0.9244230917172611,1.0,0.9332003834235234,0.9264337592382392
1.3562500000000002,0.9287506089136671,1.0,0.9379116611872119,0.9305479019951983
1.3578125,0.932977546245283,1.0,0.9424743076886402,0.9345699654129039
1.359375,0.9371006016323064,1.0,0.9468847140410339,0.9384968122145759
1.3609375000000001,0.9411165541474211,1.0,0.9511393917740184,0.9423253793939883
1.3625,0.9450222665319793,1.0,0.9552349755928685,0.9460526806046636
1.3640625000000002,0.9488146876468317,1.0,0.9591682260403376,0.9496758084892769
1.365625,0.952490854855869,1.0,0.9629360320589472,0.9531919369474392
1.3671875,0.9560478963404341,1.0,0.966535413451721,0.9565983233401062
1.3687500000000001,0.9594830333427834,1.0,0.969963523239412,0.9598923106288815
1.3703125,0.9627935823368485,1.0,0.9732176499123573,0.9630713294485493
1.3718750000000002,0.9659769571246075,1.0,0.9762952195751858,0.9661329001112261
1.3734375,0.9690306708564173,1.0,0.9791937979826744,0.9690746345405543
1.375,0.9719523379737411,1.0,0.9819110924651462,0.9718942381344455
1.3765625000000001,0.9747396760727438,1.0,0.9844449537418901,0.9745895115549067
1.378125,0.9773905076873023,1.0,0.9867933776211616,0.9771583524435602
1.3796875000000002,0.9799027619900433,1.0,0.9889545065854268,0.9795987570615203
1.38125,0.9822744764100686,1.0,0.9909266312605904,0.9819088218523407
1.3828125,0.9845037981661164,1.0,0.992708191768048,0.9840867449268229
1.3843750000000001,0.9865889857139514,1.0,0.9942977789584935,0.9861308274685184
1.3859375,0.9885284101068564,1.0,0.9956941355265035,0.9880394750588335
1.3875000000000002,0.9903205562681671,1.0,0.9968961570050224,0.9898111989207043
1.3890625,0.9919640241748447,1.0,0.9979028926389532,0.9914446170798661
1.390625,0.9934575299511768,1.0,0.9987135461371711,0.9929384554428171
1.3921875000000001,0.9947999068717371,1.0,0.999327476302361,0.9942915487906332
1.39375,0.9959901062728315,1.0,0.9997441975381799,0.9955028416878566
1.3953125000000002,0.9970271983717129,1.0,0.9999633802333474,0.9965713893057553
1.396875,0.997910372992927,1.0,0.9999848510223553,0.9974963581593033
1.3984375,0.9986389402012203,1.0,0.9998085929225935,0.9982770267573143
1.4000000000000001,0.9992123308405173,1.0,0.9994347453477825,0.9989127861652165
1.4015625,0.9996300969785444,1.0,0.9988636039977029,0.9994031404800311
1.4031250000000002,0.9998919122567544,1.0,0.9980956206243069,0.9997477072171859
1.4046875,0.9999975721452775,1.0,0.9971314026743993,0.9999462176088592
1.40625,0.9999469941026997,1.0,0.9959717128091693,0.999998516813623
1.4078125000000001,0.9997402176405443,1.0,0.9946174683009532,0.9999045640372224
1.409375,0.9993774042924056,1.0,0.993069740307706,0.9996644325643953
1.4109375000000002,0.9988588374877584,1.0,0.9913297530257538,0.9992783097017096
1.4125,0.9981849223305442,1.0,0.9893988827214996,0.9987464966314604
1.4140625,0.9973561852827031,1.0,0.9872786566428469,0.9980694081767432
1.4156250000000001,0.9963732737529031,1.0,0.9849707518112019,0.9972475724778845
1.4171875,0.9952369555907848,1.0,0.982476993695012,0.9962816305804842
1.4187500000000002,0.9939481184871177,1.0,0.9797993547658854,0.9951723359353886
1.4203125,0.9925077692803371,1.0,0.9769399529384392,0.9939205538109865
1.421875,0.9909170331700028,1.0,0.9739010498951053,0.9925272606182853
1.4234375000000001,0.9891771528377938,1.0,0.9706850492972229,0.9909935431492937
1.425,0.9872894874767275,1.0,0.967294494883831,0.9893205977293068
1.4265625000000002,0.9852555117293577,1.0,0.9637320684596614,0.987509729283751
1.428125,0.9830768145357867,1.0,0.9600005877739309,0.9855623503203216
1.4296875,0.9807550978923855,1.0,0.9561030042916042,0.9834799798272019
1.4312500000000001,0.9782921755221958,1.0,0.9520424008588918,0.9812642420882278
1.4328125,0.9756899714580527,1.0,0.9478219892648341,0.9789168654159195
1.4343750000000002,0.9729505185395289,1.0,0.9434451077008899,0.9764396808033676
1.4359375,0.9700759568248856,1.0,0.9389152181205509,0.9738346204960298
1.4375,0.9670685319192578,1.0,0.934235903501063,0.9711037164845444
1.4390625000000001,0.9639305932203917,1.0,0.9294108650094208,0.968249098919746
1.440625,0.9606645920832966,1.0,0.9244439190748823,0.9652729944511115
1.4421875000000002,0.9572730799052469,1.0,0.9193389943703093,0.9621777244899351
1.44375,0.9537587061326358,1.0,0.914100128704733,0.958965703398591
1.4453125,0.9501242161912272,1.0,0.9087314658295934,0.9556394366072877
1.4468750000000001,0.9463724493414324,1.0,0.9032372521611836,0.9522015186597916
1.4484375,0.9425063364602839,1.0,0.8976218334218907,0.9486546311896412
1.4500000000000002,0.9385288977518338,1.0,0.891889651202886,0.9450015408284242
1.4515625,0.9344432403877762,1.0,0.8860452394509893,0.941245097047763
1.453125,0.9302525560801242,1.0,0.8800932208824834,0.9373882299366755
1.4546875000000001,0.9259601185878493,1.0,0.8740383033267127,0.9334339479160576
1.45625,0.9215692811594243,1.0,0.8678852760023652,0.9293853353920669
1.4578125000000002,0.9170834739132652,1.0,0.8616390057293714,0.9252455503502306
1.459375,0.9125062011581303,1.0,0.8553044330794296,0.9210178218921671
1.4609375,0.907841038655553,1.0,0.8488865684681943,0.9167054477168302
1.4625000000000001,0.9030916308264608,1.0,0.842390488192219,0.9123117915482498
1.4640625,0.8982616879041616,1.0,0.835821330413794,0.9078402805117725
1.4656250000000002,0.8933549830359044,1.0,0.8291842910968436,0.9032944024608425
1.4671875,0.8883753493353074,1.0,0.8224846198971107,0.8986777032564224
1.46875,0.8833266768879278,1.0,0.815727616009871,0.8939937840011579
1.4703125000000001,0.8782129097123325,1.0,0.8089186239784608,0.8892462982304595
1.471875,0.8730380426790357,1.0,0.8020630294669435,0.8844389490626854
1.4734375000000002,0.8678061183897056,1.0,0.7951662550002394,0.8795754863106429
1.475,0.8625212240190918,1.0,0.7882337556751104,0.8746597035566765
1.4765625,0.8571874881221242,1.0,0.7812710148453776,0.8696954351936066
1.4781250000000001,0.8518090774086909,1.0,0.7742835397847863,0.8646865534338393
1.4796875,0.84639019348861,1.0,0.7672768573309581,0.8596369652889794
1.4812500000000002,0.8409350695893313,1.0,0.7602565095138589,0.8545506095222903
1.4828125,0.8354479672489477,1.0,0.7532280491722587,0.8494314535763989
1.484375,0.8299331729870807,1.0,0.7461970355616379,0.8442834904786184
1.4859375000000001,0.8243949949562565,1.0,0.7391690299570186,0.8391107357263227
1.4875,0.8188377595763853,1.0,0.7321495912542031,0.8339172241547932
1.4890625000000002,0.8132658081549574,1.0,0.7251442715728842,0.8287070067899751
1.490625,0.8076834934956256,1.0,0.7181586118651251,0.8234841476886148
1.4921875,0.8020951764977927,1.0,0.7111981375326679,0.8182527207682221
1.4937500000000001,0.7965052227498837,1.0,0.7042683540565415,0.8130168066293497
1.4953125,0.7909179991189532,1.0,0.6973747426424313,0.8077804893726577
1.4968750000000002,0.7853378703392877,1.0,0.6905227558852391,0.8025478534132419
1.4984375,0.7797691956026854,1.0,0.6837178134562845,0.7973229802947275
1.5,0.7742163251530534,1.0,0.6769652978165409,0.7921099455055919
1.5015625000000001,0.7686835968880035,1.0,0.6702705499593054,0.7869128153002173
1.503125,0.7631753329700923,1.0,0.6636388651856708,0.7817356435271465
1.5046875000000002,0.757695836450347,1.0,0.657075488916131,0.7765824684670084
1.50625,0.7522493879067305,1.0,0.6505856125416487,0.771457309682597
1.5078125,0.7468402421001532,1.0,0.6441743693174533,0.7663641648835396
1.5093750000000001,0.74147262465066,1.0,0.6378468303028226,0.7613070068080203
1.5109375,0.7361507287363804,1.0,0.6316080003500639,0.7562897801239777
1.5125000000000002,0.7308787118178168,1.0,0.6254628141458537,0.7513163983521944
1.5140625,0.7256606923900479,1.0,0.6194161323080829,0.7463907408136901
1.515625,0.7205007467653551,1.0,0.6134727375412863,0.7415166496037819
1.5171875000000001,0.7154029058888154,1.0,0.6076373308536958,0.736697926595188
1.51875,0.710371152189332,1.0,0.6019145278389186,0.731938330472504
1.5203125000000002,0.7054094164685598,1.0,0.596308855025166,0.7272415738003629
1.521875,0.7005215748301716,1.0,0.5908247462949381,0.7226113201275772
1.5234375,0.6957114456518447,1.0,0.5854665393779842,0.7180511811295047
1.5250000000000001,0.6909827866023497,1.0,0.580238472420316,0.7135647137908836
1.5265625,0.6863392917060643,1.0,0.5751446806319913,0.7091554176313265
1.5281250000000002,0.6817845884572011,1.0,0.5701891930163103,0.7048267319756327
1.5296875,0.677322234986016,1.0,0.5653759291830237,0.7005820332710608
1.53125,0.6729557172791967,1.0,0.5607086962480635,0.6964246324536414
1.5328125000000001,0.6686884464566145,1.0,0.556191185822253,0.692357772365591
1.534375,0.6645237561065616,1.0,0.5518269710913801,0.6883846252258443
1.5359375000000002,0.6604648996815505,1.0,0.5476195039899333,0.6845082901556651
1.5375,0.656515047956727,1.0,0.5435721124707511,0.6807317907612852
1.5390625,0.6526772865528554,1.0,0.5396879978727317,0.6770580727754367
1.5406250000000001,0.648954613525838,1.0,0.5359702323886901,0.6734900017596329
1.5421875,0.6453499370246387,1.0,0.5324217566353682,0.6700303608689837
1.5437500000000002,0.6418660730194343,1.0,0.5290453773275108,0.6666818486812851
1.5453125,0.638505743101786,1.0,0.5258437650578595,0.6634470770920858
1.546875,0.6352715723585305,1.0,0.5228194521848102,0.6603285692773639
1.5484375000000001,0.6321660873210665,1.0,0.5199748308294103,0.6573287577254069
1.55,0.6291917139916314,1.0,0.5173121509832788,0.6544499823394322
1.5515625000000002,0.6263507759481077,1.0,0.5148335187289439,0.6516944886124203
1.553125,0.6236454925288485,1.0,0.5125408945740095,0.6490644258755961
1.5546875,0.6210779770989305,1.0,0.5104360919004655,0.6465618456219118
1.5562500000000001,0.6186502353991963,1.0,0.5085207755303677,0.6441886999058491
1.5578125,0.6163641639793707,1.0,0.5067964604090263,0.641946839820785
1.5593750000000002,0.6142215487164775,1.0,0.505264510406737,0.6398380140551062
1.5609375,0.6122240634197154,1.0,0.5039261372400118,0.6378638675282042
1.5625,0.6103732685228772,1.0,0.5027823995131533,0.6360259401074102
1.5640625000000001,0.6086706098653419,1.0,0.5018342018809392,0.6343256654068722
1.565625,0.6071174175625873,1.0,0.5010822943330727,0.6327643696693137
1.5671875000000002,0.6057149049671016,1.0,0.5005272716009672,0.63134327073154
1.56875,0.6044641677205169,1.0,0.5001695726873372,0.6300634770745069
1.5703125,0.6033661828976928,1.0,0.5000094805189614,0.6289259869586861
1.5718750000000001,0.6024218082434272,1.0,0.5000471217228992,0.6279316876454051
1.5734375,0.6016317815023866,1.0,0.5002824665263326,0.6270813547047696
1.5750000000000002,0.6009967198427807,1.0,0.5007153287801163,0.6263756514107044
1.5765625,0.6005171193742309,1.0,0.5013453661060134,0.6258151282235903
1.578125,0.6001933547602103,1.0,0.5021720801675056,0.6254002223608941
1.5796875000000001,0.6000256789253564,1.0,0.5031948170639585,0.6251312574561326
1.58125,0.6000142228578869,1.0,0.504412767847833,0.6250084433064332
1.5828125000000002,0.600158995507272,1.0,0.5058249691645331,0.6250318757088883
1.584375,0.6004598837772426,1.0,0.5074303040143853,0.6252015363858315
1.5859375,0.6009166526141414,1.0,0.5092275026361431,0.6255172929990954
1.5875000000000001,0.6015289451905464,1.0,0.5112151435113234,0.6259788992532371
1.5890625,0.6022962831840244,1.0,0.5133916544885734,0.6265859950876526
1.5906250000000002,0.6032180671507956,1.0,0.5157553140271873,0.6273381069574306
1.5921875,0.6042935769940192,1.0,0.518304252558781,0.6282346482027248
1.59375,0.605521972526332,1.0,0.5210364539660526,0.6292749195063594
1.5953125000000001,0.6069022941262023,1.0,0.5239497571774574,0.6304581094393068
1.596875,0.608433463487585,1.0,0.5270418578765362,0.6317832950936171
1.5984375000000002,0.6101142844622939,1.0,0.5303103103245468,0.6332494428023011
1.6,0.6119434439944311,1.0,0.5337525292949529,0.634855408945608
1.6015625,0.6139195131461457,1.0,0.537365792118244,0.6365999408430677
1.6031250000000001,0.6160409482139184,1.0,0.5411472408354685,0.6384816777306036
1.6046875,0.6183060919345014,1.0,0.5450938844587729,0.6404991518219493
1.6062500000000002,0.6207131747795712,1.0,0.549202601337166,0.6426507894535488
1.6078125,0.6232603163380823,1.0,0.5534701416256301,0.6449349123120383
1.609375,0.6259455267852432,1.0,0.5578931298556296,0.6473497387433603
1.6109375000000001,0.6287667084369659,1.0,0.5624680676049838,0.6498933851424833
1.6125,0.6317216573885729,1.0,0.5671913362649893,0.652563867422644
1.6140625000000002,0.6348080652364891,1.0,0.5720591999026103,0.6553591025629701
1.615625,0.6380235208815614,1.0,0.5770678082154632,0.6582769102332693
1.6171875,0.6413655124126099,1.0,0.5822131995772659,0.6613150144947257
1.6187500000000001,0.6448314290687294,1.0,0.5874913041713399,0.6644710455751687
1.6203125,0.6484185632788122,1.0,0.5928979472096836,0.667742541717534
1.6218750000000002,0.6521241127767041,1.0,0.5984288522350822,0.6711269511000787
1.6234375,0.655945182790328,1.0,0.604079644503626,0.6746216338268405
1.625,0.659878788303081,1.0,0.6098458544449734,0.6782238639868046
1.6265625000000001,0.6639218563857248,1.0,0.6157229211976194,0.6819308317801581
1.628125,0.6680712285969548,1.0,0.6217061962163666,0.6857396457099804
1.6296875000000002,0.6723236634507743,1.0,0.6277909469491597,0.689647334837661
1.63125,0.6766758389487372,1.0,0.6339723605803588,0.693650851100279
1.6328125,0.6811243551750934,1.0,0.6402455478375002,0.6977470716881453
1.6343750000000001,0.6856657369527993,1.0,0.6466055468585348,0.7019328014806463
1.6359375,0.6902964365583202,1.0,0.6530473271164756,0.7062047755384883
1.6375000000000002,0.6950128364931147,1.0,0.6595657933983659,0.7105596616504101
1.6390625,0.6998112523096136,1.0,0.6661557898354036,0.714994062932358
1.640625,0.704687935489515,1.0,0.6728121039810457,0.7195045204771169
1.6421875000000001,0.7096390763721199,1.0,0.6795294709338642,0.7240875160523137
1.64375,0.7146608071304339,1.0,0.6863025775018878,0.7287394748446955
1.6453125000000002,0.719749204792715,1.0,0.6931260664051471,0.7334567682485486
1.646875,0.724900294307091,1.0,0.6999945405130844,0.7382357166960661
1.6484375,0.7301100516468704,1.0,0.7069025671134881,0.7430725925274774
1.6500000000000001,0.7353744069541074,1.0,0.7138446822095701,0.7479636228986827
1.6515625,0.7406892477189687,1.0,0.7208153948417841,0.7529049927241328
1.6531250000000002,0.746050421992428,1.0,0.7278091914309801,0.7578928476526644
1.6546875,0.7514537416297591,1.0,0.7348205401394398,0.7629232970739535
1.65625,0.7568949855623157,1.0,0.7418438952463594,0.7679924171532602
1.6578125000000001,0.7623699030950253,1.0,0.7488737015343137,0.7730962538920847
1.659375,0.7678742172270252,1.0,0.7559043986832259,0.7782308262123494
1.6609375000000002,0.7734036279928587,1.0,0.7629304256683831,0.7833921290617119
1.6625,0.7789538158215953,1.0,0.7699462251590012,0.7885761365375662
1.6640625,0.7845204449112847,1.0,0.7769462479138702,0.7937788050273207
1.6656250000000001,0.7900991666160775,1.0,0.7839249571706032,0.7989960763624798
1.6671875,0.7956856228433815,1.0,0.7908768330250092,0.8042238809840827
1.6687500000000002,0.8012754494584049,1.0,0.7977963767971414,0.809458141117031
1.6703125,0.8068642796934093,1.0,0.8046781153805486,0.8146947739508172
1.671875,0.8124477475590295,1.0,0.811516605571303,0.8199296948241891
1.6734375000000001,0.8180214912549786,1.0,0.8183064383733776,0.8251588204112525
1.675,0.8235811565774805,1.0,0.8250422432769602,0.8303780719065312
1.6765625000000002,0.8291224003207754,1.0,0.8317186925063357,0.8355833782065092
1.678125,0.8346408936700225,1.0,0.8383305052339596,0.8407706790851528
1.6796875,0.8401323255829707,1.0,0.8448724517573998,0.8459359283609607
1.6812500000000001,0.8455924061577406,1.0,0.851339357635841,0.8510750970530505
1.6828125,0.8510168699840882,1.0,0.8577261077828761,0.8561841765238303
1.6843750000000002,0.8564014794755461,1.0,0.8640276505123565,0.8612591816058062
1.6859375,0.8617420281798159,1.0,0.870239001534089,0.866296153710076
1.6875,0.8670343440648511,1.0,0.8763552478962275,0.8712911639140979
1.6890625000000001,0.87227429277804,1.0,0.8823715518712398,0.8762403160263152
1.690625,0.8774577808759602,1.0,0.8882831547823702,0.8811397496252481
1.6921875000000002,0.8825807590221755,1.0,0.8940853807675833,0.8859856430706918
1.69375,0.8876392251505694,1.0,0.8997736404779977,0.8907742164846547
1.6953125,0.8926292275917598,1.0,0.9053434347078936,0.8955017346997312
1.6968750000000001,0.8975468681601383,1.0,0.9107903579534211,0.9001645101725924
1.6984375,0.902388305199127,1.0,0.9161101018971902,0.90475890586033
1.7000000000000002,0.9071497565822826,1.0,0.9212984588159967,0.9092813380574156
1.7015625,0.911827502667884,1.0,0.9263513249089746,0.9137282791910448
1.703125,0.916417889204719,1.0,0.9312647035435537,0.9180962605727083
1.7046875000000001,0.9209173301867792,1.0,0.9360347084166503,0.9223818751038244
1.70625,0.9253223106546439,1.0,0.9406575666285891,0.9265817799333324
1.7078125000000002,0.9296293894413664,1.0,0.9451296216673323,0.9306926990651746
1.709375,0.9338352018607072,1.0,0.9494473363006446,0.9347114259136254
1.7109375,0.9379364623356277,1.0,0.9536072953739159,0.9386348258044847
1.7125000000000001,0.9419299669649779,1.0,0.9576062085114239,0.9424598384201741
1.7140625,0.9458125960263791,1.0,0.9614409127188989,0.9461834801868358
1.7156250000000002,0.9495813164133543,1.0,0.9651083748853407,0.9498028466015724
1.7171875,0.9532331840047822,1.0,0.9686056941820959,0.9533151144980041
1.71875,0.9567653459648461,1.0,0.9719301043573079,0.9567175442483895
1.7203125000000001,0.9601750429716656,1.0,0.975078975923922,0.9600074819005795
1.721875,0.9634596113728748,1.0,0.9780498182395116,0.9631823612481426
1.7234375000000002,0.9666164852664687,1.0,0.9808402814762882,0.9662397058320525
1.725,0.9696431985052798,1.0,0.9834481584797272,0.9691771308723642
1.7265625,0.9725373866235332,1.0,0.9858713865143478,0.9719923451283846
1.7281250000000001,0.975296788683964,1.0,0.9881080488952606,0.9746831526858778
1.7296875,0.9779192490440588,1.0,0.9901563765041954,0.9772474546699138
1.7312500000000002,0.9804027190400435,1.0,0.99201474918881,0.9796832508820288
1.7328125,0.9827452585872957,1.0,0.9936816970441709,0.9819886413604099
1.734375,0.984945037695939,1.0,0.9951559015753942,0.9841618278619005
1.7359375000000001,0.9870003379004291,1.0,0.9964361967405276,0.9862011152646585
1.7375,0.9889095536020152,1.0,0.9975215698728463,0.9881049128903787
1.7390625000000002,0.9906711933230364,1.0,0.9984111624818359,0.989871735745051
1.740625,0.9922838808720599,1.0,0.9991042709322268,0.9915002056772779
1.7421875,0.9937463564189611,1.0,0.9996003470005442,0.9929890524532579
1.7437500000000001,0.995057477479103,1.0,0.9998989983087326,0.9943371147475878
1.7453125,0.9962162198058421,1.0,0.9999999886345129,0.9955433410491161
1.7468750000000002,0.9972216781906712,1.0,0.9999032380982249,0.9966067904811401
1.7484375,0.9980730671703657,1.0,0.99960882322601,0.997526633535304
1.75,0.9987697216405882,1.0,0.9991169768892812,0.9983021527186311
1.7515625000000001,0.9993110973754668,1.0,0.9984280881205309,0.9989327431131789
1.753125,0.9996967714527432,1.0,0.9975427018056198,0.9994179128478858
1.7546875000000002,0.9999264425841607,1.0,0.9964615182527924,0.9997572834822387
1.75625,0.9999999313508294,1.0,0.9951853926387588,0.999950590301463
1.7578125,0.9999171803433878,1.0,0.993715334332281,0.9999976825230046
1.7593750000000001,0.9996782542068517,1.0,0.9920525060957989,0.9998985234141422
1.7609375,0.9992833395901134,1.0,0.9901982231657285,0.9996531903206406
1.7625000000000002,0.998732745000131,1.0,0.9881539522121566,0.9992618746064186
1.7640625,0.9980269005609242,1.0,0.9859213101787595,0.9987248815042824
1.765625,0.9971663576775609,1.0,0.983502063003859,0.9980426298778392
1.7671875000000001,0.9961517886054003,1.0,0.9808981242236293,0.9972156518947759
1.76875,0.9949839859249281,1.0,0.9781115534585615,0.9962445926117601
1.7703125000000002,0.9936638619225918,1.0,0.9751445547843767,0.9951302094712844
1.771875,0.9921924478781257,1.0,0.9719994749886839,0.9938733717108492
1.7734375,0.9905708932589135,1.0,0.9686788017147564,0.9924750596849428
1.7750000000000001,0.9888004648220271,1.0,0.9651851614938965,0.9909363641003475
1.7765625,0.9868825456246368,1.0,0.961521317667947,0.9892584851653722
1.7781250000000002,0.9848186339435674,1.0,0.9576901682035857,0.9874427316536672
1.7796875,0.9826103421048469,1.0,0.9536947434001408,0.9854905198833616
1.78125,0.9802593952241573,1.0,0.9495382034927375,0.9834033726123086
1.7828125000000001,0.9777676298591769,1.0,0.9452238361526614,0.9811829178503109
1.784375,0.975136992574863,1.0,0.9407550538869379,0.9788308875892457
1.7859375000000002,0.9723695384227953,1.0,0.9361353913391561,0.9763491164520808
1.7875,0.9694674293357753,1.0,0.9313685024937018,0.9737395402618395
1.7890625,0.966432932438922,1.0,0.9264581577855865,0.9710041945316248
1.7906250000000001,0.9632684182785962,1.0,0.9214082411181668,0.9681452128768854
1.7921875,0.9599763589705352,1.0,0.9162227467911275,0.9651648253511624
1.7937500000000002,0.9565593262686349,1.0,0.9109057763411265,0.9620653567066064
1.7953125,0.9530199895559,1.0,0.9054615352976376,0.9588492245806338
1.796875,0.9493611137591199,1.0,0.8998943298565272,0.9555189376101295
1.7984375000000001,0.9455855571889169,1.0,0.8942085634740055,0.9520770934746665
1.8,0.9416962693068315,1.0,0.8884087333836638,0.9485263768702764
1.8015625000000002,0.9376962884212073,1.0,0.8824994270393153,0.9448695574153358
1.803125,0.9335887393136683,1.0,0.8764853184864972,0.9411094874902217
1.8046875,0.929376830798037,1.0,0.8703711646654664,0.9372491000124056
1.8062500000000001,0.9250638532136193,1.0,0.8641618016486292,0.9332914061487283
1.8078125,0.9206531758547905,1.0,0.8578621408153955,0.9292394929666429
1.8093750000000002,0.916148244338902,1.0,0.8514771649674442,0.9250965210262448
1.8109375,0.9115525779145751,1.0,0.8450119243875202,0.9208657219149862
1.8125,0.9068697667124634,1.0,0.8384715328448408,0.9165503957269819
1.8140625000000001,0.9021034689406423,1.0,0.8318611635502854,0.9121539084888807
1.815625,0.8972574080268271,1.0,0.8251860450645868,0.9076796895343118
1.8171875000000002,0.8923353697096296,1.0,0.8184514571627166,0.9031312288289409
1.81875,0.8873411990811452,1.0,0.8116627266577882,0.8985120742482432
1.8203125,0.8822787975831647,1.0,0.8048252231877371,0.8938258288100995
1.8218750000000001,0.8771521199593797,1.0,0.7979443549681279,0.8890761478643813
1.8234375,0.8719651711659351,1.0,0.7910255645144656,0.8842667362417211
1.8250000000000002,0.866722003242757,1.0,0.7840743243373506,0.8794013453636758
1.8265625,0.8614267121481165,1.0,0.777096132613935,0.8744837703165592
1.828125,0.8560834345588517,1.0,0.7700965088390596,0.8695178468912107
1.8296875000000001,0.8506963446388145,1.0,0.7630809894595302,0.8645074485910125
1.83125,0.8452696507780117,1.0,0.7560551234950024,0.859456483610497
1.8328125000000002,0.839807592305011,1.0,0.7490244681488958,0.854368891786883
1.834375,0.8343144361751881,1.0,0.7419945844128611,0.8492486415269408
1.8359375,0.8287944736373816,1.0,0.7349710326682337,0.8440997267115677
1.8375000000000001,0.8232520168815691,1.0,0.7279593682879697,0.8389261635804928
1.8390625,0.8176913956701959,1.0,0.7209651372425612,0.8337319875995474
1.8406250000000002,0.8121169539557627,1.0,0.7139938717133616,0.8285212503129274
1.8421875,0.806533046487337,1.0,0.7070510857168453,0.8232980161829254
1.84375,0.8009440354086211,1.0,0.7001422707432162,0.8180663594195807
1.8453125000000001,0.7953542868502571,1.0,0.6932728914128341,0.8128303608027267
1.846875,0.7897681675190057,1.0,0.6864483811539122,0.8075941044989188
1.8484375000000002,0.7841900412864728,1.0,0.6796741379048596,0.8023616748757088
1.85,0.7786242657800726,1.0,0.6729555198447215,0.7971371533157747
1.8515625,0.7730751889788325,1.0,0.6662978411550494,0.7919246150333732
1.8531250000000001,0.7675471458167717,1.0,0.6597063678165735,0.786728125895602
1.8546875,0.7620444547964484,1.0,0.6531863134440148,0.7815517392509619
1.8562500000000002,0.7565714146153454,1.0,0.6467428351622942,0.7763994927676686
1.8578125,0.7511323008077395,1.0,0.6403810295274455,0.7712754052842088
1.859375,0.745731362404654,1.0,0.6341059284954212,0.7661834736745787
1.8609375000000001,0.7403728186145149,1.0,0.6279224954419944,0.7611276697306529
1.8625,0.7350608555271168,1.0,0.6218356212369207,0.7561119370641263
1.8640625000000002,0.7297996228434483,1.0,0.6158501203754261,0.7511401880304227
1.865625,0.724593230633952,1.0,0.6099707271701287,0.7462163006769976
1.8671875,0.7194457461277348,1.0,0.6042020920063648,0.7413441157183948
1.8687500000000001,0.7143611905352609,1.0,0.5985487776638996,0.7365274335404236
1.8703125,0.7093435359069808,1.0,0.593015255707946,0.7317700112357993
1.8718750000000002,0.7043967020303661,1.0,0.5876059029523075,0.7270755596735403
1.8734375,0.6995245533677815,1.0,0.5823249979974885,0.7224477406044334
1.875,0.694730896037566,1.0,0.5771767178464733,0.7178901638048053
1.8765625000000001,0.6900194748406969,1.0,0.5721651346008652,0.7134063842608364
1.878125,0.6853939703353569,1.0,0.5672942122400122,0.7089998993956154
1.8796875000000002,0.6808579959616787,1.0,0.5625678034856341,0.7046741463410846
1.88125,0.6764150952189376,1.0,0.557989646754468,0.7004324992570241
1.8828125,0.6720687388973683,1.0,0.5535633632013148,0.6962782666991495
1.8843750000000001,0.6678223223667832,1.0,0.5492924538548334,0.6922146890383818
1.8859375,0.6636791629241199,1.0,0.5451802968483639,0.6882449359333079
1.8875000000000002,0.6596424972019663,1.0,0.5412301447479372,0.6843721038577883
1.8890625,0.6557154786401088,1.0,0.5374451219796232,0.6805992136856591
1.890625,0.6519011750220636,1.0,0.5338282223582196,0.6769292083343992
1.8921875000000001,0.6482025660785329,1.0,0.5303823067192512,0.6733649504696042
1.89375,0.6446225411596385,1.0,0.5271101006561598,0.6699092202720636
1.8953125000000002,0.6411638969777618,1.0,0.5240141923644528,0.6665647132691666
1.896875,0.6378293354227595,1.0,0.5210970305945399,0.6633340382323507
1.8984375,0.6346214614512475,1.0,0.5183609227148598,0.6602197151422147
1.9000000000000001,0.6315427810516065,1.0,0.5158080328868326,0.6572241732228903
1.9015625,0.6285956992863166,1.0,0.5134403803530929,0.6543497490472108
1.9031250000000002,0.6257825184131119,1.0,0.511259837840337,0.6515986847141402
1.9046875,0.6231054360864684,1.0,0.5092681300780688,0.6489731260999009
1.90625,0.6205665436407946,1.0,0.5074668324344005,0.6464751211841545
1.9078125000000001,0.6181678244566807,1.0,0.5058573696699908,0.6441066184525425
1.909375,0.6159111524114883,1.0,0.5044410148111169,0.6418694653768366
1.9109375000000002,0.6137982904154753,1.0,0.503218888142752,0.6397654069738774
1.9125,0.6118308890346136,1.0,0.5021919563224644,0.6377960844444336
1.9140625,0.6100104852011664,1.0,0.5013610316158246,0.6359630338930371
1.9156250000000001,0.6083385010130411,1.0,0.5007267712539336,0.6342676851297968
1.9171875,0.6068162426228456,1.0,0.5002896769135774,0.6327113605551227
1.9187500000000002,0.6054448992175225,1.0,0.5000500943204182,0.6312952741282296
1.9203125,0.6042255420893592,1.0,0.5000082129755385,0.6300205304202311
1.921875,0.6031591237990945,1.0,0.5001640660055531,0.6288881237525539
1.9234375000000001,0.6022464774317773,1.0,0.5005175301364062,0.6278989374213507
1.925,0.6014883159459643,1.0,0.5010683257908772,0.6270537430085161
1.9265625000000002,0.6008852316167552,1.0,0.5018160173097164,0.6263531997798372
1.928125,0.6004376955731083,1.0,0.5027600132962349,0.625797854170757
1.9296875,0.6001460574297957,1.0,0.5038995670840775,0.6253881393601449
1.9312500000000001,0.6000105450142834,1.0,0.5052337773278106,0.6251243749324106
1.9328125,0.600031264188754,1.0,0.5067615887158503,0.625006766628222
1.9343750000000002,0.6002081987674062,1.0,0.5084817928051786,0.6250354061840249
1.9359375,0.6005412105290993,1.0,0.5103930289771753,0.6252102712604862
1.9375,0.6010300393253323,1.0,0.5124937855138176,0.6255312254599199
1.9390625000000001,0.6016743032834702,1.0,0.5147824007933973,0.6259980184326787
1.940625,0.602473499105064,1.0,0.5172570646047975,0.6266102860724312
1.9421875000000002,0.6034270024590263,1.0,0.5199158195793087,0.6273675508001717
1.94375,0.6045340684693583,1.0,0.522756562738832,0.6282692219367383
1.9453125,0.6057938322970458,1.0,0.5257770471592594,0.6293145961635539
1.9468750000000001,0.6072053098156722,1.0,0.5289748837477113,0.630502858071226
1.9484375,0.6087673983802155,1.0,0.5323475431322158,0.631833080795579
1.9500000000000002,0.6104788776884345,1.0,0.5358923576623569,0.6333042267406248
1.9515625,0.6123384107341676,1.0,0.5396065235192822,0.6349151483879047
1.953125,0.6143445448518008,1.0,0.5434871029334232,0.636664589191573
1.9546875000000001,0.6164957128510902,1.0,0.5475310265081677,0.6385511845585236
1.95625,0.6187902342414469,1.0,0.551735095647633,0.6405734629127947
1.9578125000000002,0.6212263165447374,1.0,0.5560959850866468,0.6427298468434248
1.959375,0.6238020566955634,1.0,0.560610245520903,0.6450186543348579
1.9609375,0.6265154425279396,1.0,0.5652743063352387,0.6474381000789442
1.9625000000000001,0.6293643543471894,1.0,0.5700844784278636,0.6499862968675113
1.9640625,0.6323465665858532,1.0,0.5750369571282974,0.6526612570644152
1.9656250000000002,0.6354597495422999,1.0,0.5801278252067339,0.6554608941559336
1.9671875,0.6387014712006849,1.0,0.5853530559724189,0.6583830243782793
1.96875,0.6420691991308394,1.0,0.590708516458619,0.6614253684209731
1.9703125000000001,0.6455603024666072,1.0,0.5961899706916505,0.6645855532047444
1.971875,0.6491720539610686,1.0,0.601793083041372,0.6678611137325704
1.9734375000000002,0.6529016321170664,1.0,0.6075134216505199,0.6712494950124189
1.975,0.6567461233913576,1.0,0.6133464619401354,0.6747480540501825
1.9765625,0.6607025244706694,1.0,0.6192875901883457,0.6783540619112581
1.9781250000000001,0.6647677446178877,1.0,0.6253321071796545,0.6820647058491639
1.9796875,0.6689386080865345,1.0,0.6314752319218386,0.6858770914995234
1.9812500000000002,0.6732118566016598,1.0,0.6377121054275513,0.6897882451377246
1.9828125,0.6775841519052037,1.0,0.644037794557592,0.6937951159984711
1.984375,0.6820520783638429,1.0,0.6504472959228447,0.6978945786554311
1.9859375000000001,0.6866121456372751,1.0,0.6569355398417804,0.7020834354591228
1.9875,0.6912607914048726,1.0,0.6634973943503795,0.706358419031131
1.9890625000000002,0.6959943841485681,1.0,0.67012766926134,0.7107161948127225
1.990625,0.7008092259897862,1.0,0.6768211202693153,0.7151533636658545
1.9921875,0.705701555578226,1.0,0.6835724530989726,0.7196664645245592
1.9937500000000001,0.7106675510302298,1.0,0.6903763276925776,0.7242519770946348
1.9953125,0.7157033329144262,1.0,0.6972273624337719,0.7289063245995295
1.9968750000000002,0.7208049672823447,1.0,0.7041201384042493,0.7336258765702937
1.9984375,0.7259684687416097,1.0,0.7110492036699105,0.7384069516774017
2.0,0.7311898035693314,1.0,0.7180090775931488,0.743245820602252
2.0015625,0.736464892863238,1.0,0.7249942551678379,0.7481387089460981
2.0031250000000003,0.7417896157281167,1.0,0.7319992113735887,0.7530818001741437
2.0046875,0.7471598124950518,1.0,0.7390184055458269,0.7580712385924989
2.00625,0.7525712879709527,1.0,0.7460462857582786,0.7631031323556934
2.0078125,0.7580198147158416,1.0,0.753077293214321,0.7681735565023761
2.009375,0.7635011363453152,1.0,0.7601058666438005,0.7732785560168518
2.0109375000000003,0.769010970855642,1.0,0.7671264467017918,0.7784141489140615
2.0125,0.7745450139688426,1.0,0.7741334803658237,0.7835763293455912
2.0140625,0.7800989424952074,1.0,0.7811214253281408,0.7887610707243095
2.015625,0.7856684177105528,1.0,0.7880847543794443,0.793964328865167
2.0171875,0.7912490887456403,1.0,0.7950179597807276,0.7991820451397299
2.0187500000000003,0.7968365959850624,1.0,0.8019155576196932,0.8044101496419799
2.0203125,0.8024265744729764,1.0,0.8087720921483148,0.8096445643629027
2.021875,0.8080146573230007,1.0,0.8155821400981569,0.8148812063714121
2.0234375,0.8135964791296286,1.0,0.8223403149699617,0.8201159909990992
2.025,0.8191676793784699,1.0,0.8290412712941876,0.8253448350263426
2.0265625000000003,0.8247239058526928,1.0,0.8356797088590759,0.8305636598672904
2.028125,0.8302608180329569,1.0,0.8422503769029137,0.8357683947512199
2.0296875,0.8357740904882361,1.0,0.8487480782672164,0.8409549798978143
2.03125,0.8412594162548399,1.0,0.85516767350747,0.8461193696838545
2.0328125,0.8467125102010008,1.0,0.8615040849582578,0.8512575357988742
2.0343750000000003,0.8521291123744292,1.0,0.8677523007495039,0.8563654703873106
2.0359375,0.8575049913301671,1.0,0.8739073787706698,0.8614391891746935
2.0375,0.8628359474362086,1.0,0.8799644505798029,0.8664747345754544
2.0390625,0.8681178161542326,1.0,0.8859187252542775,0.8714681787799039
2.040625,0.8733464712929484,1.0,0.8917654931802528,0.8764156268179901
2.0421875000000003,0.878517828231464,1.0,0.8975001297778014,0.8813132195974421
2.04375,0.8836278471101929,1.0,0.9031180991587733,0.8861571369139214
2.0453125,0.8886725359867873,1.0,0.9086149577145372,0.8909436004308527
2.046875,0.8936479539546441,1.0,0.9139863576306945,0.8956688766265848
2.0484375,0.89855021422153,1.0,0.9192280503260538,0.9003292797066005
2.0500000000000003,0.9033754871459503,1.0,0.9243358898131001,0.9049211744785005
2.0515625,0.9081200032288488,1.0,0.9293058359773108,0.9094409791875087
2.053125,0.9127800560583481,1.0,0.9341339577727549,0.9138851683103075
2.0546875,0.9173520052051939,1.0,0.9388164363313926,0.9182502753050019
2.05625,0.9218322790666482,1.0,0.9433495679836694,0.9225328953150798
2.0578125000000003,0.9262173776566327,1.0,0.9477297671879814,0.9267296878252586
2.059375,0.9305038753399014,1.0,0.9519535693667,0.930837379267139
2.0609375,0.9346884235081594,1.0,0.9560176336465402,0.9348527655726496
2.0625,0.9387677531959797,1.0,0.9599187455010573,0.938772714673269
2.0640625,0.9427386776345257,1.0,0.9636538192932274,0.9425941689430928
2.0656250000000003,0.9465980947410453,1.0,0.9672199007160718,0.9463141475838341
2.0671875,0.950342989542219,1.0,0.9706141691293995,0.9499297489498923
2.06875,0.9539704365294526,1.0,0.9738339397908427,0.9534381528116905
2.0703125,0.9574776019442859,1.0,0.9768766659793787,0.9568366225554987
2.071875,0.9608617459921158,1.0,0.979739941009701,0.9601225073180384
2.0734375000000003,0.9641202249825296,1.0,0.9824215001358164,0.9632932440542017
2.075,0.9672504933945437,1.0,0.9849192223423728,0.9663463595362662
2.0765625,0.9702501058651711,1.0,0.9872311320223129,0.9692794722830584
2.078125,0.9731167190997349,1.0,0.9893554005394999,0.9720902944175464
2.0796875,0.9758480937024435,1.0,0.9912903476751065,0.9747766334514218
2.0812500000000003,0.9784420959258121,1.0,0.9930344429566055,0.9773363939952795
2.0828125,0.9808966993375354,1.0,0.9945863068683144,0.9797675793930527
2.084375,0.9832099864035442,1.0,0.9959447119425477,0.9820682932794426
2.0859375,0.9853801499859737,1.0,0.9971085837304944,0.984236741059112
2.0875,0.9874054947549037,1.0,0.99807700165207,0.9862712313065009
2.0890625000000003,0.9892844385127446,1.0,0.9988491997240617,0.9881701770851666
2.090625,0.9910155134302512,1.0,0.999424567165991,0.9899320971856195
2.0921875,0.9925973671931883,1.0,0.9998026488832219,0.9915556172806933
2.09375,0.9940287640587597,1.0,0.9999831458269217,0.9930394709975422
2.0953125,0.9953085858209662,1.0,0.9999659152305992,0.9943825009054325
2.0968750000000003,0.9964358326841503,1.0,0.9997509707230267,0.9955836594185589
2.0984375,0.9974096240440324,1.0,0.9993384823174609,0.9966420096131775
2.1,0.9982291991756413,1.0,0.9987287762771683,0.9975567259584239
2.1015625,0.9988939178275903,1.0,0.9979223348573629,0.9983270949602397
2.103125,0.9994032607222407,1.0,0.99691979592376,0.9989525157179103
2.1046875000000003,0.9997568299613623,1.0,0.995721952448047,0.9994325003927775
2.10625,0.9999543493369695,1.0,0.994329751880674,0.9997666745887615
2.1078125,0.9999956645470965,1.0,0.9927442954014517,0.9999547776443966
2.109375,0.9998807433163369,1.0,0.9909668370485617,0.9999966628361513
2.1109375,0.9996096754210568,1.0,0.9889987827266556,0.9998922974928751
2.1125000000000003,0.9991826726192629,1.0,0.9868416890948359,0.9996417630212823
2.1140625,0.9986000684851758,1.0,0.9844972623353996,0.9992452548424537
2.115625,0.9978623181486437,1.0,0.981967356804303,0.9987030822394053
2.1171875,0.9969699979395936,1.0,0.9792539735644412,0.9980156681158412
2.11875,0.9959238049378047,1.0,0.976359258802875,0.9971835486662827
2.1203125000000003,0.9947245564283481,1.0,0.9732855021332765,0.9962073729578269
2.121875,0.9933731892631278,1.0,0.9700351347849338,0.9950879024238645
2.1234375,0.9918707591290081,1.0,0.9666107276797273,0.9938260102701476
2.125,0.9902184397231166,1.0,0.9630149893986343,0.9924226807936757
2.1265625,0.9884175218359492,1.0,0.9592507640393331,0.9908790086149272
2.1281250000000003,0.9864694123430082,1.0,0.9553210289666272,0.9891961978240364
2.1296875,0.9843756331057529,1.0,0.9512288924574658,0.9873755610415855
2.13125,0.9821378197827187,1.0,0.9469775912423971,0.9854185183947352
2.1328125,0.9797577205517473,1.0,0.942570487945445,0.9833265964095037
2.134375,0.9772371947443064,1.0,0.9380110684243874,0.981101426820051
2.1359375000000003,0.9745782113929867,1.0,0.9333029390135723,0.9787447452958974
2.1375,0.971782847693292,1.0,0.9284498236714476,0.9762583900880755
2.1390625,0.9688532873809376,1.0,0.92345556103503,0.9736443005952591
2.140625,0.9657918190259147,1.0,0.918324101383698,0.9709045158510033
2.1421875,0.9626008342446671,1.0,0.9130595035146555,0.9680411729332628
2.1437500000000003,0.9592828258317548,1.0,0.9076659315325732,0.9650565052974345
2.1453125,0.9558403858124958,1.0,0.9021476515559441,0.9619528410342285
2.146875,0.9522762034180653,1.0,0.8965090283427213,0.9587326010537137
2.1484375,0.9485930629846818,1.0,0.8907545218379704,0.9553982971969699
2.15,0.9447938417784779,1.0,0.8848886836462054,0.9519525302768097
2.1515625000000003,0.9408815077477874,1.0,0.8789161534312372,0.9483979880490997
2.153125,0.9368591172045884,1.0,0.8728416552463802,0.9447374431162694
2.1546875,0.9327298124369057,1.0,0.8666699937978792,0.94097375076463
2.15625,0.9284968192540692,1.0,0.8604060506445802,0.9371098467372062
2.1578125,0.9241634444667054,1.0,0.8540547803367831,0.9331487449438075
2.1593750000000003,0.9197330733034669,1.0,0.8476212064973767,0.9290935351101262
2.1609375,0.9152091667664906,1.0,0.8411104178483474,0.9249473803677042
2.1625,0.9105952589276676,1.0,0.8345275641857653,0.9207135147866312
2.1640625,0.9058949541678256,1.0,0.827877852306503,0.9163952408529202
2.165625,0.9011119243609967,1.0,0.8211665418898358,0.9119959268925119
2.1671875000000003,0.8962499060059429,1.0,0.8143989413372315,0.9075190044439227
2.16875,0.8913126973072203,1.0,0.8075804035736094,0.9029679655815926
2.1703125,0.8863041552080083,1.0,0.8007163218133517,0.898346360192001
2.171875,0.8812281923770833,1.0,0.7938121252944869,0.8936577932047007
2.1734375,0.8760887741522342,1.0,0.7868732749843474,0.8889059217804117
2.1750000000000003,0.8708899154425518,1.0,0.7799052592601479,0.8840944524583728
2.1765625,0.8656356775919862,1.0,0.7729135895678906,0.8792271382651843
2.178125,0.8603301652066169,1.0,0.7659037960629906,0.8743077757873771
2.1796875,0.8549775229481522,1.0,0.758881423236146,0.8693402022100161
2.18125,0.8495819322961115,1.0,0.7518520255278336,0.8643282923236311
2.1828125000000003,0.8441476082812662,1.0,0.7448211629349533,0.8592759555018133
2.184375,0.8386787961928562,1.0,0.7377943966130855,0.8541871326518445
2.1859375,0.8331797682621761,1.0,0.7307772844777982,0.8490657931407148
2.1875,0.8276548203251061,1.0,0.7237753768085585,0.8439159316989557
2.1890625,0.8221082684662187,1.0,0.716794211858651,0.8387415653046819
2.1906250000000003,0.8165444456470446,1.0,0.7098393114746249,0.8335467300502798
2.1921875,0.8109676983211838,1.0,0.7029161767287275,0.8283354779941934
2.19375,0.8053823830388396,1.0,0.6960302835677339,0.8231118740002425
2.1953125,0.7997928630435027,1.0,0.6891870784816942,0.8178799925669671
2.196875,0.7942035048633763,1.0,0.682391974195945,0.8126439146494475
2.1984375000000003,0.7886186749002568,1.0,0.6756503453898445,0.8074077244760915
2.2,0.7830427360185053,1.0,0.668967524445609,0.8021755063628719
2.2015625,0.7774800441367693,1.0,0.6623487972305725,0.796951341527484
2.203125,0.7719349448251583,1.0,0.6557993989162771,0.7917393049059334
2.2046875,0.7664117699104761,1.0,0.6493245098376317,0.7865434619740153
2.2062500000000003,0.7609148340922101,1.0,0.6429292513954583,0.7813678655761751
2.2078125,0.7554484315718869,1.0,0.636618682005664,0.7762165527642265
2.209375,0.7500168326984487,1.0,0.6303977930981955,0.7710935416483761
2.2109375,0.7446242806322542,1.0,0.6242715051690214,0.7660028282630349
2.2125,0.7392749880303358,1.0,0.6182446638881861,0.7609483834498438
2.2140625000000003,0.7339731337554626,1.0,0.6123220362670647,0.7559341497603489
2.215625,0.7287228596116329,1.0,0.6065083068878425,0.7509640383807508
2.2171875,0.723528267108482,1.0,0.6008080741981612,0.746041926081106
2.21875,0.7183934142572017,1.0,0.5952258468739327,0.7411716521913867
2.2203125,0.713322312400414,1.0,0.5897660402531297,0.7363570156067377
2.2218750000000003,0.7083189230785221,1.0,0.5844329728434177,0.7316017718242737
2.2234375,0.7033871549349582,1.0,0.579230862906382,0.7269096300137328
2.225,0.6985308606627447,1.0,0.5741638251210197,0.7222842501242557
2.2265625,0.6937538339947867,1.0,0.569235867329195,0.7177292400295684
2.228125,0.6890598067402003,1.0,0.5644508873655716,0.7132481527137793
2.2296875000000003,0.6844524458690353,1.0,0.5598126699745712,0.7088444834999906
2.23125,0.6799353506476353,1.0,0.5553248838167868,0.7045216673238931
2.2328125,0.6755120498268984,1.0,0.5509910785671908,0.7002830760544513
2.234375,0.6711859988856134,1.0,0.5468146821074853,0.6961320158637941
2.2359375,0.6669605773310516,1.0,0.5427989978147649,0.6920717246483441
2.2375000000000003,0.6628390860588892,1.0,0.5389472019486673,0.6881053695032029
2.2390625,0.6588247447745622,1.0,0.5352623411390751,0.6842360442517683
2.240625,0.6549206894780213,1.0,0.5317473299763303,0.6804667670324939
2.2421875,0.6511299700139035,1.0,0.528404948705911,0.6768004779446949
2.24375,0.6474555476889872,1.0,0.5252378410293519,0.6732400367552203
2.2453125000000003,0.6439002929588289,1.0,0.5222485120131741,0.6697882206677859
2.246875,0.6404669831853615,1.0,0.5194393261074748,0.6664477221567127
2.2484375,0.637158300467224,1.0,0.5168125052757235,0.6632211468667463
2.25,0.6339768295445041,1.0,0.5143701272372792,0.660111011580614
2.2515625,0.6309250557795474,1.0,0.5121141238239844,0.6571197422558918
2.2531250000000003,0.6280053632153906,1.0,0.5100462794521581,0.6542496721327149
2.2546875,0.6252200327133499,1.0,0.5081682297111917,0.6515030399138159
2.25625,0.6225712401712151,1.0,0.5064814600698504,0.6488819880182932
2.2578125,0.6200610548234378,1.0,0.5049873047013276,0.6463885609104926
2.259375,0.6176914376246503,1.0,0.5036869454279591,0.6440247035052888
2.2609375000000003,0.6154642397177661,1.0,0.5025814107864461,0.6417922596510199
2.2625,0.6133812009878736,1.0,0.5016715752143217,0.6396929706912566
2.2640625,0.6114439487030331,1.0,0.5009581583582992,0.6377284741065213
2.265625,0.6096539962430618,1.0,0.5004417245050614,0.6359003022370289
2.2671875,0.6080127419172789,1.0,0.5001226821349276,0.6342098810874341
2.2687500000000003,0.6065214678721507,1.0,0.5000012835987628,0.6326585292145254
2.2703125,0.6051813390896763,1.0,0.5000776249183765,0.6312474566987281
2.271875,0.6039934024773073,1.0,0.5003516457105719,0.6299777642002206
2.2734375,0.6029585860501008,1.0,0.5008231292349086,0.6288504421004015
2.275,0.6020776982057595,1.0,0.5014917025651358,0.6278663697293765
2.2765625000000003,0.6013514270931077,1.0,0.5023568368841627,0.6270263146800641
2.278125,0.6007803400745142,1.0,0.5034178479023335,0.6263309322094629
2.2796875,0.6003648832826651,1.0,0.504673896398677,0.625780764727538
2.28125,0.6001053812720489,1.0,0.5061239888846976,0.6253762413741331
2.2828125,0.6000020367654126,1.0,0.5077669783901905,0.625117677684234
2.2843750000000003,0.6000549304953959,1.0,0.5096015653704528,0.6250052753418462
2.2859375,0.6002640211414622,1.0,0.5116262987341724,0.6250391220226783
2.2875,0.600629145362179,1.0,0.513839576991195,0.6252191913257527
2.2890625,0.6011500179228196,1.0,0.5162396495192376,0.6255453427939989
2.290625,0.6018262319181884,1.0,0.5188246179485716,0.6260173220238134
2.2921875000000003,0.6026572590904946,1.0,0.521592437663563,0.626634760863498
2.29375,0.6036424502420268,1.0,0.5245409194198836,0.6273971777004235
2.2953125,0.6047810357423058,1.0,0.5276677310761321,0.628303977836697
2.296875,0.60607212612932,1.0,0.5309703994384649,0.629354453953036
2.2984375,0.6075147128043705,1.0,0.5344463122168076,0.6305477866604883
2.3000000000000003,0.6091076688199903,1.0,0.5380927200910802,0.6318830451395705
2.3015625,0.6108497497603109,1.0,0.5419067388858018,0.6333591878663207
2.303125,0.612739594713202,1.0,0.5458853518513802,0.6349750634247071
2.3046875,0.6147757273334153,1.0,0.5500254120502399,0.6367294114047503
2.30625,0.6169565569959005,1.0,0.5543236448459423,0.6386208633856642
2.3078125000000003,0.6192803800384052,1.0,0.5587766504933012,0.6406479440032483
2.309375,0.6217453810923679,1.0,0.56338090682745,0.6428090721006938
2.3109375,0.6243496345010902,1.0,0.56813277204976,0.6451025619619157
2.3125,0.6270911058240508,1.0,0.5730284876083557,0.6475266246264375
2.3140625,0.629967653426215,1.0,0.5780641811710026,0.6500793692848106
2.3156250000000003,0.6329770301510729,1.0,0.583235869687977,0.6527588047534787
2.3171875,0.6361168850761187,1.0,0.5885394625425054,0.6555628410279306
2.31875,0.6393847653493889,1.0,0.5939707647863085,0.6584892909129434
2.3203125,0.6427781181056303,1.0,0.5995254804576367,0.6615358717286287
2.321875,0.6462942924605906,1.0,0.6051992159792303,0.6647002070909614
2.3234375000000003,0.6499305415818948,1.0,0.6109874836334752,0.6679798287654002
2.325,0.6536840248348587,1.0,0.6168857051120142,0.6713721785921483
2.3265625,0.6575518100015978,1.0,0.6228892151370404,0.6748746104815658
2.328125,0.6615308755716732,1.0,0.6289932651513437,0.6784843924781611
2.3296875,0.6656181131024868,1.0,0.6351930270742584,0.6821987088915619
2.3312500000000003,0.6698103296476028,1.0,0.6414835971204956,0.6860146624928025
2.3328125,0.674104250251063,1.0,0.6478599996788476,0.6899292767742067
2.334375,0.6784965205057935,1.0,0.6543171912477345,0.6939394982711196
2.3359375,0.682983709174052,1.0,0.6608500644244115,0.6980421989436566
2.3375,0.6875623108679181,1.0,0.6674534519447506,0.702234178616629
2.3390625000000003,0.692228748787691,1.0,0.6741221307703539,0.7065121674757342
2.340625,0.6969793775160869,1.0,0.6808508262197759,0.7108728286180617
2.3421875,0.7018104858660338,1.0,0.6876342161406245,0.7153127606549399
2.34375,0.7067182997798521,1.0,0.6944669351191696,0.7198285003650715
2.3453125,0.7116989852775373,1.0,0.7013435787242028,0.7244165253959056
2.3468750000000003,0.7167486514518717,1.0,0.7082587077817422,0.7290732570111321
2.3484375,0.7218633535079861,1.0,0.7152068526772073,0.7337950628821519
2.35,0.7270390958450391,1.0,0.722182517681708,0.738578259921361
2.3515625,0.7322718351775777,1.0,0.7291801852989439,0.7434191171550149
2.353125,0.7375574836941394,1.0,0.7361943206293569,0.7483138586334529
2.3546875000000003,0.7428919122506601,1.0,0.7432193757480305,0.753258666376403
2.35625,0.7482709535961402,1.0,0.7502497940928844,0.7582496833510649
2.3578125,0.7536904056281178,1.0,0.7572800148597338,0.7632830164806678
2.359375,0.7591460346753307,1.0,0.7643044774006629,0.7683547396811308
2.3609375,0.7646335788050689,1.0,0.7713176256223069,0.7734608969234751
2.3625000000000003,0.7701487511525832,1.0,0.7783139123805167,0.7785975053195945
2.3640625,0.7756872432699861,1.0,0.7852878038679343,0.7837605582289688
2.365625,0.7812447284920043,1.0,0.7922337839910553,0.7889460283839194
2.3671875,0.786816865315972,1.0,0.7991463587332368,0.7941498710309391
2.36875,0.7923993007933987,1.0,0.8060200605002773,0.7993680270856698
2.3703125000000003,0.7979876739305019,1.0,0.8128494524450812,0.8045964262990568
2.371875,0.8035776190949945,1.0,0.8196291327679935,0.8098309904322066
2.3734375,0.809164769426533,1.0,0.8263537389894494,0.815067636437489
2.375,0.8147447602480891,1.0,0.8330179521914785,0.8203022796433771
2.3765625,0.8203132324756378,1.0,0.8396165012247884,0.8255308369405614
2.3781250000000003,0.8258658360234752,1.0,0.846144166878048,0.830749229966844
2.3796875,0.8313982332024866,1.0,0.8525957860060822,0.8359533882883248
2.38125,0.8369061021087651,1.0,0.8589662556137511,0.8411392525744154
2.3828125,0.8423851399998624,1.0,0.8652505368922143,0.8463027777641801
2.384375,0.8478310666560998,1.0,0.8714436592044579,0.8514399362215519
2.3859375000000003,0.8532396277242624,1.0,0.8775407240168823,0.8565467208769579
2.3875,0.8586065980411025,1.0,0.8835369087738539,0.8616191483528952
2.3890625,0.8639277849340298,1.0,0.8894274707121896,0.8666532620710397
2.390625,0.8691990314964292,1.0,0.8952077506124919,0.8716451353384381
2.3921875,0.8744162198350239,1.0,0.9008731764844322,0.8765908744103961
2.3937500000000003,0.8795752742867812,1.0,0.9064192671830262,0.8814866215276648
2.3953125,0.8846721646028017,1.0,0.9118416359530453,0.8863285579255531
2.396875,0.8897029090967643,1.0,0.9171359938987986,0.8911129068126353
2.3984375,0.894663577755401,1.0,0.9222981533764759,0.8958359363167069
2.4000000000000004,0.899550295308632,1.0,0.9273240313064333,0.9004939623957091
2.4015625000000003,0.9043592442569097,1.0,0.9322096524027503,0.9050833517113395
2.403125,0.9090866678534579,1.0,0.9369511523175411,0.9096005244631232
2.4046875,0.9137288730390373,1.0,0.9415447806975149,0.9140419571807127
2.40625,0.9182822333269527,1.0,0.9459869041503607,0.9184041854722547
2.4078125000000004,0.9227431916360724,1.0,0.9502740091186371,0.9226838067266747
2.4093750000000003,0.9271082630696034,1.0,0.9544027046588599,0.9268774827677668
2.4109375,0.9313740376375044,1.0,0.9583697251236184,0.9309819424580329
2.4125,0.9355371829203553,1.0,0.9621719327445858,0.9349939842502208
2.4140625,0.9395944466726487,1.0,0.9658063201143724,0.9389104786845855
2.4156250000000004,0.9435426593634348,1.0,0.969270012565283,0.9427283708299211
2.4171875000000003,0.9473787366523605,1.0,0.9725602704430675,0.9464446826664545
2.41875,0.9510996817991504,1.0,0.9756744912738899,0.9500565154087566
2.4203125,0.9547025880046629,1.0,0.9786102118227931,0.9535610517668393
2.421875,0.9581846406816714,1.0,0.9813651100420212,0.9569555581436898
2.4234375000000004,0.9615431196536265,1.0,0.9839370069076815,0.9602373867675235
2.4250000000000003,0.9647754012796452,1.0,0.9863238681432674,0.9634039777570859
2.4265625,0.9678789605041055,1.0,0.988523805828699,0.9664528611184088
2.428125,0.9708513728292159,1.0,0.9905350798936008,0.9693816586714429
2.4296875,0.9736903162090266,1.0,0.9923560994936295,0.9721880859050793
2.4312500000000004,0.9763935728634167,1.0,0.9939854242687783,0.9748699537591072
2.4328125000000003,0.9789590310106133,1.0,0.9954217654826459,0.977425170331714
2.434375,0.9813846865169236,1.0,0.9966639870417806,0.9798517425112089
2.4359375,0.9836686444623538,1.0,0.9977111063942907,0.9821477775306796
2.4375,0.9858091206209255,1.0,0.998562295307004,0.9843114844443838
2.4390625000000004,0.9878044428545065,1.0,0.9992168805205729,0.9863411755247162
2.4406250000000003,0.9896530524190866,1.0,0.9996743442819959,0.988235267578664
2.4421875,0.9913535051824658,1.0,0.9999343247541422,0.9899922831827248
2.44375,0.9929044727524108,1.0,0.999996616301952,0.9916108518353217
2.4453125,0.9943047435143908,1.0,0.9998611696550856,0.9930897110258166
2.4468750000000004,0.995553223578094,1.0,0.9995280919468945,0.9944277072192902
2.4484375000000003,0.9966489376319685,1.0,0.9989976466296835,0.9956237967563181
2.45,0.9975910297051397,1.0,0.9982702532663289,0.9966770466670432
2.4515625,0.9983787638360916,1.0,0.9973464871984196,0.9975866353989077
2.453125,0.9990115246475995,1.0,0.9962270790911836,0.9983518534574773
2.4546875000000004,0.9994888178274626,1.0,0.9949129143555571,0.9989721039598598
2.4562500000000003,0.9998102705146595,1.0,0.9934050324478586,0.9994469031002821
2.4578125,0.9999756315906282,1.0,0.9917046260476161,0.9997758805274682
2.459375,0.9999847718754384,1.0,0.9898130401141997,0.9999587796335193
2.4609375,0.9998376842287077,1.0,0.9877317708230109,0.9999954577540716
2.4625000000000004,0.9995344835551786,1.0,0.9854624643820589,0.999885886279577
2.4640625000000003,0.9990754067149565,1.0,0.9830069157298733,0.9996301506776195
2.465625,0.9984608123384736,1.0,0.9803670671157727,0.9992284504262489
2.4671875,0.9976911805463271,1.0,0.9775450065636133,0.9986810988583841
2.46875,0.9967671125742107,1.0,0.9745429662202436,0.9979885229174087
2.4703125000000004,0.9956893303032273,1.0,0.9713633205899519,0.9971512628241478
2.4718750000000003,0.9944586756959596,1.0,0.9680085846563252,0.9961699716554873
2.4734375,0.993076110138727,1.0,0.9644814118929873,0.9950454148349617
2.475,0.9915427136905511,1.0,0.9607845921647947,0.9937784695357121
2.4765625,0.9898596842394175,1.0,0.9569210495211621,0.9923701239962761
2.4781250000000004,0.9880283365664824,1.0,0.9528938398832383,0.9908214767497445
2.4796875000000003,0.9860501013189723,1.0,0.9487061486267914,0.9891337357668893
2.48125,0.9839265238925573,1.0,0.9443612880626894,0.9873082175139235
2.4828125,0.981659263224095,1.0,0.9398626948169805,0.9853463459256369
2.484375,0.9792500904956657,1.0,0.9352139271126548,0.983249651294703
2.4859375000000004,0.9767008877509302,1.0,0.9304186619552106,0.9810197690780246
2.4875000000000003,0.9740136464248772,1.0,0.925480692224286,0.9786584386210518
2.4890625,0.9711904657881167,1.0,0.9204039236736254,0.976167501801061
2.490625,0.9682335513069291,1.0,0.915192371841768,0.9735489015904609
2.4921875,0.9651452129203619,1.0,0.9098501588759115,0.9708046805412417
2.4937500000000004,0.9619278632357001,1.0,0.9043815102714342,0.9679369791917494
2.4953125000000003,0.9585840156437497,1.0,0.8987907515296916,0.9649480343970331
2.496875,0.9551162823553668,1.0,0.893082304736699,0.9618401775840562
2.4984375,0.9515273723608114,1.0,0.8872606850654187,0.958615832933147
2.5,0.9478200893134782,1.0,0.8813304972044325,0.9552775154870973
