t_over_Tpop,exact_B_bare,exact_B_perturbative,exact_B_exact,effective_B_bare,effective_B_perturbative,effective_B_exact,effective_B_ideal_shifted
0.000000000000000000e+00,6.454595343527625785e-36,8.196618110979768347e-37,1.347063769852386055e-32,0.000000000000000000e+00,0.000000000000000000e+00,0.000000000000000000e+00,0.000000000000000000e+00
6.666666666666666444e-04,4.233131862938302368e-06,4.221312992271391308e-06,4.221392259862106659e-06,4.391491162981095530e-06,4.386484431165046290e-06,4.386540471116252954e-06,4.386484431165046290e-06
1.333333333333333289e-03,1.684359580297663809e-05,1.692828666914534240e-05,1.692857782519223956e-05,1.743731954691554888e-05,1.754586075967751928e-05,1.754608326161590876e-05,1.754586075967751928e-05
1.999999999999999608e-03,3.755653825715278153e-05,3.823589798799903271e-05,3.823647047196489831e-05,3.875531838883102399e-05,3.947789809193987475e-05,3.947839250436085170e-05,3.947789809193987475e-05
2.666666666666666578e-03,6.589052332565171501e-05,6.829309694706759337e-05,6.829395710536060151e-05,6.772099452733531773e-05,7.018221160979087425e-05,7.018307509215164226e-05,7.018221160979087425e-05
3.333333333333333547e-03,1.011337025676191625e-04,1.072328642134406029e-04,1.072339992291145120e-04,1.034858224137718386e-04,1.096582625772577336e-04,1.096595806847733116e-04,1.096582625772577336e-04
3.999999999999999216e-03,1.423291714804003399e-04,1.551259818462560078e-04,1.551274343691680965e-04,1.450021009670459000e-04,1.579053583500083992e-04,1.579072017188595431e-04,1.579053583500083992e-04
4.666666666666666186e-03,1.882808574057723099e-04,2.119532831973340407e-04,2.119552282044079251e-04,1.910536451110990365e-04,2.149226523875053863e-04,2.149250734205750189e-04,2.149226523875053863e-04
5.333333333333333155e-03,2.375866025970324927e-04,2.776057856919253615e-04,2.776085759138570115e-04,2.402914129117995944e-04,2.807091442678578855e-04,2.807121738211146929e-04,2.807091442678578855e-04
6.000000000000000125e-03,2.886981329540553643e-04,3.519137836054764355e-04,3.519179375920487439e-04,2.912730246457141139e-04,3.552636797053764861e-04,3.552673237750216982e-04,3.552636797053764861e-04
6.666666666666667095e-03,3.400004022700202702e-04,4.346969510088696223e-04,4.347030775917608042e-04,3.425050161222931177e-04,4.385849505708251249e-04,4.385891869813222151e-04,4.385849505708251249e-04
7.333333333333333197e-03,3.898975222964981492e-04,5.258203821426682889e-04,5.258290613126145006e-04,3.924865884833096045e-04,5.306714949143741603e-04,5.306762700074760123e-04,5.306714949143741603e-04
7.999999999999998432e-03,4.368907436417797190e-04,6.252386525820713544e-04,6.252503159138912301e-04,4.397535728653284462e-04,6.315216969912515119e-04,6.315269223161449914e-04,6.315216969912515119e-04
8.666666666666666269e-03,4.796363372204386121e-04,7.330127931810332320e-04,7.330276556100478319e-04,4.829213220167431113e-04,7.411337872900915658e-04,7.411393362947773242e-04,7.411337872900915658e-04
9.333333333333332371e-03,5.169770993267870911e-04,8.492931438319534969e-04,8.493112258699649303e-04,5.207252723949032771e-04,8.595058425639846107e-04,8.595115472880040641e-04,8.595058425639846107e-04
1.000000000000000021e-02,5.479488145393392228e-04,9.742720165968111502e-04,9.742932639736045760e-04,5.520579885102096717e-04,9.866357858642202990e-04,9.866414336328565259e-04,9.866357858642202990e-04
1.066666666666666631e-02,5.717699866578688714e-04,1.108120263280177155e-03,1.108144731962895603e-03,5.760016043337287065e-04,1.122521386576729417e-03,1.122526716696790666e-03,1.122521386576729417e-03
1.133333333333333241e-02,5.878272383107488149e-04,1.250927665166728540e-03,1.250955709706382847e-03,5.918547114240917855e-04,1.267160260461225752e-03,1.267164960918531038e-03,1.267160260461225752e-03
1.200000000000000025e-02,5.956686299852901071e-04,1.402666584199185017e-03,1.402698978380610218e-03,5.991529061082262507e-04,1.420549869693035153e-03,1.420553573851724566e-03,1.420549869693035153e-03
1.266666666666666635e-02,5.950128100203148354e-04,1.563191812582783845e-03,1.563229746365819156e-03,5.976823938032284041e-04,1.582687522907625559e-03,1.582689806211405115e-03,1.582687522907625559e-03
1.333333333333333419e-02,5.857748547606239945e-04,1.732279143994478864e-03,1.732324074499085650e-03,5.874862519520148265e-04,1.753570375247832025e-03,1.753570751923271996e-03,1.753570375247832025e-03
1.400000000000000029e-02,5.681022845711062794e-04,1.909693816656710640e-03,1.909747195530967119e-03,5.688631681052269684e-04,1.933195428413767751e-03,1.933193348175778507e-03,1.933195428413767751e-03
1.466666666666666639e-02,5.424095074690158010e-04,2.095270554421130305e-03,2.095333499833663612e-03,5.423586901162353712e-04,2.121559530715437600e-03,2.121554375475026826e-03,2.121559530715437600e-03
1.533333333333333423e-02,5.093975310890741688e-04,2.288981869825243345e-03,2.289054887144977707e-03,5.087492447675502670e-04,2.318659377128032186e-03,2.318650457702475538e-03,2.318659377128032186e-03
1.599999999999999686e-02,4.700485789953229689e-04,2.490972271029017089e-03,2.491055137357932152e-03,4.690193929897771034e-04,2.524491509349920983e-03,2.524478062175443318e-03,2.524491509349920983e-03
1.666666666666666644e-02,4.255912943536095867e-04,2.701543562290153067e-03,2.701635463117788884e-03,4.243329879626786560e-04,2.739052315863332518e-03,2.739033499710443256e-03,2.739052315863332518e-03
1.733333333333333254e-02,3.774396163195523350e-04,2.921089335453754595e-03,2.921189274423629037e-03,3.759990809979453464e-04,2.962338031997713630e-03,2.962312924689294684e-03,2.962338031997713630e-03
1.800000000000000211e-02,3.271149680857882765e-04,3.149991822528262070e-03,3.150099234055024448e-03,3.254335739626652369e-04,3.194344739995795546e-03,3.194312335128051544e-03,3.194344739995795546e-03
1.866666666666666474e-02,2.761652326845830097e-04,3.388506989405848813e-03,3.388622400492576590e-03,2.741177416040610840e-04,3.435068369082328391e-03,3.435027572748736678e-03,3.435068369082328391e-03
1.933333333333333431e-02,2.260940692314419571e-04,3.636669801563141742e-03,3.636795346510515985e-03,2.235548388297224740e-04,3.684504695535508433e-03,3.684454323053872049e-03,3.684504695535508433e-03
2.000000000000000042e-02,1.783104651290390362e-04,3.894248641202540610e-03,3.894388249142966604e-03,1.752260640972001012e-04,3.942649342761084599e-03,3.942588115403810115e-03,3.942649342761084599e-03
2.066666666666666652e-02,1.341021090001200578e-04,4.160766432092489163e-03,4.160925578061307369e-03,1.305471689290799890e-04,4.209497781369150350e-03,4.209424323096859835e-03,4.209497781369150350e-03
2.133333333333333262e-02,9.462906027880967216e-05,4.435589194968757483e-03,4.435774210552784376e-03,9.082698464193871761e-05,4.485045329253626104e-03,4.484958163452222937e-03,4.485045329253626104e-03
2.200000000000000219e-02,6.092841556876854163e-05,4.718064890299627535e-03,4.718281945475402347e-03,5.722908121438937052e-05,4.769287151674391455e-03,4.769184697895708334e-03,4.769287151674391455e-03
2.266666666666666483e-02,3.391801431338459369e-05,5.007680936681603405e-03,5.007934907260619406e-03,3.073768146599452220e-05,5.062218261342127899e-03,5.062098832048258536e-03,5.062218261342127899e-03
2.333333333333333440e-02,1.438855431560926588e-05,5.304201387681646909e-03,5.304494889620030296e-03,1.212882906301265202e-05,5.363833518505836499e-03,5.363695315817244673e-03,5.363833518505836499e-03
2.400000000000000050e-02,2.978428019791445811e-06,5.607746799541095048e-03,5.608079675733366153e-03,1.947654960426850494e-06,5.674127631042993197e-03,5.673968743490587392e-03,5.674127631042993197e-03
2.466666666666666660e-02,1.326010207569899606e-07,5.918791829165104268e-03,5.919161295843666445e-03,4.924082410500342082e-07,5.993095154552422442e-03,5.992913553833628150e-03,5.993095154552422442e-03
2.533333333333333270e-02,6.053696203888074282e-06,6.238075469596249950e-03,6.238476971395886216e-03,7.805719155081968858e-06,6.320730492449825808e-03,6.320524030188823771e-03,6.320730492449825808e-03
2.599999999999999881e-02,2.065790638650059235e-05,6.566441708725093487e-03,6.566870332604047428e-03,2.367335030215432404e-05,6.657027896065963006e-03,6.656794300578193144e-03,6.657027896065963006e-03
2.666666666666666838e-02,4.354896397219882096e-05,6.904647760193150484e-03,6.905099884970513149e-03,4.763047253895385147e-05,7.001981464747534731e-03,7.001718337808575908e-03,7.001981464747534731e-03
2.733333333333333101e-02,7.401988630220608959e-05,7.253186899210943561e-03,7.253661672079497746e-03,7.897528176489550906e-05,7.355585145960704882e-03,7.355289959579658886e-03,7.355585145960704882e-03
2.800000000000000058e-02,1.110856115919780818e-04,7.612170266070628771e-03,7.612670528615330529e-03,1.167895576933618241e-04,7.717832735397308144e-03,7.717502828594787617e-03,7.717832735397308144e-03
2.866666666666666669e-02,1.535419246955440796e-04,7.981297678435861354e-03,7.981830096316562886e-03,1.599655623562891437e-04,8.088717877083696078e-03,8.088350452674543042e-03,8.088717877083696078e-03
2.933333333333333279e-02,2.000395833353336235e-04,8.359925704779806385e-03,8.360500042253924194e-03,2.072384903726380817e-04,8.468234063492268565e-03,8.467826184873121498e-03,8.468234063492268565e-03
2.999999999999999542e-02,2.491592825470680898e-04,8.747217627606581128e-03,8.747845306030630277e-03,2.572235203769463407e-04,8.856374635655653305e-03,8.855923223597461647e-03,8.856374635655653305e-03
3.066666666666666846e-02,2.994740607131084632e-04,9.142339849176650199e-03,9.143032102027048857e-03,3.084563822169757098e-04,9.253132783283551585e-03,9.252634612729166916e-03,9.253132783283551585e-03
3.133333333333333109e-02,3.495906651474692131e-04,9.544657073113062273e-03,9.545423134374959873e-03,3.594362515379202457e-04,9.658501544882201750e-03,9.657953241749150583e-03,9.658501544882201750e-03
3.199999999999999373e-02,3.981687049759378831e-04,9.953877280429660260e-03,9.954723077246414517e-03,4.086697151917789684e-04,1.007247380787656271e-02,1.007187184586512928e-02,1.007247380787656271e-02
3.266666666666667024e-02,4.439237722366619712e-04,1.037010844669641711e-02,1.037103618105485181e-02,4.547145195415442775e-04,1.049504230873508914e-02,1.049438300614180010e-02,1.049504230873508914e-02
3.333333333333333287e-02,4.856257232818136731e-04,1.079381077972675282e-02,1.079481956088416267e-02,4.962218200897885361e-04,1.092619963309717813e-02,1.092547914963382452e-02,1.092619963309717813e-02
3.400000000000000244e-02,5.221043712998180543e-04,1.122565612896802775e-02,1.122674351386802015e-02,5.319756947636927183e-04,1.136593821590327000e-02,1.136515254952157744e-02,1.136593821590327000e-02
3.466666666666666508e-02,5.522716629026451149e-04,1.166633234997896222e-02,1.166749635795040485e-02,5.609287633474727228e-04,1.181425034152757021e-02,1.181339532524960760e-02,1.181425034152757021e-02
3.533333333333333465e-02,5.751631158740006704e-04,1.211634654292054018e-02,1.211758755138521090e-02,5.822328696203697652e-04,1.227112814391344460e-02,1.227019944266792388e-02,1.227112814391344460e-02
3.600000000000000422e-02,5.899939812757531727e-04,1.257588185749230689e-02,1.257720381302749636e-02,5.952639273923223968e-04,1.273656360671142698e-02,1.273555671417597387e-02,1.273656360671142698e-02
3.666666666666666685e-02,5.962196042201897694e-04,1.304474774498060909e-02,1.304615832672529827e-02,5.996402025932312790e-04,1.321054856341986709e-02,1.320945879886939282e-02,1.321054856341986709e-02
3.733333333333332948e-02,5.935866195381129824e-04,1.352243793051625953e-02,1.352394759546234580e-02,5.952334958571239409e-04,1.369307469752823608e-02,1.369189720268951943e-02,1.369307469752823608e-02
3.799999999999999906e-02,5.821627215654996256e-04,1.400828145787244745e-02,1.400990159780221914e-02,5.821728980166515416e-04,1.418413354266303411e-02,1.418286327857563693e-02,1.418413354266303411e-02
3.866666666666666863e-02,5.623373977314651603e-04,1.450164733162106860e-02,1.450338800955726024e-02,5.608410084938120644e-04,1.468371648273634165e-02,1.468234822661993767e-02,1.468371648273634165e-02
3.933333333333333126e-02,5.347928327026711106e-04,1.500214812516604407e-02,1.500401600804846837e-02,5.318627273660177018e-04,1.519181475209700934e-02,1.519034309422527887e-02,1.519181475209700934e-02
4.000000000000000083e-02,5.004512294622738989e-04,1.550978581780423568e-02,1.551178294264500546e-02,4.960869494346708229e-04,1.570841943568444463e-02,1.570683877626563238e-02,1.570841943568444463e-02
4.066666666666666347e-02,4.604100698318567327e-04,1.602499523318777139e-02,1.602711910419920074e-02,4.545616965533844978e-04,1.623352146918503533e-02,1.623182601524928576e-02,1.623352146918503533e-02
4.133333333333333304e-02,4.158788365462757781e-04,1.654856522441218100e-02,1.655081042261129926e-02,4.085034166937406581e-04,1.676711163919120465e-02,1.676529540148476508e-02,1.676711163919120465e-02
4.200000000000000261e-02,3.681288232864959528e-04,1.708145013920308458e-02,1.708381118857179790e-02,3.592613491070929940e-04,1.730918058336306659e-02,1.730723737324949690e-02,1.730918058336306659e-02
4.266666666666666524e-02,3.184623729602047539e-04,1.762451573419986442e-02,1.762699054115820368e-02,3.082779994755522105e-04,1.785971879059267131e-02,1.785764221696118509e-02,1.785971879059267131e-02
4.333333333333332787e-02,2.682007726724027993e-04,1.817828505080594167e-02,1.818087797818094750e-02,2.570468828999428038e-04,1.841871660117092718e-02,1.841650006735190068e-02,1.841871660117092718e-02
4.400000000000000439e-02,2.186833137956769495e-04,1.874275361940225954e-02,1.874547728011298833e-02,2.070687726089899994e-04,1.898616420695706589e-02,1.898380090764495431e-02,1.898616420695706589e-02
4.466666666666666702e-02,1.712658879503782181e-04,1.931732794666318406e-02,1.932020310327020249e-02,1.598077360476482425e-04,1.956205165155072701e-02,1.955953456973435339e-02,1.956205165155072701e-02
4.533333333333332965e-02,1.273073545410356960e-04,1.990091087301718020e-02,1.990396429954418428e-02,1.166482462310309653e-04,2.014636883046667243e-02,2.014369073436712149e-02,2.014636883046667243e-02
4.599999999999999922e-02,8.813590601819201189e-05,2.049212052038795057e-02,2.049538118397956771e-02,7.885462475140012333e-05,2.073910549131207162e-02,2.073625893132823375e-02,2.073910549131207162e-02
4.666666666666666879e-02,5.499451664412268159e-05,2.108959556401107313e-02,2.109308990082862934e-02,4.753400452180766103e-05,2.134025123396638551e-02,2.133722853962826543e-02,2.134025123396638551e-02
4.733333333333333143e-02,2.897206492484408888e-05,2.169231627131164644e-02,2.169606360093269404e-02,2.360389723221001460e-05,2.194979551076384205e-02,2.194658878769377777e-02,2.194979551076384205e-02
4.800000000000000100e-02,1.093243092334298500e-05,2.229986337468332219e-02,2.230387257063165193e-02,7.765315602635499659e-06,2.256772762667853816e-02,2.256432875356038231e-02,2.256772762667853816e-02
4.866666666666666363e-02,1.455945717321019385e-06,2.291254779462001054e-02,2.291681615559574420e-02,4.822377947857169739e-07,2.319403673951203268e-02,2.319043736506848363e-02,2.319403673951203268e-02
4.933333333333333320e-02,8.053461618391789324e-07,2.353137252139578944e-02,2.353588734116094858e-02,1.968015555164294996e-06,2.382871186008364908e-02,2.382490340006177681e-02,2.382871186008364908e-02
5.000000000000000278e-02,8.922551637962492568e-06,2.415782828486110964e-02,2.416257095693281204e-02,1.217912425195271045e-05,2.447174185242324135e-02,2.446771548658833312e-02,2.447174185242324135e-02
5.066666666666666541e-02,2.545492345114305164e-05,2.479356724234789075e-02,2.479851903268739943e-02,3.081643789313508013e-05,2.512311543396659672e-02,2.511886210310445428e-02,2.512311543396659672e-02
5.133333333333332804e-02,4.980252316369627877e-05,2.544003179210776663e-02,2.544517990930585810e-02,5.733399177527246401e-05,2.578282117575340926e-02,2.577833157868122255e-02,2.578282117575340926e-02
5.199999999999999761e-02,8.117341236324572627e-05,2.609812866052190969e-02,2.610347113510974246e-02,9.095497606836917923e-05,2.645084750262785903e-02,2.644611209321358347e-02,2.645084750262785903e-02
5.266666666666666718e-02,1.186335634773155349e-04,2.676802753829445047e-02,2.677357572962792143e-02,1.306944918179771785e-04,2.712718269344159203e-02,2.712219167763230826e-02,2.712718269344159203e-02
5.333333333333333676e-02,1.611415650621494499e-04,2.744913224571003674e-02,2.745491040056508708e-02,1.753884027462645969e-04,2.781181488125947579e-02,2.780655821411848194e-02,2.781181488125947579e-02
5.399999999999999939e-02,2.075648076657711028e-04,2.814022993228803768e-02,2.814627192128417096e-02,2.237274376623669134e-04,2.850473205356778353e-02,2.849919943632064911e-02,2.850473205356778353e-02
5.466666666666666202e-02,2.566811188147226862e-04,2.883978124448517699e-02,2.884612523140385812e-02,2.742955444800985153e-04,2.920592205248493875e-02,2.920010292957479076e-02,2.920592205248493875e-02
5.533333333333333853e-02,3.071755386003001821e-04,2.954628132243302882e-02,2.955296357729262149e-02,3.256113722937581151e-04,2.991537257497488625e-02,2.990925613112673659e-02,2.991537257497488625e-02
5.600000000000000117e-02,3.576442840487639003e-04,3.025860454844806618e-02,3.026565384733331809e-02,3.761716663288954487e-04,3.063307117306296457e-02,3.062664633035737383e-02,3.063307117306296457e-02
5.666666666666666380e-02,4.066162414226406657e-04,3.097624888462715068e-02,3.098368287888722192e-02,4.244953045488196420e-04,3.135900525405425215e-02,3.135226066901045106e-02,3.135900525405425215e-02
5.733333333333333337e-02,4.525971454280871111e-04,3.169941896278320043e-02,3.170724349233323969e-02,4.691666859008378362e-04,3.209316208075457810e-02,3.208608614142308829e-02,3.209316208075457810e-02
5.799999999999999600e-02,4.941345980750618287e-04,3.242892710894910296e-02,3.243713869249058301e-02,5.088771991794059603e-04,3.283552877169396839e-02,3.282810959475881973e-02,3.283552877169396839e-02
5.866666666666666557e-02,5.298953886422049604e-04,3.316593920250432426e-02,3.317453003369102288e-02,5.424635577101179695e-04,3.358609230135271850e-02,3.357831772924341901e-02,3.358609230135271850e-02
5.933333333333333515e-02,5.587421834347218235e-04,3.391163460464071550e-02,3.392059862000609827e-02,5.689418768716239224e-04,3.434483950038987043e-02,3.433669709840320161e-02,3.434483950038987043e-02
5.999999999999999084e-02,5.797958371003059845e-04,3.466687325955380289e-02,3.467621151071755004e-02,5.875364961826495943e-04,3.511175705587429863e-02,3.510323410930607513e-02,3.511175705587429863e-02
6.066666666666666735e-02,5.924725885101751917e-04,3.543196068917032343e-02,3.544168448227626861e-02,5.977027016348807065e-04,3.588683151151836337e-02,3.587791502280520545e-02,3.588683151151836337e-02
6.133333333333333692e-02,5.964914217953592654e-04,3.620657386768862812e-02,3.621670481263126323e-02,5.991426826397481045e-04,3.667004926791391645e-02,3.666072595378520871e-02,3.667004926791391645e-02
6.199999999999999262e-02,5.918542089028124226e-04,3.698986677954986535e-02,3.700043376563690034e-02,5.918142561435448196e-04,3.746139658277097828e-02,3.745165287141103555e-02,3.746139658277097828e-02
6.266666666666666219e-02,5.788077780334647789e-04,3.778072670152849560e-02,3.779176061802943382e-02,5.759321023451287108e-04,3.826085957115886449e-02,3.825068159937951295e-02,3.826085957115886449e-02
6.333333333333333870e-02,5.578007928373088318e-04,3.857811298952319029e-02,3.858964058372454931e-02,5.519614758168848176e-04,3.906842420574974800e-02,3.905779781617336327e-02,3.906842420574974800e-02
6.399999999999998745e-02,5.294480622536180221e-04,3.938138795157498928e-02,3.939342649168305066e-02,5.206045762564579481e-04,3.988407631706483714e-02,3.987298705531792942e-02,3.988407631706483714e-02
6.466666666666666397e-02,4.945106315884532835e-04,4.019054881693951559e-02,4.020310315986665162e-02,4.827799781268235350e-04,4.070780159372299617e-02,4.069623470564050216e-02,4.070780159372299617e-02
6.533333333333334048e-02,4.538930520230339107e-04,4.100629172901155278e-02,4.101935493173747282e-02,4.395957217763995345e-04,4.153958558269182227e-02,4.152752601153214540e-02,4.153958558269182227e-02
6.600000000000000311e-02,4.086518633419513160e-04,4.182987978518757505e-02,4.184343753426263135e-02,3.923168543125922698e-04,4.237941368954124127e-02,4.236684607321215823e-02,4.237941368954124127e-02
6.666666666666666574e-02,3.600040330135903738e-04,4.266283883984629127e-02,4.267687687455850448e-02,3.423283710920712220e-04,4.322727117869958058e-02,4.321417984699520154e-02,4.322727117869958058e-02
6.733333333333332837e-02,3.093226866895039829e-04,4.350655378987145633e-02,4.352106648569647324e-02,2.910946434261881314e-04,4.408314317371212626e-02,4.406951214556095731e-02,4.408314317371212626e-02
6.800000000000000488e-02,2.581104389086530003e-04,4.436186964661029131e-02,4.437686740394082563e-02,2.401165210334025018e-04,4.494701465750219893e-02,4.493282763822620263e-02,4.494701465750219893e-02
6.866666666666666752e-02,2.079470085610961338e-04,4.522880531841505514e-02,4.524431858531184625e-02,1.908873658868993006e-04,4.581887047263447088e-02,4.580411085121971482e-02,4.581887047263447088e-02
6.933333333333333015e-02,1.604154961140898475e-04,4.610646176854622802e-02,4.612254036882112301e-02,1.448493054095220623e-04,4.669869532158117675e-02,4.668334616795960512e-02,4.669869532158117675e-02
7.000000000000000666e-02,1.170182542556890364e-04,4.699315771410404047e-02,4.700986534607169004e-02,1.033509865425292736e-04,4.758647376699028098e-02,4.757051782933317818e-02,4.758647376699028098e-02
7.066666666666666929e-02,7.909668352756706944e-05,4.788676897246170461e-02,4.790417392710440148e-02,6.760806824781036446e-05,4.848219023195640687e-02,4.846560993397937278e-02,4.848219023195640687e-02
7.133333333333333193e-02,4.776855074383949104e-05,4.878519652975502746e-02,4.880336058751207767e-02,3.866760978307277809e-05,4.938582900029434702e-02,4.936860643857391567e-02,4.938582900029434702e-02
7.200000000000000844e-02,2.389185630412287039e-05,4.968685490117270842e-02,4.970582286808147843e-02,1.737739796605772814e-05,5.029737421681449577e-02,5.027949115811670283e-02,5.029737421681449577e-02
7.266666666666665719e-02,8.057291123396754479e-06,5.059106341608136242e-02,5.061085580009586776e-02,4.361111960223056627e-06,5.121680988760123759e-02,5.119824776622194235e-02,5.121680988760123759e-02
7.333333333333333370e-02,6.040290329741658417e-07,5.149824134901519190e-02,5.151885217475947465e-02,5.310898455683173794e-11,5.214411988029358375e-02,5.212485979541092024e-02,5.214411988029358375e-02
7.400000000000001021e-02,1.648162580690237776e-06,5.240985114199742112e-02,5.243125184488082319e-02,4.421975027924523242e-06,5.307928792436812648e-02,5.305931063740686876e-02,5.307928792436812648e-02
7.466666666666665897e-02,1.111110722055544837e-05,5.332809415304154421e-02,5.335024300813160508e-02,1.749734116818241152e-05,5.402229761142459535e-02,5.400158354343302658e-02,5.402229761142459535e-02
7.533333333333333548e-02,2.873732248789568404e-05,5.425542608312252518e-02,5.427828111598618360e-02,3.884311948262135473e-05,5.497313239547377273e-02,5.495166162451248920e-02,5.497313239547377273e-02
7.599999999999999811e-02,5.409605384067634116e-05,5.519400702733360392e-02,5.521753932022147732e-02,6.783400303315514934e-05,5.593177559322774772e-02,5.590952785177109863e-02,5.593177559322774772e-02
7.666666666666666075e-02,8.656877747700286447e-05,5.614521933668324000e-02,5.616942348999585943e-02,1.036207278408193670e-04,5.689821038439264733e-02,5.687516505674267142e-02,5.689821038439264733e-02
7.733333333333333726e-02,1.253304189109110268e-04,5.710936942945157163e-02,5.713426870188560713e-02,1.451549513723065772e-04,5.787241981196384472e-02,5.784855593167671783e-02,5.787241981196384472e-02
7.799999999999999989e-02,1.693361914124389518e-04,5.808564282000462653e-02,5.811128785969177368e-02,1.912199628682482544e-04,5.885438678252337408e-02,5.882968302984846465e-02,5.885438678252337408e-02
7.866666666666666252e-02,2.173258630699396912e-04,5.907231890674134733e-02,5.909878052558021483e-02,2.404663258795661143e-04,5.984409406653990599e-02,5.981852876587184786e-02,5.984409406653990599e-02
7.933333333333333903e-02,2.678533939414399329e-04,6.006719008706289803e-02,6.009454783935143374e-02,2.914514088932358108e-04,6.084152429867110273e-02,6.081507541601457317e-02,6.084152429867110273e-02
8.000000000000000167e-02,3.193433336213200046e-04,6.106808258582442639e-02,6.109641179042933634e-02,3.426816460304341798e-04,6.184665997806820803e-02,6.181930511851578547e-02,6.184665997806820803e-02
8.066666666666666430e-02,3.701680786889400047e-04,6.207335327192104596e-02,6.210271348285500287e-02,3.926562898248564049e-04,6.285948346868318326e-02,6.283119987390620165e-02,6.285948346868318326e-02
8.133333333333332693e-02,4.187342227220215772e-04,6.308224228228073716e-02,6.311266998310460785e-02,4.399113743797025558e-04,6.387997699957814746e-02,6.385074154533081081e-02,6.387997699957814746e-02
8.200000000000000344e-02,4.635635523031910355e-04,6.409499551900441072e-02,6.412650290799490338e-02,4.830626010389694395e-04,6.490812266523715568e-02,6.487791185887384349e-02,6.490812266523715568e-02
8.266666666666666607e-02,5.033556073544589700e-04,6.511272825829816924e-02,6.514530846410301890e-02,5.208458902727614677e-04,6.594390242588037132e-02,6.591269240388639150e-02,6.594390242588037132e-02
8.333333333333332871e-02,5.370238092300084944e-04,6.613706846568556674e-02,6.617070572969663278e-02,5.521544118426330349e-04,6.698729810778066007e-02,6.695506463331639402e-02,6.698729810778066007e-02
8.400000000000000522e-02,5.637044998430096971e-04,6.716967775148818820e-02,6.720435963214704822e-02,5.760710084788660951e-04,6.803829140358234884e-02,6.800500986404095505e-02,6.803829140358234884e-02
8.466666666666666785e-02,5.827456025903094295e-04,6.821178113345285898e-02,6.824750918886393625e-02,5.918950632448586203e-04,6.909686387262245488e-02,6.906250927720135324e-02,6.909686387262245488e-02
8.533333333333333048e-02,5.936866832169664619e-04,6.926383316571577131e-02,6.930062909100011270e-02,5.991630235313758455e-04,7.016299694125444075e-02,7.012754391854031377e-02,7.016299694125444075e-02
8.600000000000000699e-02,5.962432947641738883e-04,7.032540888913911548e-02,7.036331449594472598e-02,5.976619804472090795e-04,7.123667190317387043e-02,7.120009469874163943e-02,7.123667190317387043e-02
8.666666666666665575e-02,5.903052485227669888e-04,7.139534608169827157e-02,7.143441725783561402e-02,5.874359058092242609e-04,7.231786991974668843e-02,7.228014239377246464e-02,7.231786991974668843e-02
8.733333333333333226e-02,5.759519417401369381e-04,7.247209853788180722e-02,7.251239489525174164e-02,5.687843640243183058e-04,7.340657202033983031e-02,7.336766764522786866e-02,7.340657202033983031e-02
8.800000000000000877e-02,5.534802958846594045e-04,7.355420560403781727e-02,7.359577857780698340e-02,5.422537365976439101e-04,7.450275910265406754e-02,7.446265096067762601e-02,7.450275910265406754e-02
8.866666666666665753e-02,5.234347736006248874e-04,7.464075269997827444e-02,7.468363531860930382e-02,5.086212163378826204e-04,7.560641193305907282e-02,7.556507271401581571e-02,7.560641193305907282e-02
8.933333333333333404e-02,4.866263607332738583e-04,7.573169710286808964e-02,7.577589843722698504e-02,4.688720401360918846e-04,7.671751114693106666e-02,7.667491314581255379e-02,7.671751114693106666e-02
8.999999999999999667e-02,4.441291188000906173e-04,7.682796360535973368e-02,7.687346997350838484e-02,4.241706272650697194e-04,7.783603724899240683e-02,7.779215236366801567e-02,7.783603724899240683e-02
9.066666666666665930e-02,3.972483110171148423e-04,7.793127099393221124e-02,7.797805435554777675e-02,3.758264686788942541e-04,7.896197061365378689e-02,7.891677034256899814e-02,7.896197061365378689e-02
9.133333333333333581e-02,3.474614339501383279e-04,7.904372091252587218e-02,7.909175283478551977e-02,3.252557665574312890e-04,8.009529148535848853e-02,8.004874692524813207e-02,8.009529148535848853e-02
9.199999999999999845e-02,2.963404973577376481e-04,8.016724758944453189e-02,8.021651532371165683e-02,2.739399478336614459e-04,8.123597997892910427e-02,8.118806182254478809e-02,8.123597997892910427e-02
9.266666666666666108e-02,2.454685372748546942e-04,8.130307022182958754e-02,8.135359049122116437e-02,2.233822670157542035e-04,8.238401607991630016e-02,8.233469461376886900e-02,8.238401607991630016e-02
9.333333333333333759e-02,1.963643371036364335e-04,8.245129511848681148e-02,8.250312161313180792e-02,1.750637695883594709e-04,8.353937964495021518e-02,8.348862474706704451e-02,8.353937964495021518e-02
9.400000000000000022e-02,1.504264563701165826e-04,8.361077938623347194e-02,8.366400156312810144e-02,1.303999060089023785e-04,8.470205040209366487e-02,8.464983153979073471e-02,8.470205040209366487e-02
9.466666666666666285e-02,1.089018077964737342e-04,8.477930233994226961e-02,8.483403536765486697e-02,9.069906725599084969e-05,8.587200795119789842e-02,8.581829417886706335e-02,8.587200795119789842e-02
9.533333333333332549e-02,7.287690708234642145e-05,8.595401367430095807e-02,8.601038152967872830e-02,5.712425659679593916e-05,8.704923176426068721e-02,8.699399172117192047e-02,8.704923176426068721e-02
9.600000000000000200e-02,4.328365350330066016e-05,8.713205860809931924e-02,8.719017395167701079e-02,3.065902036731318848e-05,8.823370118578628685e-02,8.817690309390516235e-02,8.823370118578628685e-02
9.666666666666666463e-02,2.090797695278850192e-05,8.831123521487220518e-02,8.837118049834163935e-02,1.207863579513352987e-05,8.942539543314798056e-02,8.936700709496846196e-02,8.942539543314798056e-02
9.733333333333332726e-02,6.390011152768449068e-06,8.949052708618922269e-02,8.955234133529248186e-02,1.927399893658341426e-06,9.062429359695273190e-02,9.056428239334533836e-02,9.062429359695273190e-02
9.800000000000000377e-02,2.085553792420371521e-07,9.067037848488865293e-02,9.073405325049138659e-02,5.026847308368358925e-07,9.183037464140804407e-02,9.176870752948339260e-02,9.183037464140804407e-02
9.866666666666666641e-02,2.649201110391898833e-06,9.185263609730011380e-02,9.191812217492516257e-02,7.846226160146944515e-06,9.304361740469095643e-02,9.298026091567893059e-02,9.304361740469095643e-02
9.933333333333332904e-02,1.376252926902587021e-05,9.304016072586512864e-02,9.310738464985192364e-02,2.374290120325443467e-05,9.426400059931955289e-02,9.419892083646404235e-02,9.426400059931955289e-02
1.000000000000000056e-01,3.332396557820551904e-05,9.423619522723535036e-02,9.430508191011931218e-02,4.772702989991008853e-05,9.549150281252630212e-02,9.542466544899561032e-02,9.549150281252630212e-02
1.006666666666666543e-01,6.080851755941044047e-05,9.544363887883951236e-02,9.551413497865467173e-02,7.909601701760195734e-05,9.672610250663378484e-02,9.665747278344702376e-02,9.672610250663378484e-02
1.013333333333333308e-01,9.539111726207546538e-05,9.666440375040644128e-02,9.673649608570304703e-02,1.169309339983522179e-04,9.796777801943264141e-02,9.789732074340182222e-02,9.796777801943264141e-02
1.020000000000000073e-01,1.359773592204097277e-04,9.789900752764782443e-02,9.797273222586745656e-02,1.601234382115255498e-04,9.921650756456169840e-02,9.914418710624986475e-02,9.921650756456169840e-02
1.026666666666666561e-01,1.812618197172194206e-04,9.914649639505761225e-02,9.922193691048168673e-02,2.074082409353908776e-04,1.004722692318900795e-01,1.003980495235854004e-01,1.004722692318900795e-01
1.033333333333333326e-01,2.298041630784507380e-04,1.004047093045969258e-01,1.004819841456838364e-01,2.574001729447422627e-04,1.017350409879018425e-01,1.016588855216079557e-01,1.017350409879018425e-01
1.039999999999999952e-01,2.801090115676552650e-04,1.016708133437728423e-01,1.017500566072662010e-01,3.086347618988055609e-04,1.030048006760823365e-01,1.029266725015248185e-01,1.030048006760823365e-01
1.046666666666666579e-01,3.306953951773651057e-04,1.029419776942828157e-01,1.030233169624655831e-01,3.596111328483964781e-04,1.042815260173071273e-01,1.042013877399565053e-01,1.042815260173071273e-01
1.053333333333333344e-01,3.801455871823531145e-04,1.042160230038244040e-01,1.042995597141968961e-01,4.088359751274135202e-04,1.055651946102329347e-01,1.054830083893435050e-01,1.055651946102329347e-01
1.059999999999999970e-01,4.271300452651535079e-04,1.054918895935406942e-01,1.055776865340406628e-01,4.548672876548997580e-04,1.068557839316905400e-01,1.067715114783562985e-01,1.068557839316905400e-01
1.066666666666666735e-01,4.704128273323992799e-04,1.067698115082807431e-01,1.068578905459115491e-01,4.963566211652141978e-04,1.081532713370800952e-01,1.080668739123068073e-01,1.081532713370800952e-01
1.073333333333333361e-01,5.088477706768293083e-04,1.080511565575654614e-01,1.081415071497390801e-01,5.320885799150662770e-04,1.094576340607683607e-01,1.093690724735623399e-01,1.094576340607683607e-01
1.079999999999999988e-01,5.413779954780555690e-04,1.093379790167339077e-01,1.094305750740459660e-01,5.610164256975606542e-04,1.107688492164882743e-01,1.106780838219619256e-01,1.107688492164882743e-01
1.086666666666666753e-01,5.670492143695065462e-04,1.106324085757701553e-01,1.107272287696455665e-01,5.822927411730600879e-04,1.120868937977403251e-01,1.119938844952344664e-01,1.120868937977403251e-01
1.093333333333333240e-01,5.850416509430669300e-04,1.119360431804396483e-01,1.120330887927964009e-01,5.952942542599495845e-04,1.134117446781963551e-01,1.133164509094192890e-01,1.134117446781963551e-01
1.100000000000000006e-01,5.947180186923702906e-04,1.132495105004277802e-01,1.133488157701744575e-01,5.996400963752671672e-04,1.147433786121053734e-01,1.146457593592890151e-01,1.147433786121053734e-01
1.106666666666666771e-01,5.956783999388145807e-04,1.145723139973463395e-01,1.146739462701135276e-01,5.952029596651355232e-04,1.160817722347012859e-01,1.159817860187741523e-01,1.160817722347012859e-01
1.113333333333333258e-01,5.878090705606789455e-04,1.159030007628565895e-01,1.160070506795541911e-01,5.821128263831520933e-04,1.174269020626129006e-01,1.173245069413904468e-01,1.174269020626129006e-01
1.120000000000000023e-01,5.713124484554382926e-04,1.172396026687241993e-01,1.173461672269060507e-01,5.607531611676686099e-04,1.187787444942760701e-01,1.186738980606680399e-01,1.187787444942760701e-01
1.126666666666666788e-01,5.467092757368846459e-04,1.185802319416457001e-01,1.186893949959840627e-01,5.317496777620628161e-04,1.201372758103476657e-01,1.200299351905825818e-01,1.201372758103476657e-01
1.133333333333333276e-01,5.148106534453965192e-04,1.199236723629035495e-01,1.200354878127313785e-01,4.959520092476420649e-04,1.215024721741218006e-01,1.213925940259888980e-01,1.215024721741218006e-01
1.140000000000000041e-01,4.766647326616553731e-04,1.212698055176696932e-01,1.213842880576354311e-01,4.544088187445614641e-04,1.228743096319481060e-01,1.227618501430568082e-01,1.228743096319481060e-01
1.146666666666666667e-01,4.334886929352640668e-04,1.226197488490212845e-01,1.227368756205760442e-01,4.083370796922122922e-04,1.242527641136520755e-01,1.241376789997085534e-01,1.242527641136520755e-01
1.153333333333333294e-01,3.865994699681448614e-04,1.239756526076251225e-01,1.240953764741030002e-01,3.590864256178794792e-04,1.256378114329570195e-01,1.255200559360589163e-01,1.256378114329570195e-01
1.159999999999999920e-01,3.373557139725945450e-04,1.253401917319151848e-01,1.254624636189882458e-01,3.080996137377335327e-04,1.270294272879090025e-01,1.269089561748571182e-01,1.270294272879090025e-01
1.166666666666666685e-01,2.871189213556978427e-04,1.267158738364121129e-01,1.268406686267359307e-01,2.568702605763092538e-04,1.284275872613029890e-01,1.283043548219310603e-01,1.284275872613029890e-01
1.173333333333333311e-01,2.372348991935854616e-04,1.281043408112314541e-01,1.282316797531685149e-01,2.068990877045749654e-04,1.298322668211110420e-01,1.297062268666331064e-01,1.298322668211110420e-01
1.179999999999999938e-01,1.890297535288020545e-04,1.295058504478567851e-01,1.296358136359485602e-01,1.596499593415184317e-04,1.312434413209131179e-01,1.311145471822889597e-01,1.312434413209131179e-01
1.186666666666666703e-01,1.438096512162354013e-04,1.309190820084639162e-01,1.310518070333209217e-01,1.165069996614228259e-04,1.326610860003293313e-01,1.325292905266476085e-01,1.326610860003293313e-01
1.193333333333333329e-01,1.028523403331275488e-04,1.323413282212441422e-01,1.324769946886533156e-01,7.873404601986272054e-05,1.340851759854544689e-01,1.339504315423337977e-01,1.340851759854544689e-01
1.199999999999999817e-01,6.738132141420720433e-05,1.337690392947762652e-01,1.339078423716419941e-01,4.743762588264882905e-05,1.355156862892942515e-01,1.353779447573027483e-01,1.355156862892942515e-01
1.206666666666666721e-01,3.851976012969704857e-05,1.351985974026500559e-01,1.353407161220338273e-01,2.353454201802704777e-05,1.369525918122040942e-01,1.368118045852964870e-01,1.369525918122040942e-01
1.213333333333333347e-01,1.722872707629168878e-05,1.366271424273824142e-01,1.367727097558941729e-01,7.725015517121956658e-06,1.383958673423290320e-01,1.382519853263024234e-01,1.383958673423290320e-01
1.219999999999999835e-01,4.240698864466425486e-06,1.380532530512730005e-01,1.382023346573574563e-01,4.721733956470946904e-07,1.398454875560465605e-01,1.396984611670143150e-01,1.398454875560465605e-01
1.226666666666666738e-01,2.384287684896381742e-09,1.394773153500222240e-01,1.396299025376279423e-01,1.988481670657373693e-06,1.413014270184107524e-01,1.411512061812945917e-01,1.413014270184107524e-01
1.233333333333333226e-01,4.639822707267670377e-06,1.409014800889950569e-01,1.410574994404197036e-01,1.222952134413470693e-05,1.427636601835984009e-01,1.426101943306390119e-01,1.427636601835984009e-01
1.239999999999999852e-01,1.795366331228926646e-05,1.423292071802124137e-01,1.424885454764191761e-01,3.089528962083269573e-05,1.442321613953573278e-01,1.440753994646437885e-01,1.442321613953573278e-01
1.246666666666666756e-01,3.944511700193885096e-05,1.437644987759934545e-01,1.439270377038243398e-01,5.743898824227751555e-05,1.457069048874569950e-01,1.455467953214739096e-01,1.457069048874569950e-01
1.253333333333333244e-01,6.836554113962685592e-05,1.452110034062073507e-01,1.453766557398525339e-01,9.108304148993618342e-05,1.471878647841397270e-01,1.470243555283338444e-01,1.471878647841397270e-01
1.260000000000000009e-01,1.037772583184260361e-04,1.466712078997494673e-01,1.468399463685427231e-01,1.308418746233996411e-04,1.486750151005754306e-01,1.485080536019405817e-01,1.486750151005754306e-01
1.266666666666666774e-01,1.446116378999204690e-04,1.481459107654386487e-01,1.483177828703753087e-01,1.755507854780387702e-04,1.501683297433173969e-01,1.499978629489980009e-01,1.501683297433173969e-01
1.273333333333333262e-01,1.897131251513108009e-04,1.496340976782090382e-01,1.498092234680471202e-01,2.239000634525380043e-04,1.516677825107596855e-01,1.514937568666734902e-01,1.516677825107596855e-01
1.279999999999999749e-01,2.378639043186918118e-04,1.511332388202437094e-01,1.513117928461090722e-01,2.744733563987810515e-04,1.531733470935975616e-01,1.529957085430768693e-01,1.531733470935975616e-01
1.286666666666666792e-01,2.877912853726075125e-04,1.526399265887390388e-01,1.528221087259221955e-01,3.257891614877184280e-04,1.546849970752886272e-01,1.545036910577407829e-01,1.546849970752886272e-01
1.293333333333333279e-01,3.381663247752466142e-04,1.541506941626968885e-01,1.543366962195673875e-01,3.763442246105991361e-04,1.562027059325163392e-01,1.560176773821028706e-01,1.562027059325163392e-01
1.300000000000000044e-01,3.876055826055681318e-04,1.556628159181423499e-01,1.558527917535240115e-01,4.246575769659880037e-04,1.577264470356557480e-01,1.575376403799909064e-01,1.577264470356557480e-01
1.306666666666666810e-01,4.346872420656377242e-04,1.571748967740766723e-01,1.573689429484284863e-01,4.693139188170902939e-04,1.592561936492402352e-01,1.590635528081085770e-01,1.592561936492402352e-01
1.313333333333333297e-01,4.779883531425763708e-04,1.586871088766413918e-01,1.588852605496229586e-01,5.090050795281179062e-04,1.607919189324309717e-01,1.605953873165242018e-01,1.607919189324309717e-01
1.320000000000000062e-01,5.161431703955647859e-04,1.602010217408788018e-01,1.604032647612895213e-01,5.425683393421393491e-04,1.623335959394879013e-01,1.621331164491607024e-01,1.623335959394879013e-01
1.326666666666666827e-01,5.479155603188202604e-04,1.617190770037909286e-01,1.619253726789656733e-01,5.690204902956228373e-04,1.638811976202421139e-01,1.636767126442876252e-01,1.638811976202421139e-01
1.333333333333333315e-01,5.722733652505191618e-04,1.632438537122950228e-01,1.634541690294363248e-01,5.875866384833274827e-04,1.654346968205709922e-01,1.652261482350155242e-01,1.654346968205709922e-01
1.340000000000000080e-01,5.884509103919876184e-04,1.647773262607687972e-01,1.649916607484854247e-01,5.977229039349712210e-04,1.669940662828743316e-01,1.667813954497915363e-01,1.669940662828743316e-01
1.346666666666666567e-01,5.959880067790909470e-04,1.663203167523517600e-01,1.665387183569338736e-01,5.991323531295624253e-04,1.685592786465525406e-01,1.683424264128971226e-01,1.685592786465525406e-01
1.353333333333333333e-01,5.947392252819721668e-04,1.678722869502543291e-01,1.680948527856448438e-01,5.917736974175485986e-04,1.701303064484870342e-01,1.699092131449480014e-01,1.701303064484870342e-01
1.360000000000000098e-01,5.848543758351955335e-04,1.694315205457812001e-01,1.696583827486679574e-01,5.758625025376871466e-04,1.717071221235218770e-01,1.714817275633953864e-01,1.717071221235218770e-01
1.366666666666666585e-01,5.667379867409517427e-04,1.709956422739202786e-01,1.712269431217064708e-01,5.518648737968485712e-04,1.732896980049473679e-01,1.730599414830293337e-01,1.732896980049473679e-01
1.373333333333333350e-01,5.410001243916984703e-04,1.725623335726271801e-01,1.727981966076527209e-01,5.204838019001829449e-04,1.748780063249856520e-01,1.746438266164841158e-01,1.748780063249856520e-01
1.380000000000000115e-01,5.084117087394979251e-04,1.741300540944944186e-01,1.743705590071205347e-01,4.826385694192820400e-04,1.764720192152779421e-01,1.762333545747450658e-01,1.764720192152779421e-01
1.386666666666666603e-01,4.698742324936306379e-04,1.756985739411874581e-01,1.759437423948872203e-01,4.394378211688376138e-04,1.780717087073731830e-01,1.778284968676573652e-01,1.780717087073731830e-01
1.393333333333333368e-01,4.264074358509215013e-04,1.772691642955056546e-01,1.775189616626215716e-01,3.921470873728377768e-04,1.796770467332192700e-01,1.794292249044368848e-01,1.796770467332192700e-01
1.400000000000000133e-01,3.791510473645840862e-04,1.788443771500537460e-01,1.790987313317745078e-01,3.421517110023458773e-04,1.812880051256552105e-01,1.810355099941826085e-01,1.812880051256552105e-01
1.406666666666666621e-01,3.293706433323052331e-04,1.804274512619391257e-01,1.806862850367923490e-01,2.909162652978528637e-04,1.829045556189052568e-01,1.826473233463905832e-01,1.829045556189052568e-01
1.413333333333333386e-01,2.784550700845137027e-04,1.820214849114757949e-01,1.822847538989205429e-01,2.399416503063356895e-04,1.845266698490752033e-01,1.842646360714704223e-01,1.845266698490752033e-01
1.420000000000000151e-01,2.278946389241845254e-04,1.836285864846346205e-01,1.838963124819799067e-01,1.907211252545551331e-04,1.861543193546497943e-01,1.858874191812625309e-01,1.861543193546497943e-01
1.426666666666666639e-01,1.792348840558606474e-04,1.852492282120818123e-01,1.855215184101949855e-01,1.446965647538661073e-04,1.877874755769921300e-01,1.875156435895584117e-01,1.877874755769921300e-01
1.433333333333333404e-01,1.340082358633304350e-04,1.868819807176932690e-01,1.871590269178169119e-01,1.032162202748619314e-04,1.894261098608448213e-01,1.891492801126213597e-01,1.894261098608448213e-01
1.440000000000000169e-01,9.365305066051521766e-05,1.885237102254010144e-01,1.888057673985149565e-01,6.749522423458589957e-05,1.910701934548328651e-01,1.907882994697098489e-01,1.910701934548328651e-01
1.446666666666666656e-01,5.943381229412182280e-05,1.901702042283351657e-01,1.904575528669580076e-01,3.857999369641955991e-05,1.927196975119677969e-01,1.924326722836022241e-01,1.927196975119677969e-01
1.453333333333333144e-01,3.237665854778988452e-05,1.918170856620797504e-01,1.921099861205592951e-01,1.731757644683834611e-05,1.943745930901541741e-01,1.940823690811233071e-01,1.943745930901541741e-01
1.460000000000000187e-01,1.323064464966379312e-05,1.934608042896522884e-01,1.937594531948773624e-01,4.330837430412723304e-06,1.960348511526973370e-01,1.957373602936728074e-01,1.960348511526973370e-01
1.466666666666666674e-01,2.458526151935829045e-06,1.950994712084550831e-01,1.954039699357175697e-01,2.124359194113824530e-10,1.977004425688125844e-01,1.973976162577548710e-01,1.977004425688125844e-01
1.473333333333333162e-01,2.533445527990521432e-07,1.967333328617519028e-01,1.970436759807421834e-01,4.452563544253314778e-06,1.993713381141367369e-01,1.990631072155102377e-01,1.993713381141367369e-01
1.480000000000000204e-01,6.570973301783855182e-06,1.983647604383683150e-01,1.986808479734815669e-01,1.755746280859467198e-05,2.010475084712407268e-01,2.007338033152495371e-01,2.010475084712407268e-01
1.486666666666666692e-01,2.116583607354640884e-05,1.999977445551408550e-01,2.003194162877830198e-01,3.893101303333782023e-05,2.027289242301435201e-01,2.024096746119878609e-01,2.027289242301435201e-01
1.493333333333333179e-01,4.361808158524282193e-05,2.016370078264590471e-01,2.019640920894495983e-01,6.794709372523204843e-05,2.044155558888290369e-01,2.040906910679821107e-01,2.044155558888290369e-01
1.500000000000000222e-01,7.334519986504417553e-05,2.032869465051885816e-01,2.036193117897738269e-01,1.037557027758791969e-04,2.061073738537634870e-01,2.057768225532691231e-01,2.061073738537634870e-01
1.506666666666666710e-01,1.095978835276634130e-04,2.049506573602781767e-01,2.052882541966907781e-01,1.453078565711519359e-04,2.078043484404139829e-01,2.074680388462055158e-01,2.078043484404139829e-01
1.513333333333333197e-01,1.514467066925242013e-04,2.066292830578353723e-01,2.069721663819729107e-01,1.913863190994215149e-04,2.095064498737701508e-01,2.091643096340096708e-01,2.095064498737701508e-01
1.519999999999999962e-01,1.977707704092767640e-04,2.083218260077880635e-01,2.086701535191330392e-01,2.406412598747351638e-04,2.112136482888663236e-01,2.108656045133050216e-01,2.112136482888663236e-01
1.526666666666666727e-01,2.472604028803717649e-04,2.100254623481822291e-01,2.103794703244360464e-01,2.916297961055540474e-04,2.129259137313052608e-01,2.125718929906646737e-01,2.129259137313052608e-01
1.533333333333333215e-01,2.984430011181336503e-04,2.117362671001921104e-01,2.120962301625001212e-01,3.428582607539149094e-04,2.146432161577842002e-01,2.142831444831584109e-01,2.146432161577842002e-01
1.539999999999999980e-01,3.497350612714246183e-04,2.134501671440600379e-01,2.138163516264868225e-01,3.928259582771118715e-04,2.163655254366218250e-01,2.159993283189006463e-01,2.163655254366218250e-01
1.546666666666666745e-01,3.995161748098610189e-04,2.151638892009261617e-01,2.155365109463155959e-01,4.400691262636147617e-04,2.180928113482866748e-01,2.177204137375998994e-01,2.180928113482866748e-01
1.553333333333333233e-01,4.462144253281759526e-04,2.168756740692029672e-01,2.172548705125870727e-01,4.832038151434472906e-04,2.198250435859278318e-01,2.194463698911106320e-01,2.198250435859278318e-01
1.559999999999999998e-01,4.883890912804825105e-04,2.185855857754780418e-01,2.189714090380148193e-01,5.209664298472985828e-04,2.215621917559061627e-01,2.211771658439859178e-01,2.215621917559061627e-01
1.566666666666666763e-01,5.247969266603608662e-04,2.202953451125426176e-01,2.206877776563209992e-01,5.522507457799913713e-04,2.233042253783280306e-01,2.229127705740317766e-01,2.233042253783280306e-01
1.573333333333333250e-01,5.544325204124284220e-04,2.220077396305889239e-01,2.224067278906147471e-01,5.761403147559499786e-04,2.250511138875801453e-01,2.246531529728634236e-01,2.250511138875801453e-01
1.580000000000000016e-01,5.765401462839899729e-04,2.237257748554571379e-01,2.241312709906553013e-01,5.919353115915484921e-04,2.268028266328655229e-01,2.263982818464629343e-01,2.268028266328655229e-01
1.586666666666666781e-01,5.906020694550353318e-04,2.254518009128686218e-01,2.258638004629640594e-01,5.991730349056107819e-04,2.285593328787413059e-01,2.281481259157378816e-01,2.285593328787413059e-01
1.593333333333333268e-01,5.963141478345418325e-04,2.271868527390218384e-01,2.276054174396062724e-01,5.976414615740538189e-04,2.303206018056583315e-01,2.299026538170825251e-01,2.303206018056583315e-01
1.600000000000000033e-01,5.935618670845367031e-04,2.289303795419159182e-01,2.293556392716755155e-01,5.873854577721126981e-04,2.320866025105017827e-01,2.316618341029396955e-01,2.320866025105017827e-01
1.606666666666666798e-01,5.824078929792640561e-04,2.306804304359383051e-01,2.311125643880683755e-01,5.687054646568136468e-04,2.338573040071331155e-01,2.334256352423643155e-01,2.338573040071331155e-01
1.613333333333333286e-01,5.630964641328350473e-04,2.324342409725975445e-01,2.328734436400587693e-01,5.421486971915243482e-04,2.356326752269341795e-01,2.351940256215889202e-01,2.356326752269341795e-01
1.620000000000000051e-01,5.360724073400288539e-04,2.341890617419277454e-01,2.346355029880014820e-01,5.084931139357566068e-04,2.374126850193522265e-01,2.369669735445900927e-01,2.374126850193522265e-01
1.626666666666666539e-01,5.020057868852917642e-04,2.359430084333473121e-01,2.363967983356673463e-01,4.687246273919832618e-04,2.391973021524461118e-01,2.387444472336562318e-01,2.391973021524461118e-01
1.633333333333333304e-01,4.618094762085513073e-04,2.376957043371650813e-01,2.381568727488232728e-01,4.240082225135124679e-04,2.409864953134348842e-01,2.405264148299578464e-01,2.409864953134348842e-01
1.640000000000000069e-01,4.166374794267241528e-04,2.394485330426232572e-01,2.399170308260781814e-01,3.756538294328906321e-04,2.427802331092468180e-01,2.423128443941180155e-01,2.427802331092468180e-01
1.646666666666666556e-01,3.678564028600780434e-04,2.412044133358882403e-01,2.416801371434514067e-01,3.250779501410464662e-04,2.445784840670701121e-01,2.441037039067848746e-01,2.445784840670701121e-01
1.653333333333333321e-01,3.169895622719585905e-04,2.429671312339901357e-01,2.434499672522195679e-01,2.737621632318871395e-04,2.463812166349054478e-01,2.458989612692062121e-01,2.463812166349054478e-01
1.660000000000000087e-01,2.656405695815086242e-04,2.447403856515649179e-01,2.452302617565113585e-01,2.232097222815962781e-04,2.481883991821196289e-01,2.476985843038035373e-01,2.481883991821196289e-01
1.666666666666666574e-01,2.154086560024674572e-04,2.465267896182832819e-01,2.470237219817364160e-01,1.749015192772372424e-04,2.500000000000000000e-01,2.495025407547502017e-01,2.500000000000000000e-01
1.673333333333333339e-01,1.678099147863743284e-04,2.483270904394395406e-01,2.488312114300527400e-01,1.302527031096153694e-04,2.518159873023115836e-01,2.513107982885483538e-01,2.518159873023115836e-01
1.680000000000000104e-01,1.242166107861356896e-04,2.501398212888318873e-01,2.506513802866654483e-01,9.057122395584041514e-05,2.536363292258543845e-01,2.531233244946092809e-01,2.536363292258543845e-01
1.686666666666666592e-01,8.582137220188696368e-05,2.519614882633044450e-01,2.524808240978199669e-01,5.701951795962751057e-05,2.554609938310219430e-01,2.549400868858343050e-01,2.554609938310219430e-01
1.693333333333333357e-01,5.362604402088448998e-05,2.537872625358004730e-01,2.543147533116671966e-01,3.058045462495866622e-05,2.572899491023630802e-01,2.567610528991961516e-01,2.572899491023630802e-01
1.700000000000000122e-01,2.844831795200473737e-05,2.556120227889486229e-01,2.561480240930893992e-01,1.202854446609657473e-05,2.591231629491425048e-01,2.585861898963240924e-01,2.591231629491425048e-01
1.706666666666666610e-01,1.093494257561144182e-05,2.574315072632119006e-01,2.579762923700760768e-01,1.907250362034461825e-06,2.609606032059040293e-01,2.604154651640871454e-01,2.609606032059040293e-01
1.713333333333333375e-01,1.569669777323360477e-06,2.592433045148370696e-01,2.597970201753401209e-01,5.130672605053786490e-07,2.628022376330355070e-01,2.622488459151822160e-01,2.628022376330355070e-01
1.720000000000000140e-01,6.673241219002436523e-07,2.610474431627631819e-01,2.616100918348879811e-01,7.886836603480490800e-06,2.646480339173339358e-01,2.640862992887205718e-01,2.646480339173339358e-01
1.726666666666666627e-01,8.351499524837940015e-06,2.628464291893126137e-01,2.634178832153891703e-01,2.381254991087069001e-05,2.664979596725725042e-01,2.659277923508172603e-01,2.664979596725725042e-01
1.733333333333333115e-01,2.452046793927740664e-05,2.646447086777580227e-01,2.652247544996354511e-01,4.782367657046860104e-05,2.683519824400691922e-01,2.677732920951813034e-01,2.683519824400691922e-01
1.740000000000000158e-01,4.881166424859354527e-05,2.664476755809381814e-01,2.670360782720201387e-01,7.921683046674780090e-05,2.702100696892561493e-01,2.696227654437072241e-01,2.702100696892561493e-01
1.746666666666666645e-01,8.057771116154431048e-05,2.682604607766247984e-01,2.688570334674941775e-01,1.170723750959167903e-04,2.720721888182500714e-01,2.714761792470682389e-01,2.720721888182500714e-01
1.753333333333333133e-01,1.188854769062074480e-04,2.700867956789818058e-01,2.706914569924713798e-01,1.602813635574256389e-04,2.739383071544246873e-01,2.733335002853101159e-01,2.739383071544246873e-01
1.760000000000000175e-01,1.625444944402286765e-04,2.719282230999717220e-01,2.725410291386747841e-01,2.075780242371119211e-04,2.758083919549840224e-01,2.751946952684466985e-01,2.758083919549840224e-01
1.766666666666666663e-01,2.101637359887980640e-04,2.737838364852739903e-01,2.744049808880705266e-01,2.575768405407466259e-04,2.776824104075364397e-01,2.770597308370562617e-01,2.776824104075364397e-01
1.773333333333333151e-01,2.602284289356527193e-04,2.756505943574472650e-01,2.762803779863670650e-01,3.088131384578453537e-04,2.795603296306708452e-01,2.789285735628803109e-01,2.795603296306708452e-01
1.780000000000000193e-01,3.111835314986551785e-04,2.775241172853236127e-01,2.781628959215934338e-01,3.597859929765670722e-04,2.814421166745337821e-01,2.808011899494217145e-01,2.814421166745337821e-01
1.786666666666666681e-01,3.615092248229113568e-04,2.793997635724763118e-01,2.800478863653559358e-01,4.090021964417407479e-04,2.833277385214065802e-01,2.826775464325456677e-01,2.833277385214065802e-01
1.793333333333333168e-01,4.097767526104435180e-04,2.812737194304962829e-01,2.819314724235529313e-01,4.550200008393262118e-04,2.852171620862860024e-01,2.845576093810814333e-01,2.852171620862860024e-01
1.799999999999999933e-01,4.546792738896336173e-04,2.831438400072607831e-01,2.838114079151408675e-01,4.964913526131880519e-04,2.871103542174638368e-01,2.864413450974243602e-01,2.871103542174638368e-01
1.806666666666666698e-01,4.950401269096901986e-04,2.850100394627266831e-01,2.856874948103061418e-01,5.322013827801447619e-04,2.890072816971087644e-01,2.883287198181406219e-01,2.890072816971087644e-01
1.813333333333333186e-01,5.298075728565730278e-04,2.868741405938115552e-01,2.875614626701689103e-01,5.611039955130175862e-04,2.909079112418493929e-01,2.902196997145722324e-01,2.909079112418493929e-01
1.819999999999999951e-01,5.580485404331572176e-04,2.887392335865009985e-01,2.894363515913628282e-01,5.823525126535100942e-04,2.928122095033581229e-01,2.921142508934431170e-01,2.928122095033581229e-01
1.826666666666666716e-01,5.789530160118607806e-04,2.906087238497022662e-01,2.913155715740557983e-01,5.953244764492599764e-04,2.947201430689361246e-01,2.940123393974666821e-01,2.947201430689361246e-01
1.833333333333333204e-01,5.918558561716453711e-04,2.924853324174861435e-01,2.932018983821538805e-01,5.996398839393745055e-04,2.966316784621000346e-01,2.959139312059547722e-01,2.966316784621000346e-01
1.839999999999999969e-01,5.962756083710570422e-04,2.943703224288942710e-01,2.950966810910251592e-01,5.951723188271737953e-04,2.985467821431688207e-01,2.978189922354271268e-01,2.985467821431688207e-01
1.846666666666666734e-01,5.919628139778261361e-04,2.962631586881664947e-01,2.969994743492429534e-01,5.820526547411514900e-04,3.004654205098525876e-01,2.997274883402222256e-01,3.004654205098525876e-01
1.853333333333333222e-01,5.789455347269924831e-04,2.981616858615107057e-01,2.989081890038630673e-01,5.606652214001630816e-04,3.023875598978419399e-01,3.016393853131092984e-01,3.023875598978419399e-01
1.859999999999999987e-01,5.575589334868376237e-04,3.000627713593150281e-01,3.008197145079016810e-01,5.316365459918774052e-04,3.043131665813991193e-01,3.035546488859021674e-01,3.043131665813991193e-01
1.866666666666666752e-01,5.284488439318466534e-04,3.019632386277772418e-01,3.027308438071764085e-01,4.958169995765062538e-04,3.062422067739488107e-01,3.054732447300722020e-01,3.062422067739488107e-01
1.873333333333333239e-01,4.925453597029761125e-04,3.038608426027759601e-01,3.046392544381933409e-01,4.542558861692358452e-04,3.081746466286720554e-01,3.073951384573647139e-01,3.081746466286720554e-01
1.880000000000000004e-01,4.510097228526015515e-04,3.057550254475333018e-01,3.065442830259545448e-01,4.081707042461236198e-04,3.101104522390997764e-01,3.093202956204147980e-01,3.101104522390997764e-01
1.886666666666666770e-01,4.051641063061396848e-04,3.076472399456018914e-01,3.084472767743750565e-01,3.589114811322487945e-04,3.120495896397069147e-01,3.112486817133646722e-01,3.120495896397069147e-01
1.893333333333333257e-01,3.564174970746993671e-04,3.095407318776693950e-01,3.103514067489970829e-01,3.079212250667138096e-04,3.139920248065095065e-01,3.131802621724823488e-01,3.139920248065095065e-01
1.900000000000000022e-01,3.062007946554130486e-04,3.114398108979731239e-01,3.122609641704242045e-01,2.566936534686187384e-04,3.159377236576612624e-01,3.151150023767815278e-01,3.159377236576612624e-01
1.906666666666666510e-01,2.559204701712191536e-04,3.133487787735863561e-01,3.141803006461869607e-01,2.067294357195062439e-04,3.178866520540511442e-01,3.170528676486410458e-01,3.178866520540511442e-01
1.913333333333333275e-01,2.069337688292767648e-04,3.152707848023160730e-01,3.161126775121654298e-01,1.594922322937935590e-04,3.198387757999028858e-01,3.189938232544275998e-01,3.198387757999028858e-01
1.920000000000000040e-01,1.605413702155359008e-04,3.172069084866378508e-01,3.180593249922245014e-01,1.163658180345778626e-04,3.217940606433749018e-01,3.209378344051179166e-01,3.217940606433749018e-01
1.926666666666666528e-01,1.179878320815589218e-04,3.191557174483362069e-01,3.200189651724715811e-01,7.861354561300012088e-05,3.237524722771610297e-01,3.228848662569214212e-01,3.237524722771610297e-01
1.933333333333333293e-01,8.045784431200143623e-05,3.211134292266366042e-01,3.219879365805168869e-01,4.734133665562031853e-05,3.257139763390926590e-01,3.248348839119062359e-01,3.257139763390926590e-01
1.940000000000000058e-01,4.905812813771048820e-05,3.230746540022187974e-01,3.239609067232298578e-01,2.346528468417640939e-05,3.276785384127418599e-01,3.267878524186240141e-01,3.276785384127418599e-01
1.946666666666666545e-01,2.478022428996897250e-05,3.250335522559190116e-01,3.259320135722436618e-01,7.684818912818220789e-06,3.296461240280245675e-01,3.287437367727357174e-01,3.296461240280245675e-01
1.953333333333333310e-01,8.446707765709606148e-06,3.269851403624368102e-01,3.278961725800299543e-01,4.622150471995763133e-07,3.316166986618062085e-01,3.307025019176402791e-01,3.316166986618062085e-01
1.960000000000000075e-01,6.501754131375449153e-07,3.289264381843449714e-01,3.298502433582042315e-01,2.009053299655425264e-06,3.335902277385071057e-01,3.326641127451020474e-01,3.335902277385071057e-01
1.966666666666666563e-01,1.698441060145139718e-06,3.308571830391596191e-01,3.317937770395967823e-01,1.228002032170478443e-05,3.355666766307087712e-01,3.346285340958802257e-01,3.355666766307087712e-01
1.973333333333333328e-01,1.157938346357966815e-05,3.327799296574536769e-01,3.337291572087642821e-01,3.097423662115322531e-05,3.375460106597621968e-01,3.365957307603593129e-01,3.375460106597621968e-01
1.980000000000000093e-01,2.995477337838522265e-05,3.346994988606505905e-01,3.356610877520970204e-01,5.754407057820661248e-05,3.395281950963957018e-01,3.385656674791802656e-01,3.395281950963957018e-01
1.986666666666666581e-01,5.618540529786461059e-05,3.366218974111096496e-01,3.375955400137192752e-01,9.121118086127042292e-05,3.415131951613246120e-01,3.405383089438716593e-01,3.415131951613246120e-01
1.993333333333333346e-01,8.938211295573530654e-05,3.385529663686728807e-01,3.395384089886657741e-01,1.309893172931351005e-04,3.435009760258614375e-01,3.425136197974836816e-01,3.435009760258614375e-01
2.000000000000000111e-01,1.284711140495681128e-04,3.404970855949329689e-01,3.414942039159689635e-01,1.757132122349947456e-04,3.454915028125268295e-01,3.444915646352211258e-01,3.454915028125268295e-01
2.006666666666666599e-01,1.722594705279781172e-04,3.424562457259070491e-01,3.434650885941258891e-01,2.240727161390798595e-04,3.474847405956617008e-01,3.464721080050781055e-01,3.474847405956617008e-01
2.013333333333333086e-01,2.194880585603697118e-04,3.444297013031202837e-01,3.454504938814991211e-01,2.746511772971163296e-04,3.494806544020401806e-01,3.484552144084733794e-01,3.494806544020401806e-01
2.020000000000000129e-01,2.688647805256632597e-04,3.464142700095836358e-01,3.474473776925662283e-01,3.259669414815604804e-04,3.514792092114830679e-01,3.504408483008871755e-01,3.514792092114830679e-01
2.026666666666666616e-01,3.190781019002997590e-04,3.484051853354308559e-01,3.494510487359465123e-01,3.765167557819251330e-04,3.534803699574717295e-01,3.524289740924975156e-01,3.534803699574717295e-01
2.033333333333333104e-01,3.687979944365330377e-04,3.503972819792121607e-01,3.514563390534175547e-01,4.248198051566912646e-04,3.554841015277646066e-01,3.544195561488185930e-01,3.554841015277646066e-01
2.040000000000000147e-01,4.166757711509800179e-04,3.523862210382305848e-01,3.534588345882169746e-01,4.694610916863742691e-04,3.574903687650123896e-01,3.564125587913397619e-01,3.574903687650123896e-01
2.046666666666666634e-01,4.613547286853375757e-04,3.543694578578434617e-01,3.554558652783884054e-01,5.091328857683811993e-04,3.594991364673748580e-01,3.584079462981636377e-01,3.594991364673748580e-01
2.053333333333333122e-01,5.014998956634961463e-04,3.563467199899696958e-01,3.574470171897893289e-01,5.426730349751766446e-04,3.615103693891392744e-01,3.604056829046481392e-01,3.615103693891392744e-01
2.060000000000000164e-01,5.358487423305392794e-04,3.583198848269154024e-01,3.594340479588714610e-01,5.690990083493743541e-04,3.635240322413378911e-01,3.624057328040465875e-01,3.635240322413378911e-01
2.066666666666666652e-01,5.632775037468563430e-04,3.602923007416477530e-01,3.614202392398779828e-01,5.876366788362856822e-04,3.655400896923676757e-01,3.644080601481494708e-01,3.655400896923676757e-01
2.073333333333333139e-01,5.828720270971354204e-04,3.622677431698372308e-01,3.634093684915203348e-01,5.977430006963432374e-04,3.675585063686103160e-01,3.664126290479273740e-01,3.675585063686103160e-01
2.079999999999999905e-01,5.939894704766854501e-04,3.642492953009280332e-01,3.654045851130108269e-01,5.991219175813299134e-04,3.695792468550520571e-01,3.684194035741737983e-01,3.695792468550520571e-01
2.086666666666666670e-01,5.962984750586452967e-04,3.662384607266511161e-01,3.674074999593865409e-01,5.917330352604743306e-04,3.716022756959066475e-01,3.704283477581493123e-01,3.716022756959066475e-01
2.093333333333333157e-01,5.897902069816465332e-04,3.682347467765016424e-01,3.694177344015454056e-01,5.757928049360649513e-04,3.736275573952358431e-01,3.724394255922265362e-01,3.736275573952358431e-01
2.099999999999999922e-01,5.747595607734605353e-04,3.702358248615892355e-01,3.714330454450782693e-01,5.517681824843260509e-04,3.756550564175731299e-01,3.744526010305351260e-01,3.756550564175731299e-01
2.106666666666666687e-01,5.517628864216236233e-04,3.722382182787484783e-01,3.734499869348732459e-01,5.203629493688672822e-04,3.776847371885468929e-01,3.764678379896078120e-01,3.776847371885468929e-01
2.113333333333333175e-01,5.215638192600739048e-04,3.742383309291676952e-01,3.754649267634060372e-01,4.824970959442215603e-04,3.797165640955046939e-01,3.784851003490277699e-01,3.797165640955046939e-01
2.119999999999999940e-01,4.850805961370094235e-04,3.762335436249726328e-01,3.774751494390860551e-01,4.392798710985836128e-04,3.817505014881381609e-01,3.805043519520752149e-01,3.817505014881381609e-01
2.126666666666666705e-01,4.433460240725606836e-04,3.782230846633130583e-01,3.794797496222027666e-01,3.919772877241891511e-04,3.837865136791084320e-01,3.825255566063760493e-01,3.837865136791084320e-01
2.133333333333333470e-01,3.974856369964136719e-04,3.802084315523254210e-01,3.814800688989245514e-01,3.419750359157071535e-04,3.858245649446725989e-01,3.845486780845501773e-01,3.858245649446725989e-01
2.139999999999999958e-01,3.487122674928955549e-04,3.821931128721282045e-01,3.834795367515225761e-01,2.907378903239034740e-04,3.878646195253098727e-01,3.865736801248610965e-01,3.878646195253098727e-01
2.146666666666666723e-01,2.983286440782303051e-04,3.841819313723321971e-01,3.854829264719751847e-01,2.397668007925496565e-04,3.899066416263497481e-01,3.886005264318656560e-01,3.899066416263497481e-01
2.153333333333333488e-01,2.477259288836513836e-04,3.861797858236505343e-01,3.874951934841340262e-01,1.905549232729637570e-04,3.919505954185996677e-01,3.906291806770649244e-01,3.919505954185996677e-01
2.159999999999999976e-01,1.983666332389993274e-04,3.881903861081582585e-01,3.895201843244693873e-01,1.445438790541903214e-04,3.939964450389730755e-01,3.926596064995551694e-01,3.939964450389730755e-01
2.166666666666666741e-01,1.517449706549499875e-04,3.902151963899689879e-01,3.915595514897191043e-01,1.030815236585122752e-04,3.960441545911209671e-01,3.946917675066791698e-01,3.960441545911209671e-01
2.173333333333333506e-01,1.093249203675688316e-04,3.922528900225347726e-01,3.936121649265655886e-01,6.738246252764097015e-05,3.980936881460583332e-01,3.967256272746790824e-01,3.980936881460583332e-01
2.179999999999999993e-01,7.246371537299430899e-05,3.942994715356311630e-01,3.956741869482637841e-01,3.849247015991124417e-05,4.001450097427971531e-01,3.987611493493486980e-01,4.001450097427971531e-01
2.186666666666666481e-01,4.233373424098213787e-05,3.963490535231837253e-01,3.977398101994611967e-01,1.725785501044958437e-05,4.021980833889765572e-01,4.007982972466878069e-01,4.021980833889765572e-01
2.193333333333333524e-01,1.985721539296711696e-05,3.983951150742006675e-01,3.998024943669908904e-01,4.300667584275812040e-06,4.042528730614939336e-01,4.028370344535550651e-01,4.042528730614939336e-01
2.200000000000000011e-01,5.665418628767445120e-06,4.004319517360633851e-01,4.018564163414056756e-01,4.779807481183637350e-10,4.063093427071381436e-01,4.048773244283229711e-01,4.063093427071381436e-01
2.206666666666666499e-01,8.773534131040310223e-08,4.024559782685931397e-01,4.038977953810090060e-01,4.483256701131309035e-06,4.083674562432209054e-01,4.069191306015328413e-01,4.083674562432209054e-01
2.213333333333333541e-01,3.168683882485109767e-06,4.044665733007478670e-01,4.059257784004171032e-01,1.761768444685239256e-05,4.104271775582093440e-01,4.089624163765501752e-01,4.104271775582093440e-01
2.220000000000000029e-01,1.470400158050669804e-05,4.064662554231738278e-01,4.079426667979398902e-01,3.901899900984256780e-05,4.124884705123624817e-01,4.110071451302202417e-01,4.124884705123624817e-01
2.226666666666666516e-01,3.428315711024667071e-05,4.084601354169886678e-01,4.099534180242044856e-01,6.806026656350341658e-05,4.145512989383624558e-01,4.130532802135253867e-01,4.145512989383624558e-01
2.233333333333333559e-01,6.132568087216631891e-05,4.104547659486144084e-01,4.119645307164959691e-01,1.038907471711326459e-04,4.166156266419493992e-01,4.151007849522410642e-01,4.166156266419493992e-01
2.240000000000000047e-01,9.510265961468897179e-05,4.124566629204442503e-01,4.139825777983284771e-01,1.454608165094132567e-04,4.186814174025586532e-01,4.171496226475936431e-01,4.186814174025586532e-01
2.246666666666666534e-01,1.347412835687013331e-04,4.144708573078698666e-01,4.160127430036592022e-01,1.915527137456876324e-04,4.207486349739540943e-01,4.191997565769181588e-01,4.207486349739540943e-01
2.253333333333333577e-01,1.792173843866614864e-04,4.164998261328465845e-01,4.180577139182568569e-01,2.408162148353324458e-04,4.228172430848649022e-01,4.212511499943153992e-01,4.228172430848649022e-01
2.260000000000000064e-01,2.273462248314408335e-04,4.185430496485936791e-01,4.201171892325570312e-01,2.918081862194740945e-04,4.248872054396219400e-01,4.233037661313130973e-01,4.248872054396219400e-01
2.266666666666666552e-01,2.777837195109935167e-04,4.205972804881284999e-01,4.221880988564260528e-01,3.430348602301711491e-04,4.269584857187946891e-01,4.253575681975225731e-01,4.269584857187946891e-01
2.273333333333333317e-01,3.290481826360808172e-04,4.226574356822185852e-01,4.242654590915799773e-01,3.929955937799681611e-04,4.290310475798282952e-01,4.274125193812985946e-01,4.290310475798282952e-01
2.280000000000000082e-01,3.795672576166688079e-04,4.247178776702962844e-01,4.263436363817448282e-01,4.402268284611817600e-04,4.311048546576815022e-01,4.294685828503997937e-01,4.311048546576815022e-01
2.286666666666666570e-01,4.277475361853732509e-04,4.267737656615643305e-01,4.284177038696511675e-01,4.833449642801539072e-04,4.331798705654643089e-01,4.315257217526491940e-01,4.331798705654643089e-01
2.293333333333333335e-01,4.720576575734107723e-04,4.288221484795285421e-01,4.304845604031540263e-01,5.210868910758141874e-04,4.352560588950770137e-01,4.335838992165936268e-01,4.352560588950770137e-01
2.300000000000000100e-01,5.111113796546285556e-04,4.308625357637307918e-01,4.325435429979159752e-01,5.523469902881612608e-04,4.373333832178483704e-01,4.356430783521647587e-01,4.373333832178483704e-01
2.306666666666666587e-01,5.437365184441692815e-04,4.328968145928789313e-01,4.345963898802004954e-01,5.762095231404320683e-04,4.394118070851752433e-01,4.377032222513414506e-01,4.394118070851752433e-01
2.313333333333333075e-01,5.690189885456279706e-04,4.349285465539379780e-01,4.366465767935625575e-01,5.919754564499053349e-04,4.414912940291617627e-01,4.397642939888094515e-01,4.414912940291617627e-01
2.319999999999999840e-01,5.863175379444954174e-04,4.369618444512988753e-01,4.386982143781198995e-01,5.991829402273879954e-04,4.435718075632596458e-01,4.418262566226250909e-01,4.435718075632596458e-01
2.326666666666666883e-01,5.952523273626322267e-04,4.390001411562557965e-01,4.407548129567560036e-01,5.976208371910342581e-04,4.456533111829080740e-01,4.438890731948765822e-01,4.456533111829080740e-01
2.333333333333333370e-01,5.956769926374611132e-04,4.410451897882363692e-01,4.428182554474070498e-01,5.873349078585560299e-04,4.477357683661739030e-01,4.459527067323454386e-01,4.477357683661739030e-01
2.340000000000000135e-01,5.876472158703364241e-04,4.430965656826247323e-01,4.448882576401148037e-01,5.686264700306688192e-04,4.498191425743930938e-01,4.480171202471715519e-01,4.498191425743930938e-01
2.346666666666666623e-01,5.713979918510959021e-04,4.451517990058019292e-01,4.469624571937879653e-01,5.420435719350923586e-04,4.519033972528117005e-01,4.500822767375139422e-01,4.519033972528117005e-01
2.353333333333333111e-01,5.473369352227690655e-04,4.472070958230602300e-01,4.490371011443990978e-01,5.083649376065628922e-04,4.539884958312268570e-01,4.521481391882149481e-01,4.539884958312268570e-01
2.359999999999999876e-01,5.160537106407977678e-04,4.492584520801043979e-01,4.511081446133646811e-01,4.685771548096802352e-04,4.560744017246287640e-01,4.542146705714634747e-01,4.560744017246287640e-01
2.366666666666666918e-01,4.783384215369251304e-04,4.513028648905375584e-01,4.531724686336776609e-01,4.238457737655414452e-04,4.581610783338426751e-01,4.562818338474591284e-01,4.581610783338426751e-01
2.373333333333333406e-01,4.351970181032481359e-04,4.533393180967213443e-01,4.552288929165281828e-01,3.754811633210999628e-04,4.602484890461704392e-01,4.583495919650746320e-01,4.602484890461704392e-01
2.379999999999999893e-01,3.878510853953831311e-04,4.553692688577108960e-01,4.572787048462456649e-01,3.249001247765086610e-04,4.623365972360339859e-01,4.604179078625218469e-01,4.623365972360339859e-01
2.386666666666666659e-01,3.377129538986121666e-04,4.573964805316875215e-01,4.593255403781461577e-01,2.735843878617222336e-04,4.644253662656168125e-01,4.624867444680152428e-01,4.644253662656168125e-01
2.393333333333333146e-01,2.863337241849357576e-04,4.594262117566161319e-01,4.613746142691743657e-01,2.230372046883825757e-04,4.665147594855077462e-01,4.645560647004355892e-01,4.665147594855077462e-01
2.399999999999999634e-01,2.353293578005015711e-04,4.614639442212296050e-01,4.634314697010560313e-01,1.747393132213178419e-04,4.686047402353438196e-01,4.666258314699965326e-01,4.686047402353438196e-01
2.406666666666666954e-01,1.862961091077526381e-04,4.635139647128779239e-01,4.655005548429548279e-01,1.301055602833673785e-04,4.706952718444523676e-01,4.686960076789067897e-01,4.706952718444523676e-01
2.413333333333333441e-01,1.407294521612500386e-04,4.655781687639449218e-01,4.675839935115875257e-01,9.044345478678201969e-05,4.727863176324961225e-01,4.707665562220368360e-01,4.727863176324961225e-01
2.419999999999999929e-01,9.995952553239338299e-05,4.676554048088657489e-01,4.696808770357899787e-01,5.691486533999131069e-05,4.748778409101158671e-01,4.728374399875840406e-01,4.748778409101158671e-01
2.426666666666666694e-01,6.511139981809779896e-05,4.697415425861313221e-01,4.717872748293239771e-01,3.050198426676435304e-05,4.769698049795742523e-01,4.749086218577370788e-01,4.769698049795742523e-01
2.433333333333333182e-01,3.709160779350800178e-05,4.718302675679879599e-01,4.738969800684744160e-01,1.197855509364933251e-05,4.790621731354007817e-01,4.769800647093410673e-01,4.790621731354007817e-01
2.439999999999999669e-01,1.659539946885552248e-05,4.739144245119500942e-01,4.760028249321115457e-01,1.887206372693961326e-06,4.811549086650332985e-01,4.790517314145641414e-01,4.811549086650332985e-01
2.446666666666666712e-01,4.124152518154440539e-06,4.759876006892114209e-01,4.780982620539463990e-01,5.235558263776426621e-07,4.832479748494649119e-01,4.811235848415617578e-01,4.832479748494649119e-01
2.453333333333333477e-01,7.805429217026184823e-10,4.780455798544723245e-01,4.801788438811318005e-01,7.927550470694811203e-06,4.853413349638864283e-01,4.831955878551423278e-01,4.853413349638864283e-01
2.459999999999999964e-01,4.373317136524141051e-06,4.800873219222229205e-01,4.822432503323373920e-01,2.388229640032828169e-05,4.874349522783317790e-01,4.852677033174337962e-01,4.874349522783317790e-01
2.466666666666666452e-01,1.720239410136821065e-05,4.821152271416493384e-01,4.842936139974257093e-01,4.792041251639108399e-05,4.895287900583220053e-01,4.873398940885481090e-01,4.895287900583220053e-01
2.473333333333333217e-01,3.823534419662010805e-05,4.841346089457476687e-01,4.863350534070094988e-01,7.933772206952923942e-05,4.916228115655097985e-01,4.894121230272476253e-01,4.916228115655097985e-01
2.479999999999999705e-01,6.697591651938348710e-05,4.861524918024634490e-01,4.883745155544963468e-01,1.172138809359453296e-04,4.937169800583241508e-01,4.914843529916105846e-01,4.937169800583241508e-01
2.486666666666666747e-01,1.026620793225897299e-04,4.881760208468949314e-01,4.904192022132605189e-01,1.604393383380449856e-04,4.958112587926153392e-01,4.935565468396968525e-01,4.958112587926153392e-01
2.493333333333333512e-01,1.442639387646717090e-04,4.902108696840781765e-01,4.924749617159962511e-01,2.077478402176504617e-04,4.979056110222987441e-01,4.956286674302133877e-01,4.979056110222987441e-01
2.500000000000000000e-01,1.905094839536990029e-04,4.922600305191974224e-01,4.945450350226205938e-01,2.577535231023720709e-04,5.000000000000006661e-01,4.977006776231804319e-01,5.000000000000006661e-01
2.506666666666666488e-01,2.399389383833343942e-04,4.943232674145045524e-01,4.966294493395313481e-01,3.089915118309048583e-04,5.020943889777026437e-01,4.997725402805966999e-01,5.020943889777026437e-01
2.513333333333332975e-01,2.909810215097260728e-04,4.963973414689761832e-01,4.987251836622645373e-01,3.599608318604813123e-04,5.041887412073858821e-01,5.018442182671063456e-01,5.041887412073858821e-01
2.520000000000000018e-01,3.420386510004827085e-04,4.984769258766782452e-01,5.008270381771695590e-01,4.091683790758741620e-04,5.062830199416769039e-01,5.039156744506617658e-01,5.062830199416769039e-01
2.526666666666667060e-01,3.915693109611915611e-04,5.005559675812930598e-01,5.029289734310556925e-01,4.551726590407288351e-04,5.083771884344915337e-01,5.059868717031922314e-01,5.083771884344915337e-01
2.533333333333333548e-01,4.381472219371684634e-04,5.026291544189225302e-01,5.050255819368371091e-01,4.966260143859830851e-04,5.104712099416792714e-01,5.080577729012671906e-01,5.104712099416792714e-01
2.540000000000000036e-01,4.805000498276347184e-04,5.046931293265399798e-01,5.071133322349461459e-01,5.323141033189688178e-04,5.125650477216694423e-01,5.101283409267630686e-01,5.125650477216694423e-01
2.546666666666666523e-01,5.175204938716601935e-04,5.067471584924090333e-01,5.091912855169611341e-01,5.611914727628244948e-04,5.146586650361147930e-01,5.121985386675276253e-01,5.146586650361147930e-01
2.553333333333333011e-01,5.482603247861433590e-04,5.087930968288746358e-01,5.112611166075105018e-01,5.824121840405473757e-04,5.167520251505364204e-01,5.142683290180454225e-01,5.167520251505364204e-01
2.559999999999999498e-01,5.719189880734562061e-04,5.108346742428444553e-01,5.133264480972536958e-01,5.953545939495507623e-04,5.188450913349679228e-01,5.163376748801032923e-01,5.188450913349679228e-01
2.566666666666667096e-01,5.878392696019453089e-04,5.128763059331897800e-01,5.153916870823678220e-01,5.996395652856328744e-04,5.209378268646004395e-01,5.184065391634546938e-01,5.209378268646004395e-01
2.573333333333333584e-01,5.955186397211476501e-04,5.149217584825638294e-01,5.174606882676405784e-01,5.951415733540980175e-04,5.230301950204266914e-01,5.204748847864846262e-01,5.230301950204266914e-01
2.580000000000000071e-01,5.946380801409137428e-04,5.169730404044838856e-01,5.195356133158864909e-01,5.819923831119704592e-04,5.251221590898856872e-01,5.225426746768747632e-01,5.251221590898856872e-01
2.586666666666666559e-01,5.851027555883618397e-04,5.190298188626597531e-01,5.216162981705909640e-01,5.605771892224524142e-04,5.272136823675053208e-01,5.246098717722669225e-01,5.272136823675053208e-01
2.593333333333333046e-01,5.670832788986358668e-04,5.210895153423714676e-01,5.237002960784354899e-01,5.315233320955451823e-04,5.293047281555487427e-01,5.266764390209287550e-01,5.293047281555487427e-01
2.600000000000000089e-01,5.410443130844544857e-04,5.231480482621783112e-01,5.257835788824291035e-01,4.956819204690947030e-04,5.313952597646574016e-01,5.287423393824162154e-01,5.313952597646574016e-01
2.606666666666666576e-01,5.077494100464676396e-04,5.252010212623949847e-01,5.278617056010366237e-01,4.541028988815855490e-04,5.334852405144931975e-01,5.308075358282391409e-01,5.334852405144931975e-01
2.613333333333333619e-01,4.682365410766842922e-04,5.272450422985632823e-01,5.299311479118093970e-01,4.080042904144181594e-04,5.355746337343841867e-01,5.328719913425233878e-01,5.355746337343841867e-01
2.620000000000000107e-01,4.237659893296246176e-04,5.292788229134071099e-01,5.319904207845119748e-01,3.587365157121810374e-04,5.376634027639670688e-01,5.349356689226756334e-01,5.376634027639670688e-01
2.626666666666666594e-01,3.757490149442008621e-04,5.313037549448950125e-01,5.340407092255466948e-01,3.077428335256938963e-04,5.397515109538305600e-01,5.369985315800455128e-01,5.397515109538305600e-01
2.633333333333333082e-01,3.256700593137263657e-04,5.333237853292964736e-01,5.360858006169871848e-01,2.565170616394410528e-04,5.418389216661584351e-01,5.390605423405894214e-01,5.418389216661584351e-01
2.640000000000000124e-01,2.750160338106220513e-04,5.353445851098963537e-01,5.381313040300321759e-01,2.065598167138862028e-04,5.439255982753722352e-01,5.411216642455326520e-01,5.439255982753722352e-01
2.646666666666666612e-01,2.252232540552772039e-04,5.373721965141362578e-01,5.401833254677708140e-01,1.593345549603516424e-04,5.460115041687743087e-01,5.431818603520318645e-01,5.460115041687743087e-01
2.653333333333333655e-01,1.776467035879926632e-04,5.394114910220536574e-01,5.422469218429595283e-01,1.162247014005127476e-04,5.480966027471895208e-01,5.452410937338377783e-01,5.480966027471895208e-01
2.660000000000000142e-01,1.335492621818585310e-04,5.414648354629635341e-01,5.443247297521780492e-01,7.849312357350296109e-05,5.501808574256080719e-01,5.472993274819565324e-01,5.501808574256080719e-01
2.666666666666666630e-01,9.410244051377026503e-05,5.435313194431162787e-01,5.464161315185531720e-01,4.724513687483552761e-05,5.522642316338274293e-01,5.493565247053114886e-01,5.522642316338274293e-01
2.673333333333333117e-01,6.038694012661148872e-05,5.456067574250572649e-01,5.485171879699141106e-01,2.339612525519470254e-05,5.543466888170932583e-01,5.514126485314038151e-01,5.543466888170932583e-01
2.680000000000000160e-01,3.338208989254398348e-05,5.476844841302948019e-01,5.506213742239776110e-01,7.644725803964511705e-06,5.564281924367415755e-01,5.534676621069745117e-01,5.564281924367415755e-01
2.686666666666666647e-01,1.393774275436239146e-05,5.497567665969789186e-01,5.527209557897293513e-01,4.523627529710728086e-07,5.585087059708394586e-01,5.555215285986639939e-01,5.585087059708394586e-01
2.693333333333333135e-01,2.729142155374004407e-06,5.518165078082373221e-01,5.548086876129263434e-01,2.029730434870573148e-06,5.605881929148260889e-01,5.575742111936724532e-01,5.605881929148260889e-01
2.700000000000000178e-01,2.023540040183032450e-07,5.538588456844344421e-01,5.568794409414410396e-01,1.233062116677251614e-05,5.626666167821530173e-01,5.596256731004203289e-01,5.626666167821530173e-01
2.706666666666666665e-01,6.522783221891717804e-06,5.558822699050405269e-01,5.589313753818746511e-01,3.105327886612789165e-05,5.647439411049244296e-01,5.616758775492064482e-01,5.647439411049244296e-01
2.713333333333333153e-01,2.154041213134952530e-05,5.578889843567063078e-01,5.609663730195859621e-01,5.764923874583172841e-05,5.668201294345370789e-01,5.637247877928693862e-01,5.668201294345370789e-01
2.720000000000000195e-01,4.478228799690034086e-05,5.598844168206125183e-01,5.629896203440105662e-01,9.133939413697768090e-05,5.688951453423201077e-01,5.657723671074431637e-01,5.688951453423201077e-01
2.726666666666666683e-01,7.547636670738927436e-05,5.618759835846935946e-01,5.650084277626337137e-01,1.311368197749507075e-04,5.709689524201729816e-01,5.678185787928172745e-01,5.709689524201729816e-01
2.733333333333333171e-01,1.126030400573490046e-04,5.638714039400147815e-01,5.670305668097734841e-01,1.758756829595907966e-04,5.730415142812066431e-01,5.698633861733942707e-01,5.730415142812066431e-01
2.740000000000000213e-01,1.549639050053871320e-04,5.658769746583979243e-01,5.690625286920257819e-01,2.242453956608275658e-04,5.751127945603795588e-01,5.719067525987470146e-01,5.751127945603795588e-01
2.746666666666666701e-01,2.012536366364488054e-04,5.678962217216263486e-01,5.711081261802379849e-01,2.748290071121080834e-04,5.771827569151365411e-01,5.739486414442755979e-01,5.771827569151365411e-01
2.753333333333333188e-01,2.501213263660447168e-04,5.699292436285169350e-01,5.731677673618358337e-01,3.261447122123019922e-04,5.792513650260470159e-01,5.759890161118635943e-01,5.792513650260470159e-01
2.760000000000000231e-01,3.002121711505948949e-04,5.719728799555279242e-01,5.752385533622241809e-01,3.766892597817533849e-04,5.813185825974428456e-01,5.780278400305344233e-01,5.813185825974428456e-01
2.766666666666666718e-01,3.501875089188268529e-04,5.740216334564515188e-01,5.773151450938511786e-01,4.249819890634648121e-04,5.833843733580520441e-01,5.800650766571061601e-01,5.833843733580520441e-01
2.773333333333333206e-01,3.987286172312986187e-04,5.760690967261248296e-01,5.793911614324430692e-01,4.696082044565518887e-04,5.854487010616392650e-01,5.821006894768473439e-01,5.854487010616392650e-01
2.780000000000000249e-01,4.445350462823021809e-04,5.781095233889472773e-01,5.814607535219659118e-01,5.092606178549190146e-04,5.875115294876387395e-01,5.841346420041308996e-01,5.875115294876387395e-01
2.786666666666666736e-01,4.863298434244703729e-04,5.801391582882379216e-01,5.835199681403056005e-01,5.427776445721424438e-04,5.895728224417920993e-01,5.861668977830887250e-01,5.895728224417920993e-01
2.793333333333333224e-01,5.228813895351095689e-04,5.821570045827023643e-01,5.855675704717230312e-01,5.691774310050612060e-04,5.916325437567808709e-01,5.881974203882632812e-01,5.916325437567808709e-01
2.800000000000000266e-01,5.530456288224029496e-04,5.841648467141978829e-01,5.876051319664058470e-01,5.876866172237967282e-04,5.936906572928631887e-01,5.902261734252638448e-01,5.936906572928631887e-01
2.806666666666666754e-01,5.758251835919131261e-04,5.861665386647793019e-01,5.896363757066978017e-01,5.977629919118776676e-04,5.957471269385073986e-01,5.922531205314153224e-01,5.957471269385073986e-01
2.813333333333333242e-01,5.904355077938123640e-04,5.881667612019934044e-01,5.916659665874053342e-01,5.991113759987472644e-04,5.978019166110253302e-01,5.942782253764118394e-01,5.978019166110253302e-01
2.819999999999999729e-01,5.963647651205961639e-04,5.901695954002974531e-01,5.936980836102991876e-01,5.916922696867264004e-04,5.998549902572046788e-01,5.963014516629683293e-01,5.998549902572046788e-01
2.826666666666666772e-01,5.934145017645825818e-04,5.921773078250505140e-01,5.957351702534647853e-01,5.757230095649504926e-04,6.019063118539434987e-01,5.983227631274690150e-01,6.019063118539434987e-01
2.833333333333333259e-01,5.817122532828326040e-04,5.941896794181726893e-01,5.977772061416541938e-01,5.516714019135727327e-04,6.039558454088806982e-01,6.003421235406196654e-01,6.039558454088806982e-01
2.840000000000000302e-01,5.616937815531433198e-04,5.962040558323792316e-01,5.998216951654261608e-01,5.202420187053235015e-04,6.060035549610285344e-01,6.023594967080958540e-01,6.060035549610285344e-01
2.846666666666666790e-01,5.340598182172105962e-04,5.982160999349561692e-01,6.018643681917708044e-01,4.823555577517551671e-04,6.080494045814022197e-01,6.043748464711921065e-01,6.080494045814022197e-01
2.853333333333333277e-01,4.997179635084055471e-04,6.002210427898689860e-01,6.039004091847592903e-01,4.391218716215942899e-04,6.100933583736518617e-01,6.063881367074692719e-01,6.100933583736518617e-01
2.859999999999999765e-01,4.597230850393502254e-04,6.022151021762793821e-01,6.059258794825671535e-01,3.918074554268013987e-04,6.121353804746917371e-01,6.083993313314025597e-01,6.121353804746917371e-01
2.866666666666666807e-01,4.152283458882170646e-04,6.041966927923820840e-01,6.079389633283035499e-01,3.417983458947456083e-04,6.141754350553290109e-01,6.104083942950285779e-01,6.141754350553290109e-01
2.873333333333333295e-01,3.674541651148226619e-04,6.061670970292978300e-01,6.099406964325113645e-01,2.905595185675344748e-04,6.162134863208927893e-01,6.124152895885905945e-01,6.162134863208927893e-01
2.880000000000000338e-01,3.176754141011067139e-04,6.081303917455094243e-01,6.119349602528176835e-01,2.395919725539867162e-04,6.182494985118632824e-01,6.144199812411850203e-01,6.182494985118632824e-01
2.886666666666666825e-01,2.672201877355214980e-04,6.100926111453042200e-01,6.139277051003901864e-01,1.903887600010039911e-04,6.202834359044967494e-01,6.164224333214048945e-01,6.202834359044967494e-01
2.893333333333333313e-01,2.174688589046977027e-04,6.120603274292151230e-01,6.159255661628386669e-01,1.443912483645861473e-04,6.223152628114545504e-01,6.184226099379849240e-01,6.223152628114545504e-01
2.899999999999999800e-01,1.698414282825185559e-04,6.140389955952121337e-01,6.179342064547213020e-01,1.029468967411997017e-04,6.243449435824285354e-01,6.204204752404447465e-01,6.243449435824285354e-01
2.906666666666666288e-01,1.257647272144587873e-04,6.160314860093928369e-01,6.199568082543956971e-01,6.726978316692407589e-05,6.263724426047657667e-01,6.224159934197306399e-01,6.263724426047657667e-01
2.913333333333333330e-01,8.661769058775737684e-05,6.180371909976988265e-01,6.219931091972578097e-01,3.840503920455577583e-05,6.283977243040949068e-01,6.244091287088586739e-01,6.283977243040949068e-01
2.920000000000000373e-01,5.366050341735433655e-05,6.200519491409162143e-01,6.240392452544669677e-01,1.719823367804874709e-05,6.304207531449496082e-01,6.263998453835536440e-01,6.304207531449496082e-01
2.926666666666666861e-01,2.795945573273829135e-05,6.220688254086148561e-01,6.260884594752629262e-01,4.270602432500492035e-06,6.324414936313915714e-01,6.283881077628927780e-01,6.324414936313915714e-01
2.933333333333333348e-01,1.032187326077462878e-05,6.240795744173239790e-01,6.281325206199759315e-01,8.497433766024335607e-10,6.344599103076337121e-01,6.303738802099412286e-01,6.344599103076337121e-01
2.939999999999999836e-01,1.253740653943647367e-06,6.260764499883352263e-01,6.301635244005572289e-01,4.514054487684569781e-06,6.364759677586634412e-01,6.323571271323938925e-01,6.364759677586634412e-01
2.946666666666666323e-01,9.471721000042913054e-07,6.280539408431270454e-01,6.321756589200879795e-01,1.767800606162039557e-05,6.384896306108620578e-01,6.343378129832124568e-01,6.384896306108620578e-01
2.953333333333333366e-01,9.297410259370747344e-06,6.300100243794346522e-01,6.341665206654277798e-01,3.910707738096368721e-05,6.405008635326264743e-01,6.363159022612618898e-01,6.405008635326264743e-01
2.960000000000000409e-01,2.594182330160429119e-05,6.319466356875743651e-01,6.361376659736365236e-01,6.817352150787575561e-05,6.425096312349890537e-01,6.382913595119477090e-01,6.425096312349890537e-01
2.966666666666666896e-01,5.030858089169860058e-05,6.338692291736527373e-01,6.380942572581647099e-01,1.040258609787379106e-04,6.445158984722367812e-01,6.402641493278502516e-01,6.445158984722367812e-01
2.973333333333333384e-01,8.166172827227677008e-05,6.357855284679023722e-01,6.400438789763819303e-01,1.456138311329011124e-04,6.465196300425296583e-01,6.422342363493606099e-01,6.465196300425296583e-01
2.979999999999999871e-01,1.191324745769106036e-04,6.377037634565910773e-01,6.419948044243760643e-01,1.917191467480961766e-04,6.485207907885184309e-01,6.442015852653140140e-01,6.485207907885184309e-01
2.986666666666666359e-01,1.617326489336502130e-04,6.396308240112363874e-01,6.439541345838071251e-01,2.409911906993748268e-04,6.505193455979610961e-01,6.461661608136219925e-01,6.505193455979610961e-01
2.993333333333332846e-01,2.083534942416988256e-04,6.415707780114677794e-01,6.459262610641239855e-01,2.919865791717942837e-04,6.525152594043397425e-01,6.481279277819053108e-01,6.525152594043397425e-01
3.000000000000000444e-01,2.577589714166028320e-04,6.435241007522651824e-01,6.479120160558997643e-01,3.432114443966378741e-04,6.545084971874748359e-01,6.500868510081250218e-01,6.545084971874748359e-01
3.006666666666666932e-01,3.085856422698441347e-04,6.454877756763385266e-01,6.499086905479651843e-01,3.931651962733272968e-04,6.564990239741401723e-01,6.520428953812116291e-01,6.564990239741401723e-01
3.013333333333333419e-01,3.593600895680949402e-04,6.474562080304191447e-01,6.519108822456725072e-01,4.403844809165319025e-04,6.584868048386769424e-01,6.539960258416959160e-01,6.584868048386769424e-01
3.019999999999999907e-01,4.085400802041504924e-04,6.494227005238559780e-01,6.539119359320693103e-01,4.834860483990805185e-04,6.604718049036057970e-01,6.559462073823364436e-01,6.604718049036057970e-01
3.026666666666666394e-01,4.545787540626857978e-04,6.513811156332572905e-01,6.559056068802973094e-01,5.212072739156280122e-04,6.624539893402392465e-01,6.578934050487470486e-01,6.624539893402392465e-01
3.033333333333332882e-01,4.960041227966551988e-04,6.533273147404587977e-01,6.578875360641041059e-01,5.524431453330409672e-04,6.644333233692922835e-01,6.598375839400237863e-01,6.644333233692922835e-01
3.039999999999999925e-01,5.315011686089573953e-04,6.552600244706927590e-01,6.598561791711384794e-01,5.762786336077913973e-04,6.664097722614942265e-01,6.617787092093702084e-01,6.664097722614942265e-01
3.046666666666666967e-01,5.599823149172414739e-04,6.571809244251908266e-01,6.618129687633214076e-01,5.920154978057049584e-04,6.683833013381949018e-01,6.637167460647213080e-01,6.683833013381949018e-01
3.053333333333333455e-01,5.806344692845156639e-04,6.590939495888937794e-01,6.637616835096258328e-01,5.991927394931957553e-04,6.703538759719765983e-01,6.656516597693684645e-01,6.703538759719765983e-01
3.059999999999999942e-01,5.929365622479405504e-04,6.610040080900394521e-01,6.657072060676130221e-01,5.976001073054553175e-04,6.723214615872593614e-01,6.675834156425812793e-01,6.723214615872593614e-01
3.066666666666666430e-01,5.966489086358121776e-04,6.629154732865981670e-01,6.676540163890765101e-01,5.872842560864599635e-04,6.742860236609083957e-01,6.695119790602287457e-01,6.742860236609083957e-01
3.073333333333332917e-01,5.917826384602586269e-04,6.648308692481278426e-01,6.696048392407071281e-01,5.685473801738665390e-04,6.762475277228402470e-01,6.714373154554009737e-01,6.762475277228402470e-01
3.079999999999999960e-01,5.785617762582012788e-04,6.667501105752988710e-01,6.715598190213152296e-01,5.419383608655860577e-04,6.782059393566260974e-01,6.733593903190276952e-01,6.782059393566260974e-01
3.086666666666667003e-01,5.573908970338626104e-04,6.686704999365488122e-01,6.735164451221904436e-01,5.082366873957015752e-04,6.801612242000983910e-01,6.752781692004972136e-01,6.801612242000983910e-01
3.093333333333333490e-01,5.288374811552991892e-04,6.705874790306335376e-01,6.754702439624356014e-01,4.684296224414201534e-04,6.821133479459501325e-01,6.771936177082741315e-01,6.821133479459501325e-01
3.099999999999999978e-01,4.936313264769824020e-04,6.724959301347810392e-01,6.774160498500915173e-01,4.236832810787109272e-04,6.840622763423397368e-01,6.791057015105154138e-01,6.840622763423397368e-01
3.106666666666666465e-01,4.526758883231864249e-04,6.743916845262823978e-01,6.793495179636398484e-01,3.753084704046917943e-04,6.860079751934917702e-01,6.810143863356856730e-01,6.860079751934917702e-01
3.113333333333332953e-01,4.070607366455122173e-04,6.762728393823514983e-01,6.812684802468612633e-01,3.247222905268157115e-04,6.879504103602941401e-01,6.829196379731720112e-01,6.879504103602941401e-01
3.119999999999999996e-01,3.580623790161825085e-04,6.781405251245401500e-01,6.831737782779230272e-01,2.734066217861442919e-04,6.898895477609015003e-01,6.848214222738963075e-01,6.898895477609015003e-01
3.126666666666667038e-01,3.071231508879560131e-04,6.799988932264121599e-01,6.850693288701498185e-01,2.228647142972225526e-04,6.918253533713291104e-01,6.867197051509283945e-01,6.918253533713291104e-01
3.133333333333333526e-01,2.558038856984446840e-04,6.818542866629720978e-01,6.869613652822169625e-01,1.745771514780591329e-04,6.937577932260524660e-01,6.886144525800963478e-01,6.937577932260524660e-01
3.140000000000000013e-01,2.057136607888123672e-04,6.837137691033295939e-01,6.888570098816437781e-01,1.299584775822904242e-04,6.956868334186022684e-01,6.905056306005951106e-01,6.956868334186022684e-01
3.146666666666666501e-01,1.584266494387136129e-04,6.855833686777746960e-01,6.907625191795120356e-01,9.031575979407965393e-05,6.976124401021591703e-01,6.923932053155984478e-01,6.976124401021591703e-01
3.153333333333332988e-01,1.153999386954536130e-04,6.874664830289776152e-01,6.926816446185841691e-01,5.681029877496269668e-05,6.995345794901486336e-01,6.942771428928636857e-01,6.995345794901486336e-01
3.160000000000000031e-01,7.790601298981061180e-05,6.893628629884057668e-01,6.946145368477232296e-01,3.042360932052872168e-05,7.014532178568323451e-01,6.961574095653385585e-01,7.014532178568323451e-01
3.166666666666666519e-01,4.698959823457209622e-05,6.912684490928034942e-01,6.965574885584624454e-01,1.192866769549919638e-05,7.033683215379010756e-01,6.980339716317668364e-01,7.033683215379010756e-01
3.173333333333333561e-01,2.345196946554479187e-05,6.931761208117729334e-01,6.985035997707610411e-01,1.867267932737050411e-06,7.052798569310649857e-01,6.999067954572937289e-01,7.052798569310649857e-01
3.180000000000000049e-01,7.858622301713728521e-06,6.950771932848928136e-01,7.004442202953257146e-01,5.341504247374713049e-07,7.071877904966432649e-01,7.017758474740654062e-01,7.071877904966432649e-01
3.186666666666666536e-01,5.605193241637906307e-07,6.969633169537241546e-01,7.023708363942083865e-01,7.968367747366095067e-06,7.090920887581516618e-01,7.036410941818340703e-01,7.090920887581516618e-01
3.193333333333333024e-01,1.716621294525193207e-06,6.988283395953774901e-01,7.042769636377823605e-01,2.395214064691754085e-05,7.109927183028923459e-01,7.055025021485564762e-01,7.109927183028923459e-01
3.200000000000000067e-01,1.130683355013225641e-05,7.006696945743624561e-01,7.061596039426749627e-01,4.801723770340762787e-05,7.128896457825374400e-01,7.073600380109938968e-01,7.128896457825374400e-01
3.206666666666666554e-01,2.912939093767507318e-05,7.024889826402036519e-01,7.080199205112952532e-01,7.945869178312287560e-05,7.147828379137152188e-01,7.092136684753093112e-01,7.147828379137152188e-01
3.213333333333333597e-01,5.478354245589972543e-05,7.042915992085323484e-01,7.098629624383021586e-01,1.173554514683113883e-04,7.166722614785947520e-01,7.110633603176653716e-01,7.166722614785947520e-01
3.220000000000000084e-01,8.764502160710298012e-05,7.060854877699493937e-01,7.116964960663673123e-01,1.605973624974115172e-04,7.185578833254675502e-01,7.129090803848190383e-01,7.185578833254675502e-01
3.226666666666666572e-01,1.268460830696316159e-04,7.078793178624888105e-01,7.135292208284589321e-01,2.079176888168444732e-04,7.204396703693303206e-01,7.147507955947158820e-01,7.204396703693303206e-01
3.233333333333333059e-01,1.712724469374014857e-04,7.096805323486368167e-01,7.153688036673209183e-01,2.579302205670230526e-04,7.223175895924648371e-01,7.165884729370831652e-01,7.223175895924648371e-01
3.240000000000000102e-01,2.195860737583360761e-04,7.114937385928457036e-01,7.172202106185132653e-01,3.091698819547915680e-04,7.241916080450172544e-01,7.184220794740218130e-01,7.241916080450172544e-01
3.246666666666666590e-01,2.702762832224262640e-04,7.133198221435733677e-01,7.190847313715388323e-01,3.601356494382050165e-04,7.260616928455764230e-01,7.202515823405958306e-01,7.260616928455764230e-01
3.253333333333333077e-01,3.217342314586735231e-04,7.151559700428672395e-01,7.209599081258578623e-01,4.093345229709433194e-04,7.279278111817509833e-01,7.220769487454227198e-01,7.279278111817509833e-01
3.260000000000000120e-01,3.723394205628043226e-04,7.169965613209661193e-01,7.228403493527741919e-01,4.553252622050162936e-04,7.297899303107447944e-01,7.238981459712603428e-01,7.297899303107447944e-01
3.266666666666666607e-01,4.205436478140453017e-04,7.188346754841861141e-01,7.247191954652976165e-01,4.967606064358881133e-04,7.316480175599318070e-01,7.257151413755927871e-01,7.316480175599318070e-01
3.273333333333333095e-01,4.649386383124177601e-04,7.206638320116296459e-01,7.265898567156643395e-01,5.324267414916000144e-04,7.335020403274284950e-01,7.275279023912171183e-01,7.335020403274284950e-01
3.280000000000000138e-01,5.042983564599414544e-04,7.224795298808375232e-01,7.284475911450601915e-01,5.612788574159877260e-04,7.353519660826671744e-01,7.293363965268254701e-01,7.353519660826671744e-01
3.286666666666666625e-01,5.375942691194720039e-04,7.242802117325866096e-01,7.302905381232073223e-01,5.824717553130297730e-04,7.371977623669654367e-01,7.311405913675889101e-01,7.371977623669654367e-01
3.293333333333333113e-01,5.639894152387539550e-04,7.260674222189855698e-01,7.321199606283912420e-01,5.953846067501480802e-04,7.390393967940969144e-01,7.329404545757361999e-01,7.390393967940969144e-01
3.300000000000000155e-01,5.828226351772619000e-04,7.278451359019427747e-01,7.339396499915809002e-01,5.996391404141505855e-04,7.408768370508583834e-01,7.347359538911362176e-01,7.408768370508583834e-01
3.306666666666666643e-01,5.935959518107698871e-04,7.296184491148482998e-01,7.357546656975554322e-01,5.951107232567955313e-04,7.427100508976377524e-01,7.365270571318739412e-01,7.427100508976377524e-01
3.313333333333333131e-01,5.959753414830762982e-04,7.313920025764107935e-01,7.375697623793125990e-01,5.819320115169574837e-04,7.445390061689789452e-01,7.383137321948283205e-01,7.445390061689789452e-01
3.320000000000000173e-01,5.898089215695198487e-04,7.331685741298590298e-01,7.393879419932234409e-01,5.604890646657190211e-04,7.463636707741466703e-01,7.400959470562471498e-01,7.463636707741466703e-01
3.326666666666666661e-01,5.751590161822495509e-04,7.349482296645589718e-01,7.412095321497110811e-01,5.314100361131661237e-04,7.481840126976891936e-01,7.418736697723221640e-01,7.481840126976891936e-01
3.333333333333333148e-01,5.523381783162526967e-04,7.367282613995312923e-01,7.430320420341710586e-01,4.955467719732626871e-04,7.500000000000008882e-01,7.436468684797599149e-01,7.500000000000008882e-01
3.340000000000000191e-01,5.219361295318040907e-04,7.385039262802192139e-01,7.448508321762680184e-01,4.539498569358123899e-04,7.518116008178813425e-01,7.454155113963542023e-01,7.518116008178813425e-01
3.346666666666666679e-01,4.848256722383469455e-04,7.402697855710976826e-01,7.466604168499340055e-01,4.078378382560491331e-04,7.536187833650953571e-01,7.471795668215549524e-01,7.536187833650953571e-01
3.353333333333333166e-01,4.421404965379146720e-04,7.420212926323522806e-01,7.484560546363125955e-01,3.585615294196595583e-04,7.554215159329307205e-01,7.489390031370373180e-01,7.554215159329307205e-01
3.360000000000000209e-01,3.952248602505644770e-04,7.437562108400824767e-01,7.502352085800879644e-01,3.075644391778674922e-04,7.572197668907542090e-01,7.506937888072667819e-01,7.572197668907542090e-01
3.366666666666666696e-01,3.455622118067558325e-04,7.454754784890668118e-01,7.519984842227500632e-01,2.563404851513290247e-04,7.590135046865661428e-01,7.524438923800661483e-01,7.590135046865661428e-01
3.373333333333333184e-01,2.946948936575889775e-04,7.471832655694237157e-01,7.537497745898728008e-01,2.063902307478093225e-04,7.608026978475549429e-01,7.541892824871782031e-01,7.608026978475549429e-01
3.379999999999999671e-01,2.441487097336875320e-04,7.488861650331641862e-01,7.554955332591726247e-01,1.591769273970561989e-04,7.625873149806488005e-01,7.559299278448284864e-01,7.625873149806488005e-01
3.386666666666666714e-01,1.953739600813476625e-04,7.505916859711730948e-01,7.572433198765547990e-01,1.160836498092209375e-04,7.643673247730667919e-01,7.576657972542860664e-01,7.643673247730667919e-01
3.393333333333333202e-01,1.497092063011598161e-04,7.523064099329093146e-01,7.589999618266838333e-01,7.837277994403314652e-05,7.661426959928679947e-01,7.593968596024223139e-01,7.661426959928679947e-01
3.400000000000000244e-01,1.083670958111386735e-04,7.540342764351847249e-01,7.607697931296026894e-01,4.714902657437324127e-05,7.679133974894994941e-01,7.611230838622681238e-01,7.679133974894994941e-01
3.406666666666666732e-01,7.243509705670973559e-05,7.557754436855601554e-01,7.625534272894782806e-01,2.332706375558029862e-05,7.696793981943425011e-01,7.628444390935710251e-01,7.696793981943425011e-01
3.413333333333333219e-01,4.287996218773117705e-05,7.575260290343690528e-01,7.643473915732860169e-01,7.604736204765757432e-06,7.714406671212598043e-01,7.645608944433494036e-01,7.714406671212598043e-01
3.419999999999999707e-01,2.054443832837975567e-05,7.592788125205353067e-01,7.661447334702637946e-01,4.426165164522481390e-07,7.731971733671352265e-01,7.662724191464451717e-01,7.731971733671352265e-01
3.426666666666666750e-01,6.128357477368479944e-06,7.610247492007113923e-01,7.679364681912330681e-01,2.050513068977339723e-06,7.749488861124207428e-01,7.679789825260767699e-01,7.749488861124207428e-01
3.433333333333333792e-01,1.526567440828627314e-07,7.627549418962467076e-01,7.697135328202812099e-01,1.238132386141212853e-05,7.766957746216729408e-01,7.696805539943858410e-01,7.766957746216729408e-01
3.440000000000000280e-01,2.912071238073066009e-06,7.644626172706017186e-01,7.714687934924863155e-01,3.113241632775509335e-05,7.784378082440951419e-01,7.713771030529880113e-01,7.784378082440951419e-01
3.446666666666666767e-01,1.442785722784115996e-05,7.661446438200214537e-01,7.731986380836888273e-01,5.775449270789803006e-05,7.801749564140734172e-01,7.730685992935192319e-01,7.801749564140734172e-01
3.453333333333333255e-01,3.441407437851167709e-05,7.678022304694561706e-01,7.749037783835166504e-01,9.146768127163098410e-05,7.819071886517141579e-01,7.747550123981801207e-01,7.819071886517141579e-01
3.459999999999999742e-01,6.226890885100950059e-05,7.694406316352331299e-01,7.765890653331034565e-01,1.312843820165849630e-04,7.836344745633793130e-01,7.764363121402798606e-01,7.836344745633793130e-01
3.466666666666666230e-01,9.709682151345281167e-05,7.710679216798643765e-01,7.782623539076455321e-01,1.760381975942653559e-04,7.853567838422168546e-01,7.781124683847775447e-01,7.853567838422168546e-01
3.473333333333333828e-01,1.377596743763359632e-04,7.726931327295883944e-01,7.799326878080652392e-01,2.244181019566063979e-04,7.870740862686959050e-01,7.797834510888231874e-01,7.870740862686959050e-01
3.480000000000000315e-01,1.829477437961123294e-04,7.743242112142528777e-01,7.816082462715776558e-01,2.750068457807569025e-04,7.887863517111348699e-01,7.814492303022944064e-01,7.887863517111348699e-01
3.486666666666666803e-01,2.312568792737803550e-04,7.759662911501674643e-01,7.832945540857576550e-01,3.263224736169677309e-04,7.904935501262310149e-01,7.831097761683354364e-01,7.904935501262310149e-01
3.493333333333333290e-01,2.812574355946293576e-04,7.776206924358178840e-01,7.849933815433751683e-01,3.768617365489636208e-04,7.921956515595871551e-01,7.847650589238907015e-01,7.921956515595871551e-01
3.499999999999999778e-01,3.315441887393618357e-04,7.792848588857760328e-01,7.867025760310204507e-01,4.251441286288423532e-04,7.938926261462375678e-01,7.864150489002390554e-01,7.938926261462375678e-01
3.506666666666666266e-01,3.807631236900679535e-04,7.809532118503389464e-01,7.884168274746864435e-01,4.697552570755020307e-04,7.955844441111720178e-01,7.880597165235253554e-01,7.955844441111720178e-01
3.513333333333333308e-01,4.276186435048580131e-04,7.826186754206722052e-01,7.901291425494579856e-01,5.093882757424791387e-04,7.972710757698577844e-01,7.896990323152905944e-01,7.972710757698577844e-01
3.520000000000000351e-01,4.708709475007648824e-04,7.842744784459194651e-01,7.918326417144007090e-01,5.428821680959748132e-04,7.989524915287605777e-01,7.913329668929993677e-01,7.989524915287605777e-01
3.526666666666666838e-01,5.093360813210362666e-04,7.859157844656374792e-01,7.935222293030079754e-01,5.692557582349011460e-04,8.006286618858643456e-01,7.929614909705682280e-01,8.006286618858643456e-01
3.533333333333333326e-01,5.418996249252684173e-04,7.875407506426366222e-01,7.951957280745961532e-01,5.877364536281651404e-04,8.022995574311885258e-01,7.945845753588894889e-01,8.022995574311885258e-01
3.539999999999999813e-01,5.675497221363141626e-04,7.891507610537574768e-01,7.968542057678266177e-01,5.977828775744894671e-04,8.039651488473037455e-01,7.962021909663544728e-01,8.039651488473037455e-01
3.546666666666666301e-01,5.854279309121676817e-04,7.907497904690872215e-01,7.985014259182441343e-01,5.991007283855472780e-04,8.056254069098467419e-01,7.978143087993745386e-01,8.056254069098467419e-01
3.553333333333333344e-01,5.948895240014744025e-04,7.923430837606920685e-01,8.001425834974060791e-01,5.916514007107445379e-04,8.072803024880332856e-01,7.994208999629023316e-01,8.072803024880332856e-01
3.560000000000000386e-01,5.955605233988696791e-04,7.939355216413496175e-01,8.017826789164897994e-01,5.756531164490687842e-04,8.089298065451682174e-01,8.010219356609472596e-01,8.089298065451682174e-01
3.566666666666666874e-01,5.873781787588701732e-04,7.955301288570031382e-01,8.034249837171787423e-01,5.515745321188697883e-04,8.105738901391561502e-01,8.026173871970948559e-01,8.105738901391561502e-01
3.573333333333333361e-01,5.706048940266211268e-04,7.971271377665094526e-01,8.050700242988483302e-01,5.201210099523958033e-04,8.122125244230088414e-01,8.042072259750177032e-01,8.122125244230088414e-01
3.579999999999999849e-01,5.458117477867702183e-04,7.987238620615382256e-01,8.067153630110347473e-01,4.822139548920303010e-04,8.138456806453510106e-01,8.057914234989899116e-01,8.138456806453510106e-01
3.586666666666666337e-01,5.138349591009898311e-04,8.003154120667742566e-01,8.083562347051022057e-01,4.389638227938440218e-04,8.154733301509257126e-01,8.073699513743978207e-01,8.154733301509257126e-01
3.593333333333333379e-01,4.757148831586384169e-04,8.018960596748163638e-01,8.099868673246650719e-01,3.916375905408380907e-04,8.170954443810958256e-01,8.089427813082483709e-01,8.170954443810958256e-01
3.599999999999999867e-01,4.326306171582150863e-04,8.034608939806909822e-01,8.116021379257212232e-01,3.416216410020504984e-04,8.187119948743459830e-01,8.105098851096764756e-01,8.187119948743459830e-01
3.606666666666666909e-01,3.858430355370766709e-04,8.050073331475439131e-01,8.131991295427345445e-01,2.903811500919309461e-04,8.203229532667817292e-01,8.120712346904500611e-01,8.203229532667817292e-01
3.613333333333333397e-01,3.366550884732693954e-04,8.065360863333842500e-01,8.147781735387900071e-01,2.394171656525888564e-04,8.219282912926277884e-01,8.136268020654741084e-01,8.219282912926277884e-01
3.619999999999999885e-01,2.863916407242074577e-04,8.080512860489751370e-01,8.163430805985616434e-01,1.902226354975444626e-04,8.235279807847231126e-01,8.151765593532919185e-01,8.235279807847231126e-01
3.626666666666666372e-01,2.363940091143626801e-04,8.095597128657325836e-01,8.179004585946139105e-01,1.442386727391281414e-04,8.251219936750152639e-01,8.167204787765842688e-01,8.251219936750152639e-01
3.633333333333333415e-01,1.880189662953224319e-04,8.110692682490371341e-01,8.194582473363370978e-01,1.028123395706172889e-04,8.267103019950536869e-01,8.182585326626690136e-01,8.267103019950536869e-01
3.639999999999999902e-01,1.426301377369272594e-04,8.125870581919958369e-01,8.210238125542991261e-01,6.715718619235062122e-05,8.282928778764792055e-01,8.197906934439942450e-01,8.282928778764792055e-01
3.646666666666666945e-01,1.015721241764587165e-04,8.141175690197626214e-01,8.226020736883701279e-01,3.831770086132456902e-05,8.298696935515140760e-01,8.213169336586350067e-01,8.298696935515140760e-01
3.653333333333333433e-01,6.612360863104251388e-05,8.156614072612329291e-01,8.241941480045272828e-01,1.713871247075990760e-05,8.314407213534485974e-01,8.228372259507844566e-01,8.314407213534485974e-01
3.659999999999999920e-01,3.743322589168277225e-05,8.172149375608909194e-01,8.257968699709608007e-01,4.240641985738300858e-06,8.330059337171265010e-01,8.243515430712442527e-01,8.330059337171265010e-01
3.666666666666666408e-01,1.644860668227474937e-05,8.187709269103413678e-01,8.274033248263528151e-01,1.327723673152878369e-09,8.345653031794298959e-01,8.258598578779127175e-01,8.345653031794298959e-01
3.673333333333333450e-01,3.852583131653483458e-06,8.203200548312362672e-01,8.290042826181246438e-01,4.544956893002679920e-06,8.361188023797588853e-01,8.273621433362727817e-01,8.361188023797588853e-01
3.679999999999999938e-01,1.990049054813492565e-08,8.218529413798476568e-01,8.305902010316751349e-01,1.773842763153033689e-05,8.376664040605134032e-01,8.288583725198730434e-01,8.376664040605134032e-01
3.686666666666666980e-01,5.003126893035604653e-06,8.233622232735019475e-01,8.321533319745449964e-01,3.919524811550019808e-05,8.392080810675698332e-01,8.303485186108144900e-01,8.392080810675698332e-01
3.693333333333333468e-01,1.854924116993051731e-05,8.248441946340796527e-01,8.336894422078986455e-01,6.828685851822194352e-05,8.407438063507610693e-01,8.318325549002294483e-01,8.407438063507610693e-01
3.699999999999999956e-01,4.014082015845994391e-05,8.262996241623428162e-01,8.351987440198285206e-01,1.041610441508259880e-04,8.422735529643451402e-01,8.333104547887592028e-01,8.422735529643451402e-01
3.706666666666666443e-01,6.905012450154637230e-05,8.277335482870253891e-01,8.366858113111851347e-01,1.457669003874041745e-04,8.437972940674844935e-01,8.347821917870326125e-01,8.437972940674844935e-01
3.713333333333333486e-01,1.043923656671127183e-04,8.291540832930728300e-01,8.381584950168494696e-01,1.918856180476856584e-04,8.453150029247122887e-01,8.362477395161396210e-01,8.453150029247122887e-01
3.719999999999999973e-01,1.451665872914868576e-04,8.305705420270190764e-01,8.396260965254236375e-01,2.411661874048780620e-04,8.468266529064035764e-01,8.377070717081048778e-01,8.468266529064035764e-01
3.726666666666666461e-01,1.902781890171879387e-04,8.319913166493881906e-01,8.410972448649038924e-01,2.921649748993202650e-04,8.483322174892413692e-01,8.391601622063575849e-01,8.483322174892413692e-01
3.733333333333333504e-01,2.385443698348172967e-04,8.334220448895554023e-01,8.425779970328014512e-01,3.433880131907500596e-04,8.498316702566837133e-01,8.406069849662013427e-01,8.498316702566837133e-01
3.739999999999999991e-01,2.886903653659198942e-04,8.348644954419808251e-01,8.440706164650543242e-01,3.933347656971016557e-04,8.513249848994255409e-01,8.420475140552805549e-01,8.513249848994255409e-01
3.746666666666666479e-01,3.393482125588972455e-04,8.363164147461137343e-01,8.455733015385067386e-01,4.405420835738112131e-04,8.528121352158613000e-01,8.434817236540455010e-01,8.528121352158613000e-01
3.753333333333333521e-01,3.890696946002047984e-04,8.377723312015501467e-01,8.470808898927599806e-01,4.836270674502472474e-04,8.542930951125440320e-01,8.449095880562143002e-01,8.542930951125440320e-01
3.760000000000000009e-01,4.363611528639064477e-04,8.392250813053623304e-01,8.485863248442891971e-01,5.213275783240954586e-04,8.557678386046436714e-01,8.463310816692342087e-01,8.557678386046436714e-01
3.766666666666666496e-01,4.797412609540345312e-04,8.406676589339868721e-01,8.500824956296196833e-01,5.525392108805695203e-04,8.572363398164026815e-01,8.477461790147409193e-01,8.572363398164026815e-01
3.773333333333333539e-01,5.178156694440190196e-04,8.420949244908498832e-01,8.515639877872605012e-01,5.763476461335413680e-04,8.586985729815901358e-01,8.491548547290140858e-01,8.586985729815901358e-01
3.780000000000000027e-01,5.493568074711877632e-04,8.435047539109740145e-01,8.530283134696775571e-01,5.920554356447606855e-04,8.601545124439543555e-01,8.505570835634326254e-01,8.601545124439543555e-01
3.786666666666666514e-01,5.733747218672859743e-04,8.448983496992837905e-01,8.544763247230566794e-01,5.992024326995616873e-04,8.616041326576718840e-01,8.519528403849271347e-01,8.616041326576718840e-01
3.793333333333333557e-01,5.891663496721066080e-04,8.462796498953331081e-01,8.559117196680157136e-01,5.975792719246598647e-04,8.630474081877965720e-01,8.533421001764304181e-01,8.630474081877965720e-01
3.800000000000000044e-01,5.963356437867489831e-04,8.476540081207112332e-01,8.573397874814130404e-01,5.872335024737676112e-04,8.644843137107066644e-01,8.547248380373256849e-01,8.644843137107066644e-01
3.806666666666666532e-01,5.947840960276347400e-04,8.490265155529171937e-01,8.587657431600145275e-01,5.684681951144238913e-04,8.659148240145464470e-01,8.561010291838931918e-01,8.659148240145464470e-01
3.813333333333333020e-01,5.846783872279147061e-04,8.504004338798841767e-01,8.601931167661917010e-01,5.418330640202831351e-04,8.673389139996715569e-01,8.574706489497541106e-01,8.673389139996715569e-01
3.820000000000000062e-01,5.664070142561075790e-04,8.517761744845446792e-01,8.616226460098490580e-01,5.081083633486143877e-04,8.687565586790877425e-01,8.588336727863129516e-01,8.687565586790877425e-01
3.826666666666666550e-01,5.405392077096864015e-04,8.531511034954868400e-01,8.630519784800496641e-01,4.682820303394767398e-04,8.701677331788898462e-01,8.601900762631969899e-01,8.701677331788898462e-01
3.833333333333333592e-01,5.077967414959265371e-04,8.545202241526833609e-01,8.644762648219564971e-01,4.235207445105812615e-04,8.715724127386978992e-01,8.615398350686950257e-01,8.715724127386978992e-01
3.840000000000000080e-01,4.690431540188735979e-04,8.558775542758557675e-01,8.658894841732402980e-01,3.751357507448412044e-04,8.729705727120918857e-01,8.628829250101923698e-01,8.729705727120918857e-01
3.846666666666666567e-01,4.252874106535813395e-04,8.572178375083785440e-01,8.672861527396303893e-01,3.245444474549644804e-04,8.743621885670438409e-01,8.642193220146050514e-01,8.743621885670438409e-01
3.853333333333333055e-01,3.776926400787679306e-04,8.585381406989956998e-01,8.686629683538560354e-01,2.732288650681376002e-04,8.757472358863488404e-01,8.655490021288108071e-01,8.757472358863488404e-01
3.860000000000000098e-01,3.275774547318908796e-04,8.598389107376585017e-01,8.700199546291482733e-01,2.226922511692332814e-04,8.771256903680526573e-01,8.668719415200787370e-01,8.771256903680526573e-01
3.866666666666666585e-01,2.763985979576581795e-04,8.611241877135005218e-01,8.713607829790112058e-01,1.744150341049184908e-04,8.784975278258789766e-01,8.681881164764959635e-01,8.784975278258789766e-01
3.873333333333333628e-01,2.257088405107330361e-04,8.624008748116874790e-01,8.726921472078230657e-01,1.298114550584866279e-04,8.798627241896531670e-01,8.694975034073935127e-01,8.798627241896531670e-01
3.880000000000000115e-01,1.770914500140253545e-04,8.636772065056990133e-01,8.740223037476935186e-01,9.018813902296898366e-05,8.812212555057247210e-01,8.708000788437689765e-01,8.812212555057247210e-01
3.886666666666666603e-01,1.320797648069752450e-04,8.649607752291693652e-01,8.753591145927818173e-01,5.670581830158399141e-05,8.825730979373879181e-01,8.720958194387057327e-01,8.825730979373879181e-01
3.893333333333333091e-01,9.207514779523702888e-05,8.662566090535808172e-01,8.767080765582362378e-01,3.034532981402110696e-05,8.839182277652994912e-01,8.733847019677930534e-01,8.839182277652994912e-01
3.900000000000000133e-01,5.827746386955956937e-05,8.675657949290952464e-01,8.780708416981614084e-01,1.187888228932249203e-05,8.852566213878954038e-01,8.746667033295422167e-01,8.852566213878954038e-01
3.906666666666666621e-01,3.163903997069419406e-05,8.688850095793247963e-01,8.794446176419258299e-01,1.847435049228390011e-06,8.865882553218042972e-01,8.759418005457997314e-01,8.865882553218042972e-01
3.913333333333333663e-01,1.284686629666750210e-05,8.702070921407812909e-01,8.808226158006111639e-01,5.448510518318994986e-07,8.879131062022604937e-01,8.772099707621600073e-01,8.879131062022604937e-01
3.920000000000000151e-01,2.330468883753339940e-06,8.715225348840602848e-01,8.821954539796169614e-01,8.009288419035069854e-06,8.892311507835124473e-01,8.784711912483741392e-01,8.892311507835124473e-01
3.926666666666666639e-01,2.866032889146756233e-07,8.728215480187532238e-01,8.835531885589125167e-01,2.402208262589653685e-05,8.905423659392323055e-01,8.797254393987581356e-01,8.905423659392323055e-01
3.933333333333333126e-01,6.708529366275551069e-06,8.740962203500418637e-01,8.848875039915335972e-01,4.811415209721215828e-05,8.918467286629205848e-01,8.809726927325974843e-01,8.918467286629205848e-01
3.939999999999999614e-01,2.140811059865269201e-05,8.753422736740434917e-01,8.861935513944169118e-01,7.957973956466649773e-05,8.931442160683102927e-01,8.822129288945511627e-01,8.931442160683102927e-01
3.946666666666666656e-01,4.402316036314178068e-05,8.765599979980788214e-01,8.874710065274661330e-01,1.174970866428534855e-04,8.944348053897678286e-01,8.834461256550506514e-01,8.944348053897678286e-01
3.953333333333333699e-01,7.400902250942013861e-05,8.777541411177767205e-01,8.887240947415708803e-01,1.607554359795478754e-04,8.957184739826936637e-01,8.846722609106996149e-01,8.957184739826936637e-01
3.960000000000000187e-01,1.106202611958281308e-04,8.789327738327217254e-01,8.899605725068470141e-01,2.080875699745261289e-04,8.969951993239183574e-01,8.858913126846698072e-01,8.969951993239183574e-01
3.966666666666666674e-01,1.528933594485594059e-04,8.801054044590188585e-01,8.911899091646150461e-01,2.581069328721054897e-04,8.982649590120989069e-01,8.871032591270943124e-01,8.982649590120989069e-01
3.973333333333333162e-01,1.996428684215783656e-04,8.812808056743481888e-01,8.924211134023096736e-01,3.093482487663077175e-04,8.995277307681106560e-01,8.883080785154600090e-01,8.995277307681106560e-01
3.979999999999999649e-01,2.494809710505728538e-04,8.824650863536758205e-01,8.936607375898255601e-01,3.603104456477964138e-04,9.007834924354392037e-01,8.895057492549974798e-01,9.007834924354392037e-01
3.986666666666666692e-01,3.008646305181106751e-04,8.836604686801468045e-01,8.949115402161026411e-01,4.095006280680815172e-04,9.020322219805678721e-01,8.906962498790667038e-01,9.020322219805678721e-01
3.993333333333333734e-01,3.521671069341850493e-04,8.848650396327871759e-01,8.961721076364449479e-01,4.554778102781334112e-04,9.032738974933667286e-01,8.918795590495414150e-01,9.032738974933667286e-01
4.000000000000000222e-01,4.017638502404919125e-04,8.860734946374084764e-01,8.974374860228940820e-01,4.968951287152261051e-04,9.045084971874742807e-01,8.930556555571936839e-01,9.045084971874742807e-01
4.006666666666666710e-01,4.481186468161708902e-04,8.872786493938481511e-01,8.987006242944858281e-01,5.325392972581390614e-04,9.057359994006810577e-01,8.942245183220723925e-01,9.057359994006810577e-01
4.013333333333333197e-01,4.898556804708316783e-04,8.884733208318320585e-01,8.999542413678658370e-01,5.613661494415479953e-04,9.069563825953099734e-01,8.953861263938818205e-01,9.069563825953099734e-01
4.019999999999999685e-01,5.258069930753527183e-04,8.896521031846773564e-01,9.011926438408377482e-01,5.825312264498529657e-04,9.081696253585924694e-01,8.965404589523566781e-01,9.081696253585924694e-01
4.026666666666666172e-01,5.550316136601289975e-04,8.908126008822102593e-01,9.024130452233029009e-01,5.954145148404205688e-04,9.093757064030478787e-01,8.976874953076353636e-01,9.093757064030478787e-01
4.033333333333333770e-01,5.768103474912529777e-04,8.919558185558703611e-01,9.036160666698701549e-01,5.996386093250805115e-04,9.105746045668525745e-01,8.988272149006314438e-01,9.105746045668525745e-01
4.040000000000000258e-01,5.906264962803846460e-04,8.930856232991154497e-01,9.048053064623594599e-01,5.950797685461975883e-04,9.117662988142143377e-01,8.999595973034009155e-01,9.117662988142143377e-01
4.046666666666666745e-01,5.961456171845972308e-04,8.942074379592380717e-01,9.059861071640277208e-01,5.818715399775013786e-04,9.129507682357399512e-01,9.010846222195095789e-01,9.129507682357399512e-01
4.053333333333333233e-01,5.932058899739811987e-04,8.953265327516574112e-01,9.071638651964095690e-01,5.604008477611881417e-04,9.141279920488027955e-01,9.022022694843960799e-01,9.141279920488027955e-01
4.059999999999999720e-01,5.818252555130493109e-04,8.964463933205377710e-01,9.083423547241126217e-01,5.312966580848855255e-04,9.152979495979071123e-01,9.033125190657335102e-01,9.152979495979071123e-01
4.066666666666666208e-01,5.622240327145563814e-04,8.975676198304524123e-01,9.095225340290071792e-01,4.954115541368887907e-04,9.164606203550506036e-01,9.044153510637888971e-01,9.164606203550506036e-01
4.073333333333333250e-01,5.348547298178649677e-04,8.986876605159459519e-01,9.107021663253819233e-01,4.537967603861302714e-04,9.176159839200840329e-01,9.055107457117790304e-01,9.176159839200840329e-01
4.080000000000000293e-01,5.004265684591001004e-04,8.998014520742031452e-01,9.118763603586718114e-01,4.076713478299838576e-04,9.187640200210716035e-01,9.065986833762252894e-01,9.187640200210716035e-01
4.086666666666666781e-01,4.599121784714208395e-04,9.009027969751752796e-01,9.130388875000183813e-01,3.583865223166746465e-04,9.199047085146422331e-01,9.076791445573056949e-01,9.199047085146422331e-01
4.093333333333333268e-01,4.145279411118224077e-04,9.019861174009357052e-01,9.141839293434904645e-01,3.073860420864432588e-04,9.210380293863469348e-01,9.087521098892040738e-01,9.210380293863469348e-01
4.099999999999999756e-01,3.656862039043212655e-04,9.030481284601493686e-01,9.153077996402566585e-01,2.561639240668487087e-04,9.221639627510084258e-01,9.098175601404572266e-01,9.221639627510084258e-01
4.106666666666666243e-01,3.149249321662201989e-04,9.040889862401160215e-01,9.164101859975066766e-01,2.062206778813535223e-04,9.232824888530697383e-01,9.108754762142999839e-01,9.232824888530697383e-01
4.113333333333333286e-01,2.638261039877701545e-04,9.051125854592396713e-01,9.174945662943663205e-01,1.590193496597458900e-04,9.243935880669417182e-01,9.119258391490068227e-01,9.243935880669417182e-01
4.120000000000000329e-01,2.139366740160401307e-04,9.061258852745314174e-01,9.185676506877460401e-01,1.159426633106704372e-04,9.254972408973466402e-01,9.129686301182320385e-01,9.254972408973466402e-01
4.126666666666666816e-01,1.667045854172514812e-04,9.071373882937461275e-01,9.196379432257190123e-01,7.825251476722287541e-05,9.265934279796608219e-01,9.140038304313479189e-01,9.265934279796608219e-01
4.133333333333333304e-01,1.234375589705869435e-04,9.081551267525832527e-01,9.207137510210429143e-01,4.705300578828695547e-05,9.276821300802537973e-01,9.150314215337778112e-01,9.276821300802537973e-01
4.139999999999999791e-01,8.528564297001571103e-05,9.091846552475008059e-01,9.218011292425282166e-01,2.325810020980349159e-05,9.287633280968266014e-01,9.160513850073311870e-01,9.287633280968266014e-01
4.146666666666666279e-01,5.324175038179879886e-05,9.102275636581204088e-01,9.229022851109732750e-01,7.564850129388592483e-06,9.298370030587459478e-01,9.170637025705321577e-01,9.298370030587459478e-01
4.153333333333333321e-01,2.814966250648968856e-05,9.112808986408417189e-01,9.240148573916612262e-01,4.329763410955737631e-07,9.309031361273779615e-01,9.180683560789472120e-01,9.309031361273779615e-01
4.159999999999999809e-01,1.070771553976586064e-05,9.123376539678341723e-01,9.251322685748478714e-01,2.071401194613564061e-06,9.319617085964184700e-01,9.190653275255110666e-01,9.319617085964184700e-01
4.166666666666666852e-01,1.459054307697531512e-06,9.133882251949493325e-01,9.262450789974301379e-01,1.243212838765908788e-05,9.330127018922198534e-01,9.200545990408488528e-01,9.330127018922198534e-01
4.173333333333333339e-01,7.651525711533295879e-07,9.144224924762960338e-01,9.273430287713002595e-01,3.121164897799574947e-05,9.340560975741200034e-01,9.210361528935968600e-01,9.340560975741200034e-01
4.179999999999999827e-01,8.766438392920341080e-06,9.154320489505083369e-01,9.284172924411759897e-01,5.785983242711207979e-05,9.350918773347636215e-01,9.220099714907199484e-01,9.350918773347636215e-01
4.186666666666666314e-01,2.534002169116260711e-05,9.164120576925602890e-01,9.294624234397138585e-01,9.159604221978441280e-05,9.361200230004221856e-01,9.229760373778271854e-01,9.361200230004221856e-01
4.193333333333333357e-01,5.006766346446383576e-05,9.173623021452543824e-01,9.304775356946075604e-01,1.314320039657670709e-04,9.371405165313172470e-01,9.239343332394838182e-01,9.371405165313172470e-01
4.199999999999999845e-01,8.222616085504415046e-05,9.182871783541567412e-01,9.314664431223010910e-01,1.762007560814495921e-04,9.381533400219326246e-01,9.248848418995244680e-01,9.381533400219326246e-01
4.206666666666666887e-01,1.208074617968018318e-04,9.191946272497317771e-01,9.324367211764207353e-01,2.245908349652258826e-04,9.391584757013292650e-01,9.258275463213559986e-01,9.391584757013292650e-01
4.213333333333333375e-01,1.645685115185723186e-04,9.200942654378541086e-01,9.333979158865468584e-01,2.751846932400541608e-04,9.401559059334604340e-01,9.267624296082678237e-01,9.401559059334604340e-01
4.219999999999999862e-01,2.121032845529919263e-04,9.209951746703172182e-01,9.343593391323244957e-01,3.265002256325744948e-04,9.411456132174773614e-01,9.276894750037320003e-01,9.411456132174773614e-01
4.226666666666666350e-01,2.619239675937511135e-04,9.219038934350074488e-01,9.353279923159517617e-01,3.770341860224560066e-04,9.421275801880369949e-01,9.286086658917045433e-01,9.421275801880369949e-01
4.233333333333333393e-01,3.125365123769584383e-04,9.228230924043515637e-01,9.363071203764126160e-01,4.253062237953900127e-04,9.431017896156078661e-01,9.295199857969224100e-01,9.431017896156078661e-01
4.239999999999999880e-01,3.624983236658183743e-04,9.237512286153185537e-01,9.372957253597018479e-01,4.699022494911333342e-04,9.440682244067727380e-01,9.304234183851999296e-01,9.440682244067727380e-01
4.246666666666666923e-01,4.104519136345263688e-04,9.246832189153956216e-01,9.382891164572220166e-01,5.095158593858332106e-04,9.450268676045268101e-01,9.313189474637209031e-01,9.450268676045268101e-01
4.253333333333333410e-01,4.551360523508892223e-04,9.256119229762145295e-01,9.392803146613303289e-01,5.429866055096421772e-04,9.459777023885758140e-01,9.322065569813287045e-01,9.459777023885758140e-01
4.259999999999999898e-01,4.953828394278989846e-04,9.265300402280657321e-01,9.402619307482342759e-01,5.693339900111433691e-04,9.469207120756322205e-01,9.330862310288142725e-01,9.469207120756322205e-01
4.266666666666666941e-01,5.301130121020351110e-04,9.274319396759880263e-01,9.412280363965567220e-01,5.877861880317399989e-04,9.478558801197068950e-01,9.339579538392014380e-01,9.478558801197068950e-01
4.273333333333333428e-01,5.583414604757955821e-04,9.283149690772429796e-01,9.421755639816777883e-01,5.978026576771369597e-04,9.487831901123991996e-01,9.348217097880289206e-01,9.487831901123991996e-01
4.279999999999999916e-01,5.792005091176412584e-04,9.291799235736238893e-01,9.431048937960017087e-01,5.990899747455046042e-04,9.497026257831858720e-01,9.356774833936311042e-01,9.497026257831858720e-01
4.286666666666666403e-01,5.919815471222052844e-04,9.300305680713067957e-01,9.440194933072705297e-01,5.916104283470117325e-04,9.506141709997060207e-01,9.365252593174147044e-01,9.506141709997060207e-01
4.293333333333333446e-01,5.961883479125727660e-04,9.308723557172516871e-01,9.449247185221956169e-01,5.755831256131864731e-04,9.515178097680440095e-01,9.373650223641349921e-01,9.515178097680440095e-01
4.299999999999999933e-01,5.915902247237836550e-04,9.317107027299538213e-01,9.458261124643059237e-01,5.514775731345432754e-04,9.524135262330104545e-01,9.381967574821654665e-01,9.524135262330104545e-01
4.306666666666666976e-01,5.782615895209094635e-04,9.325493027676287072e-01,9.467276757265753462e-01,5.199999231529526741e-04,9.533013046784195588e-01,9.390204497637721914e-01,9.533013046784195588e-01
4.313333333333333464e-01,5.565969172331050293e-04,9.333889515666105030e-01,9.476305930043081860e-01,4.820722874152103942e-04,9.541811295273658899e-01,9.398360844453760299e-01,9.541811295273658899e-01
4.319999999999999951e-01,5.272957545969770253e-04,9.342272074863521292e-01,9.485327714321679649e-01,4.388057246713235565e-04,9.550529853424984950e-01,9.406436469078203189e-01,9.550529853424984950e-01
4.326666666666666439e-01,4.913195639927423093e-04,9.350589818202349468e-01,9.494293204999734170e-01,3.914676931264861087e-04,9.559168568262884635e-01,9.414431226766322158e-01,9.559168568262884635e-01
4.333333333333333481e-01,4.498288069174660492e-04,9.358779035198784291e-01,9.503138480010748790e-01,3.414449213002340657e-04,9.567727288213009329e-01,9.422344974222818248e-01,9.567727288213009329e-01
4.339999999999999969e-01,4.041128925712884012e-04,9.366781024088770558e-01,9.511802326161563625e-01,2.902027849602944478e-04,9.576205863104593208e-01,9.430177569604391019e-01,9.576205863104593208e-01
4.346666666666667012e-01,3.555262574385616224e-04,9.374559474024083405e-01,9.520244117068252798e-01,2.392423801502795524e-04,9.584604144173087814e-01,9.437928872522284296e-01,9.584604144173087814e-01
4.353333333333333499e-01,3.054407049266421540e-04,9.382112805070215167e-01,9.528457146469494488e-01,1.900565498214344185e-04,9.592921984062776630e-01,9.445598744044799711e-01,9.592921984062776630e-01
4.359999999999999987e-01,2.552181122411524973e-04,9.389478010721589163e-01,9.536473752112729629e-01,1.440861522318651912e-04,9.601159236829358568e-01,9.453187046699785823e-01,9.601159236829358568e-01
4.366666666666666474e-01,2.062005025593757041e-04,9.396724569993424314e-01,9.544360502923722178e-01,1.026778521944398455e-04,9.609315757942509251e-01,9.460693644477106146e-01,9.609315757942509251e-01
4.373333333333332962e-01,1.597085075708152896e-04,9.403939495824451544e-01,9.552204181442074393e-01,6.704467164381595283e-05,9.617391404288414547e-01,9.468118402831071645e-01,9.617391404288414547e-01
4.380000000000000004e-01,1.170363729054615373e-04,9.411206961526737969e-01,9.560091715039318316e-01,3.823045516116328806e-05,9.625386034172296323e-01,9.475461188682857694e-01,9.625386034172296323e-01
4.386666666666667047e-01,7.943291280574805578e-05,9.418587524709325365e-01,9.568088939874427323e-01,1.707929140966732196e-05,9.633299507320868260e-01,9.482721870422884392e-01,9.633299507320868260e-01
4.393333333333333535e-01,4.806287849954328804e-05,9.426102236758325814e-01,9.576223571437390003e-01,4.210786254602470704e-06,9.641131684884822750e-01,9.489900317913178007e-01,9.641131684884822750e-01
4.400000000000000022e-01,2.395045027068603134e-05,9.433725761494324846e-01,9.584476796770150520e-01,1.911921468451448704e-09,9.648882429441260067e-01,9.496996402489710221e-01,9.648882429441260067e-01
4.406666666666666510e-01,7.913613743812435370e-06,9.441390366336198658e-01,9.592785749601696610e-01,4.575963906136734030e-06,9.656551604996104210e-01,9.504009996964678519e-01,9.656551604996104210e-01
4.413333333333332997e-01,5.027020882207800100e-07,9.448999952115226808e-01,9.601056407713248753e-01,1.779894913517392297e-05,9.664139076986476562e-01,9.510940975628829896e-01,9.664139076986476562e-01
4.420000000000000040e-01,1.956880088344962253e-06,9.456450873346728958e-01,9.609183914666606929e-01,3.928351118221192612e-05,9.671644712283062884e-01,9.517789214253671304e-01,9.671644712283062884e-01
4.426666666666667083e-01,1.218862988259322487e-05,9.463654720885915639e-01,9.617075589945683900e-01,6.840027755439528846e-05,9.679068379192458105e-01,9.524554590093722295e-01,9.679068379192458105e-01
4.433333333333333570e-01,3.079952444639558006e-05,9.470557787753073331e-01,9.624671292446764781e-01,1.042962966395104193e-04,9.686409947459461156e-01,9.531236981888697724e-01,9.686409947459461156e-01
4.440000000000000058e-01,5.712283077001830957e-05,9.477152674696747159e-01,9.631956411747456537e-01,1.459200242187003269e-04,9.693669288269374240e-01,9.537836269865699323e-01,9.693669288269374240e-01
4.446666666666666545e-01,9.028212658628736488e-05,9.483479279283458796e-01,9.638964441058923693e-01,1.920521275854753982e-04,9.700846274250255474e-01,9.544352335741349558e-01,9.700846274250255474e-01
4.453333333333333033e-01,1.292520510238998695e-04,9.489614912558068660e-01,9.645768512976837794e-01,2.413412048898392313e-04,9.707940779475153770e-01,9.550785062723915475e-01,9.707940779475153770e-01
4.460000000000000075e-01,1.729084316175795596e-04,9.495655947133861963e-01,9.652463943182403305e-01,2.923433733388447323e-04,9.714952679464324836e-01,9.557134335515400370e-01,9.714952679464324836e-01
4.466666666666667118e-01,2.200599409600094154e-04,9.501695527092386406e-01,9.659146068603199353e-01,3.435645665499632807e-04,9.721881851187408330e-01,9.563400040313614348e-01,9.721881851187408330e-01
4.473333333333333606e-01,2.694605646319988288e-04,9.507802836387423406e-01,9.665888844281654846e-01,3.935043019912245945e-04,9.728728173065587237e-01,9.569582064814210476e-01,9.728728173065587237e-01
4.480000000000000093e-01,3.198092423892820945e-04,9.514008922283765379e-01,9.672729396353278997e-01,4.406996363771921704e-04,9.735491524973725053e-01,9.575680298212697616e-01,9.735491524973725053e-01
4.486666666666666581e-01,3.697478330363563356e-04,9.520302263906709195e-01,9.679662083695044217e-01,4.837680213836910220e-04,9.742171788242469654e-01,9.581694631206428836e-01,9.742171788242469654e-01
4.493333333333333068e-01,4.178695499753582441e-04,9.526634724889803119e-01,9.686643102455505527e-01,5.214478042585931781e-04,9.748768845660337190e-01,9.587624955996562059e-01,9.748768845660337190e-01
4.499999999999999556e-01,4.627469399824676128e-04,9.532935959855274310e-01,9.693604012968206618e-01,5.526351868967104529e-04,9.755282581475770431e-01,9.593471166289982976e-01,9.755282581475770431e-01
4.506666666666667154e-01,5.029823385779197322e-04,9.539132387516334743e-01,9.700470466143189530e-01,5.764165606932378835e-04,9.761712881399168262e-01,9.599233157301223507e-01,9.761712881399168262e-01
4.513333333333333641e-01,5.372764627817412566e-04,9.545165887479942768e-01,9.707181303134281292e-01,5.920952699529268221e-04,9.768059632604882969e-01,9.604910825754328085e-01,9.768059632604882969e-01
4.520000000000000129e-01,5.645046173192680384e-04,9.551007565795108789e-01,9.713703262056493370e-01,5.992120198430541831e-04,9.774322723733217533e-01,9.610504069884713285e-01,9.774322723733217533e-01
4.526666666666666616e-01,5.837867268144175540e-04,9.556663208909564888e-01,9.720037688712795942e-01,5.975583310560322924e-04,9.780502044892364077e-01,9.616012789440986364e-01,9.780502044892364077e-01
4.533333333333333104e-01,5.945380020376765922e-04,9.562169163237044245e-01,9.726217676447166394e-01,5.871826470384636102e-04,9.786597487660338990e-01,9.621436885686744933e-01,9.786597487660338990e-01
4.539999999999999591e-01,5.964913256380194708e-04,9.567579883215316938e-01,9.732296532530340105e-01,5.683889148803998115e-04,9.792608945086884731e-01,9.626776261402344437e-01,9.792608945086884731e-01
4.546666666666666634e-01,5.896891916352478297e-04,9.572950647174098826e-01,9.738330791743639026e-01,5.417276814364842654e-04,9.798536311695336121e-01,9.632030820886645639e-01,9.798536311695336121e-01
4.553333333333333677e-01,5.744503407748387984e-04,9.578320283820145331e-01,9.744362516072629932e-01,5.079799655107594333e-04,9.804379483484495506e-01,9.637200469958719928e-01,9.804379483484495506e-01
4.560000000000000164e-01,5.513219889651125097e-04,9.583698742900591538e-01,9.750405839221129023e-01,4.681343785561324460e-04,9.810138357930433539e-01,9.642285115959552400e-01,9.810138357930433539e-01
4.566666666666666652e-01,5.210310202654138377e-04,9.589062969322063035e-01,9.756441529814673386e-01,4.233581641187423401e-04,9.815812833988294406e-01,9.647284667753686094e-01,9.815812833988294406e-01
4.573333333333333139e-01,4.844459011909707123e-04,9.594362234828927027e-01,9.762421114890701412e-01,3.749630044027462555e-04,9.821402812094076618e-01,9.652199035730867349e-01,9.821402812094076618e-01
4.579999999999999627e-01,4.425558079469409252e-04,9.599531539314614115e-01,9.768279505299126697e-01,3.243665956239677136e-04,9.826908194166371624e-01,9.657028131807648963e-01,9.826908194166371624e-01
4.586666666666666670e-01,3.964661870030511685e-04,9.604509598227106704e-01,9.773952828364561585e-01,2.730511177706686633e-04,9.832328883608090209e-01,9.661771869428967818e-01,9.832328883608090209e-01
4.593333333333333712e-01,3.474030737222656858e-04,9.609256755998943911e-01,9.779396838345278953e-01,2.225198153655058141e-04,9.837664785308153359e-01,9.666430163569692535e-01,9.837664785308153359e-01
4.600000000000000200e-01,2.967143063692077865e-04,9.613768117739424079e-01,9.784601090665963063e-01,1.742529611593220660e-04,9.842915805643158711e-01,9.671002930736156689e-01,9.842915805643158711e-01
4.606666666666666687e-01,2.458557498368792301e-04,9.618078261999606360e-01,9.789595023249799688e-01,1.296644927640478655e-04,9.848081852479032561e-01,9.675490088967645397e-01,9.848081852479032561e-01
4.613333333333333175e-01,1.963548276591488284e-04,9.622255888158885995e-01,9.794443988070478113e-01,9.006059251866754139e-05,9.853162835172639689e-01,9.679891557837868588e-01,9.853162835172639689e-01
4.619999999999999662e-01,1.497506629771549807e-04,9.626389266134467437e-01,9.799235743433345469e-01,5.660142395687402445e-05,9.858158664573372088e-01,9.684207258456417611e-01,9.858158664573372088e-01
4.626666666666666150e-01,1.075176341527052631e-04,9.630565799703308949e-01,9.804060403024188464e-01,3.026714577497163287e-05,9.863069253024721039e-01,9.688437113470136364e-01,9.863069253024721039e-01
4.633333333333333193e-01,7.098473363379756136e-05,9.634850705188076070e-01,9.808988682870309894e-01,1.182919889275539581e-05,9.867894514365803671e-01,9.692581047064564581e-01,9.867894514365803671e-01
4.639999999999999680e-01,4.126504680398555174e-05,9.639270203989332986e-01,9.814053917452586484e-01,1.827707729193647263e-06,9.872634363932887291e-01,9.696638984965251229e-01,9.872634363932887291e-01
4.646666666666667278e-01,1.920741133154145377e-05,9.643803564672800421e-01,9.819242479296895754e-01,5.556577038698226000e-07,9.877288718560868208e-01,9.700610854439107866e-01,9.877288718560868208e-01
4.653333333333333766e-01,5.376641474547957262e-06,9.648386112027964590e-01,9.824495142868077124e-01,8.050312471203943356e-06,9.881857496584727230e-01,9.704496584295704276e-01,9.881857496584727230e-01
4.660000000000000253e-01,6.136583312129135744e-08,9.652922596202181404e-01,9.829719193713375436e-01,2.409212231248551394e-05,9.886340617840969625e-01,9.708296104888551881e-01,9.886340617840969625e-01
4.666666666666666741e-01,3.301733003413216606e-06,9.657307819484506339e-01,9.834808461614549246e-01,4.821115566347514814e-05,9.890738003669031775e-01,9.712009348116343865e-01,9.890738003669031775e-01
4.673333333333333228e-01,1.492498881052855205e-05,9.661449731878181124e-01,9.839666599244262235e-01,7.970086537128220027e-05,9.895049576912653411e-01,9.715636247424183081e-01,9.895049576912653411e-01
4.680000000000000271e-01,3.457645149863344521e-05,9.665289647492123493e-01,9.844228207813698894e-01,1.176387864094011144e-04,9.899275261921238744e-01,9.719176737804762212e-01,9.899275261921238744e-01
4.686666666666666758e-01,6.173680716334781768e-05,9.668814878647108424e-01,9.848472919529359659e-01,1.609135587284469952e-04,9.903414984551182076e-01,9.722630755799545055e-01,9.903414984551182076e-01
4.693333333333333246e-01,9.572284164492256807e-05,9.672060809257491121e-01,9.852429156287989542e-01,2.082574836305048068e-04,9.907468672167167867e-01,9.725998239499906717e-01,9.907468672167167867e-01
4.699999999999999734e-01,1.356757730337404858e-04,9.675101909880562401e-01,9.856166684850262705e-01,2.582836599550083329e-04,9.911436253643447492e-01,9.729279128548209421e-01,9.911436253643447492e-01
4.706666666666666221e-01,1.805470261664315749e-04,9.678033893464039750e-01,9.859779781869906223e-01,3.095266122022676848e-04,9.915317659365080472e-01,9.732473364138927163e-01,9.915317659365080472e-01
4.713333333333332709e-01,2.290937869052755700e-04,9.680951429973496669e-01,9.863365154393108902e-01,3.604852204273354169e-04,9.919112821229166821e-01,9.735580889019674888e-01,9.919112821229166821e-01
4.719999999999999751e-01,2.798951667825994526e-04,9.683926933075601706e-01,9.867000074266389920e-01,4.096666943084463931e-04,9.922821672646029434e-01,9.738601647492240998e-01,9.922821672646029434e-01
4.726666666666667349e-01,3.313947172948118638e-04,9.686995555817281556e-01,9.870726059751382397e-01,4.556303032060333600e-04,9.926444148540396473e-01,9.741535585413582110e-01,9.926444148540396473e-01
4.733333333333333837e-01,3.819678758759993708e-04,9.690149805949876960e-01,9.874541893069905818e-01,4.970295811763370507e-04,9.929980185352527133e-01,9.744382650196808937e-01,9.929980185352527133e-01
4.740000000000000324e-01,4.300058422728933721e-04,9.693344654390517734e-01,9.878407271881244345e-01,5.326517705787087859e-04,9.933429721039341853e-01,9.747142790812096669e-01,9.933429721039341853e-01
4.746666666666666812e-01,4.740024902181217445e-04,9.696511393859040817e-01,9.882255692534721581e-01,5.614533488085846156e-04,9.936792695075503667e-01,9.749815957787635323e-01,9.936792695075503667e-01
4.753333333333333299e-01,5.126296922956309924e-04,9.699576462863980231e-01,9.886012966454137407e-01,5.825905974299504719e-04,9.940069048454477363e-01,9.752402103210494611e-01,9.940069048454477363e-01
4.759999999999999787e-01,5.447892911146957765e-04,9.702480397245859534e-01,9.889616557791933715e-01,5.954443182097739467e-04,9.943258723689571976e-01,9.754901180727488796e-01,9.943258723689571976e-01
4.766666666666666829e-01,5.696361059293856980e-04,9.705192168963096000e-01,9.893030889895509938e-01,5.996379720186107614e-04,9.946361664814943326e-01,9.757313145546010480e-01,9.946361664814943326e-01
4.773333333333333317e-01,5.865740310568844660e-04,9.707715374084135984e-01,9.896254852403403302e-01,5.950487092332719776e-04,9.949377817386579892e-01,9.759637954434826623e-01,9.949377817386579892e-01
4.779999999999999805e-01,5.952341504843787967e-04,9.710084808650291111e-01,9.899319722095213381e-01,5.818109685150282557e-04,9.952307128483256493e-01,9.761875565724859038e-01,9.952307128483256493e-01
4.786666666666666292e-01,5.954477177780413558e-04,9.712354482068153994e-01,9.902278181673624946e-01,5.603125385401120121e-04,9.955149546707464658e-01,9.764025939309929347e-01,9.955149546707464658e-01
4.793333333333332780e-01,5.872265584610650898e-04,9.714580434147817023e-01,9.905187498800963608e-01,5.311831980508688496e-04,9.957905022186309685e-01,9.766089036647480626e-01,9.957905022186309685e-01
4.799999999999999267e-01,5.707590187860104008e-04,9.716803170042136450e-01,9.908091553302211807e-01,4.952762670078782702e-04,9.960573506572391045e-01,9.768064820759259081e-01,9.960573506572391045e-01
4.806666666666666865e-01,5.464224755388664978e-04,9.719034635926581123e-01,9.911006750976996127e-01,4.536436092867815570e-04,9.963154953044648376e-01,9.769953256231987959e-01,9.963154953044648376e-01
4.813333333333333908e-01,5.148060272112913024e-04,9.721253374295206751e-01,9.913915786913823913e-01,4.075048191952093820e-04,9.965649316309180827e-01,9.771754309217997037e-01,9.965649316309180827e-01
4.820000000000000395e-01,4.767317977946783423e-04,9.723409225168656578e-01,9.916771037742582173e-01,3.582114944652300351e-04,9.968056552600046416e-01,9.773467947435833247e-01,9.968056552600046416e-01
4.826666666666666883e-01,4.332620165311245187e-04,9.725436367227935364e-01,9.919506737610763736e-01,3.072076423146147869e-04,9.970376619680025865e-01,9.775094140170821344e-01,9.970376619680025865e-01
4.833333333333333370e-01,3.856820564103215481e-04,9.727271321355401845e-01,9.922056773540491870e-01,2.559873784485431746e-04,9.972609476841369780e-01,9.776632858275653426e-01,9.972609476841369780e-01
4.839999999999999858e-01,3.354558716949524594e-04,9.728871267444597626e-01,9.924373493298437321e-01,2.060511581745828164e-04,9.974755084906504754e-01,9.778084074170863005e-01,9.974755084906504754e-01
4.846666666666666345e-01,2.841577350064407445e-04,9.730227885283085909e-01,9.926442629623782876e-01,1.588618218042521675e-04,9.976813406228723924e-01,9.779447761845352360e-01,9.976813406228723924e-01
4.853333333333333388e-01,2.333905315982481008e-04,9.731372924951284809e-01,9.928290318255111879e-01,1.158017419548142222e-04,9.978784404692849774e-01,9.780723896856859945e-01,9.978784404692849774e-01
4.859999999999999876e-01,1.847042653095726228e-04,9.732373655444922500e-01,9.929980033865651867e-01,7.813232808568325825e-05,9.980668045715865855e-01,9.781912456332371164e-01,9.980668045715865855e-01
4.866666666666666363e-01,1.395279624654438718e-04,9.733318849675477447e-01,9.931599724790816097e-01,4.695707455059152795e-05,9.982464296247524072e-01,9.783013418968556918e-01,9.982464296247524072e-01
4.873333333333332851e-01,9.912405911717657588e-05,9.734298456687059398e-01,9.933241956511609239e-01,2.318923464229431084e-05,9.984173124770926444e-01,9.784026765032139972e-01,9.984173124770926444e-01
4.879999999999999338e-01,6.456787491623128131e-05,9.735381903191239195e-01,9.934981819825600136e-01,7.525067591963440712e-06,9.985794501303071335e-01,9.784952476360251339e-01,9.985794501303071335e-01
4.886666666666666936e-01,3.674782375611688643e-05,9.736600489984801321e-01,9.936858126623485665e-01,4.234422303164605896e-07,9.987328397395388579e-01,9.785790536360756686e-01,9.987328397395388579e-01
4.893333333333333424e-01,1.637663904600072126e-05,9.737938399117470611e-01,9.938862710665680167e-01,2.092394804378799772e-06,9.988774786134232420e-01,9.786540930012558315e-01,9.988774786134232420e-01
4.900000000000000466e-01,4.001721674678925501e-06,9.739334671729729109e-01,9.940940638991091483e-01,1.248303472751724748e-05,9.990133642141361126e-01,9.787203643865854952e-01,9.990133642141361126e-01
4.906666666666666954e-01,4.446995429300068468e-09,9.740695787294813002e-01,9.943001405571360030e-01,3.129097678878364693e-05,9.991404941574363319e-01,9.787778666042392661e-01,9.991404941574363319e-01
4.913333333333333441e-01,4.583401845029903489e-06,9.741915917082358822e-01,9.944938492113650774e-01,5.796525786615986043e-05,9.992588662127098731e-01,9.788265986235668015e-01,9.992588662127098731e-01
4.919999999999999929e-01,1.772347758792963213e-05,9.742900141747653509e-01,9.946652716149934070e-01,9.172447693596627041e-05,9.993684783030091223e-01,9.788665595711123490e-01,9.993684783030091223e-01
4.926666666666666416e-01,3.915930263721346222e-05,9.743585258498772550e-01,9.948073947834191744e-01,1.315796855701927329e-04,9.994693285050859632e-01,9.788977487306295133e-01,9.994693285050859632e-01
4.933333333333332904e-01,6.834551252181914418e-05,9.743953350349382481e-01,9.949176177677881983e-01,1.763633583635467014e-04,9.995614150494294137e-01,9.789201655430944671e-01,9.995614150494294137e-01
4.939999999999999947e-01,1.044464602756894520e-04,9.744034938366833432e-01,9.949982444055517350e-01,2.247635946254959802e-04,9.996447363202949354e-01,9.789338096067162764e-01,9.996447363202949354e-01
4.946666666666666434e-01,1.463540305302010497e-04,9.743900979765172110e-01,9.950558484400451320e-01,2.753625494269974663e-04,9.997192908557320790e-01,9.789386806769426741e-01,9.997192908557320790e-01
4.953333333333332922e-01,1.927353821382012946e-04,9.743645685977174731e-01,9.950996674751289017e-01,3.266779681961541528e-04,9.997850773476127939e-01,9.789347786664667206e-01,9.997850773476127939e-01
4.959999999999999409e-01,2.421047646341034144e-04,9.743364429396303983e-01,9.951394225287597539e-01,3.772066081411378099e-04,9.998420946416499699e-01,9.789221036452262492e-01,9.998420946416499699e-01
4.966666666666667007e-01,2.929073633076478746e-04,9.743132222202581794e-01,9.951831037455365347e-01,4.254682745056796072e-04,9.998903417374227498e-01,9.789006558404051983e-01,9.998903417374227498e-01
4.973333333333333495e-01,3.436003183846587559e-04,9.742988003727256485e-01,9.952352647044906409e-01,4.700491816513687501e-04,9.999298177883901850e-01,9.788704356364251735e-01,9.999298177883901850e-01
4.979999999999999982e-01,3.927175155575576382e-04,9.742928342110294126e-01,9.952962248746318741e-01,5.096433687397875639e-04,9.999605221019080004e-01,9.788314435749438935e-01,9.999605221019080004e-01
4.986666666666667025e-01,4.389100431353090562e-04,9.742911654418304757e-01,9.953623357719647569e-01,5.430909567761502566e-04,9.999824541392402510e-01,9.787836803548410902e-01,9.999824541392402510e-01
4.993333333333333512e-01,4.809617397743949185e-04,9.742871406186943695e-01,9.954271939947256786e-01,5.694121263060765350e-04,9.999956135155687598e-01,9.787271468322087387e-01,9.999956135155687598e-01
5.000000000000000000e-01,5.177866672100657399e-04,9.742734638511001410e-01,9.954834568289548935e-01,5.878358204168993321e-04,1.000000000000000000e+00,9.786618440203340707e-01,1.000000000000000000e+00
5.006666666666667043e-01,5.484202843657308164e-04,9.742441027442090284e-01,9.955247845122181527e-01,5.978223322128115372e-04,9.999956135155689818e-01,9.785877730896824778e-01,9.999956135155689818e-01
5.013333333333332975e-01,5.720169969015957310e-04,9.741957685381092968e-01,9.955474189303864518e-01,5.990791150824282619e-04,9.999824541392404731e-01,9.785049353678757500e-01,9.999824541392404731e-01
5.020000000000000018e-01,5.878633566339380853e-04,9.741286035344540739e-01,9.955510082284364515e-01,5.915693526100414398e-04,9.999605221019082224e-01,9.784133323396689841e-01,9.999605221019082224e-01
5.026666666666665950e-01,5.954096574776958535e-04,9.740459109221230039e-01,9.955384787891599085e-01,5.755130370820969862e-04,9.999298177883904071e-01,9.783129656469234936e-01,9.999298177883904071e-01
5.033333333333332993e-01,5.943152024173465470e-04,9.739530118037933448e-01,9.955150010824412865e-01,5.513805249949389840e-04,9.998903417374229718e-01,9.782038370885776102e-01,9.998903417374229718e-01
5.040000000000000036e-01,5.844965362604260346e-04,9.738555500249863606e-01,9.954863372884794614e-01,5.198787583498976203e-04,9.998420946416501920e-01,9.780859486206141540e-01,9.998420946416501920e-01
5.046666666666667078e-01,5.661653221252704524e-04,9.737577195282476339e-01,9.954570305042163003e-01,4.819305553714851170e-04,9.997850773476125719e-01,9.779593023560254617e-01,9.997850773476125719e-01
5.053333333333334121e-01,5.398440194480211458e-04,9.736609115905912049e-01,9.954289432217745537e-01,4.386475773100437540e-04,9.997192908557323010e-01,9.778239005647760829e-01,9.997192908557323010e-01
5.060000000000000053e-01,5.063525477824648482e-04,9.735631611055437507e-01,9.954005572251719558e-01,3.912977632439261001e-04,9.996447363202947134e-01,9.776797456737611469e-01,9.996447363202947134e-01
5.066666666666667096e-01,4.667661260522418558e-04,9.734595489998183471e-01,9.953672355833534935e-01,3.412681868518933188e-04,9.995614150494291916e-01,9.775268402667640633e-01,9.995614150494291916e-01
5.073333333333333028e-01,4.223514019774069904e-04,9.733434596449003218e-01,9.953223846549044129e-01,2.900244232358044762e-04,9.994693285050857412e-01,9.773651870844081158e-01,9.994693285050857412e-01
5.080000000000000071e-01,3.744928729008265228e-04,9.732083689170833996e-01,9.952592155892904247e-01,2.390676161089863453e-04,9.993684783030089003e-01,9.771947890241099444e-01,9.993684783030089003e-01
5.086666666666667114e-01,3.246230972678005970e-04,9.730497026785899228e-01,9.951726505908410347e-01,1.898905030315190673e-04,9.992588662127100951e-01,9.770156491400263654e-01,9.992588662127100951e-01
5.093333333333333046e-01,2.741679007272965337e-04,9.728662821551797846e-01,9.950608797997533284e-01,1.439336868968369690e-04,9.991404941574361098e-01,9.768277706429987495e-01,9.991404941574361098e-01
5.100000000000000089e-01,2.245123523190659380e-04,9.726609637585248436e-01,9.949261528413138045e-01,1.025434346603090312e-04,9.990133642141358905e-01,9.766311569004973991e-01,9.990133642141358905e-01
5.106666666666666021e-01,1.769863155326807560e-04,9.724402690383734393e-01,9.947745670446143107e-01,6.693223956117795820e-05,9.988774786134234640e-01,9.764258114365593766e-01,9.988774786134234640e-01
5.113333333333333064e-01,1.328619881663864867e-04,9.722130489656181096e-01,9.946148570570476632e-01,3.814330213497840337e-05,9.987328397395388579e-01,9.762117379317267751e-01,9.987328397395388579e-01
5.119999999999998996e-01,9.335207329264778571e-05,9.719884789886832355e-01,9.944564458563694975e-01,1.701997051582592867e-05,9.985794501303071335e-01,9.759889402229796618e-01,9.985794501303071335e-01
5.126666666666667149e-01,5.959736095683566142e-05,9.717738690246217059e-01,9.943072201770746243e-01,4.181035249670640600e-06,9.984173124770924224e-01,9.757574223036675765e-01,9.984173124770924224e-01
5.133333333333334192e-01,3.263660038432253651e-05,9.715728372044868388e-01,9.941715831299819950e-01,2.602336555524630193e-09,9.982464296247521851e-01,9.755171883234389218e-01,9.982464296247521851e-01
5.140000000000000124e-01,1.335833345846485221e-05,9.713843134262984957e-01,9.940492801210273344e-01,4.607075516103197437e-06,9.980668045715861414e-01,9.752682425881646910e-01,9.980668045715861414e-01
5.146666666666667167e-01,2.441629796805040582e-06,9.712026312713618603e-01,9.939353030358752950e-01,1.785957055111277362e-05,9.978784404692845333e-01,9.750105895598635275e-01,9.978784404692845333e-01
5.153333333333333099e-01,2.980003479861471335e-07,9.710186957153028597e-01,9.938209072691526202e-01,3.937186654983365196e-05,9.976813406228719483e-01,9.747442338566196796e-01,9.976813406228719483e-01
5.160000000000000142e-01,7.028380716334618087e-06,9.708219539817872779e-01,9.936955032249494835e-01,6.851377857620926770e-05,9.974755084906500313e-01,9.744691802525017321e-01,9.974755084906500313e-01
5.166666666666666075e-01,2.240639492689923973e-05,9.706027102384924277e-01,9.935489780844947161e-01,1.044316183968684112e-04,9.972609476841365339e-01,9.741854336774763423e-01,9.972609476841365339e-01
5.173333333333333117e-01,4.589294453134463113e-05,9.703542482374025724e-01,9.933739083427487460e-01,1.460732025725345478e-04,9.970376619680021424e-01,9.738929992173197547e-01,9.970376619680021424e-01
5.180000000000000160e-01,7.667941649646829770e-05,9.700742704919192994e-01,9.931671525229345265e-01,1.922186753024788890e-04,9.968056552600041975e-01,9.735918821135274293e-01,9.968056552600041975e-01
5.186666666666666092e-01,1.137498375630041121e-04,9.697653185801471398e-01,9.929304566726587788e-01,2.415162430922578539e-04,9.965649316309176386e-01,9.732820877632186729e-01,9.965649316309176386e-01
5.193333333333333135e-01,1.559482314329282602e-04,9.694340775861804982e-01,9.926699343961528088e-01,2.925217744271694869e-04,9.963154953044643936e-01,9.729636217190418268e-01,9.963154953044643936e-01
5.200000000000000178e-01,2.020374696251900988e-04,9.690897381282411738e-01,9.923945518242214270e-01,3.437411044117249809e-04,9.960573506572386604e-01,9.726364896890729028e-01,9.960573506572386604e-01
5.206666666666667220e-01,2.507399965503009248e-04,9.687418244536349921e-01,9.921139932412423867e-01,3.936738050956290901e-04,9.957905022186309685e-01,9.723006975367145532e-01,9.957905022186309685e-01
5.213333333333333153e-01,3.007576492329239529e-04,9.683980294761920238e-01,9.918364380398498881e-01,4.408571392708535955e-04,9.955149546707464658e-01,9.719562512805901555e-01,9.955149546707464658e-01
5.220000000000000195e-01,3.507752151996643510e-04,9.680625860330372978e-01,9.915667959113410035e-01,4.839089101494814050e-04,9.952307128483256493e-01,9.716031570944364537e-01,9.952307128483256493e-01
5.226666666666667238e-01,3.994580262388465410e-04,9.677355515187211488e-01,9.913058171587231238e-01,5.215679516765324084e-04,9.949377817386579892e-01,9.712414213069927582e-01,9.949377817386579892e-01
5.233333333333333171e-01,4.454559903094448912e-04,9.674131385162489938e-01,9.910502582384927983e-01,5.527310733474657869e-04,9.946361664814938885e-01,9.708710504018874810e-01,9.946361664814938885e-01
5.240000000000000213e-01,4.874243870950361202e-04,9.670889591357110238e-01,9.907940101931375088e-01,5.764853772624620003e-04,9.943258723689567535e-01,9.704920510175218951e-01,9.943258723689567535e-01
5.246666666666666146e-01,5.240662023185712996e-04,9.667558339715890403e-01,9.905298640438704449e-01,5.921350007160879232e-04,9.940069048454472922e-01,9.701044299469506749e-01,9.940069048454472922e-01
5.253333333333333188e-01,5.541935364038919239e-04,9.664076940295791562e-01,9.902514462047384836e-01,5.992215009202748110e-04,9.936792695075499227e-01,9.697081941377618808e-01,9.936792695075499227e-01
5.260000000000000231e-01,5.767989504048996394e-04,9.660410952199596224e-01,9.899548324661919807e-01,5.975372847069893023e-04,9.933429721039341853e-01,9.693033506919505049e-01,9.933429721039341853e-01
5.266666666666666163e-01,5.911235163868898846e-04,9.656559683056313848e-01,9.896394393704373016e-01,5.871316897985616543e-04,9.929980185352522692e-01,9.688899068657910174e-01,9.929980185352522692e-01
5.273333333333333206e-01,5.967080029008653592e-04,9.652554221238403009e-01,9.893079762784692255e-01,5.683095394998773043e-04,9.926444148540392032e-01,9.684678700697095799e-01,9.926444148540392032e-01
5.280000000000000249e-01,5.934171127960866533e-04,9.648446643000979650e-01,9.889654826051855752e-01,5.416222131515243841e-04,9.922821672646024993e-01,9.680372478681484871e-01,9.922821672646024993e-01
5.286666666666667291e-01,5.814329849199647042e-04,9.644293417072997698e-01,9.886177176763789598e-01,5.078514939276252815e-04,9.919112821229162380e-01,9.675980479794336064e-01,9.919112821229162380e-01
5.293333333333333224e-01,5.612214849326281098e-04,9.640137649796439723e-01,9.882693503607465901e-01,4.679866671436985629e-04,9.915317659365076031e-01,9.671502782756328243e-01,9.915317659365076031e-01
5.300000000000000266e-01,5.334810618493169383e-04,9.635995155792532740e-01,9.879224558424720692e-01,4.231955399607844888e-04,9.911436253643443051e-01,9.666939467824168242e-01,9.911436253643443051e-01
5.306666666666667309e-01,4.990873145574758248e-04,9.631848268297251714e-01,9.875757441490994326e-01,3.747902314395981801e-04,9.907468672167163426e-01,9.662290616789152020e-01,9.907468672167163426e-01
5.313333333333333242e-01,4.590458582329326313e-04,9.627649152994243176e-01,9.872247423034277158e-01,3.241887350968256348e-04,9.903414984551177636e-01,9.657556312975693613e-01,9.903414984551177636e-01
5.320000000000000284e-01,4.144617126809478137e-04,9.623331817094542551e-01,9.868628911541600379e-01,2.728733799567161834e-04,9.899275261921234303e-01,9.652736641239831883e-01,9.899275261921234303e-01
5.326666666666666217e-01,3.665265690127150863e-04,9.618829729864014633e-01,9.864832748351610725e-01,2.223474069471372742e-04,9.895049576912648970e-01,9.647831687967712844e-01,9.895049576912648970e-01
5.333333333333333259e-01,3.165181196207462588e-04,9.614094534103405643e-01,9.860805376766780261e-01,1.740909326986954939e-04,9.890738003669027334e-01,9.642841541074039791e-01,9.890738003669027334e-01
5.339999999999999192e-01,2.658005453479286634e-04,9.609111003736418022e-01,9.856524936872627096e-01,1.295175907510359530e-04,9.886340617840965184e-01,9.637766290000496783e-01,9.886340617840965184e-01
5.346666666666666234e-01,2.158140013763278347e-04,9.603904223140884433e-01,9.852010021073495105e-01,8.993312032635905964e-05,9.881857496584722789e-01,9.632606025714144371e-01,9.881857496584722789e-01
5.353333333333333277e-01,1.680440111547441264e-04,9.598536769781922384e-01,9.847318525143169410e-01,5.649711577781467442e-05,9.877288718560863767e-01,9.627360840705790901e-01,9.877288718560863767e-01
5.360000000000000320e-01,1.239680718796417681e-04,9.593096124256029755e-01,9.842536409443986001e-01,3.018905723107552559e-05,9.872634363932882851e-01,9.622030828988340501e-01,9.872634363932882851e-01
5.366666666666667362e-01,8.498437252931497052e-05,9.587675063315608259e-01,9.837758740565297755e-01,1.177961752339741259e-05,9.867894514365799230e-01,9.616616086095094440e-01,9.867894514365799230e-01
5.373333333333333295e-01,5.233382696155965006e-05,9.582349738540912876e-01,9.833067480106039149e-01,1.808085979620889932e-06,9.863069253024716598e-01,9.611116709078050269e-01,9.863069253024716598e-01
5.380000000000000338e-01,2.702960984533803854e-05,9.577160906419109887e-01,9.828511506628174743e-01,5.665703770224627991e-07,9.858158664573367647e-01,9.605532796506160986e-01,9.858158664573367647e-01
5.386666666666666270e-01,9.807150270438578534e-06,9.572103076333847715e-01,9.824093932688970909e-01,8.091439889338082514e-06,9.853162835172635248e-01,9.599864448463560906e-01,9.853162835172635248e-01
5.393333333333333313e-01,1.102529305081066063e-06,9.567124365949600806e-01,9.819769984768510485e-01,2.416225968186973391e-05,9.848081852479028120e-01,9.594111766547779308e-01,9.848081852479028120e-01
5.400000000000000355e-01,1.060022871491735737e-06,9.562137182677866720e-01,9.815456063672736153e-01,4.830824836782661609e-05,9.842915805643154270e-01,9.588274853867914116e-01,9.842915805643154270e-01
5.406666666666666288e-01,9.562321001679494241e-06,9.557037226782824080e-01,9.811047853537094854e-01,7.982206916005284310e-05,9.837664785308148918e-01,9.582353815042793377e-01,9.837664785308148918e-01
5.413333333333333330e-01,2.627188135532569624e-05,9.551726376126620233e-01,9.806443211739140908e-01,1.177805507177475557e-04,9.832328883608085768e-01,9.576348756199087875e-01,9.832328883608085768e-01
5.419999999999999263e-01,5.067041496492984387e-05,9.546134151247039901e-01,9.801564511657459011e-01,1.610717306880933271e-04,9.826908194166367183e-01,9.570259784969413763e-01,9.826908194166367183e-01
5.426666666666666305e-01,8.208604254505760529e-05,9.540232799557274435e-01,9.796375285470775296e-01,2.084274297245879604e-04,9.821402812094072177e-01,9.564087010490407437e-01,9.821402812094072177e-01
5.433333333333333348e-01,1.197033790481603476e-04,9.534042498964705459e-01,9.790887341655768461e-01,2.584604017531257915e-04,9.815812833988289965e-01,9.557830543400765988e-01,9.815812833988289965e-01
5.440000000000000391e-01,1.625589056095121966e-04,9.527625489751531118e-01,9.785156743285399195e-01,3.097049721994898051e-04,9.810138357930429098e-01,9.551490495839263239e-01,9.810138357930429098e-01
5.446666666666667433e-01,2.095302377248696641e-04,9.521070620024876252e-01,9.779269684028758514e-01,3.606599737149116425e-04,9.804379483484491065e-01,9.545066981442734688e-01,9.804379483484491065e-01
5.453333333333333366e-01,2.593313182640105924e-04,9.514472175001696952e-01,9.773321780690251703e-01,4.098327216332123897e-04,9.798536311695331680e-01,9.538560115344058010e-01,9.798536311695331680e-01
5.460000000000000409e-01,3.105250556320505876e-04,9.507908280967484194e-01,9.767395946309896937e-01,4.557827409346890991e-04,9.792608945086879180e-01,9.531970014170070282e-01,9.792608945086879180e-01
5.466666666666666341e-01,3.615606165404904558e-04,9.501424188610442245e-01,9.761544310363845511e-01,4.971639637715855519e-04,9.786597487660332328e-01,9.525296796039489644e-01,9.786597487660332328e-01
5.473333333333333384e-01,4.108357656428915546e-04,9.495024340019090348e-01,9.755778490998265884e-01,5.327641614134597707e-04,9.780502044892357416e-01,9.518540580560789222e-01,9.780502044892357416e-01
5.480000000000000426e-01,4.567773703125625772e-04,9.488674754551299495e-01,9.750070248744455714e-01,5.615404554862005355e-04,9.774322723733211982e-01,9.511701488830064388e-01,9.774322723733211982e-01
5.486666666666666359e-01,4.979276309291763136e-04,9.482314634314018553e-01,9.744361849007375787e-01,5.826498682322854084e-04,9.768059632604876308e-01,9.504779643428857838e-01,9.768059632604876308e-01
5.493333333333333401e-01,5.330214144127874568e-04,9.475873884576787587e-01,9.738583082411247371e-01,5.954740168476483015e-04,9.761712881399161601e-01,9.497775168421941361e-01,9.761712881399161601e-01
5.499999999999999334e-01,5.610419394691496886e-04,9.469291945718982806e-01,9.732670398757836683e-01,5.996372284949671744e-04,9.755282581475765991e-01,9.490688189355144244e-01,9.755282581475765991e-01
5.506666666666666377e-01,5.812474917372664794e-04,9.462533156042638449e-01,9.726583265563304437e-01,5.950175453290212912e-04,9.748768845660332749e-01,9.483518833253037350e-01,9.748768845660332749e-01
5.513333333333332309e-01,5.931692880653221915e-04,9.455594803004064852e-01,9.720313665160864591e-01,5.817502971509951265e-04,9.742171788242465214e-01,9.476267228616710447e-01,9.742171788242465214e-01
5.520000000000000462e-01,5.965878700121541017e-04,9.448505886552616140e-01,9.713886402713254320e-01,5.602241370337700819e-04,9.735491524973718391e-01,9.468933505421436303e-01,9.735491524973718391e-01
5.526666666666667505e-01,5.915002736706575451e-04,9.441317030871451133e-01,9.707350252457638273e-01,5.310696560513049769e-04,9.728728173065580576e-01,9.461517795114371410e-01,9.728728173065580576e-01
5.533333333333333437e-01,5.780911501241920271e-04,9.434084363610893975e-01,9.700762395460390541e-01,4.951409106341516687e-04,9.721881851187401669e-01,9.454020230612149023e-01,9.721881851187401669e-01
5.540000000000000480e-01,5.567176679801828613e-04,9.426851867050279887e-01,9.694170460009918777e-01,4.534904036920248192e-04,9.714952679464318175e-01,9.446440946298563235e-01,9.714952679464318175e-01
5.546666666666666412e-01,5.279114883765782676e-04,9.419637157206337541e-01,9.687597192973103066e-01,4.073382524107239228e-04,9.707940779475147108e-01,9.438780078022102060e-01,9.707940779475147108e-01
5.553333333333333455e-01,4.923935383290211579e-04,9.412424695078892567e-01,9.681032096480498561e-01,3.580364459273362881e-04,9.700846274250248813e-01,9.431037763093548243e-01,9.700846274250248813e-01
5.560000000000000497e-01,4.510912717203994170e-04,9.405168370652225995e-01,9.674432440798141908e-01,3.070292399255904669e-04,9.693669288269367579e-01,9.423214140283500129e-01,9.693669288269367579e-01
5.566666666666666430e-01,4.051456321202135248e-04,9.397802859235099282e-01,9.667733497123566222e-01,2.558108483589642741e-04,9.686409947459454495e-01,9.415309349819894758e-01,9.686409947459454495e-01
5.573333333333333472e-01,3.558968213739127011e-04,9.390260848431702945e-01,9.660865376592238096e-01,2.058816716875599723e-04,9.679068379192451443e-01,9.407323533385489878e-01,9.679068379192451443e-01
5.579999999999999405e-01,3.048435583072308590e-04,9.382491730818127706e-01,9.653772154151527563e-01,1.587043438863790798e-04,9.671644712283056222e-01,9.399256834115322645e-01,9.671644712283056222e-01
5.586666666666666448e-01,2.535779242807231402e-04,9.374476944789559285e-01,9.646428358856126151e-01,1.156608857915737579e-04,9.664139076986469901e-01,9.391109396594149450e-01,9.664139076986469901e-01
5.593333333333332380e-01,2.037047745287135446e-04,9.366237871595479714e-01,9.638848494468633676e-01,7.801221994199056199e-05,9.656551604996097549e-01,9.382881366853851324e-01,9.656551604996097549e-01
5.600000000000000533e-01,1.567589625659811107e-04,9.357833915396874813e-01,9.631086862355126010e-01,4.686123289526865338e-05,9.648882429441253405e-01,9.374572892370811594e-01,9.648882429441253405e-01
5.606666666666667576e-01,1.141340844595267767e-04,9.349350774706221001e-01,9.623227274051412428e-01,2.312046707744690885e-05,9.641131684884812758e-01,9.366184122063283546e-01,9.641131684884812758e-01
5.613333333333333508e-01,7.703307323188739772e-05,9.340881434335163158e-01,9.615364779345030311e-01,7.485388606582333359e-06,9.633299507320857158e-01,9.357715206288715892e-01,9.633299507320857158e-01
5.620000000000000551e-01,4.644483440265429532e-05,9.332504405251922375e-01,9.607583678697617646e-01,4.140141874927914676e-07,9.625386034172286331e-01,9.349166296841049384e-01,9.625386034172286331e-01
5.626666666666666483e-01,2.314404335752162097e-05,9.324264611141908077e-01,9.599937217984054749e-01,2.113493890835122219e-06,9.617391404288407886e-01,9.340537546948013414e-01,9.617391404288407886e-01
5.633333333333333526e-01,7.705301751086250661e-06,9.316161752602926116e-01,9.592434083710563719e-01,1.253404286294962010e-05,9.609315757942499259e-01,9.331829111268363786e-01,9.609315757942499259e-01
5.639999999999999458e-01,5.198264988823027296e-07,9.308149116262082190e-01,9.585035153411470832e-01,3.137039973201171853e-05,9.601159236829347465e-01,9.323041145889118253e-01,9.601159236829347465e-01
5.646666666666666501e-01,1.803642478075602043e-06,9.300143187459657401e-01,9.577661382577090654e-01,5.807076898768748327e-05,9.592921984062766638e-01,9.314173808322759873e-01,9.592921984062766638e-01
5.653333333333333544e-01,1.159065110966680068e-05,9.292041800894000891e-01,9.570210963406017290e-01,9.185298537467030135e-05,9.584604144173076712e-01,9.305227257504409266e-01,9.584604144173076712e-01
5.659999999999999476e-01,2.971060773465922973e-05,9.283746575768356823e-01,9.562581695323835174e-01,1.317274267775455081e-04,9.576205863104587657e-01,9.296201653788982444e-01,9.576205863104587657e-01
5.666666666666666519e-01,5.575886381788206224e-05,9.275184432524732348e-01,9.554693348468602521e-01,1.765260043829547842e-04,9.567727288213003778e-01,9.287097158948306452e-01,9.567727288213003778e-01
5.673333333333332451e-01,8.906951078376421321e-05,9.266323224265549108e-01,9.546504862939572122e-01,2.249363808762122044e-04,9.559168568262877974e-01,9.277913936168228348e-01,9.559168568262877974e-01
5.680000000000000604e-01,1.287047022412440161e-04,9.257177869332552378e-01,9.538022441512887806e-01,2.755404142785850235e-04,9.550529853424977178e-01,9.268652150045687543e-01,9.550529853424977178e-01
5.686666666666666536e-01,1.734699680894891767e-04,9.247805589425749373e-01,9.529296710249889335e-01,3.268557012447448080e-04,9.541811295273650018e-01,9.259311966585769271e-01,9.541811295273650018e-01
5.693333333333333579e-01,2.219590991055218649e-04,9.238291484367207040e-01,9.520409715877661272e-01,3.773790028439304471e-04,9.533013046784182265e-01,9.249893553198723639e-01,9.533013046784182265e-01
5.700000000000000622e-01,2.726245362505482091e-04,9.228728073341453397e-01,9.511455017002792278e-01,4.256302807022956927e-04,9.524135262330095664e-01,9.240397078696963584e-01,9.524135262330095664e-01
5.706666666666666554e-01,3.238624552268996979e-04,9.219193934402561963e-01,9.502515850307869938e-01,4.701960535041490642e-04,9.515178097680431213e-01,9.230822713292046178e-01,9.515178097680431213e-01
5.713333333333333597e-01,3.740979463297376011e-04,9.209736713571670119e-01,9.493646787841225620e-01,5.097708037591625182e-04,9.506141709997051326e-01,9.221170628591620622e-01,9.506141709997051326e-01
5.719999999999999529e-01,4.218560284050113288e-04,9.200364505055521613e-01,9.484863286234592739e-01,5.431952218585246132e-04,9.497026257831850948e-01,9.211440997596344049e-01,9.497026257831850948e-01
5.726666666666666572e-01,4.658086411409094159e-04,9.191047328391606097e-01,9.476141363521590755e-01,5.694901670920142402e-04,9.487831901123984224e-01,9.201633994696791774e-01,9.487831901123984224e-01
5.733333333333333615e-01,5.047949214189695853e-04,9.181727830726593709e-01,9.467426982191846641e-01,5.878853507660597661e-04,9.478558801197060069e-01,9.191749795670324241e-01,9.478558801197060069e-01
5.739999999999999547e-01,5.378197916786022674e-04,9.172338116778153694e-01,9.458652316592548459e-01,5.978419011745424302e-04,9.469207120756315543e-01,9.181788577677940655e-01,9.469207120756315543e-01
5.746666666666666590e-01,5.640417513977763996e-04,9.162818249242157265e-01,9.449754518868965780e-01,5.990681494001652172e-04,9.459777023885752589e-01,9.171750519261101520e-01,9.459777023885752589e-01
5.753333333333332522e-01,5.827629012550590961e-04,9.153131698717132947e-01,9.440692157384447114e-01,5.915281735143854960e-04,9.450268676045259220e-01,9.161635800338525648e-01,9.450268676045259220e-01
5.760000000000000675e-01,5.934319724853368916e-04,9.143273862186654943e-01,9.431455201581708803e-01,5.754428508806267101e-04,9.440682244067719608e-01,9.151444602202971623e-01,9.440682244067719608e-01
5.766666666666666607e-01,5.956652623491287459e-04,9.133271540518643761e-01,9.422066088350246060e-01,5.512833877344350134e-04,9.431017896156069780e-01,9.141177107517987066e-01,9.431017896156069780e-01
5.773333333333333650e-01,5.892828689232192932e-04,9.123173609378442128e-01,9.412571687796735809e-01,5.197575155861430384e-04,9.421275801880358847e-01,9.130833500314625706e-01,9.421275801880358847e-01
5.780000000000000693e-01,5.743509634461379208e-04,9.113035483741154241e-01,9.403028387359997353e-01,4.817887588110698351e-04,9.411456132174763622e-01,9.120413965988164451e-01,9.411456132174763622e-01
5.786666666666666625e-01,5.512171782580895006e-04,9.102901708852970675e-01,9.393484414284696271e-01,4.384893807660359116e-04,9.401559059334598789e-01,9.109918691294768278e-01,9.401559059334598789e-01
5.793333333333333668e-01,5.205266213334054041e-04,9.092791565547028165e-01,9.383964338712299513e-01,3.911278009533674977e-04,9.391584757013287099e-01,9.099347864348142911e-01,9.391584757013287099e-01
5.799999999999999600e-01,4.832103185040888564e-04,9.082691748429280176e-01,9.374460140656322160e-01,3.410914377196490105e-04,9.381533400219315144e-01,9.088701674616174175e-01,9.381533400219315144e-01
5.806666666666666643e-01,4.404446338435943236e-04,9.072558214853432279e-01,9.364931419810985647e-01,2.898460649816589048e-04,9.371405165313165808e-01,9.077980312917518502e-01,9.371405165313165808e-01
5.813333333333332575e-01,3.935873785136686891e-04,9.062326812441132695e-01,9.355314822776136241e-01,2.388928735906203774e-04,9.361200230004212974e-01,9.067183971418190103e-01,9.361200230004212974e-01
5.819999999999999618e-01,3.441018225128935465e-04,9.051929984385741479e-01,9.345540298342682739e-01,1.897244951866216894e-04,9.350918773347627333e-01,9.056312843628118170e-01,9.350918773347627333e-01
5.826666666666666661e-01,2.934821493977868593e-04,9.041315295677964103e-01,9.335550022548889659e-01,1.437812767880550387e-04,9.340560975741191152e-01,9.045367124397674097e-01,9.340560975741191152e-01
5.833333333333332593e-01,2.431924337823752121e-04,9.030461026461278351e-01,9.325315144286386859e-01,1.024090870158455397e-04,9.330127018922189652e-01,9.034347009914178717e-01,9.330127018922189652e-01
5.840000000000000746e-01,1.946264233566746848e-04,9.019384707640183407e-01,9.314845978932477788e-01,6.681988998426358442e-05,9.319617085964172487e-01,9.023252697698391778e-01,9.319617085964172487e-01
5.846666666666666679e-01,1.490886707768653062e-04,9.008142093916272630e-01,9.304192786027324358e-01,3.805624181364222622e-05,9.309031361273771843e-01,9.012084386600965891e-01,9.309031361273771843e-01
5.853333333333333721e-01,1.077908925558442396e-04,8.996816374552840667e-01,9.293436500999597838e-01,1.696074981024510268e-05,9.298370030587450596e-01,9.000842276798882713e-01,9.298370030587450596e-01
5.859999999999999654e-01,7.185289746638781594e-05,8.985499910202219276e-01,9.282671291817150561e-01,4.151388981483453711e-06,9.287633280968257132e-01,8.989526569791873589e-01,9.287633280968257132e-01
5.866666666666666696e-01,4.229651563574723120e-05,8.974272815858070906e-01,9.271982981617996611e-01,3.398968689759280159e-09,9.276821300802530201e-01,8.978137468398789123e-01,9.276821300802530201e-01
5.873333333333333739e-01,2.002405869481946852e-05,8.963183677551465056e-01,9.261428602587403747e-01,4.638291711878735085e-06,9.265934279796594897e-01,8.966675176753978738e-01,9.265934279796594897e-01
5.879999999999999671e-01,5.779031427707984689e-06,8.952237254592492199e-01,9.251022208288546267e-01,1.792029185786772911e-05,9.254972408973454190e-01,8.955139900303645817e-01,9.254972408973454190e-01
5.886666666666666714e-01,9.411202051206943617e-08,8.941392282596767327e-01,9.240730551534128701e-01,3.946031418705956643e-05,9.243935880669403859e-01,8.943531845802122904e-01,9.243935880669403859e-01
5.893333333333332646e-01,3.237413369631833449e-06,8.930569965519188358e-01,9.230479758315975891e-01,6.862736154345628432e-05,9.232824888530684060e-01,8.931851221308202415e-01,9.232824888530684060e-01
5.899999999999999689e-01,1.517071498387637343e-05,8.919671143032040783e-01,9.220171410454434113e-01,1.045670093749626831e-04,9.221639627510070936e-01,8.920098236181406293e-01,9.221639627510070936e-01
5.906666666666666732e-01,3.553177189938116722e-05,8.908598095320061638e-01,9.209704214005238754e-01,1.462264353946438197e-04,9.210380293863457135e-01,8.908273101078214573e-01,9.210380293863457135e-01
5.913333333333332664e-01,6.364740172715251576e-05,8.897275921351978090e-01,9.198996184452327141e-01,1.923852611396929813e-04,9.199047085146410119e-01,8.896376027948290632e-01,9.199047085146410119e-01
5.920000000000000817e-01,9.857647732413193388e-05,8.885668559101326247e-01,9.188002230358415234e-01,2.416913019501301424e-04,9.187640200210701602e-01,8.884407230030697544e-01,9.187640200210701602e-01
5.926666666666666750e-01,1.391745331356985041e-04,8.873785755635811290e-01,9.176723113436437984e-01,2.927001781010992571e-04,9.176159839200830337e-01,8.872366921850085575e-01,9.176159839200830337e-01
5.933333333333333792e-01,1.841666877750163672e-04,8.861679407653613172e-01,9.165203771261419829e-01,3.439176267134888922e-04,9.164606203550490493e-01,8.860255319212796410e-01,9.164606203550490493e-01
5.939999999999999725e-01,2.322145035015734792e-04,8.849430249536084370e-01,9.153521508536557327e-01,3.938432749502616178e-04,9.152979495979055580e-01,8.848072639203065082e-01,9.152979495979055580e-01
5.946666666666666767e-01,2.819655498266666329e-04,8.837128257324543545e-01,9.141767034272814119e-01,4.410145921989933374e-04,9.141279920488016852e-01,8.835819100179062024e-01,9.141279920488016852e-01
5.953333333333333810e-01,3.320808154390848593e-04,8.824851702582744428e-01,9.130023105436756437e-01,4.840497336976989093e-04,9.129507682357389520e-01,8.823494921769029498e-01,9.129507682357389520e-01
5.959999999999999742e-01,3.812427117997528266e-04,8.812650049758964377e-01,9.118346096863577666e-01,5.216880205353429268e-04,9.117662988142132274e-01,8.811100324867320310e-01,9.117662988142132274e-01
5.966666666666666785e-01,4.281528325264208519e-04,8.800534756535578484e-01,9.106754950683755290e-01,5.528268701988608546e-04,9.105746045668514643e-01,8.798635531630444317e-01,9.105746045668514643e-01
5.973333333333332718e-01,4.715318476839929006e-04,8.788479872422029215e-01,9.095229920766141340e-01,5.765540958168349989e-04,9.093757064030467685e-01,8.786100765473083829e-01,9.093757064030467685e-01
5.979999999999999760e-01,5.101329300340014727e-04,8.776431789222557400e-01,9.083720937546416740e-01,5.921746279201701773e-04,9.081696253585914702e-01,8.773496251064099027e-01,9.081696253585914702e-01
5.986666666666665693e-01,5.427752966764243193e-04,8.764325271250121840e-01,9.072163016732783802e-01,5.992308759278654716e-04,9.069563825953084191e-01,8.760822214322486756e-01,9.069563825953084191e-01
5.993333333333333846e-01,5.683973850476728906e-04,8.752101484702179413e-01,9.060494515221239054e-01,5.975161328849864107e-04,9.057359994006797255e-01,8.748078882413341528e-01,9.057359994006797255e-01
6.000000000000000888e-01,5.861221143239458281e-04,8.739723400636734141e-01,9.048673507979058117e-01,5.870806307721132761e-04,9.045084971874729485e-01,8.735266483743781007e-01,9.045084971874729485e-01
6.006666666666666821e-01,5.953217862042449373e-04,8.727184686510364164e-01,9.036688154979594101e-01,5.682300690009740689e-04,9.032738974933655074e-01,8.722385247958850396e-01,9.032738974933655074e-01
6.013333333333333863e-01,5.956688914115603872e-04,8.714509867032873558e-01,9.024558482740967502e-01,5.415166592027711697e-04,9.020322219805665398e-01,8.709435405937409058e-01,9.020322219805665398e-01
6.019999999999999796e-01,5.871617342853613537e-04,8.701745795605915212e-01,9.012329199812074698e-01,5.077229486447301003e-04,9.007834924354374273e-01,8.696417189787988278e-01,9.007834924354374273e-01
6.026666666666666838e-01,5.701195554377433330e-04,8.688946805139460272e-01,9.000055523724991291e-01,4.678388961545087163e-04,8.995277307681094348e-01,8.683330832844637914e-01,8.995277307681094348e-01
6.033333333333332771e-01,5.451490556511021969e-04,8.676157671033186691e-01,8.987785920239483861e-01,4.230328720943277946e-04,8.982649590120976857e-01,8.670176569662736421e-01,8.982649590120976857e-01
6.039999999999999813e-01,5.130908542610941635e-04,8.663399166032711429e-01,8.975546571388006711e-01,3.746174319166133094e-04,8.969951993239171362e-01,8.656954636014793092e-01,8.969951993239171362e-01
6.046666666666666856e-01,4.749585620609190627e-04,8.650660283620872359e-01,8.963331964727032641e-01,3.240108659365573867e-04,8.957184739826923314e-01,8.643665268886218112e-01,8.957184739826923314e-01
6.053333333333332789e-01,4.318835911188011905e-04,8.637899361404073328e-01,8.951104321954288512e-01,2.726956516892441716e-04,8.944348053897666073e-01,8.630308706471074842e-01,8.944348053897666073e-01
6.059999999999999831e-01,3.850753864437222052e-04,8.625053916110608787e-01,8.938802164804349193e-01,2.221750259752033993e-04,8.931442160683089604e-01,8.616885188167816567e-01,8.931442160683089604e-01
6.066666666666665764e-01,3.358004466595101360e-04,8.612056706782372784e-01,8.926355867713817727e-01,1.739289487804372507e-04,8.918467286629193636e-01,8.603394954574985487e-01,8.918467286629193636e-01
6.073333333333333917e-01,2.853762619234761263e-04,8.598853946093719669e-01,8.913706231186290241e-01,1.293707490714879598e-04,8.905423659392308622e-01,8.589838247486908385e-01,8.905423659392308622e-01
6.079999999999999849e-01,2.351704909762122821e-04,8.585421007487353817e-01,8.900821333900095222e-01,8.980572249119809234e-05,8.892311507835110040e-01,8.576215309889362315e-01,8.892311507835110040e-01
6.086666666666666892e-01,1.865932988414335943e-04,8.571771504788590068e-01,8.887707292260691450e-01,5.639289380135516509e-05,8.879131062022590504e-01,8.562526385955213648e-01,8.879131062022590504e-01
6.093333333333333934e-01,1.410726623906789355e-04,8.557957135531321091e-01,8.874409955487077006e-01,3.011106421000450111e-05,8.865882553218030759e-01,8.548771721040049343e-01,8.865882553218030759e-01
6.099999999999999867e-01,1.000080538420644285e-04,8.544057890788947507e-01,8.861006704254908994e-01,1.173013819881827915e-05,8.852566213878941825e-01,8.534951561677768250e-01,8.852566213878941825e-01
6.106666666666666909e-01,6.470538420801707027e-05,8.530164670489354117e-01,8.847589963524584711e-01,1.788569807463329109e-06,8.839182277652982700e-01,8.521066155576176859e-01,8.839182277652982700e-01
6.113333333333332842e-01,3.630294821045969360e-05,8.516358387996366686e-01,8.834246216061607537e-01,5.775890674239686068e-07,8.825730979373866969e-01,8.507115751612538412e-01,8.825730979373866969e-01
6.119999999999999885e-01,1.570210809013215100e-05,8.502690697466659397e-01,8.821035607673846091e-01,8.132670658867861642e-06,8.812212555057234997e-01,8.493100599829114250e-01,8.812212555057234997e-01
6.126666666666666927e-01,3.516313366416432843e-06,8.489171172720576530e-01,8.807977232750787699e-01,2.423249470920267449e-05,8.798627241896519457e-01,8.479020951428686281e-01,8.798627241896519457e-01
6.133333333333332860e-01,4.785528519178403084e-08,8.475764165939029260e-01,8.795043819722392353e-01,4.840543017587095972e-05,8.784975278258777553e-01,8.464877058770049478e-01,8.784975278258777553e-01
6.139999999999999902e-01,5.294837933534214326e-06,8.462396150056892274e-01,8.782167177696600380e-01,7.994335088804149943e-05,8.771256903680513251e-01,8.450669175363493268e-01,8.771256903680513251e-01
6.146666666666665835e-01,1.898334337514239419e-05,8.448971789506598551e-01,8.769253097517305529e-01,1.179223795176719821e-04,8.757472358863476192e-01,8.436397555866254061e-01,8.757472358863476192e-01
6.153333333333333988e-01,4.061393065232473450e-05,8.435394944079156465e-01,8.756202147179489303e-01,1.612299518024574172e-04,8.743621885670423977e-01,8.422062456077947790e-01,8.743621885670423977e-01
6.159999999999999920e-01,6.950915333289549498e-05,8.421589717913808837e-01,8.742931480939444278e-01,2.085974081965753725e-04,8.729705727120904424e-01,8.407664132935998014e-01,8.729705727120904424e-01
6.166666666666666963e-01,1.048503916295409719e-04,8.407516699714835395e-01,8.729392625114210658e-01,2.586371582038498522e-04,8.715724127386964559e-01,8.393202844511016281e-01,8.715724127386964559e-01
6.173333333333334005e-01,1.456974286488228417e-04,8.393180660723540409e-01,8.715581178741628188e-01,3.098833286947693202e-04,8.701677331788884029e-01,8.378678850002184708e-01,8.701677331788884029e-01
6.179999999999999938e-01,1.909912381289101467e-04,8.378627971245306005e-01,8.701536254892127120e-01,3.608347054485980645e-04,8.687565586790862993e-01,8.364092409732604150e-01,8.687565586790862993e-01
6.186666666666666980e-01,2.395471836794482268e-04,8.363934465188801459e-01,8.687329914581328749e-01,4.099987099835450594e-04,8.673389139996701136e-01,8.349443785144635699e-01,8.673389139996701136e-01
6.193333333333332913e-01,2.900501362236435608e-04,8.349186842128314412e-01,8.673049279407908374e-01,4.559351234100979819e-04,8.659148240145450037e-01,8.334733238795212218e-01,8.659148240145450037e-01
6.199999999999999956e-01,3.410635323090011961e-04,8.334462309039392114e-01,8.658775829684045577e-01,4.972982764533643999e-04,8.644843137107052211e-01,8.319961034351123219e-01,8.644843137107052211e-01
6.206666666666666998e-01,3.910609429992721879e-04,8.319811532542814581e-01,8.644567065692538854e-01,5.328764697225766428e-04,8.630474081877953507e-01,8.305127436584306411e-01,8.630474081877953507e-01
6.213333333333332931e-01,4.384823533070025987e-04,8.305248979761393757e-01,8.630444993962442801e-01,5.616274694435381687e-04,8.616041326576704407e-01,8.290232711367085949e-01,8.616041326576704407e-01
6.219999999999999973e-01,4.818099996123494187e-04,8.290752685429628732e-01,8.616394002567386856e-01,5.827090388358610075e-04,8.601545124439529122e-01,8.275277125667415135e-01,8.601545124439529122e-01
6.226666666666665906e-01,5.196524852072981725e-04,8.276273019418053378e-01,8.602368188037017305e-01,5.955036107435225353e-04,8.586985729815889146e-01,8.260260947544091348e-01,8.586985729815889146e-01
6.233333333333334059e-01,5.508228136618584497e-04,8.261747821202333197e-01,8.588305814519547887e-01,5.996363787544127782e-04,8.572363398164010162e-01,8.245184446141945456e-01,8.572363398164010162e-01
6.239999999999999991e-01,5.743968682792648063e-04,8.247119824743329719e-01,8.574146925359519278e-01,5.949862768444844421e-04,8.557678386046420060e-01,8.230047891687030104e-01,8.557678386046420060e-01
6.246666666666667034e-01,5.897435004980484908e-04,8.232351879561171648e-01,8.559849516350638288e-01,5.816895259068938055e-04,8.542930951125423666e-01,8.214851555481759160e-01,8.542930951125423666e-01
6.253333333333334076e-01,5.965244646754760179e-04,8.217436112188402086e-01,8.545400170747512458e-01,5.601356432734896137e-04,8.528121352158596347e-01,8.199595709900061591e-01,8.528121352158596347e-01
6.260000000000000009e-01,5.946699072120343720e-04,8.202394727071106173e-01,8.530816498910652745e-01,5.309560321264296260e-04,8.513249848994238755e-01,8.184280628382486489e-01,8.513249848994238755e-01
6.266666666666667052e-01,5.843407613214990403e-04,8.187272305604563760e-01,8.516140818994434314e-01,4.950054850636749579e-04,8.498316702566820480e-01,8.168906585431309209e-01,8.498316702566820480e-01
6.273333333333332984e-01,5.658914686242521490e-04,8.172121734356192491e-01,8.501426810478326379e-01,4.533371436561342972e-04,8.483322174892397038e-01,8.153473856605614190e-01,8.483322174892397038e-01
6.280000000000000027e-01,5.398442564861997278e-04,8.156987668294289895e-01,8.486722800049935067e-01,4.071716475355350207e-04,8.468266529064019110e-01,8.137982718516342251e-01,8.468266529064019110e-01
6.286666666666665959e-01,5.068804138799108379e-04,8.141892163168256147e-01,8.472056331688617714e-01,3.578613767650052702e-04,8.453150029247108455e-01,8.122433448821351210e-01,8.453150029247108455e-01
6.293333333333333002e-01,4.678465139782708119e-04,8.126826533618733972e-01,8.457424381318208173e-01,3.068508349825711540e-04,8.437972940674832723e-01,8.106826326220423207e-01,8.437972940674832723e-01
6.300000000000000044e-01,4.237668382204737251e-04,8.111751774648158220e-01,8.442792042544389197e-01,2.556343338606496015e-04,8.422735529643439190e-01,8.091161630450279807e-01,8.422735529643439190e-01
6.306666666666665977e-01,3.758496342053283760e-04,8.096607554544998919e-01,8.428100191335778923e-01,2.057122184803270221e-04,8.407438063507594039e-01,8.075439642279563790e-01,8.407438063507594039e-01
6.313333333333334130e-01,3.254755118648903545e-04,8.081327523965105009e-01,8.413280227399392297e-01,1.585469159619107532e-04,8.392080810675682789e-01,8.059660643503803179e-01,8.392080810675682789e-01
6.320000000000000062e-01,2.741610013355683540e-04,8.065857066073424120e-01,8.398272146343433997e-01,1.155200948708449363e-04,8.376664040605117378e-01,8.043824916940371939e-01,8.376664040605117378e-01
6.326666666666667105e-01,2.234974664628730935e-04,8.050168971508367965e-01,8.383041343156614200e-01,7.789219037869102118e-05,8.361188023797572200e-01,8.027932746423409593e-01,8.361188023797572200e-01
6.333333333333333037e-01,1.750728465355948715e-04,8.034272954091914443e-01,8.367589816039203710e-01,4.676548085628114777e-05,8.345653031794284527e-01,8.011984416798735298e-01,8.345653031794284527e-01
6.340000000000000080e-01,1.303888054564903494e-04,8.018216322962798959e-01,8.351958722471661822e-01,2.305179753963012196e-05,8.330059337171250577e-01,7.995980213918749691e-01,8.330059337171250577e-01
6.346666666666667123e-01,9.078730137174618586e-05,8.002075232409943117e-01,8.336221271314568915e-01,7.445813187306184213e-06,8.314407213534468211e-01,7.979920424637299003e-01,8.314407213534468211e-01
6.353333333333333055e-01,5.739802510448292695e-05,7.985938294835515094e-01,8.320467302244817231e-01,4.046922159645118054e-07,8.298696935515126327e-01,7.963805336804555823e-01,8.298696935515126327e-01
6.360000000000000098e-01,3.111245360316751537e-05,7.969886378864887710e-01,8.304783062683241956e-01,2.134698446508018332e-06,8.282928778764777622e-01,7.947635239261823248e-01,8.282928778764777622e-01
6.366666666666666030e-01,1.258316075833289604e-05,7.953973532742170116e-01,8.289231059186934480e-01,1.258515277588618759e-05,8.267103019950522436e-01,7.931410421836401214e-01,8.267103019950522436e-01
6.373333333333333073e-01,2.240620266251538948e-06,7.938213792276690439e-01,8.273834986263071123e-01,3.144991777954364397e-05,8.251219936750140427e-01,7.915131175336360680e-01,8.251219936750140427e-01
6.380000000000000115e-01,3.159019695051213868e-07,7.922577178467683501e-01,8.258573522406618128e-01,5.817636575431673962e-05,8.235279807847218914e-01,7.898797791545332236e-01,8.235279807847218914e-01
6.386666666666666048e-01,6.857537640874814089e-06,7.906995883679566184e-01,8.243384559717417126e-01,9.198156749037108681e-05,8.219282912926265672e-01,7.882410563217295829e-01,8.219282912926265672e-01
6.393333333333334201e-01,2.173445718478019244e-05,7.891379152591385671e-01,8.228178840858518805e-01,1.318752275354900631e-04,8.203229532667799528e-01,7.865969784071322746e-01,8.203229532667799528e-01
6.400000000000000133e-01,4.462317036688492265e-05,7.875633326482678331e-01,8.212859724872573208e-01,1.766886940820586052e-04,8.187119948743440956e-01,7.849475748786312046e-01,8.187119948743440956e-01
6.406666666666667176e-01,7.498433844986090958e-05,7.859682374848989683e-01,8.197344426471044887e-01,2.251091936561677102e-04,8.170954443810943824e-01,7.832928752995691468e-01,8.170954443810943824e-01
6.413333333333333108e-01,1.120393214098991592e-04,7.843484179223817465e-01,8.181581815349360243e-01,2.757182877317877149e-04,8.154733301509241583e-01,7.816329093282157192e-01,8.154733301509241583e-01
6.420000000000000151e-01,1.547594121424076586e-04,7.827038832508591559e-01,8.165562713756141511e-01,3.270334247153643971e-04,8.138456806453494563e-01,7.799677067172320344e-01,8.138456806453494563e-01
6.426666666666667194e-01,2.018785130065507401e-04,7.810387084130367974e-01,8.149320389979011203e-01,3.775513700697447636e-04,8.122125244230071761e-01,7.782972973131393468e-01,8.122125244230071761e-01
6.433333333333333126e-01,2.519344861402179696e-04,7.793599421767771762e-01,8.132921260340209013e-01,4.257922423278484667e-04,8.105738901391545959e-01,7.766217110557838144e-01,8.105738901391545959e-01
6.440000000000000169e-01,3.033369527509975866e-04,7.776758590471705146e-01,8.116448186820770516e-01,4.703428649974457994e-04,8.089298065451666631e-01,7.749409779777997054e-01,8.089298065451666631e-01
6.446666666666666101e-01,3.544521723110002670e-04,7.759939987054279564e-01,8.099980596115463616e-01,5.098981643988142803e-04,8.072803024880317313e-01,7.732551282040710516e-01,8.072803024880317313e-01
6.453333333333333144e-01,4.036909643363938930e-04,7.743194836198954434e-01,8.083576411803213846e-01,5.432994007198288641e-04,8.056254069098454096e-01,7.715641919511919689e-01,8.056254069098454096e-01
6.459999999999999076e-01,4.495848774983411309e-04,7.726540202789442535e-01,8.067260224843476601e-01,5.695681123413107389e-04,8.039651488473023022e-01,7.698681995269244238e-01,8.039651488473023022e-01
6.466666666666666119e-01,4.908392357336606405e-04,7.709957991169580360e-01,8.051020380465422344e-01,5.879347790616747896e-04,8.022995574311870826e-01,7.681671813296560014e-01,8.022995574311870826e-01
6.473333333333334272e-01,5.263583099266325258e-04,7.693402716032885502e-01,8.034815266563245517e-01,5.978613645553986595e-04,8.006286618858627913e-01,7.664611678478538970e-01,8.006286618858627913e-01
6.480000000000000204e-01,5.552456874191813658e-04,7.676815658975417733e-01,8.018586748426149713e-01,5.990570777026003836e-04,7.989524915287588014e-01,7.647501896595201298e-01,7.989524915287588014e-01
6.486666666666667247e-01,5.767895278904428078e-04,7.660141563963683842e-01,8.002277011084962810e-01,5.914868910746311909e-04,7.972710757698560080e-01,7.630342774316414278e-01,7.972710757698560080e-01
6.493333333333333179e-01,5.904457177094411292e-04,7.643343541355716031e-01,7.985844388102745217e-01,5.753725670336478932e-04,7.955844441111704635e-01,7.613134619196411101e-01,7.955844441111704635e-01
6.500000000000000222e-01,5.958309059859427268e-04,7.626412389841037420e-01,7.969274143973039681e-01,5.511861613874528311e-04,7.938926261462360134e-01,7.595877739668267514e-01,7.938926261462360134e-01
6.506666666666666154e-01,5.927323840003206933e-04,7.609367981230857891e-01,7.952581502210326336e-01,5.196361949046558607e-04,7.921956515595856008e-01,7.578572445038384009e-01,7.921956515595856008e-01
6.513333333333333197e-01,5.811344465943155341e-04,7.592252400717987015e-01,7.935806191324125125e-01,4.816468977841969904e-04,7.904935501262294606e-01,7.561219045480938039e-01,7.904935501262294606e-01
6.520000000000000240e-01,5.612536999177574881e-04,7.575116731977837858e-01,7.918999996154629795e-01,4.383311350953420600e-04,7.887863517111333156e-01,7.543817852032310700e-01,7.887863517111333156e-01
6.526666666666666172e-01,5.335711140935825002e-04,7.558005143755370803e-01,7.902210712645315605e-01,3.909578063150201681e-04,7.870740862686943506e-01,7.526369176585541165e-01,7.870740862686943506e-01
6.533333333333333215e-01,4.988479300520129054e-04,7.540940730788627810e-01,7.885466959308148338e-01,3.409146739661147920e-04,7.853567838422153002e-01,7.508873331884711178e-01,7.853567838422153002e-01
6.539999999999999147e-01,4.581159468628676675e-04,7.523917105802920835e-01,7.868768130942713768e-01,2.896677102610413501e-04,7.836344745633777586e-01,7.491330631519349526e-01,7.836344745633777586e-01
6.546666666666666190e-01,4.126390743142782191e-04,7.506898157724346543e-01,7.852082394910323560e-01,2.387181526570882918e-04,7.819071886517128256e-01,7.473741389918807654e-01,7.819071886517128256e-01
6.553333333333333233e-01,3.638503362410903442e-04,7.489826166989330680e-01,7.835353431620246667e-01,1.895585263455468357e-04,7.801749564140715298e-01,7.456105922346626391e-01,7.801749564140715298e-01
6.560000000000000275e-01,3.132745840815770997e-04,7.472636259592685404e-01,7.818514268742537965e-01,1.436289219595073561e-04,7.784378082440932545e-01,7.438424544894891577e-01,7.784378082440932545e-01
6.566666666666667318e-01,2.624503167305011569e-04,7.455273552811648718e-01,7.801504706866553285e-01,1.022748093086393547e-04,7.766957746216713865e-01,7.420697574478555270e-01,7.766957746216713865e-01
6.573333333333333250e-01,2.128633810618993860e-04,7.437708647955718622e-01,7.784287916190366641e-01,6.670762295288510117e-05,7.749488861124192995e-01,7.402925328829763618e-01,7.749488861124192995e-01
6.580000000000000293e-01,1.659011899453118218e-04,7.419947461301085179e-01,7.766861949916156194e-01,3.796927422800556003e-05,7.731971733671338942e-01,7.385108126492161418e-01,7.731971733671338942e-01
6.586666666666666226e-01,1.228296638043228147e-04,7.402032665771423048e-01,7.749263085776258997e-01,1.690162931391171156e-05,7.714406671212580280e-01,7.367246286815180012e-01,7.714406671212580280e-01
6.593333333333333268e-01,8.478826919980570528e-05,7.384036002241786134e-01,7.731559817271476120e-01,4.121847460543206330e-06,7.696793981943411689e-01,7.349340129948317424e-01,7.696793981943411689e-01
6.600000000000000311e-01,5.279335601842810442e-05,7.366042992273477141e-01,7.713838590750045077e-01,4.301817588940596864e-09,7.679133974894977177e-01,7.331389976835392952e-01,7.679133974894977177e-01
6.606666666666666243e-01,2.773812003868900505e-05,7.348133593460074442e-01,7.696184506965051408e-01,4.669612482404841415e-06,7.661426959928664404e-01,7.313396149208810648e-01,7.661426959928664404e-01
6.613333333333333286e-01,1.037961159889538375e-05,7.330363504956904919e-01,7.678661613158129784e-01,1.798111303392803878e-05,7.643673247730652376e-01,7.295358969583775055e-01,7.643673247730652376e-01
6.619999999999999218e-01,1.308693137591548804e-06,7.312750769578584276e-01,7.661297656280724455e-01,3.954885406255678916e-05,7.625873149806472462e-01,7.277278761252508055e-01,7.625873149806472462e-01
6.626666666666666261e-01,9.059987801814150893e-07,7.295271012862936111e-01,7.644077113344515118e-01,6.874102641589667614e-05,7.608026978475533886e-01,7.259155848278476819e-01,7.608026978475533886e-01
6.633333333333333304e-01,9.293434877687287642e-06,7.277862489714310712e-01,7.626944239829245298e-01,1.047024695258332673e-04,7.590135046865642554e-01,7.240990555490557368e-01,7.590135046865642554e-01
6.640000000000000346e-01,2.629440818168789844e-05,7.260439703566420322e-01,7.609815382830299457e-01,1.463797226307482382e-04,7.572197668907526547e-01,7.222783208477254746e-01,7.572197668907526547e-01
6.646666666666667389e-01,5.141550455858270776e-05,7.242912347064732748e-01,7.592597578926710833e-01,1.925518850381081014e-04,7.554215159329293883e-01,7.204534133580808852e-01,7.554215159329293883e-01
6.653333333333333321e-01,8.385782228937032300e-05,7.225205133951438929e-01,7.575209036736356705e-01,2.418663814014224936e-04,7.536187833650940249e-01,7.186243657891386860e-01,7.536187833650940249e-01
6.660000000000000364e-01,1.225589495743468213e-04,7.207273944726412251e-01,7.557596757080822236e-01,2.928785842974155696e-04,7.518116008178800103e-01,7.167912109241220131e-01,7.518116008178800103e-01
6.666666666666666297e-01,1.662588752483855608e-04,7.189114587150159386e-01,7.539747270453319716e-01,3.440941333927218654e-04,7.499999999999995559e-01,7.149539816198700048e-01,7.499999999999995559e-01
6.673333333333333339e-01,2.135772887465160958e-04,7.170762201486022835e-01,7.521688094505142308e-01,3.940127114950874639e-04,7.481840126976878613e-01,7.131127108062517150e-01,7.481840126976878613e-01
6.680000000000000382e-01,2.630875333371468635e-04,7.152281578714984045e-01,7.503479705321356441e-01,4.411719951058335853e-04,7.463636707741453380e-01,7.112674314855746971e-01,7.463636707741453380e-01
6.686666666666666314e-01,3.133745830576369464e-04,7.133750896449503331e-01,7.485200109234796395e-01,4.841904919784572247e-04,7.445390061689773908e-01,7.094181767319931442e-01,7.445390061689773908e-01
6.693333333333333357e-01,3.630701575106233103e-04,7.115243020414783182e-01,7.466925935454716834e-01,5.218080107924905064e-04,7.427100508976361981e-01,7.075649796909170286e-01,7.427100508976361981e-01
6.699999999999999289e-01,4.108656775173946760e-04,7.096809072905089222e-01,7.448714816703542185e-01,5.529225774169601280e-04,7.408768370508568291e-01,7.057078735784138024e-01,7.408768370508568291e-01
6.706666666666666332e-01,4.555108162194768887e-04,7.078468255948687782e-01,7.430593399577348768e-01,5.766227163320135048e-04,7.390393967940953601e-01,7.038468916806190911e-01,7.390393967940953601e-01
6.713333333333333375e-01,4.958096903291221496e-04,7.060206161885129728e-01,7.412553739709439871e-01,5.922141515511367442e-04,7.371977623669637714e-01,7.019820673531332877e-01,7.371977623669637714e-01
6.720000000000000417e-01,5.306269240231815086e-04,7.041981550576380533e-01,7.394558569836212625e-01,5.992401448625062294e-04,7.353519660826653981e-01,7.001134340204304696e-01,7.353519660826653981e-01
6.726666666666667460e-01,5.589118923863002067e-04,7.023739461517701788e-01,7.376553651966130110e-01,5.974948755975201167e-04,7.335020403274271628e-01,6.982410251752539931e-01,7.335020403274271628e-01
6.733333333333333393e-01,5.797427266160666386e-04,7.005427063903706397e-01,7.358483736582520640e-01,5.870294699772122919e-04,7.316480175599304747e-01,6.963648743780186390e-01,7.316480175599304747e-01
6.740000000000000435e-01,5.923843201509177651e-04,6.987008111146858491e-01,7.340307909279170095e-01,5.681505034118519313e-04,7.297899303107431290e-01,6.944850152562088708e-01,7.297899303107431290e-01
6.746666666666666368e-01,5.963489231682750228e-04,6.968472307871393934e-01,7.322010394900575481e-01,5.414110196276174540e-04,7.279278111817492070e-01,6.926014815037758732e-01,7.279278111817492070e-01
6.753333333333333410e-01,5.914456545606492938e-04,6.949837211606325615e-01,7.303604092890728650e-01,5.075943297076108149e-04,7.260616928455746466e-01,6.907143068805334796e-01,7.260616928455746466e-01
6.759999999999999343e-01,5.778070064299665369e-04,6.931142213945550301e-01,7.285125973844358560e-01,4.676910656409116024e-04,7.241916080450154780e-01,6.888235252115532115e-01,7.241916080450154780e-01
6.766666666666666385e-01,5.558855806829564664e-04,6.912436249580621306e-01,7.266625585635839712e-01,4.228701605769986330e-04,7.223175895924630607e-01,6.869291703865579857e-01,7.223175895924630607e-01
6.773333333333333428e-01,5.264213439622447612e-04,6.893762623079306984e-01,7.248149791564011402e-01,3.744446058950068367e-04,7.204396703693286552e-01,6.850312763593152665e-01,7.204396703693286552e-01
6.779999999999999361e-01,4.903865982909037888e-04,6.875145189942702961e-01,7.229727961632799182e-01,3.238329882061732759e-04,7.185578833254658848e-01,6.831298771470274422e-01,7.185578833254658848e-01
6.786666666666666403e-01,4.489206900133579253e-04,6.856579791344377117e-01,7.211361788241172910e-01,2.725179330312168017e-04,7.166722614785930867e-01,6.812250068297228678e-01,7.166722614785930867e-01
6.793333333333333446e-01,4.032678451437426005e-04,6.838033400979056653e-01,7.193022661861937506e-01,2.220026725107666725e-04,7.147828379137133314e-01,6.793166995496443539e-01,7.147828379137133314e-01
6.800000000000000488e-01,3.547290094644121893e-04,6.819451343133019483e-01,7.174657480676575050e-01,1.737670094619267849e-04,7.128896457825355526e-01,6.774049895106386554e-01,7.128896457825355526e-01
6.806666666666666421e-01,3.046328976986640408e-04,6.800770802257330994e-01,7.156201496294248843e-01,1.292239677774385158e-04,7.109927183028906805e-01,6.754899109775414079e-01,7.109927183028906805e-01
6.813333333333333464e-01,2.543243280399661759e-04,6.781937226920141670e-01,7.137594955252744011e-01,8.967839905832894769e-05,7.090920887581499965e-01,6.735714982755645064e-01,7.090920887581499965e-01
6.820000000000000506e-01,2.051615918222177886e-04,6.762919487681797737e-01,7.118799328060723131e-01,5.628875806442721041e-05,7.071877904966412665e-01,6.716497857896801538e-01,7.071877904966412665e-01
6.826666666666666439e-01,1.585111842527697128e-04,6.743719891352008000e-01,7.099808987803173377e-01,3.003316673938554528e-05,7.052798569310633203e-01,6.697248079640045759e-01,7.052798569310633203e-01
6.833333333333333481e-01,1.157289173717755904e-04,6.724376315996584141e-01,7.080655243023110668e-01,1.168076093654481308e-05,7.033683215378994102e-01,6.677965993011815149e-01,7.033683215378994102e-01
6.839999999999999414e-01,7.812110542652943778e-05,6.704955584624748832e-01,7.061401412275274403e-01,1.769159219634079461e-06,7.014532178568306797e-01,6.658651943617621694e-01,7.014532178568306797e-01
6.846666666666666456e-01,4.688664588781995103e-05,6.685539362328625224e-01,7.042129789823207142e-01,5.887137711707611571e-07,6.995345794901469683e-01,6.639306277635875775e-01,6.995345794901469683e-01
6.853333333333333499e-01,2.304804583595147609e-05,6.666205820352670841e-01,7.022923418214533919e-01,8.174004765186570261e-06,6.976124401021575050e-01,6.619929341811666701e-01,6.976124401021575050e-01
6.859999999999999432e-01,7.384357743319057513e-06,6.647011509194997725e-01,7.003847012350726819e-01,2.430282736960232272e-05,6.956868334186006031e-01,6.600521483450556559e-01,6.956868334186006031e-01
6.866666666666667584e-01,3.799733787848345820e-07,6.627977928537649444e-01,6.984931726766553384e-01,4.850270105318402821e-05,6.937577932260506897e-01,6.581083050412347424e-01,6.937577932260506897e-01
6.873333333333333517e-01,2.199966272579054753e-06,6.609086128733429044e-01,6.966167561991362112e-01,8.006471051228726803e-05,6.918253533713273340e-01,6.561614391104866328e-01,6.918253533713273340e-01
6.880000000000000560e-01,1.269621319151644592e-05,6.590280657678487808e-01,6.947505292478619587e-01,1.180642727589354329e-04,6.898895477608997240e-01,6.542115854477686954e-01,6.898895477608997240e-01
6.886666666666666492e-01,3.144087335906259784e-05,6.571481867633037766e-01,6.928867421387786552e-01,1.613882220154726232e-04,6.879504103602924747e-01,6.522587790015905718e-01,6.879504103602924747e-01
6.893333333333333535e-01,5.777728673835152024e-05,6.552603626086294097e-01,6.910165490504843744e-01,2.087674189862341373e-04,6.860079751934897718e-01,6.503030547733860134e-01,6.860079751934897718e-01
6.900000000000000577e-01,9.087490730571186868e-05,6.533572273030914257e-01,6.891319630756341796e-01,2.588139292445458843e-04,6.840622763423380714e-01,6.483444478168861602e-01,6.840622763423380714e-01
6.906666666666666510e-01,1.297755014502211055e-04,6.514342445408728421e-01,6.872275809383627809e-01,3.100616816249282515e-04,6.821133479459481341e-01,6.463829932374914877e-01,6.821133479459481341e-01
6.913333333333333552e-01,1.734222718832655562e-04,6.494906146124076463e-01,6.853016838706469382e-01,3.610094155665005081e-04,6.801612242000963926e-01,6.444187261916421994e-01,6.801612242000963926e-01
6.919999999999999485e-01,2.206704106314837988e-04,6.475293022319792424e-01,6.833564690649633899e-01,4.101646593006471426e-04,6.782059393566244321e-01,6.424516818861880640e-01,6.782059393566244321e-01
6.926666666666666528e-01,2.702846950688375855e-04,6.455561916646468390e-01,6.813973714430343609e-01,4.560874505782765522e-04,6.762475277228384707e-01,6.404818955777572542e-01,6.762475277228384707e-01
6.933333333333332460e-01,3.209348858936044466e-04,6.435785900331129072e-01,6.794316549235006608e-01,4.974325191740925148e-04,6.742860236609068414e-01,6.385094025721252953e-01,6.742860236609068414e-01
6.939999999999999503e-01,3.712012463013231807e-04,6.416034623403297221e-01,6.774666328516006919e-01,5.329886954662726517e-04,6.723214615872579181e-01,6.365342382235810170e-01,6.723214615872579181e-01
6.946666666666667656e-01,4.195999849312810029e-04,6.396358440147426050e-01,6.755079680621883798e-01,5.617143906497746230e-04,6.703538759719749329e-01,6.345564379342937267e-01,6.703538759719749329e-01
6.953333333333333588e-01,4.646326133918751407e-04,6.376778189791826312e-01,6.735584740809412718e-01,5.827681092197181233e-04,6.683833013381933474e-01,6.325760371536789384e-01,6.683833013381933474e-01
6.960000000000000631e-01,5.048558911167693678e-04,6.357282910344611571e-01,6.716176965399095478e-01,5.955330998869131720e-04,6.664097722614923391e-01,6.305930713777615493e-01,6.664097722614923391e-01
6.966666666666666563e-01,5.389624255130149406e-04,6.337835642766115329e-01,6.696823415907524613e-01,5.996354227972482218e-04,6.644333233692907292e-01,6.286075761485412361e-01,6.644333233692907292e-01
6.973333333333333606e-01,5.658580737129896262e-04,6.318385446825679486e-01,6.677473987832771574e-01,5.949549037907412175e-04,6.624539893402374702e-01,6.266195870533541878e-01,6.624539893402374702e-01
6.979999999999999538e-01,5.847222087316093385e-04,6.298882301402114470e-01,6.658076385165335731e-01,5.816286548042583909e-04,6.604718049036040206e-01,6.246291397242363930e-01,6.604718049036040206e-01
6.986666666666666581e-01,5.950407048206097756e-04,6.279290980231285735e-01,6.638590852115143770e-01,5.600470572906170608e-04,6.584868048386752770e-01,6.226362698372837068e-01,6.584868048386752770e-01
6.993333333333333623e-01,5.966080941590383045e-04,6.259600344977582775e-01,6.619000870156631633e-01,5.308423263164908749e-04,6.564990239741385070e-01,6.206410131120140283e-01,6.564990239741385070e-01
6.999999999999999556e-01,5.895028661070093488e-04,6.239825686862836562e-01,6.599317109213719279e-01,4.948699903444194219e-04,6.545084971874731705e-01,6.186434053107250364e-01,6.545084971874731705e-01
7.006666666666666599e-01,5.740461308814049290e-04,6.220003534196796302e-01,6.579573645613214783e-01,4.531838292334055890e-04,6.525152594043382992e-01,6.166434822378552560e-01,6.525152594043382992e-01
7.013333333333332531e-01,5.507569702128256714e-04,6.200180340204146656e-01,6.559817465613240195e-01,4.070050046286659371e-04,6.505193455979596528e-01,6.146412797393405736e-01,6.505193455979596528e-01
7.019999999999999574e-01,5.203167606925480655e-04,6.180398157978692630e-01,6.540094091043259228e-01,3.576862870402582246e-04,6.485207907885169876e-01,6.126368337019731936e-01,6.485207907885169876e-01
7.026666666666666616e-01,4.835498627359160204e-04,6.160681293522811686e-01,6.520433287688830459e-01,3.066724275487514150e-04,6.465196300425278819e-01,6.106301800527567103e-01,6.465196300425278819e-01
7.033333333333333659e-01,4.414208699214854721e-04,6.141027698839196525e-01,6.500838872004692792e-01,2.554578350161238495e-04,6.445158984722350048e-01,6.086213547582647321e-01,6.445158984722350048e-01
7.040000000000000702e-01,3.950414835553877897e-04,6.121407573675272662e-01,6.481285549867192852e-01,2.055427986129078105e-04,6.425096312349872774e-01,6.066103938239935101e-01,6.425096312349872774e-01
7.046666666666666634e-01,3.456754254544981155e-04,6.101769681531602485e-01,6.461723806429687800e-01,1.583895380866323166e-04,6.405008635326246980e-01,6.045973332937181199e-01,6.405008635326246980e-01
7.053333333333333677e-01,2.947292231259968217e-04,6.082053839084561320e-01,6.442091696786133026e-01,1.153793692425176458e-04,6.384896306108602815e-01,6.025822092488458681e-01,6.384896306108602815e-01
7.059999999999999609e-01,2.437203983059437872e-04,6.062206448932456748e-01,6.422330575407838582e-01,7.777223943831762954e-05,6.364759677586618869e-01,6.005650578077700308e-01,6.364759677586618869e-01
7.066666666666666652e-01,1.942213099170932730e-04,6.042195168611670386e-01,6.402400797776659491e-01,4.666981846754661591e-05,6.344599103076321578e-01,5.985459151252228160e-01,6.344599103076321578e-01
7.073333333333333695e-01,1.477844103211427111e-04,6.022018968119229321e-01,6.382293410428919733e-01,2.298322605316824953e-05,6.324414936313895730e-01,5.965248173916252172e-01,6.324414936313895730e-01
7.079999999999999627e-01,1.058605483466210323e-04,6.001710864949835189e-01,6.362034765408871584e-01,7.406341348153478338e-06,6.304207531449477209e-01,5.945018008324417513e-01,6.304207531449477209e-01
7.086666666666666670e-01,6.972438994997084472e-05,5.981332341698184507e-01,6.341682639950637634e-01,3.954763190340638861e-07,6.283977243040931304e-01,5.924769017075276478e-01,6.283977243040931304e-01
7.093333333333332602e-01,4.041936786039917226e-05,5.960960492077824746e-01,6.321314480512811862e-01,2.156008463885475197e-06,6.263724426047639904e-01,5.904501563104815887e-01,6.263724426047639904e-01
7.099999999999999645e-01,1.872941824437695369e-05,5.940670831983667632e-01,6.301010376556521742e-01,1.263636444822057547e-05,6.243449435824267590e-01,5.884216009679940074e-01,6.243449435824267590e-01
7.106666666666666687e-01,5.177722756045577529e-06,5.920519920474576203e-01,6.280834800131893658e-01,3.152953090321274527e-05,6.223152628114527740e-01,5.863912720391958322e-01,6.223152628114527740e-01
7.113333333333333730e-01,4.585260086325792813e-08,5.900532078266486069e-01,6.260821582427154031e-01,5.828204812864327792e-05,6.202834359044949730e-01,5.843592059150077844e-01,6.202834359044949730e-01
7.120000000000000773e-01,3.402106986065909898e-06,5.880693488934398694e-01,6.240965854429840753e-01,9.211022323752264876e-05,6.182494985118615061e-01,5.823254390174871231e-01,6.182494985118615061e-01
7.126666666666666705e-01,1.512679203614212543e-05,5.860955107123809738e-01,6.221224937768430330e-01,1.320230877916533886e-04,6.162134863208912350e-01,5.802900077991751671e-01,6.162134863208912350e-01
7.133333333333333748e-01,3.492499498826963876e-05,5.841243626440307812e-01,6.201527932319912395e-01,1.768514274032090749e-04,6.141754350553271236e-01,5.782529487424438175e-01,6.141754350553271236e-01
7.139999999999999680e-01,6.232321373415416078e-05,5.821477852073322357e-01,6.181791640119052023e-01,2.252820329041258646e-04,6.121353804746898497e-01,5.762142983588420808e-01,6.121353804746898497e-01
7.146666666666666723e-01,9.665320922445466722e-05,5.801586620557775964e-01,6.161939020483918616e-01,2.758961697235989743e-04,6.100933583736499743e-01,5.741740931884411481e-01,6.100933583736499743e-01
7.153333333333332655e-01,1.370324489358441323e-04,5.781524119909442483e-01,6.141915874297156908e-01,3.272111385450590464e-04,6.080494045814003323e-01,5.721323697991799184e-01,6.080494045814003323e-01
7.159999999999999698e-01,1.823535643073069719e-04,5.761279106063819100e-01,6.121701946479608525e-01,3.777237097575238600e-04,6.060035549610266470e-01,5.700891647862086353e-01,6.060035549610266470e-01
7.166666666666666741e-01,2.312943096982155030e-04,5.740875949041833737e-01,6.101313972715347589e-01,4.259541593249597277e-04,6.039558454088790329e-01,5.680445147712349652e-01,6.039558454088790329e-01
7.173333333333332673e-01,2.823547839599921524e-04,5.720367392493490577e-01,6.080800098712543234e-01,4.704896160792476092e-04,6.019063118539416113e-01,5.659984564018651909e-01,6.019063118539416113e-01
7.179999999999999716e-01,3.339215448374646851e-04,5.699820943782820670e-01,6.060227177028062462e-01,5.100254506136236684e-04,5.998549902572030135e-01,5.639510263509487364e-01,5.998549902572030135e-01
7.186666666666666758e-01,3.843508503966382986e-04,5.679302399067294171e-01,6.039664203254634378e-01,5.434034933231616463e-04,5.978019166110232208e-01,5.619022613159203594e-01,5.978019166110232208e-01
7.193333333333333801e-01,4.320578320590620722e-04,5.658860685600274332e-01,6.019166101239630251e-01,5.696459620263560637e-04,5.957471269385057333e-01,5.598521980181434543e-01,5.957471269385057333e-01
7.199999999999999734e-01,4.755965934013331757e-04,5.638517749825059377e-01,5.998761900614018039e-01,5.879841052862356220e-04,5.936906572928615233e-01,5.578008732022503580e-01,5.936906572928615233e-01
7.206666666666666776e-01,5.137186219247639974e-04,5.618265779259027370e-01,5.978450093312750457e-01,5.978807223484828562e-04,5.916325437567789836e-01,5.557483236354840983e-01,5.916325437567789836e-01
7.213333333333333819e-01,5.454028320483177844e-04,5.598072069627414438e-01,5.958201987353936024e-01,5.990458999936566211e-04,5.895728224417903229e-01,5.536945861070406982e-01,5.895728224417903229e-01
7.219999999999999751e-01,5.698582804422474592e-04,5.577889909367057530e-01,5.937971789026431635e-01,5.914455053054072306e-04,5.875115294876369632e-01,5.516396974274078158e-01,5.875115294876369632e-01
7.226666666666666794e-01,5.865077720954386909e-04,5.557672437096171647e-01,5.917710504716234832e-01,5.753021855660568531e-04,5.854487010616373777e-01,5.495836944277066038e-01,5.854487010616373777e-01
7.233333333333332726e-01,5.949649787884681539e-04,5.537385815013807777e-01,5.897379931614313842e-01,5.510888459884325527e-04,5.833843733580502677e-01,5.475266139590304615e-01,5.833843733580502677e-01
7.239999999999999769e-01,5.950179224887569172e-04,5.517018327255184262e-01,5.876963117406519554e-01,5.195147963484108254e-04,5.813185825974408472e-01,5.454684928917855613e-01,5.813185825974408472e-01
7.246666666666666812e-01,5.866276673146209259e-04,5.496583074550656089e-01,5.856468627026126805e-01,4.815049723411230398e-04,5.792513650260454616e-01,5.434093681150288235e-01,5.792513650260454616e-01
7.253333333333332744e-01,5.699441530841120812e-04,5.476113581473759373e-01,5.835927538992921049e-01,4.381728403540234205e-04,5.771827569151348758e-01,5.413492765358075554e-01,5.771827569151348758e-01
7.259999999999999787e-01,5.453336073772496826e-04,5.455653503427189133e-01,5.815383974044645576e-01,3.907877793891076932e-04,5.751127945603777825e-01,5.392882550784976470e-01,5.751127945603777825e-01
7.266666666666666829e-01,5.134063904365278319e-04,5.435243249196588522e-01,5.794881701203400404e-01,3.407378956539053988e-04,5.730415142812047558e-01,5.372263406841414346e-01,5.730415142812047558e-01
7.273333333333333872e-01,4.750322738409250485e-04,5.414907235011424680e-01,5.774450496261341881e-01,2.894893591371295195e-04,5.709689524201710942e-01,5.351635703097873398e-01,5.709689524201710942e-01
7.279999999999999805e-01,4.313325635357783002e-04,5.394645358178731254e-01,5.754096074747965250e-01,2.385434533702809564e-04,5.688951453423179982e-01,5.330999809278241797e-01,5.688951453423179982e-01
7.286666666666666847e-01,3.836442876268308694e-04,5.374431132123662636e-01,5.733796489713347544e-01,1.893925965671073512e-04,5.668201294345353025e-01,5.310356095253219166e-01,5.668201294345353025e-01
7.293333333333333890e-01,3.334589900023031904e-04,5.354217111758772241e-01,5.713506130693483120e-01,1.434766224651826084e-04,5.647439411049225422e-01,5.289704931033663016e-01,5.647439411049225422e-01
7.299999999999999822e-01,2.823452540492731359e-04,5.333946301805786439e-01,5.693166409789561788e-01,1.021406015862732228e-04,5.626666167821512410e-01,5.269046686763968479e-01,5.626666167821512410e-01
7.306666666666666865e-01,2.318680174552931617e-04,5.313566697623045565e-01,5.672720462163565180e-01,6.659543850681084087e-05,5.605881929148245346e-01,5.248381732715431403e-01,5.605881929148245346e-01
7.313333333333332797e-01,1.835179736084610082e-04,5.293045314152475811e-01,5.652128163728791233e-01,3.788239940887487789e-05,5.585087059708380153e-01,5.227710439279610322e-01,5.585087059708380153e-01
7.319999999999999840e-01,1.386609134999884933e-04,5.272378138447587625e-01,5.631377672734343420e-01,1.684260904776792663e-05,5.564281924367401322e-01,5.207033176961687326e-01,5.564281924367401322e-01
7.326666666666666883e-01,9.851079578505969202e-05,5.251593357573434151e-01,5.610490500468822139e-01,4.092410697315614783e-06,5.543466888170919260e-01,5.186350316373831149e-01,5.543466888170919260e-01
7.333333333333332815e-01,6.412342500709801928e-05,5.230746780826174280e-01,5.589518617838412640e-01,5.310882933214723910e-09,5.522642316338260970e-01,5.165662228228554698e-01,5.522642316338260970e-01
7.339999999999999858e-01,3.640191596072448322e-05,5.209910279282967682e-01,5.568534003869055615e-01,4.701037816585501710e-06,5.501808574256067397e-01,5.144969283332061494e-01,5.501808574256067397e-01
7.346666666666666901e-01,1.610237185808388206e-05,5.189155865536322354e-01,5.547612932610896941e-01,1.804203405774911127e-05,5.480966027471878554e-01,5.124271852577606534e-01,5.480966027471878554e-01
7.353333333333333943e-01,3.829314986753416176e-06,5.168539235782463326e-01,5.526818702160962715e-01,3.963748614496203471e-05,5.460115041687726434e-01,5.103570306938857160e-01,5.460115041687726434e-01
7.359999999999999876e-01,1.511273363402844902e-08,5.148086821492727783e-01,5.506187016527790412e-01,6.885477315326711826e-05,5.439255982753706808e-01,5.082865017463223944e-01,5.439255982753706808e-01
7.366666666666666918e-01,4.884499825327778977e-06,5.127789540886222852e-01,5.485717632870383831e-01,1.048379988014786439e-04,5.418389216661568808e-01,5.062156355265224894e-01,5.418389216661568808e-01
7.373333333333333961e-01,1.841210700372517155e-05,5.107604751553774802e-01,5.465374321132504543e-01,1.465330642265289494e-04,5.397515109538290057e-01,5.041444691519828547e-01,5.397515109538290057e-01
7.379999999999999893e-01,4.028540821976123529e-05,5.087465875111542024e-01,5.445093100142450737e-01,1.927185469386791142e-04,5.376634027639654034e-01,5.020730397455801519e-01,5.376634027639654034e-01
7.386666666666666936e-01,6.988613816587912976e-05,5.067297344499225309e-01,5.424796700957343898e-01,2.420414813841162394e-04,5.355746337343825214e-01,5.000013844349057157e-01,5.355746337343825214e-01
7.393333333333332869e-01,1.062996927015414110e-04,5.047031335970839638e-01,5.404411779588059739e-01,2.930569929529211470e-04,5.334852405144917542e-01,4.979295403515998086e-01,5.334852405144917542e-01
7.399999999999999911e-01,1.483553368657220830e-04,5.026622406430119039e-01,5.383884853021221328e-01,3.442706243868918895e-04,5.313952597646559584e-01,4.958575446306862644e-01,5.313952597646559584e-01
7.406666666666665844e-01,1.946922450579053362e-04,5.006056688944526822e-01,5.363193313728467082e-01,3.941821146700794499e-04,5.293047281555474104e-01,4.937854344099067982e-01,5.293047281555474104e-01
7.413333333333332886e-01,2.438398719114602759e-04,4.985353586510651303e-01,5.342349068029204062e-01,4.413293479356108400e-04,5.272136823675037665e-01,4.917132468290552616e-01,5.272136823675037665e-01
7.419999999999999929e-01,2.942978930796645879e-04,4.964559694630876208e-01,5.321394089964500695e-01,4.843311849418890686e-04,5.251221590898840219e-01,4.896410190293121190e-01,5.251221590898840219e-01
7.426666666666666972e-01,3.446019566157980125e-04,4.943736586038657288e-01,5.300389123267351676e-01,5.219279224054705190e-04,5.230301950204249151e-01,4.875687881525787026e-01,5.230301950204249151e-01
7.433333333333334014e-01,3.933664412474172133e-04,4.922945621289965268e-01,5.279398450014278765e-01,5.530181949678610390e-04,5.209378268645986632e-01,4.854965913408118006e-01,5.209378268645986632e-01
7.439999999999999947e-01,4.393028007812149142e-04,4.902233658607889621e-01,5.258474614082510046e-01,5.766912387836882958e-04,5.188450913349662574e-01,4.834244657353572450e-01,5.188450913349662574e-01
7.446666666666666989e-01,4.812195879124445456e-04,4.881623201899836784e-01,5.237646929387795858e-01,5.922535715949811411e-04,5.167520251505346440e-01,4.813524484762847222e-01,5.167520251505346440e-01
7.453333333333332922e-01,5.180155374642450182e-04,4.861109245071246199e-01,5.216916511198004258e-01,5.992493077209107592e-04,5.146586650361131277e-01,4.792805767017219720e-01,5.146586650361131277e-01
7.459999999999999964e-01,5.486784878104484283e-04,4.840663253664870269e-01,5.196258769833690394e-01,5.974735128521193369e-04,5.125650477216676659e-01,4.772088875471892089e-01,5.125650477216676659e-01
7.466666666666667007e-01,5.723000228974574550e-04,4.820242898919326890e-01,5.175632340514859653e-01,5.869782074319805990e-04,5.104712099416774951e-01,4.751374181449332101e-01,5.104712099416774951e-01
7.473333333333332940e-01,5.881095143393447319e-04,4.799804792211823101e-01,5.154991839071323412e-01,5.680708427606944019e-04,5.083771884344897574e-01,4.730662056232620150e-01,5.083771884344897574e-01
7.479999999999999982e-01,5.955237766615244102e-04,4.779316839805398121e-01,5.134300993751470532e-01,5.413052944634876192e-04,5.062830199416753496e-01,4.709952871058796231e-01,5.062830199416753496e-01
7.486666666666665915e-01,5.942022166358888616e-04,4.758767024277495983e-01,5.113542737631959767e-01,5.074656371618331899e-04,5.041887412073843278e-01,4.689246997112201942e-01,5.041887412073843278e-01
7.493333333333332957e-01,5.840941186445252568e-04,4.738166358700822700e-01,5.092723683299477111e-01,4.675431756552784687e-04,5.020943889777010893e-01,4.668544805517833018e-01,5.020943889777010893e-01
7.500000000000000000e-01,5.654654868376723020e-04,4.717545253138744621e-01,5.071871841497892497e-01,4.227074054664401847e-04,4.999999999999991118e-01,4.647846667334681880e-01,4.999999999999991118e-01
7.506666666666667043e-01,5.388973382420447116e-04,4.696944268410406242e-01,5.051028187477544229e-01,3.742717534359975870e-04,4.979056110222968567e-01,4.627152953549077408e-01,4.979056110222968567e-01
7.513333333333334085e-01,5.052541233507530172e-04,4.676401774149315238e-01,5.030234327895113378e-01,3.236551019686823081e-04,4.958112587926135073e-01,4.606464035068074114e-01,4.958112587926135073e-01
7.520000000000000018e-01,4.656280583862682540e-04,4.655941929521377753e-01,5.009519636819350641e-01,2.723402240455870802e-04,4.937169800583224299e-01,4.585780282712755285e-01,4.937169800583224299e-01
7.526666666666667060e-01,4.212705736943388982e-04,4.635566364037773668e-01,4.988891453158421641e-01,2.218303466149019641e-04,4.916228115655080777e-01,4.565102067211612158e-01,4.916228115655080777e-01
7.533333333333332993e-01,3.735243020527383682e-04,4.615251935749790091e-01,4.968331146030911527e-01,1.736051148005489928e-04,4.895287900583202845e-01,4.544429759193899798e-01,4.895287900583202845e-01
7.540000000000000036e-01,3.237674251025406038e-04,4.594955293708075095e-01,4.947797268427250317e-01,1.290772469208819457e-04,4.874349522783301136e-01,4.523763729182986304e-01,4.874349522783301136e-01
7.546666666666667078e-01,2.733772214940616936e-04,4.574623159083061608e-01,4.927235106975041967e-01,8.955115007285359581e-05,4.853413349638847629e-01,4.503104347589715339e-01,4.853413349638847629e-01
7.553333333333333011e-01,2.237127832623488760e-04,4.554205765611787915e-01,4.906590250115910323e-01,5.618470860391895969e-05,4.832479748494631910e-01,4.482451984705768666e-01,4.832479748494631910e-01
7.560000000000000053e-01,1.761102037841004539e-04,4.533670100155422489e-01,4.885822770805464677e-01,2.995536484681581143e-05,4.811549086650317442e-01,4.461807010697023679e-01,4.811549086650317442e-01
7.566666666666665986e-01,1.318792436888466919e-04,4.513009597941042284e-01,4.864918455802825226e-01,1.163148575407011160e-05,4.790621731353992829e-01,4.441169795596928704e-01,4.790621731353992829e-01
7.573333333333333028e-01,9.229002903509318995e-05,4.492247742009392586e-01,4.843894194290073729e-01,1.749854223009811641e-06,4.769698049795730310e-01,4.420540709299851656e-01,4.769698049795730310e-01
7.579999999999998961e-01,5.854197904886213109e-05,4.471434431945041088e-01,4.822795992531845322e-01,5.999444843216404039e-07,4.748778409101143128e-01,4.399920121554475316e-01,4.748778409101143128e-01
7.586666666666667114e-01,3.171376342920487581e-05,4.450635740161512643e-01,4.801689830921411772e-01,8.215442193652422256e-06,4.727863176324942907e-01,4.379308401957148211e-01,4.727863176324942907e-01
7.593333333333334156e-01,1.270047619056008954e-05,4.429919363770589147e-01,4.780647354192175680e-01,2.437325763815477656e-05,4.706952718444505357e-01,4.358705919945276008e-01,4.706952718444505357e-01
7.600000000000000089e-01,2.149911995558036684e-06,4.409339251541713467e-01,4.759729751323276137e-01,4.860006096529682543e-05,4.686047402353421543e-01,4.338113044790695705e-01,4.686047402353421543e-01
7.606666666666667131e-01,4.119292104229100540e-07,4.388923172984348642e-01,4.738973737586837376e-01,8.018614798978491737e-05,4.665147594855064139e-01,4.317530145593041491e-01,4.665147594855064139e-01
7.613333333333333064e-01,7.512669974709921828e-06,4.368666283263106243e-01,4.718383090196444085e-01,1.182062303912561891e-04,4.644253662656153137e-01,4.296957591273151134e-01,4.644253662656153137e-01
7.620000000000000107e-01,2.315957373861208334e-05,4.348532221804661813e-01,4.697927803324070117e-01,1.615465412710746069e-04,4.623365972360324871e-01,4.276395750566444609e-01,4.623365972360324871e-01
7.626666666666666039e-01,4.677549080245998542e-05,4.328461413525720447e-01,4.677551013876756758e-01,2.089374620333410524e-04,4.602484890461689404e-01,4.255844992016309947e-01,4.602484890461689404e-01
7.633333333333333082e-01,7.755311922708722230e-05,4.308384524814395933e-01,4.657181952897900268e-01,2.589907148125962250e-04,4.581610783338411763e-01,4.235305683967506840e-01,4.581610783338411763e-01
7.640000000000000124e-01,1.145165835718184587e-04,4.288237873526538624e-01,4.636751787880160625e-01,3.102400309267808144e-04,4.560744017246274318e-01,4.214778194559558044e-01,4.560744017246274318e-01
7.646666666666666057e-01,1.565765365980921454e-04,4.267977211572743790e-01,4.616208633892637803e-01,3.611841040067243652e-04,4.539884958312253582e-01,4.194262891720152431e-01,4.539884958312253582e-01
7.653333333333333099e-01,2.025687736623162343e-04,4.247586727344334068e-01,4.595528295502915861e-01,4.103305695257277765e-04,4.519033972528102017e-01,4.173760143158551927e-01,4.519033972528102017e-01
7.659999999999999032e-01,2.512728537275612769e-04,4.227081253911718073e-01,4.574718344636244383e-01,4.562397223852586469e-04,4.498191425743915950e-01,4.153270316359002345e-01,4.498191425743915950e-01
7.666666666666667185e-01,3.014145832529022584e-04,4.206501288832996122e-01,4.553814721420779699e-01,4.975666918862162473e-04,4.477357683661719601e-01,4.132793778574140320e-01,4.477357683661719601e-01
7.673333333333333117e-01,3.516621343443043259e-04,4.185902190815699031e-01,4.532871838713002366e-01,5.331008386047940070e-04,4.456533111829061311e-01,4.112330896818417458e-01,4.456533111829061311e-01
7.680000000000000160e-01,4.006281816086904209e-04,4.165340367285103040e-01,4.511948764272329937e-01,5.618012190741089075e-04,4.435718075632578694e-01,4.091882037861515609e-01,4.435718075632578694e-01
7.686666666666667203e-01,4.468889392900890619e-04,4.144859993255733399e-01,4.491095022757267130e-01,5.828270793629240646e-04,4.414912940291599863e-01,4.071447568221779334e-01,4.414912940291599863e-01
7.693333333333333135e-01,4.890258436832961055e-04,4.124483570248054787e-01,4.470339596947427996e-01,5.955624842673714302e-04,4.394118070851734670e-01,4.051027854159651720e-01,4.394118070851734670e-01
7.700000000000000178e-01,5.256884626293412610e-04,4.104208516088972969e-01,4.449685775101592800e-01,5.996343606238132944e-04,4.373333832178466496e-01,4.030623261671084090e-01,4.373333832178466496e-01
7.706666666666666110e-01,5.556702265779772708e-04,4.084010327017447151e-01,4.429112868702693162e-01,5.949234261789056654e-04,4.352560588950752929e-01,4.010234156481008450e-01,4.352560588950752929e-01
7.713333333333333153e-01,5.779838678890706271e-04,4.063851157398472025e-01,4.408584002107954758e-01,5.815676838646519293e-04,4.331798705654625326e-01,3.989860904036763301e-01,4.331798705654625326e-01
7.720000000000000195e-01,5.919224104558035030e-04,4.043691365683025341e-01,4.388057663885296944e-01,5.599583791165361731e-04,4.311048546576797813e-01,3.969503869501547766e-01,4.311048546576797813e-01
7.726666666666666128e-01,5.970944651513352547e-04,4.023500941453803104e-01,4.367499871549275769e-01,5.307285386617722556e-04,4.290310475798266854e-01,3.949163417747874050e-01,4.290310475798266854e-01
7.733333333333333171e-01,5.934286192993309039e-04,4.003267849754996166e-01,4.346893768824697246e-01,4.947344265243871358e-04,4.269584857187930793e-01,3.928839913351039326e-01,4.269584857187930793e-01
7.740000000000000213e-01,5.811491406372259203e-04,3.983001143897469953e-01,4.326244194796064479e-01,4.530304604781468692e-04,4.248872054396200526e-01,3.908533720582568760e-01,4.248872054396200526e-01
7.746666666666667256e-01,5.607319156036856111e-04,3.962728039719622952e-01,4.305576056641133298e-01,4.068383237491460594e-04,4.228172430848630703e-01,3.888245203403714045e-01,4.228172430848630703e-01
7.753333333333333188e-01,5.328535428143185747e-04,3.942485728926357069e-01,4.284926931311024978e-01,3.575111768151173161e-04,4.207486349739523179e-01,3.867974725458906970e-01,4.207486349739523179e-01
7.760000000000000231e-01,4.983465795747649054e-04,3.922310149358053666e-01,4.264335859956156494e-01,3.064940176873525422e-04,4.186814174025569324e-01,3.847722650069249073e-01,4.186814174025569324e-01
7.766666666666667274e-01,4.581700246277904611e-04,3.902224812514680230e-01,4.243831381531037450e-01,2.552813518879319308e-04,4.166156266419476784e-01,3.827489340226005177e-01,4.166156266419476784e-01
7.773333333333333206e-01,4.133974130123309592e-04,3.882232820231343862e-01,4.223422134285845231e-01,2.053734121453384064e-04,4.145512989383604574e-01,3.807275158584091934e-01,4.145512989383604574e-01
7.780000000000000249e-01,3.652175623756723807e-04,3.862314347630081968e-01,4.203092707553522378e-01,1.582322103162919552e-04,4.124884705123607609e-01,3.787080467455577470e-01,4.124884705123607609e-01
7.786666666666666181e-01,3.149374943280251250e-04,3.842430384678175437e-01,4.182806012576938404e-01,1.152387089564412659e-04,4.104271775582076232e-01,3.766905628803189909e-01,4.104271775582076232e-01
7.793333333333333224e-01,2.639752517940607596e-04,3.822531861629400174e-01,4.162511682541007452e-01,7.765236716336074456e-05,4.083674562432189070e-01,3.746751004233826454e-01,4.083674562432189070e-01
7.800000000000000266e-01,2.138328885407364392e-04,3.802571892473565196e-01,4.142158420219065329e-01,4.657424576295574726e-05,4.063093427071364783e-01,3.726616954992076347e-01,4.063093427071364783e-01
7.806666666666666199e-01,1.660459709662197531e-04,3.782518085800744556e-01,4.121707202603244191e-01,2.291475264235439638e-05,4.042528730614922128e-01,3.706503841953743272e-01,4.042528730614922128e-01
7.813333333333333242e-01,1.221134710305904014e-04,3.762361827145037640e-01,4.101142032650038072e-01,7.366973103108069854e-06,4.021980833889746143e-01,3.686412025619375532e-01,4.021980833889746143e-01
7.820000000000000284e-01,8.341845818671475847e-05,3.742122117364852230e-01,4.080475496429374904e-01,3.863664999660162912e-07,4.001450097427949326e-01,3.666341866107805658e-01,4.001450097427949326e-01
7.826666666666667327e-01,5.115343800451527630e-05,3.721842811446711141e-01,4.059747588292867970e-01,2.177423935418835140e-06,3.980936881460561128e-01,3.646293723149705568e-01,3.980936881460561128e-01
7.833333333333333259e-01,2.626351823096356990e-05,3.701583692541667858e-01,4.039017856945789631e-01,1.268767786181199769e-05,3.960441545911188577e-01,3.626267956081121735e-01,3.960441545911188577e-01
7.840000000000000302e-01,9.416104421523698647e-06,3.681407380655021822e-01,4.018352567964461053e-01,3.160923907480691638e-05,3.939964450389712436e-01,3.606264923837038117e-01,3.939964450389712436e-01
7.846666666666667345e-01,9.989697248688194378e-07,3.661365194377940169e-01,3.997809879180924120e-01,5.838781607321701366e-05,3.919505954185975583e-01,3.586284984944961840e-01,3.919505954185975583e-01
7.853333333333333277e-01,1.141390869349864425e-06,3.641485420424901420e-01,3.977426613275985012e-01,9.223895257053385218e-05,3.899066416263478052e-01,3.566328497518472251e-01,3.899066416263478052e-01
7.860000000000000320e-01,9.747707414433562148e-06,3.621766862716496171e-01,3.957209871470500073e-01,1.321710074936579757e-04,3.878646195253080964e-01,3.546395819250814374e-01,3.878646195253080964e-01
7.866666666666666252e-01,2.653069183366554625e-05,3.602179207477927414e-01,3.937135527520344014e-01,1.770142042887605190e-04,3.858245649446708225e-01,3.526487307408486815e-01,3.858245649446708225e-01
7.873333333333333295e-01,5.103406672848533998e-05,3.582670042697218005e-01,3.917153909120242861e-01,2.254548985588614727e-04,3.837865136791067666e-01,3.506603318824839111e-01,3.837865136791067666e-01
7.879999999999999227e-01,8.263876177185127759e-05,3.563176779835257046e-01,3.897201211470095461e-01,2.760740601909991167e-04,3.817505014881363845e-01,3.486744209893671842e-01,3.817505014881363845e-01
7.886666666666666270e-01,1.205544467501993731e-04,3.543640625589712378e-01,3.877213860143360891e-01,3.273888426708687562e-04,3.797165640955029176e-01,3.466910336562851191e-01,3.797165640955029176e-01
7.893333333333333313e-01,1.638043403690608228e-04,3.524019346335158231e-01,3.857142433615725619e-01,3.778960218462113245e-04,3.776847371885451166e-01,3.447102054327931819e-01,3.776847371885451166e-01
7.900000000000000355e-01,2.112152184885314151e-04,3.504295905397630251e-01,3.836961948326626515e-01,4.261160316362724702e-04,3.756550564175710760e-01,3.427319718225776413e-01,3.756550564175710760e-01
7.906666666666667398e-01,2.614246332714410467e-04,3.484481040655454942e-01,3.816676213572672838e-01,4.706363066975705772e-04,3.736275573952339002e-01,3.407563682828208540e-01,3.736275573952339002e-01
7.913333333333333330e-01,3.129134960995448036e-04,3.464609298535245019e-01,3.796315374305159196e-01,5.101526623585003403e-04,3.716022756959047602e-01,3.387834302235636641e-01,3.716022756959047602e-01
7.920000000000000373e-01,3.640654936435305713e-04,3.444729637564615254e-01,3.775927392499545676e-01,5.435074996316346073e-04,3.695792468550501697e-01,3.368131930070723534e-01,3.695792468550501697e-01
7.926666666666666305e-01,4.132472999799427916e-04,3.424893066193606117e-01,3.755565701989067029e-01,5.697237161195626903e-04,3.675585063686083176e-01,3.348456919472038718e-01,3.675585063686083176e-01
7.933333333333333348e-01,4.588974778225704044e-04,3.405140499025518519e-01,3.735276215317911430e-01,5.880333294222621051e-04,3.655400896923658993e-01,3.328809623087733427e-01,3.655400896923658993e-01
7.940000000000000391e-01,4.996091631308027369e-04,3.385493875150757948e-01,3.715086974683411980e-01,5.978999745469368993e-04,3.635240322413361702e-01,3.309190393069219582e-01,3.635240322413361702e-01
7.946666666666666323e-01,5.341929688444100374e-04,3.365952622751046119e-01,3.695002961407980457e-01,5.990346162772926773e-04,3.615103693891374981e-01,3.289599581064858724e-01,3.615103693891374981e-01
7.953333333333333366e-01,5.617116752444279749e-04,3.346496079739928464e-01,3.675007136229545002e-01,5.914040162213728960e-04,3.594991364673731371e-01,3.270037538213653727e-01,3.594991364673731371e-01
7.959999999999999298e-01,5.814857138883028223e-04,3.327090932244357591e-01,3.655067116814964545e-01,5.752317065027865535e-04,3.574903687650106687e-01,3.250504615138961051e-01,3.574903687650106687e-01
7.966666666666666341e-01,5.930759897866124623e-04,3.307701519494721798e-01,3.635145482838543218e-01,5.509914415718496390e-04,3.554841015277630523e-01,3.231001161942204658e-01,3.554841015277630523e-01
7.973333333333333384e-01,5.962559248395783631e-04,3.288300234952470369e-01,3.615210876329684742e-01,5.193933199604153055e-04,3.534803699574701752e-01,3.211527528196601033e-01,3.534803699574701752e-01
7.980000000000000426e-01,5.909860717921868291e-04,3.268875314805833043e-01,3.595246979657475417e-01,4.813629825321214624e-04,3.514792092114810695e-01,3.192084062940887534e-01,3.514792092114810695e-01
7.986666666666667469e-01,5.774017686095391432e-04,3.249434004472288584e-01,3.575257061545942805e-01,4.380144965981519478e-04,3.494806544020383487e-01,3.172671114673082937e-01,3.494806544020383487e-01
7.993333333333333401e-01,5.558180210849769957e-04,3.230000277427201305e-01,3.555262924502736177e-01,3.906177202358580998e-04,3.474847405956598689e-01,3.153289031344220783e-01,3.474847405956598689e-01
8.000000000000000444e-01,5.267482092327106444e-04,3.210607707139920830e-01,3.535298524430033895e-01,3.405611028456629968e-04,3.454915028125248866e-01,3.133938160352124358e-01,3.454915028125248866e-01
8.006666666666666377e-01,4.909268549082527328e-04,3.191289413759889060e-01,3.515399945426238015e-01,2.893110116731234548e-04,3.435009760258596057e-01,3.114618848535177786e-01,3.435009760258596057e-01
8.013333333333333419e-01,4.493236763429101248e-04,3.172067850800532329e-01,3.495594441170045141e-01,2.383687757921040655e-04,3.415131951613227801e-01,3.095331442166110447e-01,3.415131951613227801e-01
8.020000000000000462e-01,4.031374421615023713e-04,3.152947288414770788e-01,3.475891579880492355e-01,1.892267059100794348e-04,3.395281950963939255e-01,3.076076286945787497e-01,3.395281950963939255e-01
8.026666666666666394e-01,3.537632275193210315e-04,3.133911130656950594e-01,3.456279009926820911e-01,1.433243783590287172e-04,3.375460106597604759e-01,3.056853727997018155e-01,3.375460106597604759e-01
8.033333333333333437e-01,3.027338638632583417e-04,3.114924894533912525e-01,3.436724126239769084e-01,1.020064638962864142e-04,3.355666766307071058e-01,3.037664109858363437e-01,3.355666766307071058e-01
8.039999999999999369e-01,2.516433801867401249e-04,3.095944167062014141e-01,3.417181326018100540e-01,6.648333668578379268e-05,3.335902277385054404e-01,3.018507776477968307e-01,3.335902277385054404e-01
8.046666666666666412e-01,2.020649539391806407e-04,3.076925570671153465e-01,3.397603064342761825e-01,3.779561738702690509e-05,3.316166986618046542e-01,2.999385071207391062e-01,3.316166986618046542e-01
8.053333333333332344e-01,1.554770091148600735e-04,3.057838010421263242e-01,3.377951947957809065e-01,1.678368903272260714e-05,3.296461240280230687e-01,2.980296336795452694e-01,3.296461240280230687e-01
8.060000000000000497e-01,1.132084019787361364e-04,3.038671387905613197e-01,3.358210845407764711e-01,4.063078702227827445e-06,3.276785384127400835e-01,2.961241915382086809e-01,3.276785384127400835e-01
8.066666666666667540e-01,7.640799274512342747e-05,3.019440536647494677e-01,3.338388454621440404e-01,6.426164365156444640e-09,3.257139763390910492e-01,2.942222148492224520e-01,3.257139763390910492e-01
8.073333333333333472e-01,4.603699298388758414e-05,3.000183236385044472e-01,3.318518823631682602e-01,4.732567703289158054e-06,3.237524722771595309e-01,2.923237377029649919e-01,3.237524722771595309e-01
8.080000000000000515e-01,2.287633381784162379e-05,2.980952585409256672e-01,3.298654743509392140e-01,1.810305490774337343e-05,3.217940606433734030e-01,2.904287941270904394e-01,3.217940606433734030e-01
8.086666666666666448e-01,7.537753900807385156e-06,2.961805428567693688e-01,3.278856428369541498e-01,3.972621040286815488e-05,3.198387757999014980e-01,2.885374180859184845e-01,3.198387757999014980e-01
8.093333333333333490e-01,4.674696335299284107e-07,2.942789589551537133e-01,3.259178113605241678e-01,6.896860171526101257e-05,3.178866520540497564e-01,2.866496434798255777e-01,3.178866520540497564e-01
8.099999999999999423e-01,1.935176453481610380e-06,2.923933017562607706e-01,3.239655799966272842e-01,1.049735971538911540e-04,3.159377236576599857e-01,2.847655041446371382e-01,3.159377236576599857e-01
8.106666666666666465e-01,1.200757922790008025e-05,2.905237497918414236e-01,3.220299139390168097e-01,1.466864601276685629e-04,3.139920248065082853e-01,2.828850338510213724e-01,3.139920248065082853e-01
8.113333333333333508e-01,3.051262855358153345e-05,2.886678419258147943e-01,3.201089427478295835e-01,1.928852467823703168e-04,3.120495896397056934e-01,2.810082663038839246e-01,3.120495896397056934e-01
8.119999999999999440e-01,5.700586634138153473e-05,2.868210575250796923e-01,3.181984128568990378e-01,2.422166018361792132e-04,3.101104522390984997e-01,2.791352351417634159e-01,3.101104522390984997e-01
8.126666666666666483e-01,9.075197998533949932e-05,2.849778532264559128e-01,3.162926751301048944e-01,2.932354040044115023e-04,3.081746466286709452e-01,2.772659739362289266e-01,3.081746466286709452e-01
8.133333333333332416e-01,1.307321632573414509e-04,2.831329065357441888e-01,3.143859645624804133e-01,3.444470996334744349e-04,3.062422067739475340e-01,2.754005161912780331e-01,3.062422067739475340e-01
8.140000000000000568e-01,1.756818660919302303e-04,2.812822754358083044e-01,3.124736685851275952e-01,3.943514844152311055e-04,3.043131665813976205e-01,2.735388953427365655e-01,3.043131665813976205e-01
8.146666666666666501e-01,2.241557965849368995e-04,2.794242084434558904e-01,3.105532920002505026e-01,4.414866506325866471e-04,3.023875598978406076e-01,2.716811447576591987e-01,3.023875598978406076e-01
8.153333333333333544e-01,2.746099739409359154e-04,2.775594241042124155e-01,3.086249031733002135e-01,4.844718125381579496e-04,3.004654205098512554e-01,2.698272977337309864e-01,3.004654205098512554e-01
8.160000000000000586e-01,3.254863812443322128e-04,2.756908057484759866e-01,3.066909703346485938e-01,5.220477553317922140e-04,2.985467821431674884e-01,2.679773874986710602e-01,2.985467821431674884e-01
8.166666666666666519e-01,3.752856349043521243e-04,2.738226000244208813e-01,3.047556427496637133e-01,5.531137228176811853e-04,2.966316784620987024e-01,2.661314472096371064e-01,2.966316784620987024e-01
8.173333333333333561e-01,4.226171255779841780e-04,2.719593309954378979e-01,3.028236671342141029e-01,5.767596631475792063e-04,2.947201430689347923e-01,2.642895099526305636e-01,2.947201430689347923e-01
8.179999999999999494e-01,4.662230697330042406e-04,2.701047109366607746e-01,3.008992197300148774e-01,5.922928880377406873e-04,2.928122095033567907e-01,2.624516087419039301e-01,2.928122095033567907e-01
8.186666666666666536e-01,5.049806952434307853e-04,2.682608224527081586e-01,2.989849513847886442e-01,5.992583644998342608e-04,2.909079112418481161e-01,2.606177765193690710e-01,2.909079112418481161e-01
8.193333333333333579e-01,5.378929465078478942e-04,2.664277656969761265e-01,2.970814795574289735e-01,5.974520446563520194e-04,2.890072816971074321e-01,2.587880461540066901e-01,2.890072816971074321e-01
8.199999999999999512e-01,5.640807013067331791e-04,2.646038353457884074e-01,2.951874355585762943e-01,5.869268431545788004e-04,2.871103542174625045e-01,2.569624504412773569e-01,2.871103542174625045e-01
8.206666666666666554e-01,5.827877413951252803e-04,2.627861530247709299e-01,2.933000256063634792e-01,5.679910870757229379e-04,2.852171620862847812e-01,2.551410221025331992e-01,2.852171620862847812e-01
8.213333333333332487e-01,5.934042251420059083e-04,2.609715700303008035e-01,2.914159340598357906e-01,5.411994837478374893e-04,2.833277385214053035e-01,2.533237937844319831e-01,2.833277385214053035e-01
8.220000000000000639e-01,5.955070030364458802e-04,2.591575959841163068e-01,2.895323185469186322e-01,5.073368710529839150e-04,2.814421166745321168e-01,2.515107980583515812e-01,2.814421166745321168e-01
8.226666666666666572e-01,5.889082147498649923e-04,2.573431107234123716e-01,2.876476339323154607e-01,4.673952262499959584e-04,2.795603296306692909e-01,2.497020674198069112e-01,2.795603296306692909e-01
8.233333333333333615e-01,5.736993994039387389e-04,2.555286754074008737e-01,2.857620725758555635e-01,4.225446068203050085e-04,2.776824104075348854e-01,2.478976342878662364e-01,2.776824104075348854e-01
8.240000000000000657e-01,5.502780961114207619e-04,2.537163615605550482e-01,2.838775076677894638e-01,3.740988746008376163e-04,2.758083919549824681e-01,2.460975310045710185e-01,2.758083919549824681e-01
8.246666666666666590e-01,5.193475920641928926e-04,2.519091426651547394e-01,2.819969537562119766e-01,3.234772072871198892e-04,2.739383071544232995e-01,2.443017898343559924e-01,2.739383071544232995e-01
8.253333333333333632e-01,4.818868938553461318e-04,2.501100114644335681e-01,2.801236860072310320e-01,2.721625247953274752e-04,2.720721888182486836e-01,2.425104429634709347e-01,2.720721888182486836e-01
8.259999999999999565e-01,4.390952192866697380e-04,2.483210650265414987e-01,2.782602551607265551e-01,2.216580483486516723e-04,2.702100696892547615e-01,2.407235224994036249e-01,2.702100696892547615e-01
8.266666666666666607e-01,3.923212535258685930e-04,2.465428126087233496e-01,2.764076699490662370e-01,1.734432648536509596e-04,2.683519824400678599e-01,2.389410604703045005e-01,2.683519824400678599e-01
8.273333333333332540e-01,3.429904298835077998e-04,2.447739026475716229e-01,2.745649785128252973e-01,1.289305865537966633e-04,2.664979596725712274e-01,2.371630888244124491e-01,2.664979596725712274e-01
8.279999999999999583e-01,2.925427651129229069e-04,2.430113515977114780e-01,2.727293739164948772e-01,8.942397557985210595e-05,2.646480339173325480e-01,2.353896394294824057e-01,2.646480339173325480e-01
8.286666666666666625e-01,2.423895310716546968e-04,2.412512233344700774e-01,2.708968077253066098e-01,5.608074545669172826e-05,2.628022376330342857e-01,2.336207440722138928e-01,2.628022376330342857e-01
8.293333333333332558e-01,1.938905199583957587e-04,2.394895913010574029e-01,2.690629610171741404e-01,2.987765855985796852e-05,2.609606032059028080e-01,2.318564344576815039e-01,2.609606032059028080e-01
8.300000000000000711e-01,1.483468190224893068e-04,2.377235445467866248e-01,2.672243306496630555e-01,1.158231266884860996e-05,2.591231629491410060e-01,2.300967422087663028e-01,2.591231629491410060e-01
8.306666666666666643e-01,1.069989980080406376e-04,2.359519869259144309e-01,2.653791600881117985e-01,1.730654824428799238e-06,2.572899491023617480e-01,2.283416988655899427e-01,2.572899491023617480e-01
8.313333333333333686e-01,7.101909585460403139e-05,2.341760253381119372e-01,2.635279807775620653e-01,6.112812028984454891e-07,2.554609938310206108e-01,2.265913358849480363e-01,2.554609938310206108e-01
8.319999999999999618e-01,4.148736948766189970e-05,2.323988377911329339e-01,2.616736207214062082e-01,8.256982929581859233e-06,2.536363292258529412e-01,2.248456846397471620e-01,2.536363292258529412e-01
8.326666666666666661e-01,1.935068425114777317e-05,2.306250362532164533e-01,2.598206620334362338e-01,2.444378548990262695e-05,2.518159873023103623e-01,2.231047764184423965e-01,2.518159873023103623e-01
8.333333333333333703e-01,5.366767868042204186e-06,2.288596655548716940e-01,2.579744628141437124e-01,4.869750987772211357e-05,2.499999999999987788e-01,2.213686424244764861e-01,2.499999999999987788e-01
8.339999999999999636e-01,4.486826040785202730e-08,2.271070754144851322e-01,2.561399699080291747e-01,8.030766327751830613e-05,2.481883991821183799e-01,2.196373137757205163e-01,2.481883991821183799e-01
8.346666666666666679e-01,3.596510593401312342e-06,2.253699396962599300e-01,2.543206075017944157e-01,1.183482523643496318e-04,2.463812166349042543e-01,2.179108215039162466e-01,2.463812166349042543e-01
8.353333333333332611e-01,1.590894760429495609e-05,2.236486616481500045e-01,2.525175122786714743e-01,1.617049095131765869e-04,2.445784840670688909e-01,2.161891965541198612e-01,2.445784840670688909e-01
8.359999999999999654e-01,3.654884750985206186e-05,2.219413057052448679e-01,2.507292997652186828e-01,2.091075372776559748e-04,2.427802331092456245e-01,2.144724697841473293e-01,2.427802331092456245e-01
8.366666666666666696e-01,6.479633822697798121e-05,2.202440643977638945e-01,2.489524122020775609e-01,2.591675148453719902e-04,2.409864953134337462e-01,2.127606719640213750e-01,2.409864953134337462e-01
8.373333333333332629e-01,9.970202108838348276e-05,2.185521399985109192e-01,2.471819547057518829e-01,3.104183765371439888e-04,2.391973021524449738e-01,2.110538337754198634e-01,2.391973021524449738e-01
8.380000000000000782e-01,1.401542648585986763e-04,2.168608269775949282e-01,2.454128121147980124e-01,3.613587707073910192e-04,2.374126850193507554e-01,2.093519858111256016e-01,2.374126850193507554e-01
8.386666666666666714e-01,1.849425700086456770e-04,2.151665410524668254e-01,2.436407799928763107e-01,4.104964406000179448e-04,2.356326752269327640e-01,2.076551585744792483e-01,2.356326752269327640e-01
8.393333333333333757e-01,2.328054690933038242e-04,2.134675590138463697e-01,2.418634486605612810e-01,4.563919387771073763e-04,2.338573040071316167e-01,2.059633824788307532e-01,2.338573040071316167e-01
8.399999999999999689e-01,2.824574404896338189e-04,2.117643040859229220e-01,2.400806428325401309e-01,4.977007945421918142e-04,2.320866025105003949e-01,2.042766878469954861e-01,2.320866025105003949e-01
8.406666666666666732e-01,3.325967796720596600e-04,2.100591205835677655e-01,2.382943263247431775e-01,5.332128990984030727e-04,2.303206018056569437e-01,2.025951049107102830e-01,2.303206018056569437e-01
8.413333333333333774e-01,3.819029632870543341e-04,2.083556060915100760e-01,2.365080095043704256e-01,5.618879546857847001e-04,2.285593328787399736e-01,2.009186638100918798e-01,2.285593328787399736e-01
8.419999999999999707e-01,4.290356955015479294e-04,2.066576791146013115e-01,2.347258181763900720e-01,5.828859492445908090e-04,2.268028266328641906e-01,1.992473945930963997e-01,2.268028266328641906e-01
8.426666666666666750e-01,4.726474075483797312e-04,2.049686249620706335e-01,2.329514660801882131e-01,5.955917638744890772e-04,2.250511138875788686e-01,1.975813272149808952e-01,2.250511138875788686e-01
8.433333333333332682e-01,5.114166434519561025e-04,2.032903616670579672e-01,2.311873939376516141e-01,5.996331922344838887e-04,2.233042253783267539e-01,1.959204915377664447e-01,2.233042253783267539e-01
8.439999999999999725e-01,5.441028900122290386e-04,2.016231015468478160e-01,2.294342874856157288e-01,5.948918440201298894e-04,2.215621917559049137e-01,1.942649173297029408e-01,2.215621917559049137e-01
8.446666666666666767e-01,5.696161444985335838e-04,1.999654730214598664e-01,2.276910797902499950e-01,5.815066131096749804e-04,2.198250435859266105e-01,1.926146342647354348e-01,2.198250435859266105e-01
8.453333333333332700e-01,5.870890774602252485e-04,1.983150458661826210e-01,2.259554116477715813e-01,5.598696087826635515e-04,2.180928113482855923e-01,1.909696719219723948e-01,2.180928113482855923e-01
8.460000000000000853e-01,5.959376517897729212e-04,1.966691039135442798e-01,2.242244065748410231e-01,5.306146692025799595e-04,2.163655254366203817e-01,1.893300597851553524e-01,2.163655254366203817e-01
8.466666666666666785e-01,5.958980606834647425e-04,1.950254545961317976e-01,2.224955437984079132e-01,4.945987936515982815e-04,2.146432161577828124e-01,1.876958272421311580e-01,2.146432161577828124e-01
8.473333333333333828e-01,5.870332420124329230e-04,1.933830630341819012e-01,2.207673972606632173e-01,4.528770374447053438e-04,2.129259137313038175e-01,1.860670035843239312e-01,2.129259137313038175e-01
8.479999999999999760e-01,5.697094598497544696e-04,1.917423464823967139e-01,2.190400493640102531e-01,4.066716049560400114e-04,2.112136482888648803e-01,1.844436180062110908e-01,2.112136482888648803e-01
8.486666666666666803e-01,5.445504522113412717e-04,1.901050523623244171e-01,2.173150731331229824e-01,3.573360461516340370e-04,2.095064498737687908e-01,1.828256996047997740e-01,2.095064498737687908e-01
8.493333333333333846e-01,5.123814120802630458e-04,1.884737513629042849e-01,2.155950867686120265e-01,3.063156054615712707e-04,2.078043484404126229e-01,1.812132773791052531e-01,2.078043484404126229e-01
8.499999999999999778e-01,4.741761859455879556e-04,1.868510810846273629e-01,2.138829968406692761e-01,2.551048845385883463e-04,2.061073738537621269e-01,1.796063802296313239e-01,2.061073738537621269e-01
8.506666666666666821e-01,4.310181713013343631e-04,1.852389468334210698e-01,2.121811328264088248e-01,2.052040591376196423e-04,2.044155558888277324e-01,1.780050369578521086e-01,2.044155558888277324e-01
8.513333333333332753e-01,3.840793283619382326e-04,1.836379017480951892e-01,2.104905106551600569e-01,1.580749327066257378e-04,2.027289242301421324e-01,1.764092762656960522e-01,2.027289242301421324e-01
8.519999999999999796e-01,3.346143967587259763e-04,1.820468814019379766e-01,2.088104328430884504e-01,1.150981140624470839e-04,2.010475084712392835e-01,1.748191267550312233e-01,2.010475084712392835e-01
8.526666666666665728e-01,2.839612247422162658e-04,1.804633721491510356e-01,2.071385435999142377e-01,7.753257359628710165e-05,1.993713381141354879e-01,1.732346169271528624e-01,1.993713381141354879e-01
8.533333333333333881e-01,2.335351769240235199e-04,1.788839764995252546e-01,2.054713347176847782e-01,4.647876277636259879e-05,1.977004425688112244e-01,1.716557751822722910e-01,1.977004425688112244e-01
8.540000000000000924e-01,1.848069344682038047e-04,1.773052359498694386e-01,2.038049785992210594e-01,2.284637733144339163e-05,1.960348511526959492e-01,1.700826298190086516e-01,1.960348511526959492e-01
8.546666666666666856e-01,1.392582257481067456e-04,1.757245072840518396e-01,2.021362808463471328e-01,7.327708466115056888e-06,1.943745930901528418e-01,1.685152090338804254e-01,1.943745930901528418e-01
8.553333333333333899e-01,9.831737952841723932e-05,1.741406746134910033e-01,2.004635155214498365e-01,3.773627619884636222e-07,1.927196975119664923e-01,1.669535409208009469e-01,1.927196975119664923e-01
8.559999999999999831e-01,6.328362051082682708e-05,1.725545169127156719e-01,1.987869343471563022e-01,2.198944853519449517e-06,1.910701934548315328e-01,1.653976534705746126e-01,1.910701934548315328e-01
8.566666666666666874e-01,3.525342728675377925e-05,1.709686302800807189e-01,1.971088174021375372e-01,1.273909299847737924e-05,1.894261098608435723e-01,1.638475745703951714e-01,1.894261098608435723e-01
8.573333333333332806e-01,1.506266598572531216e-05,1.693869102562280404e-01,1.954330404025250156e-01,3.168904226609188610e-05,1.877874755769908810e-01,1.623033320033462346e-01,1.877874755769908810e-01
8.579999999999999849e-01,3.254540772594719639e-06,1.678137086339023809e-01,1.937642501398806893e-01,5.849366955057285286e-05,1.861543193546485453e-01,1.607649534479023701e-01,1.861543193546485453e-01
8.586666666666666892e-01,7.686585839785284037e-08,1.662528641433443088e-01,1.921068386153836349e-01,9.236775544380617590e-05,1.845266698490740098e-01,1.592324664774339982e-01,1.845266698490740098e-01
8.593333333333332824e-01,5.504784760728292472e-06,1.647068420615565576e-01,1.904639613754574856e-01,1.323189865891019753e-04,1.829045556189040633e-01,1.577058985597129814e-01,1.829045556189040633e-01
8.599999999999999867e-01,1.927904847371476744e-05,1.631761915705228216e-01,1.888368383953404062e-01,1.771770246810475038e-04,1.812880051256540170e-01,1.561852770564195469e-01,1.812880051256540170e-01
8.606666666666665799e-01,4.094706959110617898e-05,1.616594486888866533e-01,1.872245056212904768e-01,2.256277905591352179e-04,1.796770467332181875e-01,1.546706292226529000e-01,1.796770467332181875e-01
8.613333333333333952e-01,6.989500973572265231e-05,1.601535002418354170e-01,1.856240711828913703e-01,2.762519590709766972e-04,1.780717087073718785e-01,1.531619822064417824e-01,1.780717087073718785e-01
8.619999999999999885e-01,1.053637810497112088e-04,1.586543130821503333e-01,1.840314050753092401e-01,3.275665370298485972e-04,1.764720192152766376e-01,1.516593630482590827e-01,1.764720192152766376e-01
8.626666666666666927e-01,1.464486201225206126e-04,1.571578499219057345e-01,1.824420892163370056e-01,3.780683062747726463e-04,1.748780063249844030e-01,1.501627986805358084e-01,1.748780063249844030e-01
8.633333333333333970e-01,1.920887223162370502e-04,1.556609558292545437e-01,1.808523997131993022e-01,4.262778592044293093e-04,1.732896980049461189e-01,1.486723159271791106e-01,1.732896980049461189e-01
8.639999999999999902e-01,2.410581563356713186e-04,1.541620119245689646e-01,1.792600937016842755e-01,4.707829368004362624e-04,1.717071221235206280e-01,1.471879415030913907e-01,1.717071221235206280e-01
8.646666666666666945e-01,2.919703856820905514e-04,1.526612104922572266e-01,1.776648249401469870e-01,5.102797995883693498e-04,1.701303064484858407e-01,1.457097020136914611e-01,1.701303064484858407e-01
8.653333333333332877e-01,3.433057924825023304e-04,1.511603968506168849e-01,1.760681023042944826e-01,5.436114196084091592e-04,1.685592786465513471e-01,1.442376239544376770e-01,1.685592786465513471e-01
8.659999999999999920e-01,3.934654735847571997e-04,1.496625287138830807e-01,1.744728148137812684e-01,5.698013745933902573e-04,1.669940662828731381e-01,1.427717337103529271e-01,1.669940662828731381e-01
8.666666666666666963e-01,4.408470946810266527e-04,1.481708986532643546e-01,1.728824522873939618e-01,5.880824514523198343e-04,1.654346968205697710e-01,1.413120575555520952e-01,1.654346968205697710e-01
8.673333333333332895e-01,4.839319990172856706e-04,1.466883231900014406e-01,1.713002254233471355e-01,5.979191211439431088e-04,1.638811976202410037e-01,1.398586216527704373e-01,1.638811976202410037e-01
8.679999999999999938e-01,5.213690558567628339e-04,1.452165052093374598e-01,1.697283115437437928e-01,5.990232265575086076e-04,1.623335959394867911e-01,1.384114520528955117e-01,1.623335959394867911e-01
8.686666666666665870e-01,5.520410286459154691e-04,1.437557233012478064e-01,1.681674134132455645e-01,5.913624238372279084e-04,1.607919189324299447e-01,1.369705746944994695e-01,1.607919189324299447e-01
8.693333333333334023e-01,5.751034960507603495e-04,1.423049092857034681e-01,1.666167293021218743e-01,5.751611298688046525e-04,1.592561936492389307e-01,1.355360154033743714e-01,1.592561936492389307e-01
8.699999999999999956e-01,5.899933595495674473e-04,1.408620718079525158e-01,1.650743201064652776e-01,5.508939481722086072e-04,1.577264470356544712e-01,1.341077998920701952e-01,1.577264470356544712e-01
8.706666666666666998e-01,5.964116750438506033e-04,1.394249383046923252e-01,1.635377567862156822e-01,5.192717657837009598e-04,1.562027059325151457e-01,1.326859537594322902e-01,1.562027059325151457e-01
8.713333333333334041e-01,5.942916497340963245e-04,1.379916390500423029e-01,1.620048654199707228e-01,4.812209284075083461e-04,1.546849970752874337e-01,1.312705024901439643e-01,1.546849970752874337e-01
8.719999999999999973e-01,5.837652725705311197e-04,1.365612532108050337e-01,1.604743708415603543e-01,4.378561038838393329e-04,1.531733470935964236e-01,1.298614714542687676e-01,1.531733470935964236e-01
8.726666666666667016e-01,5.651403593580641392e-04,1.351340755471457933e-01,1.589462718733749835e-01,3.904476289155340554e-04,1.516677825107585753e-01,1.284588859067965216e-01,1.516677825107585753e-01
8.733333333333332948e-01,5.388943258081913467e-04,1.337115344007063777e-01,1.574218517967965469e-01,3.403842956040132174e-04,1.501683297433162867e-01,1.270627709871903210e-01,1.501683297433162867e-01
8.739999999999999991e-01,5.056835494414625319e-04,1.322957822006844142e-01,1.559033210227427357e-01,2.891326679321992374e-04,1.486750151005744036e-01,1.256731517189356717e-01,1.486750151005744036e-01
8.746666666666665924e-01,4.663602345213255641e-04,1.308890675934727688e-01,1.543931848827966857e-01,2.381941199844334978e-04,1.471878647841387000e-01,1.242900530090925160e-01,1.471878647841387000e-01
8.753333333333332966e-01,4.219845853533193947e-04,1.294930602653015794e-01,1.528935051224805941e-01,1.890608544332334851e-04,1.457069048874559958e-01,1.229134996478484509e-01,1.457069048874559958e-01
8.760000000000000009e-01,3.738201784053964355e-04,1.281083155160644693e-01,1.514052570489727023e-01,1.431721896949814338e-04,1.442321613953564119e-01,1.215435163080744591e-01,1.442321613953564119e-01
8.766666666666665941e-01,3.233046242611299918e-04,1.267340293000905616e-01,1.499279626139714827e-01,1.018723962862003776e-04,1.427636601835973740e-01,1.201801275448827339e-01,1.427636601835973740e-01
8.773333333333334094e-01,2.719944886104342426e-04,1.253681558810838814e-01,1.484597069443782391e-01,6.637131752951380985e-05,1.413014270184095589e-01,1.188233577951862685e-01,1.413014270184095589e-01
8.780000000000000027e-01,2.214907510737810993e-04,1.240078631154253874e-01,1.469975427200582996e-01,3.770892819320237821e-05,1.398454875560454502e-01,1.174732313772618719e-01,1.398454875560454502e-01
8.786666666666667069e-01,1.733565485183039641e-04,1.226502129132765878e-01,1.455381837626845976e-01,1.672486928964691594e-05,1.383958673423279218e-01,1.161297724903128381e-01,1.383958673423279218e-01
8.793333333333333002e-01,1.290409844433646879e-04,1.212928980594364103e-01,1.440788150251537669e-01,4.033851485673969419e-06,1.369525918122029562e-01,1.147930052140361812e-01,1.369525918122029562e-01
8.800000000000000044e-01,8.982089710167601659e-05,1.199348529061409901e-01,1.426178178064801683e-01,7.647661489553337210e-09,1.355156862892931968e-01,1.134629535081907170e-01,1.355156862892931968e-01
8.806666666666667087e-01,5.676733154894658890e-05,1.185765844470947350e-01,1.411552299120940046e-01,4.764202131342849561e-06,1.340851759854534420e-01,1.121396412121676983e-01,1.340851759854534420e-01
8.813333333333333020e-01,3.073662247069722518e-05,1.172201352252257439e-01,1.396928229726021320e-01,1.816417556229552700e-05,1.326610860003283321e-01,1.108230920445635176e-01,1.326610860003283321e-01
8.820000000000000062e-01,1.237947964449366613e-05,1.158686769359142804e-01,1.382337689676162440e-01,3.981502680484654103e-05,1.312434413209121187e-01,1.095133296027545194e-01,1.312434413209121187e-01
8.826666666666665995e-01,2.157192265390184529e-06,1.145258247012248265e-01,1.367819664810687175e-01,6.908251206155709709e-05,1.298322668211100428e-01,1.082103773624741860e-01,1.298322668211100428e-01
8.833333333333333037e-01,3.533208381864797685e-07,1.131948341858692725e-01,1.353411822915715212e-01,1.051092645350323472e-04,1.284275872613019898e-01,1.069142586773922515e-01,1.284275872613019898e-01
8.840000000000000080e-01,7.072292910561380340e-06,1.118778758792187411e-01,1.339142132798544216e-01,1.468399102798238569e-04,1.270294272879080588e-01,1.056249967786960786e-01,1.270294272879080588e-01
8.846666666666666012e-01,2.222227004285551026e-05,1.105755622690533235e-01,1.325022715339425339e-01,1.930519845101253524e-04,1.256378114329560758e-01,1.043426147746744220e-01,1.256378114329560758e-01
8.853333333333334165e-01,4.548666599672962583e-05,1.092868386468403563e-01,1.311047398733791725e-01,2.423917426955796552e-04,1.242527641136508959e-01,1.030671356503029545e-01,1.242527641136508959e-01
8.860000000000000098e-01,7.629451626237120304e-05,1.080092563087942659e-01,1.297193509993384009e-01,2.934138173886898459e-04,1.228743096319470929e-01,1.017985822668330542e-01,1.228743096319470929e-01
8.866666666666667140e-01,1.138025812878097761e-04,1.067395541668137160e-01,1.283427380091594905e-01,3.446235590699575483e-04,1.215024721741208014e-01,1.005369773613808970e-01,1.215024721741208014e-01
8.873333333333333073e-01,1.569006289788421734e-04,1.054744048420811486e-01,1.269712162504175457e-01,3.945208206705252811e-04,1.201372758103466248e-01,9.928234354652072657e-02,1.201372758103466248e-01
8.880000000000000115e-01,2.042461164259088942e-04,1.042111483453242726e-01,1.256016073984020653e-01,4.416439031410202757e-04,1.187787444942750709e-01,9.803470330987938686e-02,1.187787444942750709e-01
8.886666666666667158e-01,2.543270243599053617e-04,1.029483447799405121e-01,1.242319140915652681e-01,4.846123747174312796e-04,1.174269020626119431e-01,9.679407901373315859e-02,1.174269020626119431e-01
8.893333333333333091e-01,3.055441603799099689e-04,1.016860231006099097e-01,1.228616942550606328e-01,5.221675095290079921e-04,1.160817722347003422e-01,9.556049289460705198e-02,1.160817722347003422e-01
8.900000000000000133e-01,3.562991115831235715e-04,1.004255764308219084e-01,1.214920577876240776e-01,5.532091609325825088e-04,1.147433786121044713e-01,9.433396706287616729e-02,1.147433786121044713e-01
8.906666666666666066e-01,4.050727696086744512e-04,9.916934049311461330e-02,1.201252988567620694e-01,5.768279893994488969e-04,1.134117446781954947e-01,9.311452350236947006e-02,1.134117446781954947e-01
8.913333333333333108e-01,4.504823740712699865e-04,9.791997001764438102e-02,1.187642654214378229e-01,5.923321008654867459e-04,1.120868937977394647e-01,9.190218406997570366e-02,1.120868937977394647e-01
8.920000000000000151e-01,4.913114279349246102e-04,9.667977745887304519e-02,1.174116320206754771e-01,5.992673151960689051e-04,1.107688492164874972e-01,9.069697049525161925e-02,1.107688492164874972e-01
8.926666666666666083e-01,5.265146888978267581e-04,9.545020337100845742e-02,1.160692636004708456e-01,5.974304710178244930e-04,1.094576340607676390e-01,8.949890438003260673e-02,1.094576340607676390e-01
8.933333333333334236e-01,5.552073196513934066e-04,9.423154683201413750e-02,1.147378293705922508e-01,5.868753771632020857e-04,1.081532713370791515e-01,8.830800719804518528e-02,1.081532713370791515e-01
8.940000000000000169e-01,5.766510433134806966e-04,9.302301010187893904e-02,1.134167538580556217e-01,5.679112363851896795e-04,1.068557839316896380e-01,8.712430029452297719e-02,1.068557839316896380e-01
8.946666666666667211e-01,5.902496249064477073e-04,9.182302737102954193e-02,1.121044994437266906e-01,5.410935875181479334e-04,1.055651946102320327e-01,8.594780488582293154e-02,1.055651946102320327e-01
8.953333333333333144e-01,5.955613935705989480e-04,9.062977675533900879e-02,1.107990884468524340e-01,5.072080314266921809e-04,1.042815260173062392e-01,8.477854205904582219e-02,1.042815260173062392e-01
8.960000000000000187e-01,5.923293760388140738e-04,8.944173371109408188e-02,1.094987159579016711e-01,4.672472174774915891e-04,1.030048006760814344e-01,8.361653277165811970e-02,1.030048006760814344e-01
8.966666666666667229e-01,5.805222902181520102e-04,8.825811973123892651e-02,1.082022886724061522e-01,4.223817646962815505e-04,1.017350409879009820e-01,8.246179785111631966e-02,1.017350409879009820e-01
8.973333333333333162e-01,5.603745202813746086e-04,8.707913021088803385e-02,1.069097497754484538e-01,3.739259694507648317e-04,1.004722692318892746e-01,8.131435799449367174e-02,1.004722692318892746e-01
8.980000000000000204e-01,5.324118535261506855e-04,8.590588280056067616e-02,1.056221067191500801e-01,3.232993042245008251e-04,9.921650756456089348e-02,8.017423376810915714e-02,9.921650756456089348e-02
8.986666666666666137e-01,4.974525347941123219e-04,8.474009989067421422e-02,1.043411548380471510e-01,2.719848353433832952e-04,9.796777801943185038e-02,7.904144560715897772e-02,9.796777801943185038e-02
8.993333333333333179e-01,4.565791305670722708e-04,8.358360996430744261e-02,1.030689687787995634e-01,2.214857777730555664e-04,9.672610250663302156e-02,7.791601381535018245e-02,9.672610250663302156e-02
8.999999999999999112e-01,4.110839377874973095e-04,8.243780342291935626e-02,1.018072969355080098e-01,1.732814596785709339e-04,9.549150281252548333e-02,7.679795856453670855e-02,9.549150281252548333e-02
9.006666666666666154e-01,3.623970827104071877e-04,8.130319319118541055e-02,1.005570237710280146e-01,1.287839867281401034e-04,9.426400059931876185e-02,7.568729989435798999e-02,9.426400059931876185e-02
9.013333333333334307e-01,3.120102265668147235e-04,8.017920326594689395e-02,9.931785007657140119e-02,8.929687562437306481e-05,9.304361740469006825e-02,7.458405771187946731e-02,9.304361740469006825e-02
9.020000000000000240e-01,2.614089171011268944e-04,7.906424652027345401e-02,9.808828386583651193e-02,5.597686865957202177e-05,9.183037464140712813e-02,7.348825179123655293e-02,9.183037464140712813e-02
9.026666666666667282e-01,2.120231166252607041e-04,7.795607557824628386e-02,9.686595109772772050e-02,2.980004790603762950e-05,9.062429359695185760e-02,7.239990177327908227e-02,9.062429359695185760e-02
9.033333333333333215e-01,1.651993349318063987e-04,7.685231960410483787e-02,9.564815044032951019e-02,1.153324169830522433e-05,8.942539543314714789e-02,7.131902716522005303e-02,8.942539543314714789e-02
9.040000000000000258e-01,1.221909028996838865e-04,7.575107358030004623e-02,9.443251354331116953e-02,1.711561030694531374e-06,8.823370118578546806e-02,7.024564734028575230e-02,8.823370118578546806e-02
9.046666666666666190e-01,8.415734276812127383e-05,7.465139427235763236e-02,9.321760687536401191e-02,6.227239228838980907e-07,8.704923176425989617e-02,6.917978153736852043e-02,8.704923176425989617e-02
9.053333333333333233e-01,5.216131554064567274e-05,7.355357916689726772e-02,9.200332617682026315e-02,8.298626958259960559e-06,8.587200795119714902e-02,6.812144886068204064e-02,8.587200795119714902e-02
9.060000000000000275e-01,2.715314051901086514e-05,7.245915542965955525e-02,9.079098405983497544e-02,2.451441089986295559e-05,8.470205040209292935e-02,6.707066827941871034e-02,8.470205040209292935e-02
9.066666666666666208e-01,9.938000539587611235e-06,7.137057482771769212e-02,8.958306350818083519e-02,4.879504775593632724e-05,8.353937964494950741e-02,6.602745862740974636e-02,8.353937964494950741e-02
9.073333333333333250e-01,1.128056285533517653e-06,7.029068276358343970e-02,8.838268982608114832e-02,8.042925633243806218e-05,8.238401607991563402e-02,6.499183860278777425e-02,8.238401607991563402e-02
9.079999999999999183e-01,1.088448368440894776e-06,6.922208730174964075e-02,8.719294329503135543e-02,1.184903386279010550e-04,8.123597997892843814e-02,6.396382676765134667e-02,8.123597997892843814e-02
9.086666666666666226e-01,9.890279845489544848e-06,6.816658089391282316e-02,8.601617654256779599e-02,1.618633266856724291e-04,8.009529148535786403e-02,6.294344154773257038e-02,8.009529148535786403e-02
9.093333333333333268e-01,2.728370936894667311e-05,6.712475434884113135e-02,8.485350136658202647e-02,2.092776446589326089e-04,7.896197061365300973e-02,6.193070123206648875e-02,7.896197061365300973e-02
9.100000000000000311e-01,5.270015386621117463e-05,6.609589285051226115e-02,8.370456731225274505e-02,2.593443292802446749e-04,7.783603724899164356e-02,6.092562397266400309e-02,7.783603724899164356e-02
9.106666666666667354e-01,8.528556407043205365e-05,6.507817198025443728e-02,8.256767983888640972e-02,3.105967183928416936e-04,7.671751114693030338e-02,5.992822778418552265e-02,7.671751114693030338e-02
9.113333333333333286e-01,1.239589760519092939e-04,6.406909875864513770e-02,8.144022112994643570e-02,3.615334156066040187e-04,7.560641193305830954e-02,5.893853054361874316e-02,7.560641193305830954e-02
9.120000000000000329e-01,1.674844376993445670e-04,6.306608711169783832e-02,8.031926484156999557e-02,4.106622724647376269e-04,7.450275910265330426e-02,5.795654998995805607e-02,7.450275910265330426e-02
9.126666666666666261e-01,2.145418025741037242e-04,6.206703047658185951e-02,7.920223478515961424e-02,4.565440996998807008e-04,7.340657202033908091e-02,5.698230372388656678e-02,7.340657202033908091e-02
9.133333333333333304e-01,2.637835320960378225e-04,6.107073988391239355e-02,7.808745377181337821e-02,4.978348270945142469e-04,7.231786991974593903e-02,5.601580920746074277e-02,7.231786991974593903e-02
9.140000000000000346e-01,3.138700102336305681e-04,6.007715046374195733e-02,7.697445995267093721e-02,5.333248769074029789e-04,7.123667190317319042e-02,5.505708376379728208e-02,7.123667190317319042e-02
9.146666666666666279e-01,3.634832797831116661e-04,5.908725577365516596e-02,7.586402556878274472e-02,5.619745974540724586e-04,7.016299694125380237e-02,5.410614457676264644e-02,7.016299694125380237e-02
9.153333333333333321e-01,4.113262529090168612e-04,5.810279552102868422e-02,7.475788462533580758e-02,5.829447188438609088e-04,6.909686387262181650e-02,5.316300869066518248e-02,6.909686387262181650e-02
9.159999999999999254e-01,4.561191040100192945e-04,5.712578316102332604e-02,7.365824640682097635e-02,5.956209386978908405e-04,6.803829140358171046e-02,5.222769300994948433e-02,6.803829140358171046e-02
9.166666666666666297e-01,4.966052731192546494e-04,5.615799870852478115e-02,7.256722395445457108e-02,5.996319176296729773e-04,6.698729810778006333e-02,5.130021429889349699e-02,6.698729810778006333e-02
9.173333333333333339e-01,5.315760937815329620e-04,5.520057729952893705e-02,7.148632582063749186e-02,5.948601573255993865e-04,6.594390242587963580e-02,5.038058918130784714e-02,6.594390242587963580e-02
9.180000000000000382e-01,5.599166208211576491e-04,5.425379354270799814e-02,7.041613858663833825e-02,5.814454425609591123e-04,6.490812266523642016e-02,4.946883414023847680e-02,6.490812266523642016e-02
9.186666666666667425e-01,5.806678144719554712e-04,5.331708519984598715e-02,6.935627241459030312e-02,5.597807463204427939e-04,6.387997699957745357e-02,4.856496551767034570e-02,6.387997699957745357e-02
9.193333333333332247e-01,5.930941415021203072e-04,5.238929503459323345e-02,6.830556883535841839e-02,5.305007179792700514e-04,6.285948346868265590e-02,4.766899951423521353e-02,6.285948346868265590e-02
9.200000000000000400e-01,5.967427159890422925e-04,5.146905500484820484e-02,6.726250126861219036e-02,4.944630917741158664e-04,6.184665997806753496e-02,4.678095218892047019e-02,6.184665997806753496e-02
9.206666666666665222e-01,5.914811561608360364e-04,5.055520533625770113e-02,6.622565276734697359e-02,4.527235601874351036e-04,6.084152429867059619e-02,4.590083945878278143e-02,6.084152429867059619e-02
9.213333333333333375e-01,5.775060218946239006e-04,4.964713737636577973e-02,6.519414174764666392e-02,4.065048483084048817e-04,5.984409406653926761e-02,4.502867709866075624e-02,5.984409406653926761e-02
9.220000000000000417e-01,5.553206354366634545e-04,4.874497186771273305e-02,6.416788507750134651e-02,3.571608951118375452e-04,5.885438678252255529e-02,4.416448074089411591e-02,5.885438678252255529e-02
9.226666666666666350e-01,5.256882859825678803e-04,4.784952748745856244e-02,6.314763169972265056e-02,3.061371909346154488e-04,5.787241981196324103e-02,4.330826587504266190e-02,5.787241981196324103e-02
9.233333333333334503e-01,4.895722297282550494e-04,4.696208876690888268e-02,6.213475894512290876e-02,2.549284330306038023e-04,5.689821038439191875e-02,4.246004784760789436e-02,5.689821038439191875e-02
9.239999999999999325e-01,4.480759645813329746e-04,4.608403589903742326e-02,6.113088507954297923e-02,2.050347396497494775e-04,5.593177559322717179e-02,4.161984186175973766e-02,5.593177559322717179e-02
9.246666666666667478e-01,4.023953602473033953e-04,4.521643716921300293e-02,6.013740106289358622e-02,1.579177053133467754e-04,5.497313239547307190e-02,4.078766297706203081e-02,5.497313239547307190e-02
9.253333333333332300e-01,3.537889011267977553e-04,4.435971639640031577e-02,5.915504860674500320e-02,1.149575846103448789e-04,5.402229761142405412e-02,3.996352610920460985e-02,5.402229761142405412e-02
9.260000000000000453e-01,3.035651775977938368e-04,4.351348804448068597e-02,5.818366165758288855e-02,7.741285877953185885e-05,5.307928792436743953e-02,3.914744602973393994e-02,5.307928792436743953e-02
9.266666666666666385e-01,2.530801176317319201e-04,4.267660699719161288e-02,5.722214535391083323e-02,4.638336954160748524e-05,5.214411988029304945e-02,3.833943736579036032e-02,5.214411988029304945e-02
9.273333333333333428e-01,2.037325025183364116e-04,4.184742226140460847e-02,5.626870266843080753e-02,2.277810014466529034e-05,5.121680988760057146e-02,3.753951459984394834e-02,5.121680988760057146e-02
9.279999999999999361e-01,1.569464439247174727e-04,4.102417071471878979e-02,5.532125295891741207e-02,7.288547451090352202e-06,5.029737421681397536e-02,3.674769206943689220e-02,5.029737421681397536e-02
9.286666666666666403e-01,1.141337389874515809e-04,4.020541242915297991e-02,5.437793737559146884e-02,3.684651082908611670e-07,4.938582900029370171e-02,3.596398396692455923e-02,4.938582900029370171e-02
9.293333333333334556e-01,7.663597414366566307e-05,3.939039971812200586e-02,5.343758536865948067e-02,2.220571210564730769e-06,4.848219023195565053e-02,3.518840433922282296e-02,4.848219023195565053e-02
9.299999999999999378e-01,4.565358546667526722e-05,3.857928848062002619e-02,5.250002724505515445e-02,1.279060984000347379e-05,4.758647376698963566e-02,3.442096708755551515e-02,4.758647376698963566e-02
9.306666666666667531e-01,2.217435560401843496e-05,3.777313789250139053e-02,5.156617513538459124e-02,3.176894044879820765e-05,4.669869532158043429e-02,3.366168596720468809e-02,4.669869532158043429e-02
9.313333333333333464e-01,6.915315861830057911e-06,3.697369503147624609e-02,5.063784963323294391e-02,5.859960852320854731e-05,4.581887047263388801e-02,3.291057458726550505e-02,4.581887047263388801e-02
9.320000000000000506e-01,2.892814910599199204e-07,3.618301371123038013e-02,4.971739002623186410e-02,9.249663181171263846e-05,4.494701465750147035e-02,3.216764641040067985e-02,4.494701465750147035e-02
9.326666666666666439e-01,2.401188248090435293e-06,3.540299863026227789e-02,4.880713910903992925e-02,1.324670250255583035e-04,4.408314317371157809e-02,3.143291475260084900e-02,4.408314317371157809e-02
9.333333333333333481e-01,1.307192285544139369e-05,3.463498539468049670e-02,4.790892570965561009e-02,1.773398885223921812e-04,4.322727117869890751e-02,3.070639278294417032e-02,4.322727117869890751e-02
9.339999999999999414e-01,3.188071887400782662e-05,3.387945741427762086e-02,4.702366950174383803e-02,2.258007088436931741e-04,4.237941368954072086e-02,2.998809352336205894e-02,4.237941368954072086e-02
9.346666666666666456e-01,5.821337660672164487e-05,3.313596460342976835e-02,4.615120157933160633e-02,2.764298663004883410e-04,4.153958558269119083e-02,2.927802984840400385e-02,4.153958558269119083e-02
9.353333333333332389e-01,9.130364752468719304e-05,3.240325713884864567e-02,4.529033887389668361e-02,3.277442215590192711e-04,4.070780159372251739e-02,2.857621448500856018e-02,4.070780159372251739e-02
9.360000000000000542e-01,1.302590238103646509e-04,3.167959494203358844e-02,4.443918681285734945e-02,3.782405629821531485e-04,3.988407631706424733e-02,2.788266001227351562e-02,3.988407631706424733e-02
9.366666666666665364e-01,1.740686758993252928e-04,3.096315394421403355e-02,4.359559045093940044e-02,4.264396419720943815e-04,3.906842420574929003e-02,2.719737886123212850e-02,3.906842420574929003e-02
9.373333333333333517e-01,2.215983752612398763e-04,3.025243143591406503e-02,4.275762287481333496e-02,4.709295063358997255e-04,3.826085957115830244e-02,2.652038331462864065e-02,3.826085957115830244e-02
9.380000000000000560e-01,2.715827134448753647e-04,2.954655731800621618e-02,4.192399641988762277e-02,5.104068622581960828e-04,3.746139658277031909e-02,2.585168550669958432e-02,3.746139658277031909e-02
9.386666666666666492e-01,3.226270448149921844e-04,2.884544303765093284e-02,4.109430504234206499e-02,5.437152532166649290e-04,3.667004926791339603e-02,2.519129742295564064e-02,3.667004926791339603e-02
9.393333333333333535e-01,3.732296299365393875e-04,2.814973992148920093e-02,4.026904871456954416e-02,5.698789374203261588e-04,3.588683151151773887e-02,2.453923089996625992e-02,3.588683151151773887e-02
9.399999999999999467e-01,4.218289921896788467e-04,2.746062510374000856e-02,3.944944335026120963e-02,5.881314713590030281e-04,3.511175705587381984e-02,2.389549762514887529e-02,3.511175705587381984e-02
9.406666666666667620e-01,4.668741653787763092e-04,2.677947559365296409e-02,3.863707145099103818e-02,5.979381621327155717e-04,3.434483950038928757e-02,2.326010913655785287e-02,3.434483950038928757e-02
9.413333333333332442e-01,5.069085199768719229e-04,2.610751778916572605e-02,3.783346722596313966e-02,5.990117308383362347e-04,3.358609230135227441e-02,2.263307682267922880e-02,3.358609230135227441e-02
9.420000000000000595e-01,5.406533130698160453e-04,2.544554299740274528e-02,3.703974436883854943e-02,5.913207281677039734e-04,3.283552877169342715e-02,2.201441192222508211e-02,3.283552877169342715e-02
9.426666666666665417e-01,5.670763764179108553e-04,2.479375791320569469e-02,3.625635999272940752e-02,5.750904556891222848e-04,3.209316208075416177e-02,2.140412552393357315e-02,3.209316208075416177e-02
9.433333333333333570e-01,5.854346792704602119e-04,2.415179951146042073e-02,3.548306830540526313e-02,5.507963658240565838e-04,3.135900525405373868e-02,2.080222856636871134e-02,3.135900525405373868e-02
9.439999999999999503e-01,5.952859380193336247e-04,2.351889889973653169e-02,3.471906443789965491e-02,5.191501338613462848e-04,3.063307117306257599e-02,2.020873183772582682e-02,3.063307117306257599e-02
9.446666666666666545e-01,5.964721371680655523e-04,2.289414130015893223e-02,3.396326863069724228e-02,4.810788100176034113e-04,2.991537257497439706e-02,1.962364597563662910e-02,2.991537257497439706e-02
9.453333333333334698e-01,5.890845164698875003e-04,2.227674842367650954e-02,3.321466757757757238e-02,4.376976622671851233e-04,2.920592205248434201e-02,1.904698146697993144e-02,2.920592205248434201e-02
9.459999999999999520e-01,5.734232532629916215e-04,2.166630807650107154e-02,3.247261993797072310e-02,3.902775054883864635e-04,2.850473205356730474e-02,1.847874864769305514e-02,2.850473205356730474e-02
9.466666666666667673e-01,5.499645816069940194e-04,2.106289243161578104e-02,3.173704669532717570e-02,3.402074739915861377e-04,2.781181488125892068e-02,1.791895770258609272e-02,2.781181488125892068e-02
9.473333333333332495e-01,5.193435775164716205e-04,2.046703620480374089e-02,3.100845893262781094e-02,2.889543279775396161e-04,2.712718269344116181e-02,1.736761866516056685e-02,2.712718269344116181e-02
9.480000000000000648e-01,4.823537534069215747e-04,1.987958243219788146e-02,3.028781759540483121e-02,2.380194860091382474e-04,2.645084750262734555e-02,1.682474141742823504e-02,2.645084750262734555e-02
9.486666666666666581e-01,4.399572879483821955e-04,1.930143845347643411e-02,2.957626309348590499e-02,1.888950421953271882e-04,2.578282117575300680e-02,1.629033568973528232e-02,2.578282117575300680e-02
9.493333333333333623e-01,3.932946289127809357e-04,1.873330912085071839e-02,2.887478715299396370e-02,1.430200565269514642e-04,2.512311543396608671e-02,1.576441106058663194e-02,2.512311543396608671e-02
9.499999999999999556e-01,3.436810610945763159e-04,1.817548086874192989e-02,2.818393594230977905e-02,1.017383988035123972e-04,2.447174185242283889e-02,1.524697695647552961e-02,2.447174185242283889e-02
9.506666666666666599e-01,2.925809921149816607e-04,1.762771631305168341e-02,2.750362640471110814e-02,6.625938107769671875e-05,2.382871186008316683e-02,1.473804265171333415e-02,2.382871186008316683e-02
9.513333333333332531e-01,2.415570809050544842e-04,1.708928855841027744e-02,2.683312760457557886e-02,3.762233185812491017e-05,2.319403673951166839e-02,1.423761726826453661e-02,2.319403673951166839e-02
9.519999999999999574e-01,1.921987904096351008e-04,1.655914644585994647e-02,2.617121431710479201e-02,1.666614983938463981e-05,2.256772762667809060e-02,1.374570977558201360e-02,2.256772762667809060e-02
9.526666666666667727e-01,1.460410936541413200e-04,1.603616780431694339e-02,2.551645405875654221e-02,4.004729058006036081e-06,2.194979551076332511e-02,1.326232899044735118e-02,2.194979551076332511e-02
9.533333333333333659e-01,1.044870331359961079e-04,1.551943624009007559e-02,2.486755451293973934e-02,8.975373873703550510e-09,2.134025123396597265e-02,1.278748357681233974e-02,2.134025123396597265e-02
9.540000000000000702e-01,6.874682626134776204e-05,1.500847239765414065e-02,2.422368435545333917e-02,4.795941089541968502e-06,2.073910549131158590e-02,1.232118204564325303e-02,2.073910549131158590e-02
9.546666666666666634e-01,3.980164450984911644e-05,1.450336278020691004e-02,2.358468849506959938e-02,1.822539599975175743e-05,2.014636883046629426e-02,1.186343275476931837e-02,2.014636883046629426e-02
9.553333333333333677e-01,1.839350506493944414e-05,1.400475436172426286e-02,2.295114519596004599e-02,3.990393531943530630e-05,1.956205165155026904e-02,1.141424390873178353e-02,1.956205165155026904e-02
9.559999999999999609e-01,5.035895254528546308e-06,1.351371586356596086e-02,2.232425068763762427e-02,6.919650415179936121e-05,1.898616420695671547e-02,1.097362355863795540e-02,1.898616420695671547e-02
9.566666666666666652e-01,3.479830192200771618e-08,1.303149925697282170e-02,2.170555812100672874e-02,1.052450008968438915e-04,1.841871660117050391e-02,1.054157960201581971e-02,1.841871660117050391e-02
9.573333333333332584e-01,3.508160035751658424e-06,1.255925988722966964e-02,2.109663307692913672e-02,1.469934146286302242e-04,1.785971879059234518e-02,1.011811978267355104e-02,1.785971879059234518e-02
9.580000000000000737e-01,1.539403175641621072e-05,1.209780364776041721e-02,2.049870861371463210e-02,1.932187600628795159e-04,1.730918058336267107e-02,9.703251690559666284e-03,1.730918058336267107e-02
9.586666666666665559e-01,3.544300799550924259e-05,1.164742164594012065e-02,1.991242274556667691e-02,2.425669039002450393e-04,1.676711163919090974e-02,9.296982761628014638e-03,1.676711163919090974e-02
9.593333333333333712e-01,6.319750839884163258e-05,1.120784903620495113e-02,1.933769957816564369e-02,2.935922330425307656e-04,1.623352146918466757e-02,8.899320277703492640e-03,1.623352146918466757e-02
9.599999999999998535e-01,9.796674171579219589e-05,1.077835237792891879e-02,1.877379800810509425e-02,3.448000026338013044e-04,1.570841943568417054e-02,8.510271366352508901e-03,1.570841943568417054e-02
9.606666666666666687e-01,1.388097756828438490e-04,1.035791843762216662e-02,1.821950961091036228e-02,3.946901233759761061e-04,1.519181475209667280e-02,8.129843000754276294e-03,1.519181475209667280e-02
9.613333333333333730e-01,1.845387638356578517e-04,9.945494903492550776e-03,1.767345204254536575e-02,4.418011054052134955e-04,1.468371648273594267e-02,7.758041999576649993e-03,1.468371648273594267e-02
9.619999999999999662e-01,2.337500358069590856e-04,9.540224470253627631e-03,1.713438465614510256e-02,4.847528714299169654e-04,1.418413354266271666e-02,7.394875026853548437e-03,1.418413354266271666e-02
9.626666666666667815e-01,2.848836985527056329e-04,9.141618714176418317e-03,1.660147211001210266e-02,5.222871849546956245e-04,1.369307469752785618e-02,7.040348591865193233e-03,1.369307469752785618e-02
9.633333333333332638e-01,3.363047536744819248e-04,8.749634867006641017e-03,1.607443787382058231e-02,5.533045092787516710e-04,1.321054856341957046e-02,6.694469049022206200e-03,1.321054856341957046e-02
9.640000000000000790e-01,3.863928407394489218e-04,8.364642947820192381e-03,1.555357783071318299e-02,5.768962175150919034e-04,1.273656360671107136e-02,6.357242597750834869e-03,1.273656360671107136e-02
9.646666666666665613e-01,4.336253742946330849e-04,7.987297626281102472e-03,1.503963827044630872e-02,5.923712100643254829e-04,1.227112814391317398e-02,6.028675282382706460e-03,1.227112814391317398e-02
9.653333333333333766e-01,4.766407880984322885e-04,7.618352261616269556e-03,1.453359507499827653e-02,5.992761598064420998e-04,1.181425034152723888e-02,5.708772992045660008e-03,1.181425034152723888e-02
9.659999999999999698e-01,5.142742768388053548e-04,7.258465788618489491e-03,1.403639433080472107e-02,5.974087919441788651e-04,1.136593821590301846e-02,5.397541460558978599e-03,1.136593821590301846e-02
9.666666666666666741e-01,5.455661395485026776e-04,6.908052418879643240e-03,1.354872242768382848e-02,5.868238094760870605e-04,1.092619963309687282e-02,5.094986266329850667e-03,1.092619963309687282e-02
9.673333333333332673e-01,5.697502390409613397e-04,6.567209657628004203e-03,1.307086308774398076e-02,5.678312907173934960e-04,1.049504230873486189e-02,4.801112832254146416e-03,1.049504230873486189e-02
9.679999999999999716e-01,5.862349131746578913e-04,6.235736641973172942e-03,1.260267268559990377e-02,5.409876058119439477e-04,1.007247380787628342e-02,4.515926425618468389e-03,1.007247380787628342e-02
9.686666666666667869e-01,5.945894044027841231e-04,5.913229758325377200e-03,1.214367165761795486e-02,5.070791183285907559e-04,9.658501544881868683e-03,4.239432158006390533e-03,9.658501544881868683e-03
9.693333333333332691e-01,5.945453079015213709e-04,5.599223339749558742e-03,1.169321899160437675e-02,4.670991493901942879e-04,9.253132783283289642e-03,3.971634985206552552e-03,9.253132783283289642e-03
9.700000000000000844e-01,5.860158709326809606e-04,5.293334383794409681e-03,1.125071739999662646e-02,4.222188791520468183e-04,8.856374635655344524e-03,3.712539707123600503e-03,8.856374635655344524e-03
9.706666666666666776e-01,5.691284223220611279e-04,4.995372610392369121e-03,1.081579270885501057e-02,3.737530380470358970e-04,8.468234063492029173e-03,3.462150967692723472e-03,8.468234063492029173e-03
9.713333333333333819e-01,5.442592545115036229e-04,4.705388857726255925e-03,1.038840131420430517e-02,3.231213928438445297e-04,8.088717877083406380e-03,3.220473254795778832e-03,8.088717877083406380e-03
9.719999999999999751e-01,5.120578274113515719e-04,4.423652150306540791e-03,9.968840302483003568e-03,2.718071557527065711e-04,7.717832735397086100e-03,2.987510900181470676e-03,7.717832735397086100e-03
9.726666666666666794e-01,4.734489234248309697e-04,4.150564747411046931e-03,9.557660515839531620e-03,2.213135349491382638e-04,7.355585145960441204e-03,2.763268079387115952e-03,7.355585145960441204e-03
9.733333333333332726e-01,4.296067004253727238e-04,3.886540602804877155e-03,9.155507718334019232e-03,1.731196993326334765e-04,7.001981464747332636e-03,2.547748811664371851e-03,7.001981464747332636e-03
9.739999999999999769e-01,3.819017412694633204e-04,3.631882006555587575e-03,8.762935625885238944e-03,1.286374474958430021e-04,6.657027896065718410e-03,2.340956959906649332e-03,6.657027896065718410e-03
9.746666666666665702e-01,3.318290039337896112e-04,3.386688925545251663e-03,8.380242035914862650e-03,8.916985025146206400e-05,6.320730492449644529e-03,2.142896230580405067e-03,6.320730492449644529e-03
9.753333333333333854e-01,2.809290708880696858e-04,3.150825656282286221e-03,8.007372999643200262e-03,5.587307824937030648e-05,5.993095154552201265e-03,1.953570173658198458e-03,5.993095154552201265e-03
9.759999999999998677e-01,2.307160614804039432e-04,2.923952759208097493e-03,7.643921258563062156e-03,2.972253291286095265e-05,5.674127631042828399e-03,1.772982182555548573e-03,5.674127631042828399e-03
9.766666666666666829e-01,1.826228154112855451e-04,2.705613989485164319e-03,7.289219156497731868e-03,1.148427285982262930e-05,5.363833518505633537e-03,1.601135494069649400e-03,5.363833518505633537e-03
9.773333333333333872e-01,1.379683249815030570e-04,2.495353426062877755e-03,6.942500777454100984e-03,1.692572848569894225e-06,5.062218261341889375e-03,1.438033188321748406e-03,5.062218261341889375e-03
9.779999999999999805e-01,9.794554695262968366e-05,2.292831077613449904e-03,6.603090447431703494e-03,6.342726402245596267e-07,4.769287151674204105e-03,1.283678188701758982e-03,4.769287151674204105e-03
9.786666666666666847e-01,6.362170601136368981e-05,2.097907040414472967e-03,6.270569313473527660e-03,8.340374264934924091e-06,4.485045329253404926e-03,1.138073261815736705e-03,4.485045329253404926e-03
9.793333333333332780e-01,3.593988003259042261e-05,1.910673605191954595e-03,5.944878844620817525e-03,2.458513384301461591e-05,4.209497781368982949e-03,1.001221017436613840e-03,4.209497781368982949e-03
9.800000000000000933e-01,1.571114891604423567e-05,1.731428774194622390e-03,5.626336937305327981e-03,4.889267456538831490e-05,3.942649342760883371e-03,8.731239084570657132e-04,3.942649342760883371e-03
9.806666666666665755e-01,3.590841042714116120e-06,1.560599883374223784e-03,5.315564255128988301e-03,8.055092711146627179e-05,3.684504695535357078e-03,7.537842308458802447e-04,3.684504695535357078e-03
9.813333333333333908e-01,3.912983370145353692e-08,1.398638662402167630e-03,5.013340336922186141e-03,1.186324891315788802e-04,3.435068369082147112e-03,6.432041236064950243e-04,3.435068369082147112e-03
9.819999999999998730e-01,5.273240466127169939e-06,1.245915770481389843e-03,4.720425860147347760e-03,1.620217927324385976e-04,3.194344739995659804e-03,5.413855687389481025e-04,3.194344739995659804e-03
9.826666666666666883e-01,1.922347057925983662e-05,1.102641775235352600e-03,4.437395100471986861e-03,2.094477841168911026e-04,2.962338031997549265e-03,4.483303912040839776e-04,2.962338031997549265e-03
9.833333333333332815e-01,4.150638825707676284e-05,9.688330119201689523e-04,4.164518894199540668e-03,2.595211580545500499e-04,2.739052315863209786e-03,3.640402588910917692e-04,2.739052315863209786e-03
9.839999999999999858e-01,7.142545926974197578e-05,8.443275384407867169e-04,3.901724163140678561e-03,3.107750564306764347e-04,2.524491509349775700e-03,2.885166825873838057e-04,2.524491509349775700e-03
9.846666666666668011e-01,1.080028867770437776e-04,7.288427116660764916e-04,3.648635432910144697e-03,3.617080386425071360e-04,2.318659377127864352e-03,2.217610159517036420e-04,2.318659377127864352e-03
9.853333333333332833e-01,1.500386159530685411e-04,6.220558073571033110e-04,3.404682888150955579e-03,4.108280650611452370e-04,2.121559530715308364e-03,1.637744554897738495e-04,2.121559530715308364e-03
9.860000000000000986e-01,1.961856775400830724e-04,5.236850362631086976e-04,3.169246212913906686e-03,4.566962050996866166e-04,1.933195428413618131e-03,1.145580405328092968e-04,1.933195428413618131e-03
9.866666666666665808e-01,2.450273844532460232e-04,4.335505470370971471e-04,2.941797300986768397e-03,4.979687894956999353e-04,1.753570375247718183e-03,7.411265321900618679e-05,1.753570375247718183e-03
9.873333333333333961e-01,2.951424472645740381e-04,3.516021794918095574e-04,2.722008347637467577e-03,5.334367719921282976e-04,1.582687522907494154e-03,4.243901847761014638e-05,1.582687522907494154e-03
9.879999999999999893e-01,3.451486417041407079e-04,2.779105041821246258e-04,2.509802829554393273e-03,5.620611473482775523e-04,1.420549869692937141e-03,1.953770401602206383e-05,1.420549869692937141e-03
9.886666666666666936e-01,3.937228251298876430e-04,2.126275797758593025e-04,2.305342178893089733e-03,5.830033881399171404e-04,1.267160260461112995e-03,5.409120309545099895e-06,1.267160260461112995e-03
9.893333333333332869e-01,4.396026426289106805e-04,1.559315066668815679e-04,2.108956907673592909e-03,5.956500087272426471e-04,1.122521386576646584e-03,5.352059408346764859e-08,1.122521386576646584e-03
9.899999999999999911e-01,4.815808455977224384e-04,1.079723145602745046e-04,1.921044101099457372e-03,5.996305368098325643e-04,9.866357858641238050e-04,3.471000861569010839e-06,9.866357858641238050e-04
9.906666666666665844e-01,5.185050326864356404e-04,6.883498379631707411e-05,1.741960391103252294e-03,5.948283661065448648e-04,8.595058425639152217e-04,1.566149985825373466e-05,8.595058425639152217e-04
9.913333333333332886e-01,5.492932497865393943e-04,3.852889189529109604e-05,1.571938793311365105e-03,5.813841722401816466e-04,7.411337872900114433e-04,3.662479908581609884e-05,7.411337872900114433e-04
9.919999999999998819e-01,5.729700439251552996e-04,1.700380313923851791e-05,1.411049228484236896e-03,5.596917917613678049e-04,6.315216969911950249e-04,6.636052280524746638e-05,6.315216969911950249e-04
9.926666666666666972e-01,5.887201380958714770e-04,4.183773884666393214e-06,1.259208694735341463e-03,5.303866850321915490e-04,5.306714949143089997e-04,1.048681380436378808e-04,5.306714949143089997e-04
9.933333333333334014e-01,5.959502261546782481e-04,5.007140505778475200e-09,1.116232409752523132e-03,4.943273209400031150e-04,4.385849505707536218e-04,1.521469546036723173e-04,4.385849505707536218e-04
9.939999999999999947e-01,5.943455247926301716e-04,4.443397786593663271e-06,9.819064717267317333e-04,4.525700287606882876e-04,3.552636797053250950e-04,2.081961250760164218e-04,3.552636797053250950e-04
9.946666666666666989e-01,5.839077865867618082e-04,1.752206074243527119e-05,8.560586262362787982e-04,4.063380538653102816e-04,2.807091442678024285e-04,2.730146448545684779e-04,2.807091442678024285e-04
9.953333333333332922e-01,5.649653874131071920e-04,3.929674651940154366e-05,7.386070077260884978e-04,3.569857237578018304e-04,2.149226523874669785e-04,3.466013521543397438e-04,2.149226523874669785e-04
9.959999999999999964e-01,5.381526541433436254e-04,6.982513154679406361e-05,6.295752913419749072e-04,3.059587741696835465e-04,1.579053583499682566e-04,4.289549280324352412e-04,1.579053583499682566e-04
9.966666666666665897e-01,5.043628838143869716e-04,1.091319496322707506e-04,5.290734662490356038e-04,2.547519974265129118e-04,1.096582625772314688e-04,5.200738964115154571e-04,1.096582625772314688e-04
9.973333333333334050e-01,4.646854510447398067e-04,1.571839025622535620e-04,4.372533188465062412e-04,2.048654537417051087e-04,7.018221160976497537e-05,6.199566241064532156e-04,7.018221160976497537e-05
9.979999999999998872e-01,4.203403272946116100e-04,2.138855077155164418e-04,3.542542702738416373e-04,1.577605281921766087e-04,3.947789809192479756e-05,7.286013208533842793e-04,3.947789809192479756e-05
9.986666666666667025e-01,3.726224064708236585e-04,2.791002241428655714e-04,2.801569935990683570e-04,1.148171206499137473e-04,1.754586075966501368e-05,8.460060393420391249e-04,1.754586075966501368e-05
9.993333333333331847e-01,3.228635081889929506e-04,3.526924485980490517e-04,2.149589367161597818e-04,7.729322275552205624e-05,4.386484431160246154e-06,9.721686752503808180e-04,4.386484431160246154e-06
1.000000000000000000e+00,2.724131621892163712e-04,4.345781987999534132e-04,1.585784961688845279e-04,4.628806609246846100e-05,2.076831257507370664e-30,1.107086967282608359e-03,2.076831257507370664e-30
1.000666666666666815e+00,2.226323722818676382e-04,5.247681419955878149e-04,1.108853421343536778e-04,2.270992110620258502e-05,4.386484431172308750e-06,1.250758497209425793e-03,4.386484431172308750e-06
1.001333333333333409e+00,1.748897657864710857e-04,6.233875487967585659e-04,7.174616535695096497e-05,7.249490071900583098e-06,1.754586075968915412e-05,1.403180689911487063e-03,1.754586075968915412e-05
1.002000000000000002e+00,1.305485018325917824e-04,7.306635068373403203e-04,4.107047045031056231e-05,3.596735420249872351e-07,3.947789809196097603e-05,1.564350813425705207e-03,3.947789809196097603e-05
1.002666666666666595e+00,9.093547233656501159e-05,8.468786915246797687e-04,1.884136082772891677e-05,2.242302998890283486e-06,7.018221160981319526e-05,1.734265978993885767e-03,7.018221160981319526e-05
1.003333333333333410e+00,5.729068700494350922e-05,9.723007768461243731e-04,5.121264542704907502e-06,1.284222836814184418e-05,1.096582625772917776e-04,1.912923141114897078e-03,1.096582625772917776e-04
1.004000000000000004e+00,3.070217035972233984e-05,1.107104667934079821e-03,3.058574017237472844e-08,3.184893359461006426e-05,1.579053583500406813e-04,2.100319097598843301e-03,1.579053583500406813e-04
1.004666666666666819e+00,1.203771088988743808e-05,1.251308944734186952e-03,3.705895681128459178e-06,5.870563295359812510e-05,2.149226523875513836e-04,2.296450489624893808e-03,2.149226523875513836e-04
1.005333333333333190e+00,1.887378254522081485e-06,1.404746556376376731e-03,1.625097193201839011e-05,9.262558162857942084e-05,2.807091442678988141e-04,2.501313801801029451e-03,2.807091442678988141e-04
1.006000000000000005e+00,5.290206579275281916e-07,1.567082437857003716e-03,3.769673189241756132e-05,1.326151227505884922e-04,3.552636797054336236e-04,2.714905362227530185e-03,3.552636797054336236e-04
1.006666666666666599e+00,7.923533605202462329e-06,1.737878553005253344e-03,6.798384479522234564e-05,1.775027957550758017e-04,4.385849505708740766e-04,2.937221342562287840e-03,4.385849505708740766e-04
1.007333333333333414e+00,2.373927392081327543e-05,1.916693026284021963e-03,1.069749382248299358e-04,2.259736533512844237e-04,5.306714949144413808e-04,3.168257758089944830e-03,5.306714949144413808e-04
1.008000000000000007e+00,4.739786412749012441e-05,2.103188902526416642e-03,1.544938213994803472e-04,2.766077818165082916e-04,6.315216969913073483e-04,3.408010467792775815e-03,6.315216969913073483e-04
1.008666666666666600e+00,7.812892591345783856e-05,2.297223513630880162e-03,2.103801214463544395e-04,3.279218961954652304e-04,7.411337872901681105e-04,3.656475174425465133e-03,7.411337872901681105e-04
1.009333333333333416e+00,1.150203600105604185e-04,2.498893314308668363e-03,2.745423136796795228e-04,3.784127919073443955e-04,8.595058425640837068e-04,3.913647424591634554e-03,8.595058425640837068e-04
1.010000000000000009e+00,1.570538711281373059e-04,2.708520251075269367e-03,3.469922190187861404e-04,4.266013798819769261e-04,9.866357858643044331e-04,4.179522608823868675e-03,9.866357858643044331e-04
1.010666666666666824e+00,2.031215442277280235e-04,2.926580968592184997e-03,4.278495285942193966e-04,4.710760152520446502e-04,1.122521386576839572e-03,4.454095961666584835e-03,1.122521386576839572e-03
1.011333333333333195e+00,2.520265249041104411e-04,3.153595159277503435e-03,5.173138930220638884e-04,5.105338503229518883e-04,1.267160260461318126e-03,4.737362561760875834e-03,1.267160260461318126e-03
1.012000000000000011e+00,3.024769966033995054e-04,3.390000368802033402e-03,6.156117511299671018e-04,5.438190004196242610e-04,1.420549869693154416e-03,5.029317331933384587e-03,1.420549869693154416e-03
1.012666666666666604e+00,3.530857567004692097e-04,3.636044970908369495e-03,7.229326436483182608e-04,5.699564045728848938e-04,1.582687522907723788e-03,5.329955039286621635e-03,1.582687522907723788e-03
1.013333333333333419e+00,4.023867720860858400e-04,3.891727634920165695e-03,8.393733342834901320e-04,5.881803891249501402e-04,1.753570375247959960e-03,5.639270295293468543e-03,1.753570375247959960e-03
1.014000000000000012e+00,4.488753922599521143e-04,4.156800637523919498e-03,9.649066540176030621e-04,5.979570975065090326e-04,1.933195428413872052e-03,5.957257555893020508e-03,1.933195428413872052e-03
1.014666666666666606e+00,4.910718373572265684e-04,4.430837976125886687e-03,1.099385686185633086e-03,5.990001291238494481e-04,2.121559530715572909e-03,6.283911121590719795e-03,2.121559530715572909e-03
1.015333333333333199e+00,5.276003055251573962e-04,4.713351427649874886e-03,1.242584009230328010e-03,5.912789292275793087e-04,2.318659377128142341e-03,6.619225137559725178e-03,2.318659377128142341e-03
1.016000000000000014e+00,5.572707538190191509e-04,5.003923596447211464e-03,1.394261779022061424e-03,5.750196839887652218e-04,2.524491509350065832e-03,6.963193593746659811e-03,2.524491509350065832e-03
1.016666666666666829e+00,5.791486815250038904e-04,5.302321176318710964e-03,1.554238746794958876e-03,5.506986945619557657e-04,2.739052315863512062e-03,7.315810324978616781e-03,2.739052315863512062e-03
1.017333333333333423e+00,5.926006029201547586e-04,5.608556256583223203e-03,1.722451920615010500e-03,5.190284242364209951e-04,2.962338031997863250e-03,7.677069011073956763e-03,2.962338031997863250e-03
1.018000000000000016e+00,5.973086672533880212e-04,5.922877401830581832e-03,1.898979016160765509e-03,4.809366274127494715e-04,3.194344739995984631e-03,8.046963176955935007e-03,3.194344739995984631e-03
1.018666666666666609e+00,5.932554104620718811e-04,6.245691328753891561e-03,2.084018306043773638e-03,4.375391718043418303e-04,3.435068369082484082e-03,8.425486192767981525e-03,3.435068369082484082e-03
1.019333333333333425e+00,5.806867256257910786e-04,6.577435108935889355e-03,2.277828211857278653e-03,3.901073500146785876e-04,3.684504695535704890e-03,8.812631273993424760e-03,3.684504695535704890e-03
1.020000000000000018e+00,5.600657225035450548e-04,6.918433090213339277e-03,2.480642293280930707e-03,3.400306380710483179e-04,3.942649342761242459e-03,9.208391481576181509e-03,3.942649342761242459e-03
1.020666666666666611e+00,5.320308178034449317e-04,7.268778647835673172e-03,2.692583661579333546e-03,2.887759918723171483e-04,4.209497781369354180e-03,9.612759722046075941e-03,4.209497781369354180e-03
1.021333333333333204e+00,4.973679302011495837e-04,7.628276619188977675e-03,2.913604922455674973e-03,2.378448739281088299e-04,4.485045329253787433e-03,1.002572874764500084e-02,4.485045329253787433e-03
1.022000000000000020e+00,4.570001323858199124e-04,7.996467970196872652e-03,3.143474639762622053e-03,1.887292692550951911e-04,4.769287151674598754e-03,1.044729115645783891e-02,4.769287151674598754e-03
1.022666666666666613e+00,4.119906564336077112e-04,8.372736598033966512e-03,3.381819663493596320e-03,1.428679789088545564e-04,5.062218261342296168e-03,1.087743939254409362e-02,5.062218261342296168e-03
1.023333333333333428e+00,3.635492460877451371e-04,8.756474402752394137e-03,3.628217020563219951e-03,1.016044714956874348e-04,5.363833518506049870e-03,1.131616574607435290e-02,5.363833518506049870e-03
1.023999999999999799e+00,3.130295022822048565e-04,9.147261905277781838e-03,3.882313609966514013e-03,6.614752736998794568e-05,5.674127631043163200e-03,1.176346235346744686e-02,5.674127631043163200e-03
1.024666666666666615e+00,2.619068755681960804e-04,9.545014172523017676e-03,4.143941452128155171e-03,3.753582841245745960e-05,5.993095154552643619e-03,1.221932119753244873e-02,5.993095154552643619e-03
1.025333333333333430e+00,2.117326291835585370e-04,9.950048528701772865e-03,4.413194584327475786e-03,1.660753070273300581e-05,6.320730492450097292e-03,1.268373410761142357e-02,6.320730492450097292e-03
1.026000000000000023e+00,1.640665124656412769e-04,1.036304994611612212e-02,4.690442074558567181e-03,3.975711429545034109e-06,6.657027896066185051e-03,1.315669275972627950e-02,6.657027896066185051e-03
1.026666666666666838e+00,1.203976045350707314e-04,1.078493628206594022e-02,4.976267777563819251e-03,1.040930104730578005e-08,7.001981464747813154e-03,1.363818867672839975e-02,7.001981464747813154e-03
1.027333333333333210e+00,8.206669077212894702e-05,1.121665157891059070e-02,5.271346808491655239e-03,4.827784566638229891e-06,7.355585145960928661e-03,1.412821322844958968e-02,7.355585145960928661e-03
1.028000000000000025e+00,5.020348257087218536e-05,1.165893493138827827e-02,5.576285901119235923e-03,1.828671619842636110e-05,7.717832735397588302e-03,1.462675763185789651e-02,7.717832735397588302e-03
1.028666666666666618e+00,2.568811257545748264e-05,1.211212092504730491e-02,5.891465613823700445e-03,3.999293591512523163e-05,8.088717877083919858e-03,1.513381295121387499e-02,8.088717877083919858e-03
1.029333333333333433e+00,9.139894723318485196e-06,1.257602335197599737e-02,6.216924319518640253e-03,6.931057794560890406e-05,8.468234063492553060e-03,1.564937009823194267e-02,8.468234063492553060e-03
1.030000000000000027e+00,9.292887828413829272e-07,1.304993696961939675e-02,6.552316419461300633e-03,1.053808061912207800e-04,8.856374635655882288e-03,1.617341983224205443e-02,8.856374635655882288e-03
1.030666666666666620e+00,1.203427560213673815e-06,1.353276501187055184e-02,6.896961218235163511e-03,1.471469731197127574e-04,9.253132783283839549e-03,1.670595276035657939e-02,9.253132783283839549e-03
1.031333333333333213e+00,9.913074942127746074e-06,1.402324853457253065e-02,7.249977166951319420e-03,1.933855733815274445e-04,9.658501544882427264e-03,1.724695933763736519e-02,9.658501544882427264e-03
1.032000000000000028e+00,2.683021175647251063e-05,1.452024566424127243e-02,7.610473556542980515e-03,2.427420853881523876e-04,1.007247380787686108e-02,1.779642986726813481e-02,1.007247380787686108e-02
1.032666666666666844e+00,5.155020341850164020e-05,1.502299304618713062e-02,7.977754503936663327e-03,2.937706509027439771e-04,1.049504230873544650e-02,1.835435450072712624e-02,1.049504230873544650e-02
1.033333333333333215e+00,8.347925179385667091e-05,1.553128392978105066e-02,8.351484046323052329e-03,3.449764302625287155e-04,1.092619963309746783e-02,1.892072323796414532e-02,1.092619963309746783e-02
1.034000000000000030e+00,1.218144761318023839e-04,1.604551742438900183e-02,8.731769193879688681e-03,3.948593924716134853e-04,1.136593821590362562e-02,1.949552592758022410e-02,1.136593821590362562e-02
1.034666666666666623e+00,1.655283697962215762e-04,1.656660571794766126e-02,9.119138146291110025e-03,4.419582573694540899e-04,1.181425034152785991e-02,2.007875226700848309e-02,1.181425034152785991e-02
1.035333333333333439e+00,2.133700511810368919e-04,1.709576128487925659e-02,9.514417670910357491e-03,4.848933026258473084e-04,1.227112814391380369e-02,2.067039180270010754e-02,1.227112814391380369e-02
1.036000000000000032e+00,2.638923295897589141e-04,1.763421521647861104e-02,9.918539200375891748e-03,5.224067815664425315e-04,1.273656360671171842e-02,2.127043393031032709e-02,1.273656360671171842e-02
1.036666666666666625e+00,3.155070906120658377e-04,1.818293427375100232e-02,1.033232089113658714e-02,5.533997678224157743e-04,1.321054856342023139e-02,2.187886789488991193e-02,1.321054856342023139e-02
1.037333333333333218e+00,3.665638216571616686e-04,1.874240489461428266e-02,1.075627881469841916e-02,5.769643474703299753e-04,1.369307469752852752e-02,2.249568279107648852e-02,1.369307469752852752e-02
1.038000000000000034e+00,4.154395815408411761e-04,1.931253698870882135e-02,1.119051372701235225e-02,5.924102156204054566e-04,1.418413354266340187e-02,2.312086756329148271e-02,1.418413354266340187e-02
1.038666666666666627e+00,4.606253595824978263e-04,1.989271160109185727e-02,1.163470198077447976e-02,5.992848983278213680e-04,1.468371648273663482e-02,2.375441100593676802e-02,1.468371648273663482e-02
1.039333333333333442e+00,5.007946103883295511e-04,2.048196032022909716e-02,1.208819359552305156e-02,5.973870074430954070e-04,1.519181475209737536e-02,2.439630176359704541e-02,1.519181475209737536e-02
1.040000000000000036e+00,5.348445727191060038e-04,2.107922949267517984e-02,1.255019289770288246e-02,5.867721401114993872e-04,1.570841943568488872e-02,2.504652833124201144e-02,1.570841943568488872e-02
1.040666666666666629e+00,5.619083681166476933e-04,2.168365898020514770e-02,1.301997439313840911e-02,5.677512501006437735e-04,1.623352146918540309e-02,2.570507905443315463e-02,1.623352146918540309e-02
1.041333333333333444e+00,5.813436168900255061e-04,2.229480072098802973e-02,1.349707574211898332e-02,5.408815386667637556e-04,1.676711163919165568e-02,2.637194212953326150e-02,1.676711163919165568e-02
1.042000000000000037e+00,5.927090502123725287e-04,2.291271879471542053e-02,1.398141483592079543e-02,5.069501318043678111e-04,1.730918058336343088e-02,2.704710560391655055e-02,1.730918058336343088e-02
1.042666666666666631e+00,5.957425632849577563e-04,2.353794509737766258e-02,1.447329832393578000e-02,4.669510220405543948e-04,1.785971879059311540e-02,2.773055737618455516e-02,1.785971879059311540e-02
1.043333333333333224e+00,5.903517413555889239e-04,2.417130344872975289e-02,1.497331866518053327e-02,4.220559502453282352e-04,1.841871660117128801e-02,2.842228519638136108e-02,1.841871660117128801e-02
1.044000000000000039e+00,5.766219044694404590e-04,2.481364969573853288e-02,1.548216723213090805e-02,3.735800804509074760e-04,1.898616420695750998e-02,2.912227666621483232e-02,1.898616420695750998e-02
1.044666666666666632e+00,5.548391454879633700e-04,2.546559759783617941e-02,1.600041388907741044e-02,3.229434732082031058e-04,1.956205165155108436e-02,2.983051923927718466e-02,1.956205165155108436e-02
1.045333333333333448e+00,5.255191886634316733e-04,2.612730551244487470e-02,1.652831329528466758e-02,2.716294860862355641e-04,2.014636883046712346e-02,3.054700022127154052e-02,2.014636883046712346e-02
1.045999999999999819e+00,4.894293459805221106e-04,2.679838558227881987e-02,1.706569294940105119e-02,2.211413199379425423e-04,2.073910549131242551e-02,3.127170677023769635e-02,2.073910549131242551e-02
1.046666666666666634e+00,4.475914976564731099e-04,2.747796749048565107e-02,1.761195877748381045e-02,1.729579838731379402e-04,2.134025123396681572e-02,3.200462589678410713e-02,2.134025123396681572e-02
1.047333333333333227e+00,4.012585723323013834e-04,2.816490855623722880e-02,1.816622458448600638e-02,1.284909689088391043e-04,2.194979551076418206e-02,3.274574446431893077e-02,2.194979551076418206e-02
1.048000000000000043e+00,3.518639256747643274e-04,2.885810058290529459e-02,1.872753824573152731e-02,8.904289950609798959e-05,2.256772762667896490e-02,3.349504918928723762e-02,2.256772762667896490e-02
1.048666666666666858e+00,3.009501306258379697e-04,2.955679355225493410e-02,1.929514861686576141e-02,5.576937426284722275e-05,2.319403673951255657e-02,3.425252664140751580e-02,2.319403673951255657e-02
1.049333333333333229e+00,2.500888778351793114e-04,3.026084702970541912e-02,1.986874165864125838e-02,2.964511360777526136e-05,2.382871186008406889e-02,3.501816324391311686e-02,2.382871186008406889e-02
1.050000000000000044e+00,2.008054964902799048e-04,3.097083607992650797e-02,2.044857821633694339e-02,1.143540617074672642e-05,2.447174185242375136e-02,3.579194527379624124e-02,2.447174185242375136e-02
1.050666666666666638e+00,1.545196252091457284e-04,3.168797534860256365e-02,2.103548941043385800e-02,1.673690284784231249e-06,2.512311543396700958e-02,3.657385886205233999e-02,2.512311543396700958e-02
1.051333333333333453e+00,1.125084474934900182e-04,3.241387190829862069e-02,2.163072227983066712e-02,6.459273508296450913e-07,2.578282117575395396e-02,3.736388999393049776e-02,2.578282117575395396e-02
1.052000000000000046e+00,7.589217918415435543e-05,3.315016146502404448e-02,2.223566749991431196e-02,8.382224834811633811e-06,2.645084750262830312e-02,3.816202450918283751e-02,2.645084750262830312e-02
1.052666666666666639e+00,4.563514119322586575e-05,3.389811286220525965e-02,2.285153206773552978e-02,2.465595429430606639e-05,2.712718269344212979e-02,3.896824810232010772e-02,2.712718269344212979e-02
1.053333333333333233e+00,2.255168792908680833e-05,3.465829623888928152e-02,2.347903520511203379e-02,4.899039027147934208e-05,2.781181488125989212e-02,3.978254632286626347e-02,2.781181488125989212e-02
1.054000000000000048e+00,7.305788820927416476e-06,3.543039896468318239e-02,2.411820274114806484e-02,8.067267557150457045e-05,2.850473205356829007e-02,4.060490457561936190e-02,2.850473205356829007e-02
1.054666666666666641e+00,3.964157066359871047e-07,3.621324201382228325e-02,2.476831479723796275e-02,1.187747038250051520e-04,2.920592205248533774e-02,4.143530812091124338e-02,2.920592205248533774e-02
1.055333333333333234e+00,2.127092393858672208e-06,3.700500323847889100e-02,2.542802743343074851e-02,1.621803075973430458e-04,2.991537257497541361e-02,4.227374207487365199e-02,2.991537257497541361e-02
1.056000000000000050e+00,1.256504968169410463e-05,3.780360262839500829e-02,2.609564763198213982e-02,2.096179555912717975e-04,3.063307117306358560e-02,4.312019140970329428e-02,3.063307117306358560e-02
1.056666666666666643e+00,3.150105485963726828e-05,3.860716121118769328e-02,2.676950163592806825e-02,2.596980011056747350e-04,3.135900525405475869e-02,4.397464095393192191e-02,3.135900525405475869e-02
1.057333333333333458e+00,5.842321056304193008e-05,3.941442290400490323e-02,2.744830978266895108e-02,3.109533905874847077e-04,3.209316208075519566e-02,4.483707539269905784e-02,3.209316208075519566e-02
1.058000000000000052e+00,9.251598982606303707e-05,4.022503533483569316e-02,2.813147572760736626e-02,3.618826397532143280e-04,3.283552877169448186e-02,4.570747926802466721e-02,3.283552877169448186e-02
1.058666666666666645e+00,1.326900293417450220e-04,4.103962051375819459e-02,2.881921751442630825e-02,4.109938183305129043e-04,3.358609230135334300e-02,4.658583697908832283e-02,3.358609230135334300e-02
1.059333333333333238e+00,1.776404915622275139e-04,4.185961892547373359e-02,2.951250748951906797e-02,4.568482549226192966e-04,3.434483950039036310e-02,4.747213278250668467e-02,3.434483950039036310e-02
1.060000000000000053e+00,2.259245077730118840e-04,4.268694626687569854e-02,3.021283638681548922e-02,4.981026816982970368e-04,3.511175705587490925e-02,4.836635079261785569e-02,3.511175705587490925e-02
1.060666666666666647e+00,2.760435691556491103e-04,4.352354655107443238e-02,3.092186032011502717e-02,5.335485843129239006e-04,3.588683151151883521e-02,4.926847498176393364e-02,3.588683151151883521e-02
1.061333333333333462e+00,3.265161500136329201e-04,4.437094869742819886e-02,3.164101685775821265e-02,5.621476043377423215e-04,3.667004926791449931e-02,5.017848918058045310e-02,3.667004926791449931e-02
1.061999999999999833e+00,3.759294884892470977e-04,4.522993226626211699e-02,3.237120247737748646e-02,5.830619571119673248e-04,3.746139658277145013e-02,5.109637707828402348e-02,3.746139658277145013e-02
1.062666666666666648e+00,4.229661903972530739e-04,4.610038194548290308e-02,3.311258823845294325e-02,5.956789739522470699e-04,3.826085957115945430e-02,5.202212222296689198e-02,3.826085957115945430e-02
1.063333333333333242e+00,4.664090892536947529e-04,4.698136495408729296e-02,3.386461714170126147e-02,5.996290497754533594e-04,3.906842420575020597e-02,5.295570802188957066e-02,3.906842420575020597e-02
1.064000000000000057e+00,5.051341933174823213e-04,4.787140968477270747e-02,3.462618235677790424e-02,5.947964703742250050e-04,3.988407631706542000e-02,5.389711774178050641e-02,3.988407631706542000e-02
1.064666666666666650e+00,5.381045974041618078e-04,4.876891153466688528e-02,3.539593968834098270e-02,5.813228021690440821e-04,4.070780159372369006e-02,5.484633450913400932e-02,4.070780159372369006e-02
1.065333333333333243e+00,5.643770037074594906e-04,4.967255767973327574e-02,3.617267188489834556e-02,5.596027451369383439e-04,4.153958558269237739e-02,5.580334131051353785e-02,4.153958558269237739e-02
1.066000000000000059e+00,5.831274153977229627e-04,5.058165759829780922e-02,3.695560738276471024e-02,5.302725704017549439e-04,4.237941368954190741e-02,5.676812099285750979e-02,4.237941368954190741e-02
1.066666666666666652e+00,5.936952984943201766e-04,5.149629262792533579e-02,3.774460779790792669e-02,4.941914811973788712e-04,4.322727117870010793e-02,5.774065626378474536e-02,4.322727117870010793e-02
1.067333333333333467e+00,5.956383824620580143e-04,5.241724777366513210e-02,3.854017432204121657e-02,4.524164432188712993e-04,4.408314317371279240e-02,5.872092969190671058e-02,4.408314317371279240e-02
1.067999999999999838e+00,5.887855181796043495e-04,5.334574747702082453e-02,3.934327283360224831e-02,4.061712216858697866e-04,4.494701465750270547e-02,5.970892370713760250e-02,4.494701465750270547e-02
1.068666666666666654e+00,5.732740549686267915e-04,5.428306814015416981e-02,4.015502656568043643e-02,3.568105321515550746e-04,4.581887047263513008e-02,6.070462060101167179e-02,4.581887047263513008e-02
1.069333333333333247e+00,5.495612493602053958e-04,5.523013180275847950e-02,4.097636010659621436e-02,3.057803552300081859e-04,4.669869532158168329e-02,6.170800252699818605e-02,4.669869532158168329e-02
1.070000000000000062e+00,5.184052921385185570e-04,5.618719120699763175e-02,4.180769139481629870e-02,2.545755777887915780e-04,4.758647376699090548e-02,6.271905150082376923e-02,4.758647376699090548e-02
1.070666666666666655e+00,4.808188182673606517e-04,5.715369557281225338e-02,4.264875734413112185e-02,2.046962014734830316e-04,4.848219023195693422e-02,6.373774940079225682e-02,4.848219023195693422e-02
1.071333333333333249e+00,4.380041520051400589e-04,5.812838237801564584e-02,4.349862646786728515e-02,1.576034013987717805e-04,4.938582900029499928e-02,6.476407796811199657e-02,4.938582900029499928e-02
1.072000000000000064e+00,3.912832432077537688e-04,5.910958191132911765e-02,4.435590504037977000e-02,1.146767222309227701e-04,5.029737421681528681e-02,6.579801880722091489e-02,5.029737421681528681e-02
1.072666666666666657e+00,3.420352441684098568e-04,6.009566214970539499e-02,4.521909197714494427e-02,7.717366556662054911e-05,5.121680988760188985e-02,6.683955338611720365e-02,5.121680988760188985e-02
1.073333333333333472e+00,2.916509755769185804e-04,6.108549836593919757e-02,4.608699421724366668e-02,4.619285246271739376e-05,5.214411988029436784e-02,6.788866303669244262e-02,5.214411988029436784e-02
1.074000000000000066e+00,2.415072261055112030e-04,6.207883911773078717e-02,4.695909207581379363e-02,2.264184024021823218e-05,5.307928792436875792e-02,6.894532895506387538e-02,5.307928792436875792e-02
1.074666666666666659e+00,1.929568383591354097e-04,6.307646354898219232e-02,4.783575157745695305e-02,7.210536342386158665e-06,5.402229761142537945e-02,7.000953220191415138e-02,5.402229761142537945e-02
1.075333333333333252e+00,1.473250713911266425e-04,6.408007810110899483e-02,4.871821778512974016e-02,3.509880663066064126e-07,5.497313239547441110e-02,7.108125370282805666e-02,5.497313239547441110e-02
1.076000000000000068e+00,1.059006240978190640e-04,6.509196802361254253e-02,4.960837965194637988e-02,2.264140210800959455e-06,5.593177559322852488e-02,7.216047424863714088e-02,5.593177559322852488e-02
1.076666666666666661e+00,6.991174555066295617e-05,6.611448188942876947e-02,5.050835667191827527e-02,1.289394856459856589e-05,5.689821038439327877e-02,7.324717449576129136e-02,5.689821038439327877e-02
1.077333333333333254e+00,4.048345752570244906e-05,6.714946992691576966e-02,5.142000382500131611e-02,3.192902167520213886e-05,5.787241981196461493e-02,7.434133496655809248e-02,5.787241981196461493e-02
1.077999999999999847e+00,1.857923827204907016e-05,6.819781107772406037e-02,5.234445325073652094e-02,5.881174280416600529e-05,5.885438678252398470e-02,7.544293604966934019e-02,5.885438678252398470e-02
1.078666666666666663e+00,4.937100039833252946e-06,6.925914696934444559e-02,5.328180481219680492e-02,9.275460484874585001e-05,5.984409406654066232e-02,7.655195800037516152e-02,5.984409406654066232e-02
1.079333333333333256e+00,1.360134129253200343e-08,7.033189626155270102e-02,5.423104564223325819e-02,1.327632797117058805e-04,6.084152429867169948e-02,7.766838094094524747e-02,6.084152429867169948e-02
1.080000000000000071e+00,3.948739883193308939e-06,7.141355834393865731e-02,5.519022738869695799e-02,1.776657463214132262e-04,6.184665997806892968e-02,7.879218486099787144e-02,6.184665997806892968e-02
1.080666666666666664e+00,1.656004734902066038e-05,7.250124407105749957e-02,5.615686910780257057e-02,2.261466240206312422e-04,6.285948346868405756e-02,7.992334961785610425e-02,6.285948346868405756e-02
1.081333333333333258e+00,3.736702199825462089e-05,7.359231144954889170e-02,5.712849683830428099e-02,2.767857055560287360e-04,6.387997699957888298e-02,8.106185493690989952e-02,6.387997699957888298e-02
1.082000000000000073e+00,6.563952801393525447e-05,7.468495333838265360e-02,5.810319283625869913e-02,3.280995608762252288e-04,6.490812266523804386e-02,8.220768041198051046e-02,6.490812266523804386e-02
1.082666666666666666e+00,1.004582418612719424e-04,7.577859352999601061e-02,5.908002071480853573e-02,3.785849929893069974e-04,6.594390242588110684e-02,8.336080550568387981e-02,6.594390242588110684e-02
1.083333333333333481e+00,1.407732702313287305e-04,7.687399537468378452e-02,6.005922164471585306e-02,4.267630728767627096e-04,6.698729810778156213e-02,8.452120954980139877e-02,6.698729810778156213e-02
1.083999999999999853e+00,1.854492314608770416e-04,7.797305936304887997e-02,6.104213431810368018e-02,4.712224634969470224e-04,6.803829140358304273e-02,8.568887174564772391e-02,6.803829140358304273e-02
1.084666666666666668e+00,2.332906757771880714e-04,7.907836249273900164e-02,6.203086107186158576e-02,5.106607637376694812e-04,6.909686387262332918e-02,8.686377116444628232e-02,6.909686387262332918e-02
1.085333333333333261e+00,2.830489904792989932e-04,8.019255297427278772e-02,6.302776474227575476e-02,5.439226611805173060e-04,7.016299694125512076e-02,8.804588674770155721e-02,7.016299694125512076e-02
1.086000000000000076e+00,3.334186508040135836e-04,8.131774580328292312e-02,6.403491985458391322e-02,5.700337760236340876e-04,7.123667190317467535e-02,8.923519730757940860e-02,7.123667190317467535e-02
1.086666666666666670e+00,3.830347504076037101e-04,8.245506261296546568e-02,6.505364972600601037e-02,5.882292047328229346e-04,7.231786991974731293e-02,9.043168152728395248e-02,7.231786991974731293e-02
1.087333333333333263e+00,4.304838949587019869e-04,8.360442423250069588e-02,6.608425852590592287e-02,5.979759272586169421e-04,7.340657202034062134e-02,9.163531796144246122e-02,7.340657202034062134e-02
1.088000000000000078e+00,4.743367008844941667e-04,8.476464321256844958e-02,6.712601979540745722e-02,5.989884214181587837e-04,7.450275910265499735e-02,9.284608503648747457e-02,7.450275910265499735e-02
1.088666666666666671e+00,5.132034828203407275e-04,8.593378877558341400e-02,6.817742037811802547e-02,5.912370270316542496e-04,7.560641193305986385e-02,9.406396105104414262e-02,7.560641193305986385e-02
1.089333333333333487e+00,5.458072783570994558e-04,8.710972611863339321e-02,6.923659467926052136e-02,5.749488147928124692e-04,7.671751114693202422e-02,9.528892417632063572e-02,7.671751114693202422e-02
1.089999999999999858e+00,5.710624073603110668e-04,8.829068578309941240e-02,7.030183413173390905e-02,5.506009344205216923e-04,7.783603724899318399e-02,9.652095245649668087e-02,7.783603724899318399e-02
1.090666666666666673e+00,5.881440790127701480e-04,8.947571134009230098e-02,7.137203583829644649e-02,5.189066369520540026e-04,7.896197061365473058e-02,9.776002380912010570e-02,7.896197061365473058e-02
1.091333333333333266e+00,5.965359323835430199e-04,9.066486835051107418e-02,7.244697039933009619e-02,4.807943806433358528e-04,8.009529148535923793e-02,9.900611602549957979e-02,8.009529148535923793e-02
1.092000000000000082e+00,5.960474232424706328e-04,9.185916389872718357e-02,7.352729874814756261e-02,4.373806325514311734e-04,8.123597997893002021e-02,1.002592067711056967e-01,8.123597997893002021e-02
1.092666666666666675e+00,5.868002004172392884e-04,9.306020400583958629e-02,7.461433689987193030e-02,3.899371625547137527e-04,8.238401607991706344e-02,1.015192735859683920e-01,8.238401607991706344e-02
1.093333333333333268e+00,5.691899694408036761e-04,9.426968438434585318e-02,7.570963552831276588e-02,3.398537879050169330e-04,8.353937964495114499e-02,1.027862938850823693e-01,8.353937964495114499e-02
1.093999999999999861e+00,5.438356863913050131e-04,9.548885204772697421e-02,7.681448967186320365e-02,2.885976596797355082e-04,8.470205040209438652e-02,1.040602449588089173e-01,8.470205040209438652e-02
1.094666666666666677e+00,5.115296770021195540e-04,9.671808332755801874e-02,7.792951152750154931e-02,2.376702838031750182e-04,8.587200795119884211e-02,1.053411039732861099e-01,8.587200795119884211e-02
1.095333333333333270e+00,4.731998903678364733e-04,9.795669660160560843e-02,7.905438384802562779e-02,1.885635356712887290e-04,8.704923176426143661e-02,1.066288479708348280e-01,8.704923176426143661e-02
1.096000000000000085e+00,4.298896960019060959e-04,9.920306073231480171e-02,8.018786740356306786e-02,1.427159568945416226e-04,8.823370118578714727e-02,1.079234538703734980e-01,8.823370118578714727e-02
1.096666666666666679e+00,3.827532619088358729e-04,1.004549842624735539e-01,8.132807257763464970e-02,1.014706144101786884e-04,8.942539543314900752e-02,1.092248984678289292e-01,8.942539543314900752e-02
1.097333333333333272e+00,3.330580335816629581e-04,1.017102929912227088e-01,8.247293577057225600e-02,6.603575644599983345e-05,9.062429359695356457e-02,1.105331584365535219e-01,9.062429359695356457e-02
1.098000000000000087e+00,2.821823712915339389e-04,1.029674466634840357e-01,8.362078263331047812e-02,3.744941788685386425e-05,9.183037464140904327e-02,1.118482103277444045e-01,9.183037464140904327e-02
1.098666666666666680e+00,2.315971938146279196e-04,1.042260273071073107e-01,8.477082943007596683e-02,1.654901190046717747e-05,9.304361740469180297e-02,1.131700305708611132e-01,9.304361740469180297e-02
1.099333333333333274e+00,1.828252671025324327e-04,1.054869605985265801e-01,8.592348272477805249e-02,3.946798610566120285e-06,9.426400059932057984e-02,1.144985954740510570e-01,9.426400059932057984e-02
1.099999999999999867e+00,1.373789440003806437e-04,1.067523995391523040e-01,8.708034632566055699e-02,1.194944250215407139e-08,9.549150281252713479e-02,1.158338812245711530e-01,9.549150281252713479e-02
1.100666666666666682e+00,9.668430564579668816e-05,1.080252870613826743e-01,8.824391994478177070e-02,4.859732551355754106e-06,9.672610250663478404e-02,1.171758638892177184e-01,9.672610250663478404e-02
1.101333333333333275e+00,6.200444918742824491e-05,1.093086961334797380e-01,8.941705440441433117e-02,1.834813613658674262e-05,9.796777801943347408e-02,1.185245194147522552e-01,9.796777801943347408e-02
1.102000000000000091e+00,3.437562970907993289e-05,1.106051022515556898e-01,9.060229111880913067e-02,4.008202856040090446e-05,9.921650756456271147e-02,1.198798236283358104e-01,9.921650756456271147e-02
1.102666666666666462e+00,1.456688749269456127e-05,1.119157624057145889e-01,9.180124368428169146e-02,6.942473340255670756e-05,1.004722692318909677e-01,1.212417522379590357e-01,1.004722692318909677e-01
1.103333333333333277e+00,3.067712899217497063e-06,1.132403539686922395e-01,9.301417182825424956e-02,1.055166803700738218e-04,1.017350409879028972e-01,1.226102808328807803e-01,1.017350409879028972e-01
1.104000000000000092e+00,1.011081786357724399e-07,1.145769705397975263e-01,9.423985566912004841e-02,1.473005856986619360e-04,1.030048006760835855e-01,1.239853848840627992e-01,1.030048006760835855e-01
1.104666666666666686e+00,5.653243711112632716e-06,1.159224897398056370e-01,9.547581066934830718e-02,1.935524244069997438e-04,1.042815260173081682e-01,1.253670397446105256e-01,1.042815260173081682e-01
1.105333333333333501e+00,1.950756810630840674e-05,1.172732371522184347e-01,9.671880385432740646e-02,2.429172870972225878e-04,1.055651946102341560e-01,1.267552206502164380e-01,1.055651946102341560e-01
1.105999999999999872e+00,4.127167249910188896e-05,1.186257934992399621e-01,9.796555680114382714e-02,2.939490709060954489e-04,1.068557839316915531e-01,1.281499027196004170e-01,1.068557839316915531e-01
1.106666666666666687e+00,7.038928235134573393e-05,1.199777513375412386e-01,9.921347021430078350e-02,3.451528418936191550e-04,1.081532713370812609e-01,1.295510609549595793e-01,1.081532713370812609e-01
1.107333333333333281e+00,1.061362258528551370e-04,1.213282371958323141e-01,1.004611946238117698e-01,3.950286278974454767e-04,1.094576340607693599e-01,1.309586702424128113e-01,1.094576340607693599e-01
1.108000000000000096e+00,1.476061183777757852e-04,1.226780738775598845e-01,1.017089076960019656e-01,4.421153589780933767e-04,1.107688492164894539e-01,1.323727053524540731e-01,1.107688492164894539e-01
1.108666666666666689e+00,1.936966332368436682e-04,1.240295485365603273e-01,1.029582326218545091e-01,4.850336682554516284e-04,1.120868937977412966e-01,1.337931409404015115e-01,1.120868937977412966e-01
1.109333333333333282e+00,2.431089134005821840e-04,1.253858490631967193e-01,1.042118227632624072e-01,5.225262993218990175e-04,1.134117446781975069e-01,1.352199515468550939e-01,1.134117446781975069e-01
1.109999999999999876e+00,2.943702735107719894e-04,1.267503091842487606e-01,1.054727193549218067e-01,5.534949365298123293e-04,1.147433786121063171e-01,1.366531115981491351e-01,1.147433786121063171e-01
1.110666666666666691e+00,3.458844843887864300e-04,1.281256445356683260e-01,1.067436411012592234e-01,5.770323792410365785e-04,1.160817722347024239e-01,1.380925954068146499e-01,1.160817722347024239e-01
1.111333333333333506e+00,3.960063604771595319e-04,1.295133609141990161e-01,1.080263764213011957e-01,5.924491175199042819e-04,1.174269020626142329e-01,1.395383771720364041e-01,1.174269020626142329e-01
1.112000000000000099e+00,4.431303763570680360e-04,1.309134734456709470e-01,1.093214208763304135e-01,5.992935307571103367e-04,1.187787444942771803e-01,1.409904309801167654e-01,1.187787444942771803e-01
1.112666666666666693e+00,4.857787521433052356e-04,1.323245999031394116e-01,1.106279420406652697e-01,5.973651175222916866e-04,1.201372758103489702e-01,1.424487308049414425e-01,1.201372758103489702e-01
1.113333333333333286e+00,5.226741858909230874e-04,1.337443983017291560e-01,1.119440742965395474e-01,5.867203690877500480e-04,1.215024721741228414e-01,1.439132505084429192e-01,1.215024721741228414e-01
1.114000000000000101e+00,5.527862871323106471e-04,1.351702301561064634e-01,1.132674634993575957e-01,5.676711145633031325e-04,1.228743096319493411e-01,1.453839638410724944e-01,1.228743096319493411e-01
1.114666666666666694e+00,5.753476579065426458e-04,1.365998713108474427e-01,1.145959165579508582e-01,5.407753861201975137e-04,1.242527641136530192e-01,1.468608444422671855e-01,1.242527641136530192e-01
1.115333333333333288e+00,5.898434412104124405e-04,1.380320804109791133e-01,1.159279822987168557e-01,5.068210718996972062e-04,1.256378114329581575e-01,1.483438658409257926e-01,1.256378114329581575e-01
1.115999999999999881e+00,5.959846502489916193e-04,1.394668762596423806e-01,1.172633083393420927e-01,4.668028354810693586e-04,1.270294272879099462e-01,1.498330014558797996e-01,1.270294272879099462e-01
1.116666666666666696e+00,5.936787242971476933e-04,1.409054565224997779e-01,1.186026805731083961e-01,4.218929780338189633e-04,1.284275872613040992e-01,1.513282245963733785e-01,1.284275872613040992e-01
1.117333333333333290e+00,5.830095606746780188e-04,1.423497874391651818e-01,1.199477396138573515e-01,3.734070967236777032e-04,1.298322668211119579e-01,1.528295084625380940e-01,1.298322668211119579e-01
1.118000000000000105e+00,5.642341482713565020e-04,1.438019797312347914e-01,1.213004558359920271e-01,3.227655453805784573e-04,1.312434413209142559e-01,1.543368261458769874e-01,1.312434413209142559e-01
1.118666666666666476e+00,5.377955656731758186e-04,1.452636196971419102e-01,1.226625075651830710e-01,2.714518264069386766e-04,1.326610860003302750e-01,1.558501506297431671e-01,1.326610860003302750e-01
1.119333333333333291e+00,5.043449494985261308e-04,1.467352359468305223e-01,1.240347310900299233e-01,2.209691328004506270e-04,1.340851759854556069e-01,1.573694547898278895e-01,1.340851759854556069e-01
1.120000000000000107e+00,4.647604562652296340e-04,1.482160500423380101e-01,1.254167928965789214e-01,1.727963133573843829e-04,1.355156862892956393e-01,1.588947113946433676e-01,1.355156862892956393e-01
1.120666666666666700e+00,4.201507145336413418e-04,1.497040901960683401e-01,1.268071798898940672e-01,1.283445510189972112e-04,1.369525918122052044e-01,1.604258931060118798e-01,1.369525918122052044e-01
1.121333333333333515e+00,3.718338953789710149e-04,1.511966543563363907e-01,1.282035243727025764e-01,8.891602343326821152e-05,1.383958673423303920e-01,1.619629724795578485e-01,1.383958673423303920e-01
1.121999999999999886e+00,3.212900622324198555e-04,1.526910136990707600e-01,1.296031933649514911e-01,5.566575673675682443e-05,1.398454875560477262e-01,1.635059219651961160e-01,1.398454875560477262e-01
1.122666666666666702e+00,2.700917710769509599e-04,1.541851757813634261e-01,1.310039972340880932e-01,2.956779001821578339e-05,1.413014270184120569e-01,1.650547139076294079e-01,1.413014270184120569e-01
1.123333333333333295e+00,2.198237236575043213e-04,1.556785015680091921e-01,1.324048320677465862e-01,1.138664164839661709e-05,1.427636601835994001e-01,1.666093205468404947e-01,1.427636601835994001e-01
1.124000000000000110e+00,1.720049441599528725e-04,1.571720027620391036e-01,1.338060784227707023e-01,1.654913346024013544e-06,1.442321613953586323e-01,1.681697140185932360e-01,1.442321613953586323e-01
1.124666666666666703e+00,1.280257815665064548e-04,1.586682270089127544e-01,1.352096374734022832e-01,6.576880505685239900e-07,1.457069048874580219e-01,1.697358663549287383e-01,1.457069048874580219e-01
1.125333333333333297e+00,8.910748877317633708e-05,1.601707451142088401e-01,1.366185790040446713e-01,8.424178653070477505e-06,1.471878647841409760e-01,1.713077494846695914e-01,1.471878647841409760e-01
1.125999999999999890e+00,5.628558528212962658e-05,1.616833559073027893e-01,1.380364767088133604e-01,2.472687222863738976e-05,1.486750151005765130e-01,1.728853352339201066e-01,1.486750151005765130e-01
1.126666666666666705e+00,3.041160251465551873e-05,1.632091953557557595e-01,1.394665867123717762e-01,4.908819483960736072e-05,1.501683297433185071e-01,1.744685953265744938e-01,1.501683297433185071e-01
1.127333333333333520e+00,1.216309632506479015e-05,1.647499623679088976e-01,1.409110655179390825e-01,8.079450166941393608e-05,1.516677825107610733e-01,1.760575013848205694e-01,1.516677825107610733e-01
1.127999999999999892e+00,2.050436880583778330e-06,1.663054508636134798e-01,1.423704161605114649e-01,1.189169826578203329e-04,1.531733470935987274e-01,1.776520249296499876e-01,1.531733470935987274e-01
1.128666666666666707e+00,4.113411081281328695e-07,1.678735110069577430e-01,1.438433007600812552e-01,1.623388712242191951e-04,1.546849970752900150e-01,1.792521373813698027e-01,1.546849970752900150e-01
1.129333333333333300e+00,7.389712599122816620e-06,1.694504641505181763e-01,1.453267749624292948e-01,2.097881590217631016e-04,1.562027059325175327e-01,1.808578100601112848e-01,1.562027059325175327e-01
1.130000000000000115e+00,2.290236901081808932e-05,1.710318859765992683e-01,1.468169013681380197e-01,2.598748583709501641e-04,1.577264470356570802e-01,1.824690141863483106e-01,1.577264470356570802e-01
1.130666666666666709e+00,4.660339152459106235e-05,1.726135776185847848e-01,1.483096058017216723e-01,3.111317208000615917e-04,1.592561936492412900e-01,1.840857208814089818e-01,1.592561936492412900e-01
1.131333333333333302e+00,7.785903768895254592e-05,1.741924921132484427e-01,1.498015756140723687e-01,3.620572188768970143e-04,1.607919189324323039e-01,1.857079011679971525e-01,1.607919189324323039e-01
1.131999999999999895e+00,1.157452387014114986e-04,1.757673913904073126e-01,1.512909832115449937e-01,4.111595322140947062e-04,1.623335959394889283e-01,1.873355259707079057e-01,1.623335959394889283e-01
1.132666666666666710e+00,1.590748105084804963e-04,1.773390770083958790e-01,1.527778590164914352e-01,4.570002491148355260e-04,1.638811976202433907e-01,1.889685661165527164e-01,1.638811976202433907e-01
1.133333333333333304e+00,2.064541010931033292e-04,1.789101457441572562e-01,1.542640264031954200e-01,4.982365036548505642e-04,1.654346968205720192e-01,1.906069923354783424e-01,1.654346968205720192e-01
1.134000000000000119e+00,2.563611506655626886e-04,1.804843384732095490e-01,1.557526221871416983e-01,5.336603138301957002e-04,1.669940662828755529e-01,1.922507752608953180e-01,1.669940662828755529e-01
1.134666666666666490e+00,3.072319124880923966e-04,1.820656462087993643e-01,1.572473279086891718e-01,5.622339683918242854e-04,1.685592786465535675e-01,1.938998854302004804e-01,1.685592786465535675e-01
1.135333333333333306e+00,3.575393627786832128e-04,1.836573903123716323e-01,1.587515034165389305e-01,5.831204257392713251e-04,1.701303064484883110e-01,1.955542932853089333e-01,1.701303064484883110e-01
1.136000000000000121e+00,4.058529385194158861e-04,1.852614953655257191e-01,1.602674317885519895e-01,5.957078343626399670e-04,1.717071221235233480e-01,1.972139691731803757e-01,1.717071221235233480e-01
1.136666666666666714e+00,4.508718834445229269e-04,1.868781248049989629e-01,1.617958527463404794e-01,5.996274565270594660e-04,1.732896980049486169e-01,1.988788833463520922e-01,1.732896980049486169e-01
1.137333333333333307e+00,4.914338815150693773e-04,1.885057612022679741e-01,1.633358899449404156e-01,5.947644701399395790e-04,1.748780063249870398e-01,2.005490059634737199e-01,1.748780063249870398e-01
1.137999999999999901e+00,5.265074246890891858e-04,1.901417023957858443e-01,1.648853814839244258e-01,5.812613323692950810e-04,1.764720192152791356e-01,2.022243070898383510e-01,1.764720192152791356e-01
1.138666666666666716e+00,5.551805207840040902e-04,1.917828379545782891e-01,1.664415225409751620e-01,5.595136064787067541e-04,1.780717087073745430e-01,2.039047566979234061e-01,1.780717087073745430e-01
1.139333333333333309e+00,5.766583213244264516e-04,1.934264966072261061e-01,1.680016483096992974e-01,5.301583741283959900e-04,1.796770467332204080e-01,2.055903246679247343e-01,1.796770467332204080e-01
1.140000000000000124e+00,5.902780881542315974e-04,1.950711376047909451e-01,1.695639476546405844e-01,4.940555725943423550e-04,1.812880051256566261e-01,2.072809807883000122e-01,1.812880051256566261e-01
1.140666666666666496e+00,5.955429951880008123e-04,1.967167043568686102e-01,1.711279163173109186e-01,4.522628036164078351e-04,1.829045556189063670e-01,2.089766947563073685e-01,1.829045556189063670e-01
1.141333333333333311e+00,5.921688258040028836e-04,1.983645535027721563e-01,1.726944307482034258e-01,4.060043518291569652e-04,1.845266698490766188e-01,2.106774361785510585e-01,1.845266698490766188e-01
1.141999999999999904e+00,5.801320466203220994e-04,2.000169879919832250e-01,1.742654286591036050e-01,3.566353203551928430e-04,1.861543193546508490e-01,2.123831745715234198e-01,1.861543193546508490e-01
1.142666666666666719e+00,5.597057309793653304e-04,2.016765262108420331e-01,1.758432890903929846e-01,3.056019341787662613e-04,1.877874755769934623e-01,2.140938793621547098e-01,1.877874755769934623e-01
1.143333333333333535e+00,5.314719133066846688e-04,2.033451054834243821e-01,1.774300833691269397e-01,2.543991741799551693e-04,1.894261098608464311e-01,2.158095198883575039e-01,1.894261098608464311e-01
1.143999999999999906e+00,4.963044468605515291e-04,2.050234344695538724e-01,1.790269001832280604e-01,2.045269829050139036e-04,1.910701934548341696e-01,2.175300653995782263e-01,1.910701934548341696e-01
1.144666666666666721e+00,4.553236118545662980e-04,2.067106735289894748e-01,1.806334286434601866e-01,1.574463249888110596e-04,1.927196975119693512e-01,2.192554850573494030e-01,1.927196975119693512e-01
1.145333333333333314e+00,4.098304683566187582e-04,2.084045423157025734e-01,1.822479195185175704e-01,1.145363894031231795e-04,1.943745930901555063e-01,2.209857479358388888e-01,1.943745930901555063e-01
1.146000000000000130e+00,3.612333600842721078e-04,2.101018452964172056e-01,1.838675509923581031e-01,7.705418725519362156e-05,1.960348511526988358e-01,2.227208230224086705e-01,1.960348511526988358e-01
1.146666666666666723e+00,3.109798449291556856e-04,2.117992928841972711e-01,1.854891208809256453e-01,4.609772868609432310e-05,1.977004425688138334e-01,2.244606792181658428e-01,1.977004425688138334e-01
1.147333333333333316e+00,2.605044509650813024e-04,2.134944087444473337e-01,1.871098964177291546e-01,2.257385757081955521e-05,1.993713381141382079e-01,2.262052853385248530e-01,1.993713381141382079e-01
1.147999999999999909e+00,2.111968889260925405e-04,2.151862802610683134e-01,1.887284007972910016e-01,7.171686276350809775e-06,2.010475084712417815e-01,2.279546101137623626e-01,2.010475084712417815e-01
1.148666666666666725e+00,1.643884154661199887e-04,2.168759427213182989e-01,1.903449212995411421e-01,3.424086842112348210e-07,2.027289242301448802e-01,2.297086221895809632e-01,2.027289242301448802e-01
1.149333333333333318e+00,1.213480767883515606e-04,2.185662805724072344e-01,1.919615898947987231e-01,2.286082838556513158e-06,2.044155558888302582e-01,2.314672901276679517e-01,2.044155558888302582e-01
1.149999999999999911e+00,8.327750470352213478e-05,2.202614537208854584e-01,1.935819968305801109e-01,1.294577041105952961e-05,2.061073738537649025e-01,2.332305824062625987e-01,2.061073738537649025e-01
1.150666666666666504e+00,5.129387100363762123e-05,2.219659780549818329e-01,1.952104191604851213e-01,3.200920466218688793e-05,2.078043484404151209e-01,2.349984674207168667e-01,2.078043484404151209e-01
1.151333333333333320e+00,2.639533024601154100e-05,2.236836757163694900e-01,1.968508451641361179e-01,5.891793803733854496e-05,2.095064498737714276e-01,2.367709134840663698e-01,2.095064498737714276e-01
1.152000000000000135e+00,9.410294088732751341e-06,2.254167447691714787e-01,1.985060273065904768e-01,9.288370142649045628e-05,2.112136482888677946e-01,2.385478888275943676e-01,2.112136482888677946e-01
1.152666666666666728e+00,9.388443054375403818e-07,2.271651742639215765e-01,2.001767913689862510e-01,1.329114958564477957e-04,2.129259137313064820e-01,2.403293616014028078e-01,2.129259137313064820e-01
1.153333333333333321e+00,1.299132975079329988e-06,2.289266554833415679e-01,2.018617718777903358e-01,1.778287401636607142e-04,2.146432161577856990e-01,2.421152998749848961e-01,2.146432161577856990e-01
1.153999999999999915e+00,1.049216203298264675e-05,2.306970266171523565e-01,2.035576477169144805e-01,2.263196207904392358e-04,2.163655254366230185e-01,2.439056716377935308e-01,2.163655254366230185e-01
1.154666666666666730e+00,2.819464406485344666e-05,2.324711597318131207e-01,2.052598355071969805e-01,2.769636374559996317e-04,2.180928113482881181e-01,2.457004447998195618e-01,2.180928113482881181e-01
1.155333333333333323e+00,5.378287644870540120e-05,2.342440861298622501e-01,2.069634868725669652e-01,3.282772155383406761e-04,2.198250435859289142e-01,2.474995871921623902e-01,2.198250435859289142e-01
1.156000000000000139e+00,8.638283363979499933e-05,2.360120908222091141e-01,2.086645562285938116e-01,3.787571661670640689e-04,2.215621917559074672e-01,2.493030665676111146e-01,2.215621917559074672e-01
1.156666666666666510e+00,1.249353745407366504e-04,2.377735111541659785e-01,2.103606820674900069e-01,4.269247208991525685e-04,2.233042253783291686e-01,2.511108506012177943e-01,2.233042253783291686e-01
1.157333333333333325e+00,1.682624638769209479e-04,2.395290493673395138e-01,2.120516682846673162e-01,4.713688510187490728e-04,2.250511138875815609e-01,2.529229068908818157e-01,2.250511138875815609e-01
1.157999999999999918e+00,2.151214724750427079e-04,2.412815325498078312e-01,2.137394532102815381e-01,5.107876024573642293e-04,2.268028266328666331e-01,2.547392029579256811e-01,2.268028266328666331e-01
1.158666666666666734e+00,2.642395449921431999e-04,2.430351902188118141e-01,2.154275838920586272e-01,5.440262354626379656e-04,2.285593328787426937e-01,2.565597062476817625e-01,2.285593328787426937e-01
1.159333333333333327e+00,3.143271742217346827e-04,2.447946334986864925e-01,2.171203351477592747e-01,5.701110517451562186e-04,2.303206018056599969e-01,2.583843841300721977e-01,2.303206018056599969e-01
1.159999999999999920e+00,3.640772982962030909e-04,2.465637851458484520e-01,2.188216948294156305e-01,5.882779181653361930e-04,2.320866025105030872e-01,2.602132039001947561e-01,2.320866025105030872e-01
1.160666666666666735e+00,4.121612264146030219e-04,2.483450151634321035e-01,2.205344611919312636e-01,5.979946513823667948e-04,2.338573040071346698e-01,2.620461327789115336e-01,2.338573040071346698e-01
1.161333333333333329e+00,4.572339494798671571e-04,2.501386843453968223e-01,2.222596645829191808e-01,5.989766077254126157e-04,2.356326752269354841e-01,2.638831379134320421e-01,2.356326752269354841e-01
1.162000000000000144e+00,4.979585092696295649e-04,2.519431983472009695e-01,2.239964442490585961e-01,5.911950215947773786e-04,2.374126850193536142e-01,2.657241863779060687e-01,2.374126850193536142e-01
1.162666666666666515e+00,5.330529764495075184e-04,2.537555480540399921e-01,2.257423995427862984e-01,5.748778481263771851e-04,2.391973021524473053e-01,2.675692451740106503e-01,2.391973021524473053e-01
1.163333333333333330e+00,5.613561201454245848e-04,2.555721873752485607e-01,2.274943170772973366e-01,5.505030854343701202e-04,2.409864953134363552e-01,2.694182812315449871e-01,2.409864953134363552e-01
1.163999999999999924e+00,5.819013324279954068e-04,2.573900108927044128e-01,2.292490787777232975e-01,5.187847720514016494e-04,2.427802331092479837e-01,2.712712614090186936e-01,2.427802331092479837e-01
1.164666666666666739e+00,5.939847680602898311e-04,2.592071685607455489e-01,2.310045070648818477e-01,4.806520697597317150e-04,2.445784840670715277e-01,2.731281524942510419e-01,2.445784840670715277e-01
1.165333333333333332e+00,5.972140316929450262e-04,2.610235023916072650e-01,2.327599202735809725e-01,4.372220445646461044e-04,2.463812166349066135e-01,2.749889212049608789e-01,2.463812166349066135e-01
1.165999999999999925e+00,5.915279613712319745e-04,2.628404965391623049e-01,2.345162517298677585e-01,3.897669431687545718e-04,2.481883991821210167e-01,2.768535341893683110e-01,2.481883991821210167e-01
1.166666666666666519e+00,5.771848811744112245e-04,2.646607652278125666e-01,2.362757070088708777e-01,3.396769235561756736e-04,2.500000000000011102e-01,2.787219580267875640e-01,2.500000000000011102e-01
1.167333333333333334e+00,5.547241606829812809e-04,2.664872241591853541e-01,2.380410595733116752e-01,2.884193314629408529e-04,2.518159873023129158e-01,2.805941592282309993e-01,2.518159873023129158e-01
1.168000000000000149e+00,5.249118820752962438e-04,2.683221705895142417e-01,2.398147801261790446e-01,2.374957156962042616e-04,2.536363292258558277e-01,2.824701042370046378e-01,2.536363292258558277e-01
1.168666666666666742e+00,4.886841484160284622e-04,2.701665197269796370e-01,2.415982360803320406e-01,1.883978415025930092e-04,2.554609938310231643e-01,2.843497594293123432e-01,2.554609938310231643e-01
1.169333333333333336e+00,4.471002551884142081e-04,2.720194074971160614e-01,2.433911785894683766e-01,1.425639905378826844e-04,2.572899491023645790e-01,2.862330911148592283e-01,2.572899491023645790e-01
1.169999999999999929e+00,4.013129763568127500e-04,2.738782809235015825e-01,2.451916634400630735e-01,1.013368275944197050e-04,2.591231629491436150e-01,2.881200655374519526e-01,2.591231629491436150e-01
1.170666666666666744e+00,3.525561292119064371e-04,2.757394739969260544e-01,2.469964446270105640e-01,6.592406834533937163e-05,2.609606032059054170e-01,2.900106488756085121e-01,2.609606032059054170e-01
1.171333333333333337e+00,3.021426632281851892e-04,2.775991369008154463e-01,2.488017582762249991e-01,3.736310031193440582e-05,2.628022376330365617e-01,2.919048072431591478e-01,2.628022376330365617e-01
1.171999999999999931e+00,2.514620756658017347e-04,2.794542834264167608e-01,2.506043074837859264e-01,1.649059345330826070e-05,2.646480339173351570e-01,2.938025066898596327e-01,2.646480339173351570e-01
1.172666666666666524e+00,2.019655254678996833e-04,2.813036778431665663e-01,2.524021942834911991e-01,3.917990611317293823e-06,2.664979596725735034e-01,2.957037132019934567e-01,2.664979596725735034e-01
1.173333333333333339e+00,1.551307849823354136e-04,2.831483157357272962e-01,2.541955459652220362e-01,1.359579769289697343e-08,2.683519824400705800e-01,2.976083927029875564e-01,2.683519824400705800e-01
1.173999999999999932e+00,1.124058775663042034e-04,2.849913554940071703e-01,2.559866546629266382e-01,4.891785032370832959e-06,2.702100696892572040e-01,2.995165110540177200e-01,2.702100696892572040e-01
1.174666666666666748e+00,7.513763427035486146e-05,2.868374989288735022e-01,2.577795732680184804e-01,1.840965579248477881e-05,2.720721888182513482e-01,3.014280340546252601e-01,2.720721888182513482e-01
1.175333333333333341e+00,4.449700416696513757e-05,2.886919598275679566e-01,2.595792518396400350e-01,4.017121322369215323e-05,2.739383071544262416e-01,3.033429274433260270e-01,2.739383071544262416e-01
1.175999999999999934e+00,2.141496408255561454e-05,2.905592620815428129e-01,2.613904168656933091e-01,6.953897048222170893e-05,2.758083919549850216e-01,3.052611568982260271e-01,2.758083919549850216e-01
1.176666666666666750e+00,6.540712578214758854e-06,2.924421523463795469e-01,2.632164603517853085e-01,1.056526233852559022e-04,2.776824104075377164e-01,3.071826880376387625e-01,2.776824104075377164e-01
1.177333333333333343e+00,2.282553182873443768e-07,2.943408897203534935e-01,2.650586046606466240e-01,1.474542523110450103e-04,2.795603296306720109e-01,3.091074864206969086e-01,2.795603296306720109e-01
1.178000000000000158e+00,2.550264102581020104e-06,2.962530924961905843e-01,2.669155468147612065e-01,1.937193130801728367e-04,2.814421166745350589e-01,3.110355175479747603e-01,2.814421166745350589e-01
1.178666666666666529e+00,1.333141214067275714e-05,2.981741951281299263e-01,2.687836771422038029e-01,2.430925089653731663e-04,2.833277385214076904e-01,3.129667468621014637e-01,2.833277385214076904e-01
1.179333333333333345e+00,3.218921529715252180e-05,3.000984224975943859e-01,2.706578344614257170e-01,2.941274929894090455e-04,2.852171620862873902e-01,3.149011397483852948e-01,2.852171620862873902e-01
1.179999999999999938e+00,5.856993397336905655e-05,3.020200577045568657e-01,2.725324302037048230e-01,3.453292374645612660e-04,2.871103542174647805e-01,3.168386615354294999e-01,2.871103542174647805e-01
1.180666666666666753e+00,9.177041701090391402e-05,3.039347005011202030e-01,2.744026788819965978e-01,3.951978295935483889e-04,2.890072816971100966e-01,3.187792774957584618e-01,2.890072816971100966e-01
1.181333333333333346e+00,1.309428829238779110e-04,3.058402120709680094e-01,2.762656394918915348e-01,4.422724101754488464e-04,2.909079112418502255e-01,3.207229528464350388e-01,2.909079112418502255e-01
1.181999999999999940e+00,1.750866712301389595e-04,3.077371213300066355e-01,2.781208160968368648e-01,4.851739682690292305e-04,2.928122095033591776e-01,3.226696527496890621e-01,2.928122095033591776e-01
1.182666666666666533e+00,2.230367709670022860e-04,3.096284054728593582e-01,2.799701774489924411e-01,5.226457381787036772e-04,2.947201430689369572e-01,3.246193423135370626e-01,2.947201430689369572e-01
1.183333333333333348e+00,2.734615919633157847e-04,3.115187130749667577e-01,2.818176032835725819e-01,5.535900153672455252e-04,2.966316784621012559e-01,3.265719865924122112e-01,2.966316784621012559e-01
1.184000000000000163e+00,3.248810621384014751e-04,3.134132300237083557e-01,2.836679067429475065e-01,5.771003128031064293e-04,2.985467821431702640e-01,3.285275505877864877e-01,2.985467821431702640e-01
1.184666666666666535e+00,3.757110355774062366e-04,3.153164668693472228e-01,2.855256808441111738e-01,5.924879157490389302e-04,3.004654205098536424e-01,3.304859992488001219e-01,3.004654205098536424e-01
1.185333333333333350e+00,4.243326792458985432e-04,3.172312574020226261e-01,2.873942502276735644e-01,5.993020570912524232e-04,3.023875598978432722e-01,3.324472974728912567e-01,3.023875598978432722e-01
1.185999999999999943e+00,4.691781783779007202e-04,3.191582031009553844e-01,2.892749754094222636e-01,5.973431221895261463e-04,3.043131665813999520e-01,3.344114101064208366e-01,3.043131665813999520e-01
1.186666666666666758e+00,5.088189881778532042e-04,3.210956888114344099e-01,2.911670672751706657e-01,5.866684964231718173e-04,3.062422067739499210e-01,3.363783019453082113e-01,3.062422067739499210e-01
1.187333333333333352e+00,5.420415227737069696e-04,3.230404529652732837e-01,2.930679442596813566e-01,5.675908841337688878e-04,3.081746466286728880e-01,3.383479377356561346e-01,3.081746466286728880e-01
1.187999999999999945e+00,5.678980408508596447e-04,3.249885539763258113e-01,2.949740300333777987e-01,5.406691482098333187e-04,3.101104522391007756e-01,3.403202821743886997e-01,3.101104522391007756e-01
1.188666666666666538e+00,5.857267429070811852e-04,3.269364702723452365e-01,2.968817768486299857e-01,5.066919386603235993e-04,3.120495896397075253e-01,3.422952999098784477e-01,3.120495896397075253e-01
1.189333333333333353e+00,5.951429104672473864e-04,3.288820371890753269e-01,2.987886393245668404e-01,4.666545897642105528e-04,3.139920248065105057e-01,3.442729555425850241e-01,3.139920248065105057e-01
1.189999999999999947e+00,5.960099807677996485e-04,3.308249721162734303e-01,3.006937363844087718e-01,4.217299625752836682e-04,3.159377236576618730e-01,3.462532136256850079e-01,3.159377236576618730e-01
1.190666666666666762e+00,5.884036385710081753e-04,3.327668557093916291e-01,3.025980256237579269e-01,3.732340869265980926e-04,3.178866520540519769e-01,3.482360386657119555e-01,3.178866520540519769e-01
1.191333333333333355e+00,5.725820392196030164e-04,3.347105863409062243e-01,3.045039497638791226e-01,3.225876094240198678e-04,3.198387757999039960e-01,3.502213951231882838e-01,3.198387757999039960e-01
1.191999999999999948e+00,5.489711556404605749e-04,3.366594636338670066e-01,3.064146592688513637e-01,2.712741767777230532e-04,3.217940606433757900e-01,3.522092474132641482e-01,3.217940606433757900e-01
1.192666666666666764e+00,5.181673092532419799e-04,3.386161506789752695e-01,3.083330270873343437e-01,2.207969735976770252e-04,3.237524722771621954e-01,3.541995599063570976e-01,3.237524722771621954e-01
1.193333333333333357e+00,4.809514889583405288e-04,3.405817940322146131e-01,3.102607232583148300e-01,1.726346878426602584e-04,3.257139763390935472e-01,3.561922969287866225e-01,3.257139763390935472e-01
1.193999999999999950e+00,4.383045641975007677e-04,3.425555426584387386e-01,3.121976003429544622e-01,1.281981938782002727e-04,3.276785384127428591e-01,3.581874227634178065e-01,3.276785384127428591e-01
1.194666666666666544e+00,3.914107753112008956e-04,3.445346103018319672e-01,3.141415632636350153e-01,8.878922207793112445e-05,3.296461240280252336e-01,3.601849016502973178e-01,3.296461240280252336e-01
1.195333333333333359e+00,3.416394637230895769e-04,3.465148892630517397e-01,3.160889774584444423e-01,5.556222570778849272e-05,3.316166986618072077e-01,3.621846977872990037e-01,3.316166986618072077e-01
1.195999999999999952e+00,2.905009696993969114e-04,3.484919769893098929e-01,3.180355323270838697e-01,2.949056217158196105e-05,3.335902277385077719e-01,3.641867753307604372e-01,3.335902277385077719e-01
1.196666666666666767e+00,2.395799856341077148e-04,3.504623577457990913e-01,3.199773533192550312e-01,1.133797931003902390e-05,3.355666766307096593e-01,3.661910983961308430e-01,3.355666766307096593e-01
1.197333333333333139e+00,1.904560617212881898e-04,3.524244271696433950e-01,3.219120785077286273e-01,1.636242038944475327e-06,3.375460106597626964e-01,3.681976310586086432e-01,3.375460106597626964e-01
1.197999999999999954e+00,1.446244898136206966e-04,3.543790781144235957e-01,3.238396102710976998e-01,6.695547352769195623e-07,3.395281950963964790e-01,3.702063373537908264e-01,3.395281950963964790e-01
1.198666666666666769e+00,1.034304847526556771e-04,3.563296760881983216e-01,3.257623274851619288e-01,8.466235704845166365e-06,3.415131951613255001e-01,3.722171812783131029e-01,3.415131951613255001e-01
1.199333333333333362e+00,6.802565842434151085e-05,3.582814098106442136e-01,3.276846805664210271e-01,2.479788762089760651e-05,3.435009760258619371e-01,3.742301267904970530e-01,3.435009760258619371e-01
1.200000000000000178e+00,3.934948442813517098e-05,3.602401616166638343e-01,3.296122517203079472e-01,4.918608823511559766e-05,3.454915028125276066e-01,3.762451378109979983e-01,3.454915028125276066e-01
1.200666666666666549e+00,1.813165792984133807e-05,3.622111621082780841e-01,3.315505000517972589e-01,8.091640536202566656e-05,3.474847405956622559e-01,3.782621782234474317e-01,3.474847405956622559e-01
1.201333333333333364e+00,4.905960524235562900e-06,3.641977471737423144e-01,3.335034901971037913e-01,1.190593255796084255e-04,3.494806544020411243e-01,3.802812118751042747e-01,3.494806544020411243e-01
1.201999999999999957e+00,2.402107729509452481e-08,3.662005157261325472e-01,3.354729079195554742e-01,1.624974835568806803e-04,3.514792092114835675e-01,3.823022025775004162e-01,3.514792092114835675e-01
1.202666666666666773e+00,3.658928945596530252e-06,3.682170987464658540e-01,3.374576007352008133e-01,2.099583943480984175e-04,3.534803699574726732e-01,3.843251141070918031e-01,3.534803699574726732e-01
1.203333333333333366e+00,1.579359160727433832e-05,3.702426113188641010e-01,3.394537621654720727e-01,2.600517297877074458e-04,3.554841015277652727e-01,3.863499102059033130e-01,3.554841015277652727e-01
1.203999999999999959e+00,3.619554657261801821e-05,3.722706966749363411e-01,3.414557298750378611e-01,3.113100470052634233e-04,3.574903687650133333e-01,3.883765545821843967e-01,3.574903687650133333e-01
1.204666666666666552e+00,6.438647379642717091e-05,3.742949228874521417e-01,3.434572208894112189e-01,3.622317759516790179e-04,3.594991364673755241e-01,3.904050109110547839e-01,3.594991364673755241e-01
1.205333333333333368e+00,9.961873789691396200e-05,3.763101988074402104e-01,3.454527156193250015e-01,4.113252066532145429e-04,3.615103693891401626e-01,3.924352428351585154e-01,3.615103693891401626e-01
1.205999999999999961e+00,1.408714668407657657e-04,3.783138672289212412e-01,3.474386590522267060e-01,4.571521876224642804e-04,3.635240322413384462e-01,3.944672139653129239e-01,3.635240322413384462e-01
1.206666666666666554e+00,1.868747319456512109e-04,3.803062150547676379e-01,3.494141893531542697e-01,4.983702553179779554e-04,3.655400896923684528e-01,3.965008878811644988e-01,3.655400896923684528e-01
1.207333333333333369e+00,2.361634619894775256e-04,3.822902899301044988e-01,3.513812234528317924e-01,5.337719605043532954e-04,3.675585063686112597e-01,3.985362281318378663e-01,3.675585063686112597e-01
1.207999999999999963e+00,2.871549132669225040e-04,3.842710859519691269e-01,3.533438933949819005e-01,5.623202394799443893e-04,3.695792468550528898e-01,4.005731982365908772e-01,3.695792468550528898e-01
1.208666666666666778e+00,3.382372341051236540e-04,3.862543110594133799e-01,3.553074887770676926e-01,5.831787940011116641e-04,3.716022756959077578e-01,4.026117616854701931e-01,3.716022756959077578e-01
1.209333333333333371e+00,3.878538406762240703e-04,3.882450411255442546e-01,3.572771758405130504e-01,5.957365899481962277e-04,3.736275573952366202e-01,4.046518819399614886e-01,3.736275573952366202e-01
1.209999999999999964e+00,4.345698277024063355e-04,3.902465836133283683e-01,3.592568075219346180e-01,5.996257570652179219e-04,3.756550564175742402e-01,4.066935224336493682e-01,3.756550564175742402e-01
1.210666666666666558e+00,4.771120217457454175e-04,3.922598177462744973e-01,3.612481065188468676e-01,5.947323654150306425e-04,3.776847371885477256e-01,4.087366465728676235e-01,3.776847371885477256e-01
1.211333333333333373e+00,5.143819177574993984e-04,3.942831605875272150e-01,3.632504071301153048e-01,5.811997628627022785e-04,3.797165640955057486e-01,4.107812177373599272e-01,3.797165640955057486e-01
1.211999999999999966e+00,5.454483030123449512e-04,3.963131530127282920e-01,3.652610040828842553e-01,5.594243758182626753e-04,3.817505014881389935e-01,4.128271992809319224e-01,3.817505014881389935e-01
1.212666666666666782e+00,5.695315533825759478e-04,3.983455013192049310e-01,3.672760063348640136e-01,5.300440962525525008e-04,3.837865136791096532e-01,4.148745545321123052e-01,3.837865136791096532e-01
1.213333333333333153e+00,5.859927969788627025e-04,4.003762903883325563e-01,3.692914647486952306e-01,4.939195951790668372e-04,3.858245649446734316e-01,4.169232467948054688e-01,3.858245649446734316e-01
1.213999999999999968e+00,5.943380360435080497e-04,4.024030400622637393e-01,3.713044697372813174e-01,4.521091100077014252e-04,3.878646195253109830e-01,4.189732393489541962e-01,3.878646195253109830e-01
1.214666666666666783e+00,5.942409360460675907e-04,4.044253228383440923e-01,3.733139224817679236e-01,4.058374443543043123e-04,3.899066416263511359e-01,4.210244954511933591e-01,3.899066416263511359e-01
1.215333333333333377e+00,5.855804209243814376e-04,4.064447855938839171e-01,3.753207735619139562e-01,3.564600884307570871e-04,3.919505954186003338e-01,4.230769783355105007e-01,3.919505954186003338e-01
1.215999999999999970e+00,5.684829027589490122e-04,4.084645821746620831e-01,3.773276709522350725e-01,3.054235110791829141e-04,3.939964450389743522e-01,4.251306512139066407e-01,3.939964450389743522e-01
1.216666666666666563e+00,5.433559119614189562e-04,4.104883797491236108e-01,3.793381215916286076e-01,2.542227866625141751e-04,3.960441545911216332e-01,4.271854772770510289e-01,3.960441545911216332e-01
1.217333333333333378e+00,5.109009753425091272e-04,4.125192099077653052e-01,3.813553998063557438e-01,2.043577980962623720e-04,3.980936881460592214e-01,4.292414196949465022e-01,3.980936881460592214e-01
1.217999999999999972e+00,4.720983821239993321e-04,4.145584732885626567e-01,3.833814993483202205e-01,1.572892990179562201e-04,4.001450097427977082e-01,4.312984416175839608e-01,4.001450097427977082e-01
1.218666666666666787e+00,4.281634409457098635e-04,4.166053695081159414e-01,3.854164129048923138e-01,1.143961222162061974e-04,4.021980833889774454e-01,4.333565061756081693e-01,4.021980833889774454e-01
1.219333333333333158e+00,3.804808564648401187e-04,4.186569213645046639e-01,3.874579409972762067e-01,7.693478786357943618e-05,4.042528730614946553e-01,4.354155764809737317e-01,4.042528730614946553e-01
1.219999999999999973e+00,3.305289165796111098e-04,4.207086138460930935e-01,3.895021015256325270e-01,4.600269479628181230e-05,4.063093427071391428e-01,4.374756156276108365e-01,4.063093427071391428e-01
1.220666666666666567e+00,2.798068909756163216e-04,4.227555062068545921e-01,3.915440595914563282e-01,2.250597312210256116e-05,4.083674562432212940e-01,4.395365866920820652e-01,4.083674562432212940e-01
1.221333333333333382e+00,2.297769823754040907e-04,4.247935404931541536e-01,3.935793574357157043e-01,7.132939887550996083e-06,4.104271775582103432e-01,4.415984527342491361e-01,4.104271775582103432e-01
1.221999999999999975e+00,1.818269860299517838e-04,4.268207031208728908e-01,3.956051328436743786e-01,3.339353987797671161e-07,4.124884705123631479e-01,4.436611767979299903e-01,4.124884705123631479e-01
1.222666666666666568e+00,1.372530387711098530e-04,4.288377226372580564e-01,3.976210014146988603e-01,2.308130874387332870e-06,4.145512989383631774e-01,4.457247219115663683e-01,4.145512989383631774e-01
1.223333333333333384e+00,9.725552022942549979e-05,4.308481019615550411e-01,3.996293538255402678e-01,1.299769388916162516e-05,4.166156266419506760e-01,4.477890510888815623e-01,4.166156266419506760e-01
1.223999999999999977e+00,6.293729251935453425e-05,4.328574547427878616e-01,4.016349667221538189e-01,3.208948252717266832e-05,4.186814174025596524e-01,4.498541273295459386e-01,4.186814174025596524e-01
1.224666666666666792e+00,3.529334157990107182e-05,4.348722926669667532e-01,4.036440036639508677e-01,5.902421861548543805e-05,4.207486349739553710e-01,4.519199136198412958e-01,4.207486349739553710e-01
1.225333333333333385e+00,1.518466419083535276e-05,4.368985471153531419e-01,4.056626390023152506e-01,9.301287131606801237e-05,4.228172430848657903e-01,4.539863729333205589e-01,4.228172430848657903e-01
1.225999999999999979e+00,3.295778148431981503e-06,4.389401741254547185e-01,4.076956318662677825e-01,1.330597711322940207e-04,4.248872054396231057e-01,4.560534682314758559e-01,4.248872054396231057e-01
1.226666666666666572e+00,8.238039993120534286e-08,4.409981757211822173e-01,4.097451898637183287e-01,1.779917772240612170e-04,4.269584857187955773e-01,4.581211624643976577e-01,4.269584857187955773e-01
1.227333333333333387e+00,5.721015729683102992e-06,4.430702794967523173e-01,4.118103952672145796e-01,2.264926435994522825e-04,4.290310475798294609e-01,4.601894185714441865e-01,4.290310475798294609e-01
1.227999999999999980e+00,2.007428500835758010e-05,4.451513689009105601e-01,4.138873382777165655e-01,2.771415774533710443e-04,4.311048546576822238e-01,4.622581994818997786e-01,4.311048546576822238e-01
1.228666666666666796e+00,4.268247342348931725e-05,4.472345790574429047e-01,4.159699391665012125e-01,3.284548601189067585e-04,4.331798705654654746e-01,4.643274681156455697e-01,4.331798705654654746e-01
1.229333333333333167e+00,7.278630531441748319e-05,4.493128071386200961e-01,4.180512772915507269e-01,3.789293113795909112e-04,4.352560588950777909e-01,4.663971873838176352e-01,4.352560588950777909e-01
1.229999999999999982e+00,1.093777648029191222e-04,4.513802771796965319e-01,4.201251173222375623e-01,4.270863238919096814e-04,4.373333832178494252e-01,4.684673201894780092e-01,4.373333832178494252e-01
1.230666666666666798e+00,1.512689714746680465e-04,4.534337814144767664e-01,4.221872674647567658e-01,4.715151777655782867e-04,4.394118070851765201e-01,4.705378294282746565e-01,4.394118070851765201e-01
1.231333333333333391e+00,1.971650822682557253e-04,4.554733025778430755e-01,4.242364423769274806e-01,5.109143664371240331e-04,4.414912940291628174e-01,4.726086779891084388e-01,4.414912940291628174e-01
1.231999999999999984e+00,2.457272853071841285e-04,4.575018810784349799e-01,4.262744286164282248e-01,5.441297232292841533e-04,4.435718075632609780e-01,4.746798287548005257e-01,4.435718075632609780e-01
1.232666666666666577e+00,2.956160799305053671e-04,4.595247802837028606e-01,4.283055288595730703e-01,5.701882317100683516e-04,4.456533111829089622e-01,4.767512446027519224e-01,4.456533111829089622e-01
1.233333333333333393e+00,3.455119092201324035e-04,4.615481711378854324e-01,4.303354415951154976e-01,5.883265294052277905e-04,4.477357683661750687e-01,4.788228884056163759e-01,4.477357683661750687e-01
1.233999999999999986e+00,3.941177158335260619e-04,4.635776639613768402e-01,4.323698658609492207e-01,5.980132698711234903e-04,4.498191425743939820e-01,4.808947230319583488e-01,4.498191425743939820e-01
1.234666666666666801e+00,4.401538246569079043e-04,4.656170413189776314e-01,4.344131757006759464e-01,5.989646880497936877e-04,4.519033972528128662e-01,4.829667113469248707e-01,4.519033972528128662e-01
1.235333333333333172e+00,4.823579194971298477e-04,4.676674904436565194e-01,4.364674801367041668e-01,5.911529129318329485e-04,4.539884958312277452e-01,4.850388162129055658e-01,4.539884958312277452e-01
1.235999999999999988e+00,5.195010476853350765e-04,4.697275098227202683e-01,4.385322835468606906e-01,5.748067840145875979e-04,4.560744017246300963e-01,4.871110004902040047e-01,4.560744017246300963e-01
1.236666666666666581e+00,5.504251365588393261e-04,4.717934972683722195e-01,4.406048127003528991e-01,5.504051476381834843e-04,4.581610783338436188e-01,4.891832270376974545e-01,4.581610783338436188e-01
1.237333333333333396e+00,5.741001474627630517e-04,4.738608527767527723e-01,4.426809118933136000e-01,5.186628295776161577e-04,4.602484890461718270e-01,4.912554587135080642e-01,4.602484890461718270e-01
1.237999999999999989e+00,5.896920103735940784e-04,4.759252944673046937e-01,4.447562629275921275e-01,4.805096948123786424e-04,4.623365972360350407e-01,4.933276583756640576e-01,4.623365972360350407e-01
1.238666666666666583e+00,5.966280075698086926e-04,4.779840301247676448e-01,4.468276003705843880e-01,4.370634079001418991e-04,4.644253662656183113e-01,4.953997888827696428e-01,4.644253662656183113e-01
1.239333333333333398e+00,5.946456338305721031e-04,4.800364701825239333e-01,4.488935931153119618e-01,3.895966919171198737e-04,4.665147594855095781e-01,4.974718130946662598e-01,4.665147594855095781e-01
1.239999999999999991e+00,5.838143065949192570e-04,4.820842983614593846e-01,4.509551550184681123e-01,3.395000450871513099e-04,4.686047402353450408e-01,4.995436938731012688e-01,4.686047402353450408e-01
1.240666666666666806e+00,5.645256194012058561e-04,4.841308939992974847e-01,4.530151064617000678e-01,2.882410072851255265e-04,4.706952718444537553e-01,5.016153940823943058e-01,4.706952718444537553e-01
1.241333333333333400e+00,5.374552837002869463e-04,4.861802724811447041e-01,4.550772873624049919e-01,2.373211696690562841e-04,4.727863176324971772e-01,5.036868765900993639e-01,4.727863176324971772e-01
1.241999999999999993e+00,5.035063529259988912e-04,4.882358331535431306e-01,4.571453686452858212e-01,1.882321868077230817e-04,4.748778409101170883e-01,5.057581042676739802e-01,4.748778409101170883e-01
1.242666666666666586e+00,4.637469276452735453e-04,4.902992509337780191e-01,4.592216855745345772e-01,1.424120798927283561e-04,4.769698049795754735e-01,5.078290399911420394e-01,4.769698049795754735e-01
1.243333333333333401e+00,4.193552626788202634e-04,4.923698133183575520e-01,4.613064084603159531e-01,1.012031110957832753e-04,4.790621731354020030e-01,5.098996466417619056e-01,4.790621731354020030e-01
1.243999999999999995e+00,3.715811179389896888e-04,4.944443969802567729e-01,4.633972815818213076e-01,6.581246310758410013e-05,4.811549086650342422e-01,5.119698871066877821e-01,4.811549086650342422e-01
1.244666666666666588e+00,3.217255535026849024e-04,4.965181191768573976e-01,4.654900211973824198e-01,3.727687571826346184e-05,4.832479748494661331e-01,5.140397242796399535e-01,4.832479748494661331e-01
1.245333333333333181e+00,2.711342584497075680e-04,4.985855226514250838e-01,4.675792979326223175e-01,1.643227538196240958e-05,4.853413349638873719e-01,5.161091210615645908e-01,4.853413349638873719e-01
1.245999999999999996e+00,2.211942500148284983e-04,5.006420019386810250e-01,4.696600735710514396e-01,3.889287441999303897e-06,4.874349522783330557e-01,5.181780403613036601e-01,4.874349522783330557e-01
1.246666666666666812e+00,1.733221774670192482e-04,5.026850995205590644e-01,4.717289565873963308e-01,1.534836603614978832e-08,4.895287900583235596e-01,5.202464450962556164e-01,4.895287900583235596e-01
1.247333333333333405e+00,1.289351167310932682e-04,5.047153206183091489e-01,4.737852182692862679e-01,4.923941998333817881e-06,4.916228115655110753e-01,5.223142981930418705e-01,4.916228115655110753e-01
1.247999999999999998e+00,8.940079549614857234e-05,5.067362341600040176e-01,4.758311860032656271e-01,1.847127514432032850e-05,4.937169800583257051e-01,5.243815625881727005e-01,4.937169800583257051e-01
1.248666666666666591e+00,5.597160752173518570e-05,5.087538107840982038e-01,4.778718863648092063e-01,4.026048987339531131e-05,4.958112587926162829e-01,5.264482012287080570e-01,4.958112587926162829e-01
1.249333333333333407e+00,2.971305501185993043e-05,5.107751429283603484e-01,4.799140043381259213e-01,6.965328914412268575e-05,4.979056110223000209e-01,5.285141770729259170e-01,4.979056110223000209e-01
1.250000000000000000e+00,1.144031065137167569e-05,5.128068458477497149e-01,4.819644005201099701e-01,1.057886351885939808e-04,5.000000000000016653e-01,5.305794530909813123e-01,5.000000000000016653e-01
1.250666666666666815e+00,1.675445647271098370e-06,5.148535162131676612e-01,4.840285385886690661e-01,1.476079729024490448e-04,5.020943889777038649e-01,5.326439922655760162e-01,5.020943889777038649e-01
1.251333333333333186e+00,6.329429156239985194e-07,5.169166147810153600e-01,4.861091968250336182e-01,1.938862393419075059e-04,5.041887412073868813e-01,5.347077575926151294e-01,5.041887412073868813e-01
1.252000000000000002e+00,8.233994836989773849e-06,5.189940463229202328e-01,4.882057711975811287e-01,2.432677509305582414e-04,5.062830199416782362e-01,5.367707120818772104e-01,5.062830199416782362e-01
1.252666666666666595e+00,2.414297256261069055e-05,5.210805522307377924e-01,4.903143421039751759e-01,2.943059170894432000e-04,5.083771884344923109e-01,5.388328187576714168e-01,5.083771884344923109e-01
1.253333333333333410e+00,4.781446914974703223e-05,5.231688397496190301e-01,4.924285016489222677e-01,3.455056169128938363e-04,5.104712099416803817e-01,5.408940406595049710e-01,5.104712099416803817e-01
1.254000000000000004e+00,7.853789725034953642e-05,5.252511895146911858e-01,4.945407582012220082e-01,3.953669974999487655e-04,5.125650477216702194e-01,5.429543408427411899e-01,5.125650477216702194e-01
1.254666666666666597e+00,1.154691329433296188e-04,5.273211584006307628e-01,4.966441912975280149e-01,4.424294109059088423e-04,5.146586650361159032e-01,5.450136823792666174e-01,5.146586650361159032e-01
1.255333333333333412e+00,1.576443550688361194e-04,5.293749665398330695e-01,4.987339616203581572e-01,4.853142026168619097e-04,5.167520251505377527e-01,5.470720283581479437e-01,5.167520251505377527e-01
1.256000000000000005e+00,2.039783120300044052e-04,5.314122379743839719e-01,5.008083122271830279e-01,5.227650980945626512e-04,5.188450913349689220e-01,5.491293418862964737e-01,5.188450913349689220e-01
1.256666666666666821e+00,2.532555794245321449e-04,5.334359314230955329e-01,5.028688258891652607e-01,5.536850043010200931e-04,5.209378268646016608e-01,5.511855860891300418e-01,5.209378268646016608e-01
1.257333333333333192e+00,3.041269613686832236e-04,5.354515019356899108e-01,5.049198943294979092e-01,5.771681481324642763e-04,5.230301950204276906e-01,5.532407241112307084e-01,5.230301950204276906e-01
1.258000000000000007e+00,3.551228494139996739e-04,5.374655191066879389e-01,5.069675529830939276e-01,5.925266102940685486e-04,5.251221590898865754e-01,5.552947191170096719e-01,5.251221590898865754e-01
1.258666666666666600e+00,4.046910999019901552e-04,5.394840891025745044e-01,5.090179856558241234e-01,5.993104773272237874e-04,5.272136823675059869e-01,5.573475342913626340e-01,5.272136823675059869e-01
1.259333333333333416e+00,4.512600611490030561e-04,5.415114626557426813e-01,5.110760714193749443e-01,5.973210214525850924e-04,5.293047281555500749e-01,5.593991328403347119e-01,5.293047281555500749e-01
1.260000000000000009e+00,4.933198621121901058e-04,5.435491581372891012e-01,5.131443217160284176e-01,5.866165221361497283e-04,5.313952597646581788e-01,5.614494779917749145e-01,5.313952597646581788e-01
1.260666666666666602e+00,5.295092457671162411e-04,5.455958002182756950e-01,5.152224519822734550e-01,5.675105588404494132e-04,5.334852405144943077e-01,5.634985329960003897e-01,5.334852405144943077e-01
1.261333333333333195e+00,5.586928641643624203e-04,5.476476968715912053e-01,5.173076743944488021e-01,5.405628249733268132e-04,5.355746337343849639e-01,5.655462611264493455e-01,5.355746337343849639e-01
1.262000000000000011e+00,5.800157782502204755e-04,5.496999893747038790e-01,5.193956196952680404e-01,5.065627321319718076e-04,5.376634027639681790e-01,5.675926256803455194e-01,5.376634027639681790e-01
1.262666666666666826e+00,5.929274100794446143e-04,5.517480595281964995e-01,5.214816364356432699e-01,4.665062849425101747e-04,5.397515109538320033e-01,5.696375899793508779e-01,5.397515109538320033e-01
1.263333333333333419e+00,5.971747807974903685e-04,5.537888106642840924e-01,5.235621161739665297e-01,4.215669039274446772e-04,5.418389216661595453e-01,5.716811173702249782e-01,5.418389216661595453e-01
1.264000000000000012e+00,5.927723155344249593e-04,5.558214770832837770e-01,5.256354847524058460e-01,3.730610511209764822e-04,5.439255982753735674e-01,5.737231712254842186e-01,5.439255982753735674e-01
1.264666666666666606e+00,5.799606006707229292e-04,5.578477511396051636e-01,5.277025914675486096e-01,3.224096654015807411e-04,5.460115041687753079e-01,5.757637149440532065e-01,5.460115041687753079e-01
1.265333333333333421e+00,5.591677032619763853e-04,5.598712065463308241e-01,5.297663955690002924e-01,2.710965372615408331e-04,5.480966027471908530e-01,5.778027119519264510e-01,5.480966027471908530e-01
1.266000000000000014e+00,5.309836364251605727e-04,5.618961847022262424e-01,5.318310435501503175e-01,2.206248423906288444e-04,5.501808574256090711e-01,5.798401257028186206e-01,5.501808574256090711e-01
1.266666666666666607e+00,4.961522487892824993e-04,5.639264483426918995e-01,5.339005941556853596e-01,1.724731073861975094e-04,5.522642316338287616e-01,5.818759196788249044e-01,5.522642316338287616e-01
1.267333333333333201e+00,4.555772889196980403e-04,5.659639639264353317e-01,5.359777382473748242e-01,1.280518975383120755e-04,5.543466888170942575e-01,5.839100573910696035e-01,5.543466888170942575e-01
1.268000000000000016e+00,4.103331443010654845e-04,5.680081431271142289e-01,5.380628593404145343e-01,8.866249548498710464e-05,5.564281924367427967e-01,5.859425023803666033e-01,5.564281924367427967e-01
1.268666666666666609e+00,3.616678678422784328e-04,5.700557631405626102e-01,5.401536946751739343e-01,5.545878121263904913e-05,5.585087059708403467e-01,5.879732182178667443e-01,5.585087059708403467e-01
1.269333333333333425e+00,3.109875300387689341e-04,5.721016179089971621e-01,5.422457090673722391e-01,2.941343009522016493e-05,5.605881929148271992e-01,5.900021685057159626e-01,5.605881929148271992e-01
1.269999999999999796e+00,2.598161521663685971e-04,5.741397623687273244e-01,5.443331155742114902e-01,1.128941917292242772e-05,5.626666167821535725e-01,5.920293168777029935e-01,5.626666167821535725e-01
1.270666666666666611e+00,2.097327120440219605e-04,5.761650460640695970e-01,5.464103068856743795e-01,1.617676370157108549e-06,5.647439411049252067e-01,5.940546269999158469e-01,5.647439411049252067e-01
1.271333333333333426e+00,1.622935970103873201e-04,5.781745394657729076e-01,5.484733412025409871e-01,6.815274007497202243e-07,5.668201294345383001e-01,5.960780625713889558e-01,5.668201294345383001e-01
1.272000000000000020e+00,1.189532562777219420e-04,5.801684691680172312e-01,5.505210934297055658e-01,8.508395975232170929e-06,5.688951453423207738e-01,5.980995873247556549e-01,5.688951453423207738e-01
1.272666666666666835e+00,8.099641384165961230e-05,5.821503982965587909e-01,5.525557538921923584e-01,2.486900044592144570e-05,5.709689524201743138e-01,6.001191650268994371e-01,5.709689524201743138e-01
1.273333333333333206e+00,4.949198585606437044e-05,5.841265815873455391e-01,5.545825191160613787e-01,4.928407042331415735e-05,5.730415142812076423e-01,6.021367594796003253e-01,5.730415142812076423e-01
1.274000000000000021e+00,2.527287240564384462e-05,5.861046349632039743e-01,5.566085273540911649e-01,8.103838660617353987e-05,5.751127945603805580e-01,6.041523345201876838e-01,5.751127945603805580e-01
1.274666666666666615e+00,8.938880088121935327e-06,5.880918297453868737e-01,5.586412851848980843e-01,1.192017325399281029e-04,5.771827569151374293e-01,6.061658540221831482e-01,5.771827569151374293e-01
1.275333333333333430e+00,8.742140056780924514e-07,5.900934128033951120e-01,5.606869587328919824e-01,1.626561445391626305e-04,5.792513650260485703e-01,6.081772818959543248e-01,5.792513650260485703e-01
1.276000000000000023e+00,1.267958981600644975e-06,5.921113504065099731e-01,5.627489351954760854e-01,2.101286615099380996e-04,5.813185825974437337e-01,6.101865820893555004e-01,5.813185825974437337e-01
1.276666666666666616e+00,1.012665875184522701e-05,5.941438002532342111e-01,5.648269962310605852e-01,2.602286152933167744e-04,5.833843733580532653e-01,6.121937185883793431e-01,5.833843733580532653e-01
1.277333333333333210e+00,2.727233207300678002e-05,5.961854515012005029e-01,5.669173042860761180e-01,3.114883691398821373e-04,5.854487010616401532e-01,6.141986554177975011e-01,5.854487010616401532e-01
1.278000000000000025e+00,5.232578435979132127e-05,5.982286690460091316e-01,5.690132163780423635e-01,3.624063109157486177e-04,5.875115294876400718e-01,6.162013566418100829e-01,5.875115294876400718e-01
1.278666666666666840e+00,8.468185826141493846e-05,6.002651805841259236e-01,5.711067451696736352e-01,4.114908415891624870e-04,5.895728224417935426e-01,6.182017863646857014e-01,5.895728224417935426e-01
1.279333333333333211e+00,1.234881133278823101e-04,6.022879047739515546e-01,5.731903273884616512e-01,4.573040703917029487e-04,5.916325437567819812e-01,6.201999087314064019e-01,5.916325437567819812e-01
1.280000000000000027e+00,1.676396624889623960e-04,6.042924791211083946e-01,5.752584776735701899e-01,4.985039366402804935e-04,5.936906572928645209e-01,6.221956879283127018e-01,5.936906572928645209e-01
1.280666666666666620e+00,2.157999652265502966e-04,6.062781229234402991e-01,5.773089296298666850e-01,5.338835242958314383e-04,5.957471269385083978e-01,6.241890881837400817e-01,5.957471269385083978e-01
1.281333333333333435e+00,2.664510691339875030e-04,6.082476432959060819e-01,5.793429953050909242e-01,5.624064175715296496e-04,5.978019166110263294e-01,6.261800737686665785e-01,5.978019166110263294e-01
1.282000000000000028e+00,3.179689969360731524e-04,6.102066093258621260e-01,5.813650754643570062e-01,5.832370618768033905e-04,5.998549902572054560e-01,6.281686089973476106e-01,5.998549902572054560e-01
1.282666666666666622e+00,3.687130883966887912e-04,6.121619207864457124e-01,5.833814673862930400e-01,5.957652406987318325e-04,6.019063118539446089e-01,6.301546582279591302e-01,6.019063118539446089e-01
1.283333333333333215e+00,4.171142496680586387e-04,6.141201340591256885e-01,5.853987850269530835e-01,5.996239513905287245e-04,6.039558454088815864e-01,6.321381858632342254e-01,6.039558454088815864e-01
1.284000000000000030e+00,4.617474280660211427e-04,6.160859530142427376e-01,5.874223880093696337e-01,5.947001562108650795e-04,6.060035549610296446e-01,6.341191563511039408e-01,6.060035549610296446e-01
1.284666666666666623e+00,5.013781226495622962e-04,6.180612430115870470e-01,5.894551980735222019e-01,5.811380936710874119e-04,6.080494045814028858e-01,6.360975341853306597e-01,6.080494045814028858e-01
1.285333333333333439e+00,5.349800159322700473e-04,6.200447945752944889e-01,5.914971765626731992e-01,5.593350531872004093e-04,6.100933583736529719e-01,6.380732839061487027e-01,6.100933583736529719e-01
1.286000000000000032e+00,5.617286788406243916e-04,6.220328771099080667e-01,5.935455713291004631e-01,5.299297368147194275e-04,6.121353804746929583e-01,6.400463701008958228e-01,6.121353804746929583e-01
1.286666666666666625e+00,5.809823750678393779e-04,6.240204217733275049e-01,5.955958508470293733e-01,4.937835489997010859e-04,6.141754350553298991e-01,6.420167574046512504e-01,6.141754350553298991e-01
1.287333333333333441e+00,5.922634200846210511e-04,6.260025076948220191e-01,5.976430691670798767e-01,4.519553624472149602e-04,6.162134863208943436e-01,6.439844105008676323e-01,6.162134863208943436e-01
1.288000000000000034e+00,5.952516079287699163e-04,6.279757452357256353e-01,5.996832918164348714e-01,4.056704993204576586e-04,6.182494985118645037e-01,6.459492941220047468e-01,6.182494985118645037e-01
1.288666666666666627e+00,5.897955667706814399e-04,6.299391816677246680e-01,6.017146946272883268e-01,3.562848364403440769e-04,6.202834359044983037e-01,6.479113730501615542e-01,6.202834359044983037e-01
1.289333333333333220e+00,5.759404005081748476e-04,6.318944911110532248e-01,6.037380365395879078e-01,3.052450859944853454e-04,6.223152628114557716e-01,6.498706121177071360e-01,6.223152628114557716e-01
1.290000000000000036e+00,5.539630682265126371e-04,6.338454096545755867e-01,6.057563817484562518e-01,2.540464152989278020e-04,6.243449435824297566e-01,6.518269762079121898e-01,6.243449435824297566e-01
1.290666666666666629e+00,5.244028654438241200e-04,6.357965796496014566e-01,6.077741541555562454e-01,2.041886471071814829e-04,6.263724426047665439e-01,6.537804302555755287e-01,6.263724426047665439e-01
1.291333333333333444e+00,4.880743549746776526e-04,6.377521190944860363e-01,6.097957873961091790e-01,1.571323235418103806e-04,6.283977243040960170e-01,6.557309392476572407e-01,6.283977243040960170e-01
1.291999999999999815e+00,4.460540641413201124e-04,6.397142999415529330e-01,6.118243379385989167e-01,1.142559207198900963e-04,6.304207531449502744e-01,6.576784682239007473e-01,6.304207531449502744e-01
1.292666666666666631e+00,3.996388913069043249e-04,6.416826927398358027e-01,6.138604355195378393e-01,7.681546743405740538e-05,6.324414936313924596e-01,6.596229822774648532e-01,6.324414936313924596e-01
1.293333333333333224e+00,3.502813767574228156e-04,6.436540230853490252e-01,6.159018597853765931e-01,4.590775082696514875e-05,6.344599103076346003e-01,6.615644465555449161e-01,6.344599103076346003e-01
1.294000000000000039e+00,2.995126533955239263e-04,6.456228102929433277e-01,6.179438779650900937e-01,2.243818691810538099e-05,6.364759677586647735e-01,6.635028262600005666e-01,6.364759677586647735e-01
1.294666666666666854e+00,2.488664179093097906e-04,6.475826570594673814e-01,6.199802892023480450e-01,7.094297189717211449e-06,6.384896306108635011e-01,6.654380866479777668e-01,6.384896306108635011e-01
1.295333333333333226e+00,1.998160202642404123e-04,6.495278784839600972e-01,6.220049370711785430e-01,3.255682130126304780e-07,6.405008635326274735e-01,6.673701930325313114e-01,6.405008635326274735e-01
1.296000000000000041e+00,1.537321969942703271e-04,6.514550523050640640e-01,6.240133172675486062e-01,2.330284310480260054e-06,6.425096312349902750e-01,6.692991107832493292e-01,6.425096312349902750e-01
1.296666666666666634e+00,1.118624403801866702e-04,6.533640760496984834e-01,6.260038628620974155e-01,1.304971898050469823e-05,6.445158984722376694e-01,6.712248053268693448e-01,6.445158984722376694e-01
1.297333333333333449e+00,7.532644432406255890e-05,6.552584360313473688e-01,6.279785559906470027e-01,3.216985524171146516e-05,6.465196300425307685e-01,6.731472421479033352e-01,6.465196300425307685e-01
1.298000000000000043e+00,4.511750088315952885e-05,6.571445944875276002e-01,6.299426809341035494e-01,5.913058450094405574e-05,6.485207907885190970e-01,6.750663867892506831e-01,6.485207907885190970e-01
1.298666666666666636e+00,2.209861798281977444e-05,6.590306256970371868e-01,6.319037539803812331e-01,9.314211447173872558e-05,6.505193455979622064e-01,6.769822048528214564e-01,6.505193455979622064e-01
1.299333333333333229e+00,6.984941818475144509e-06,6.609244186955549605e-01,6.338698766863274381e-01,1.332081054867003235e-04,6.525152594043404086e-01,6.788946620001476973e-01,6.525152594043404086e-01
1.300000000000000044e+00,3.099906689183305423e-07,6.628318687917367225e-01,6.358479032606587644e-01,1.781548574448825137e-04,6.545084971874757240e-01,6.808037239530033702e-01,6.545084971874757240e-01
1.300666666666666638e+00,2.380349913727824077e-06,6.647554847909252773e-01,6.378418566135976020e-01,2.266656923863417819e-04,6.564990239741408384e-01,6.827093564940148740e-01,6.564990239741408384e-01
1.301333333333333231e+00,1.322945152990274142e-05,6.666937468709690506e-01,6.398519678240567332e-01,2.773195254851339143e-04,6.584868048386778305e-01,6.846115254672783257e-01,6.584868048386778305e-01
1.302000000000000046e+00,3.258379059094794890e-05,6.686413803976501979e-01,6.418745697537288075e-01,3.286324945549725296e-04,6.604718049036066851e-01,6.865101967789679627e-01,6.604718049036066851e-01
1.302666666666666639e+00,5.985339227525451335e-05,6.705904972252987317e-01,6.439028795864571997e-01,3.791014285659310219e-04,6.624539893402401347e-01,6.884053363979487639e-01,6.624539893402401347e-01
1.303333333333333455e+00,9.415292981031544159e-05,6.725323438586289226e-01,6.459284968254587200e-01,4.272478817977680074e-04,6.644333233692937268e-01,6.902969103563884046e-01,6.644333233692937268e-01
1.304000000000000048e+00,1.343522789180030504e-04,6.744592404895319859e-01,6.479432685234377542e-01,4.716614436855815569e-04,6.664097722614951147e-01,6.921848847503621061e-01,6.664097722614951147e-01
1.304666666666666641e+00,1.791478509316522328e-04,6.763662425711479687e-01,6.499410769407161226e-01,5.110410556320288790e-04,6.683833013381962340e-01,6.940692257404644794e-01,6.683833013381962340e-01
1.305333333333333234e+00,2.271410661530169422e-04,6.782521278795425879e-01,6.519191192906490517e-01,5.442331244437843569e-04,6.703538759719772644e-01,6.959498995524115994e-01,6.703538759719772644e-01
1.306000000000000050e+00,2.769093076857398841e-04,6.801194876611234008e-01,6.538783774811568472e-01,5.702653158910417613e-04,6.723214615872605826e-01,6.978268724776517384e-01,6.723214615872605826e-01
1.306666666666666643e+00,3.270579033666869118e-04,6.819739286811241641e-01,6.558231843313707676e-01,5.883750384352730073e-04,6.742860236609090618e-01,6.997001108739635544e-01,6.742860236609090618e-01
1.307333333333333458e+00,3.762481103289014848e-04,6.838226094272592537e-01,6.577600221071937536e-01,5.980317827182956214e-04,6.762475277228410242e-01,7.015695811660648262e-01,6.762475277228410242e-01
1.307999999999999829e+00,4.232037507383799163e-04,6.856724847148717439e-01,6.596958746593389877e-01,5.989526623955284367e-04,6.782059393566268746e-01,7.034352498462089764e-01,6.782059393566268746e-01
1.308666666666666645e+00,4.667057220513955466e-04,6.875286888681471087e-01,6.616365499173909592e-01,5.911107010577336179e-04,6.801612242000991682e-01,7.052970834747909201e-01,6.801612242000991682e-01
1.309333333333333238e+00,5.055870673788972168e-04,6.893934426583626651e-01,6.635853797098603124e-01,5.747356224826340610e-04,6.821133479459504656e-01,7.071550486809410341e-01,6.821133479459504656e-01
1.310000000000000053e+00,5.387405838851497654e-04,6.912657366444686646e-01,6.655425995320047861e-01,5.503071210666425931e-04,6.840622763423406250e-01,7.090091121631286741e-01,6.840622763423406250e-01
1.310666666666666647e+00,5.651463107428083155e-04,6.931418502666969461e-01,6.675055394625990512e-01,5.185408095739099232e-04,6.860079751934927694e-01,7.108592406897541460e-01,6.860079751934927694e-01
1.311333333333333240e+00,5.839191444362237414e-04,6.950165535477379475e-01,6.694695564802545240e-01,4.803672558516926868e-04,6.879504103602950282e-01,7.127054010997468936e-01,6.879504103602950282e-01
1.312000000000000055e+00,5.943695065580086208e-04,6.968846592071012980e-01,6.714294511090221906e-01,4.369047226141346569e-04,6.898895477609024995e-01,7.145475603031610223e-01,6.898895477609024995e-01
1.312666666666666648e+00,5.960647026607818720e-04,6.987424997563851381e-01,6.733809836860223941e-01,3.894264088601409016e-04,6.918253533713296655e-01,7.163856852817648280e-01,6.918253533713296655e-01
1.313333333333333464e+00,5.888769501061287591e-04,7.005889277621891731e-01,6.753220768214992509e-01,3.393231525606237920e-04,6.937577932260532432e-01,7.182197430896368751e-01,6.937577932260532432e-01
1.313999999999999835e+00,5.730064689030435997e-04,7.024255737459872417e-01,6.772533755636341857e-01,2.880626872094817106e-04,6.956868334186026015e-01,7.200497008537519728e-01,6.956868334186026015e-01
1.314666666666666650e+00,5.489737533230930507e-04,7.042563034606142969e-01,6.791780149623953822e-01,2.371466457835382262e-04,6.976124401021599475e-01,7.218755257745751441e-01,6.976124401021599475e-01
1.315333333333333243e+00,5.175824700767904735e-04,7.060860324209525807e-01,6.811006646217004912e-01,1.880665716453816365e-04,6.995345794901492997e-01,7.236971851266446043e-01,6.995345794901492997e-01
1.316000000000000059e+00,4.798612454964478694e-04,7.079192219050404189e-01,6.830261159206219013e-01,1.422602250128706238e-04,7.014532178568332332e-01,7.255146462591629541e-01,7.014532178568332332e-01
1.316666666666666652e+00,4.369969760979714813e-04,7.097584595411597919e-01,6.849577964264805807e-01,1.010694649616660428e-04,7.033683215379018527e-01,7.273278765965786041e-01,7.033683215379018527e-01
1.317333333333333245e+00,3.902729928829398124e-04,7.116035072960994468e-01,6.868966119617473387e-01,6.570094077225370314e-05,7.052798569310656518e-01,7.291368436391726382e-01,7.052798569310656518e-01
1.318000000000000060e+00,3.410222445631504542e-04,7.134510875267600083e-01,6.888404334631059722e-01,3.719074413639624833e-05,7.071877904966440420e-01,7.309415149636390163e-01,7.071877904966440420e-01
1.318666666666666654e+00,2.905995888283399286e-04,7.152954973212181100e-01,6.907843872753627323e-01,1.637405770708017893e-05,7.090920887581524390e-01,7.327418582236665534e-01,7.090920887581524390e-01
1.319333333333333469e+00,2.403701658919238458e-04,7.171299291859626335e-01,6.927219085174091129e-01,3.860689112783568624e-06,7.109927183028934561e-01,7.345378411505198990e-01,7.109927183028934561e-01
1.320000000000000062e+00,1.917049504919051328e-04,7.189481824580618019e-01,6.946463202366306433e-01,1.720714691084766177e-08,7.128896457825379951e-01,7.363294315536155210e-01,7.128896457825379951e-01
1.320666666666666655e+00,1.459719042661626295e-04,7.207463294502980400e-01,6.965525525468094781e-01,4.956203437849419625e-06,7.147828379137159960e-01,7.381165973211015752e-01,7.147828379137159960e-01
1.321333333333333249e+00,1.045126464647513914e-04,7.225238940055705994e-01,6.984385588689515645e-01,1.853299417025774628e-05,7.166722614785950851e-01,7.398993064204295589e-01,7.166722614785950851e-01
1.322000000000000064e+00,6.859979624886020685e-05,7.242842167591653224e-01,7.003060461176690010e-01,4.034985847789773354e-05,7.185578833254683273e-01,7.416775268989335146e-01,7.185578833254683273e-01
1.322666666666666657e+00,3.937737919002136155e-05,7.260338883880416150e-01,7.021603033366812241e-01,6.976768934774937251e-05,7.204396703693309867e-01,7.434512268843974647e-01,7.204396703693309867e-01
1.323333333333333250e+00,1.779348243157615042e-05,7.277813695889528978e-01,7.040091438125402057e-01,1.059247157319263063e-04,7.223175895924653922e-01,7.452203745856313954e-01,7.223175895924653922e-01
1.323999999999999844e+00,4.538385039180991538e-06,7.295351186490830475e-01,7.058612031707011125e-01,1.477617474183875405e-04,7.241916080450178095e-01,7.469849382930366932e-01,7.241916080450178095e-01
1.324666666666666659e+00,1.331814038145273690e-09,7.313016661203431967e-01,7.077239971296419574e-01,1.940532031330954887e-04,7.260616928455769781e-01,7.487448863791784648e-01,7.260616928455769781e-01
1.325333333333333252e+00,4.254991973005170630e-06,7.330840898738770761e-01,7.096021990709602267e-01,2.434430129306630847e-04,7.279278111817513164e-01,7.505001872993501966e-01,7.279278111817513164e-01
1.326000000000000068e+00,1.706978937956325673e-05,7.348812545733748314e-01,7.114965436961790957e-01,2.944843431430180908e-04,7.297899303107454605e-01,7.522508095921385252e-01,7.297899303107454605e-01
1.326666666666666661e+00,3.795285972693670097e-05,7.366880072994548279e-01,7.134036175787911160e-01,3.456819801761142909e-04,7.316480175599326952e-01,7.539967218799900062e-01,7.316480175599326952e-01
1.327333333333333254e+00,6.620063619104756588e-05,7.384962983920413393e-01,7.153165936414580539e-01,3.955361315567444366e-04,7.335020403274291612e-01,7.557378928697697784e-01,7.335020403274291612e-01
1.328000000000000069e+00,1.009516718429506738e-04,7.402969718414202926e-01,7.172267465647158557e-01,4.425863611138384514e-04,7.353519660826680626e-01,7.574742913533261124e-01,7.353519660826680626e-01
1.328666666666666663e+00,1.412279271052556927e-04,7.420817991564518934e-01,7.191253967101383093e-01,4.854543712492568859e-04,7.371977623669662139e-01,7.592058862080464099e-01,7.371977623669662139e-01
1.329333333333333478e+00,1.859578489422125842e-04,7.438452654141021192e-01,7.210058194008878152e-01,5.228843790271804539e-04,7.390393967940979136e-01,7.609326463974191990e-01,7.390393967940979136e-01
1.329999999999999849e+00,2.339815866527349033e-04,7.455856798914262118e-01,7.228646598884684860e-01,5.537799032974784945e-04,7.408768370508591605e-01,7.626545409715836943e-01,7.408768370508591605e-01
1.330666666666666664e+00,2.840454859223508818e-04,7.473053604208445000e-01,7.247025190713479725e-01,5.772358852050913551e-04,7.427100508976388626e-01,7.643715390678935684e-01,7.427100508976388626e-01
1.331333333333333258e+00,3.347974740583370325e-04,7.490098775818884169e-01,7.265235890675069141e-01,5.925652011412809068e-04,7.445390061689797223e-01,7.660836099114615161e-01,7.445390061689797223e-01
1.332000000000000073e+00,3.847956663604623108e-04,7.507065753291306542e-01,7.283344599204563119e-01,5.993187914620449336e-04,7.463636707741476695e-01,7.677907228157173636e-01,7.463636707741476695e-01
1.332666666666666666e+00,4.325391933626796686e-04,7.524027499563100685e-01,7.301424206486227808e-01,5.972988153193041624e-04,7.481840126976896377e-01,7.694928471829526329e-01,7.481840126976896377e-01
1.333333333333333259e+00,4.765238319976179541e-04,7.541039363583251776e-01,7.319536880873366291e-01,5.865644462450890885e-04,7.500000000000018874e-01,7.711899525048744319e-01,7.500000000000018874e-01
1.334000000000000075e+00,5.153174513148105554e-04,7.558127118250024257e-01,7.337719961229508536e-01,5.674301387118095693e-04,7.518116008178824528e-01,7.728820083631474658e-01,7.518116008178824528e-01
1.334666666666666668e+00,5.476438535675488915e-04,7.575282952594752928e-01,7.355978758453466382e-01,5.404564164483270259e-04,7.536187833650963563e-01,7.745689844299418203e-01,7.536187833650963563e-01
1.335333333333333483e+00,5.724602545766430822e-04,7.592470215309656822e-01,7.374287817279290280e-01,5.064334523604287729e-04,7.554215159329319418e-01,7.762508504684770827e-01,7.554215159329319418e-01
1.336000000000000076e+00,5.890144165479690866e-04,7.609635481783697530e-01,7.392600088704857075e-01,4.663579210685226480e-04,7.572197668907547641e-01,7.779275763335612437e-01,7.572197668907547641e-01
1.336666666666666670e+00,5.968721108714152663e-04,7.626724598931816645e-01,7.410861469004799140e-01,4.214038021480847078e-04,7.590135046865669199e-01,7.795991319721352619e-01,7.590135046865669199e-01
1.337333333333333263e+00,5.959127952459761495e-04,7.643698298519769896e-01,7.429026752012670709e-01,3.728879893681307390e-04,7.608026978475554980e-01,7.812654874238074143e-01,7.608026978475554980e-01
1.338000000000000078e+00,5.862990444754120466e-04,7.660543113568978324e-01,7.447072637039607867e-01,3.222317133762708959e-04,7.625873149806497997e-01,7.829266128213943077e-01,7.625873149806497997e-01
1.338666666666666671e+00,5.684311394423498037e-04,7.677274676795236008e-01,7.465004224395166421e-01,2.709189079213405234e-04,7.643673247730675691e-01,7.845824783914521205e-01,7.643673247730675691e-01
1.339333333333333265e+00,5.429005580049836056e-04,7.693932610386220450e-01,7.482853233618810274e-01,2.204527392402567325e-04,7.661426959928687719e-01,7.862330544548148392e-01,7.661426959928687719e-01
1.339999999999999858e+00,5.104542234364383259e-04,7.710568497486289807e-01,7.500668476928045170e-01,1.723115720452678145e-04,7.679133974894997161e-01,7.878783114271206145e-01,7.679133974894997161e-01
1.340666666666666673e+00,4.719758476342454201e-04,7.727230223691066158e-01,7.518501231946506103e-01,1.279056620511355013e-04,7.696793981943435004e-01,7.895182198193484435e-01,7.696793981943435004e-01
1.341333333333333266e+00,4.284833315308005444e-04,7.743946883028953732e-01,7.536389492156982950e-01,8.853584369935411957e-05,7.714406671212602484e-01,7.911527502383408628e-01,7.714406671212602484e-01
1.342000000000000082e+00,3.811343775856072986e-04,7.760718306699546654e-01,7.554345336561939517e-01,5.535542328793764064e-05,7.731971733671361147e-01,7.927818733873355228e-01,7.731971733671361147e-01
1.342666666666666675e+00,3.312285058140132131e-04,7.777512167286941835e-01,7.572348862733307984e-01,2.933639381646286416e-05,7.749488861124216310e-01,7.944055600664865491e-01,7.749488861124216310e-01
1.343333333333333268e+00,2.801938791890607795e-04,7.794269766986778869e-01,7.590350512577376252e-01,1.124096125424171767e-05,7.766957746216734959e-01,7.960237811733890112e-01,7.766957746216734959e-01
1.344000000000000083e+00,2.295516476170085074e-04,7.810919410048684508e-01,7.608281551444865398e-01,1.599216346240852418e-06,7.784378082440958080e-01,7.976365077036037254e-01,7.784378082440958080e-01
1.344666666666666677e+00,1.808574373408861687e-04,7.827394200554871340e-01,7.626070374267419627e-01,6.936060427442913620e-07,7.801749564140738613e-01,7.992437107511713990e-01,7.801749564140738613e-01
1.345333333333333492e+00,1.356268295961344020e-04,7.843649764804675462e-01,7.643660690838642857e-01,8.550659449302809941e-06,7.819071886517151571e-01,8.008453615091358779e-01,7.819071886517151571e-01
1.345999999999999863e+00,9.525685579966099278e-05,7.859677226601953226e-01,7.661026945649471731e-01,2.494021067850945355e-05,7.836344745633796460e-01,8.024414312700567375e-01,7.836344745633796460e-01
1.346666666666666679e+00,6.095710717028423621e-05,7.875507880636513081e-01,7.678182839595284470e-01,4.938214136950802818e-05,7.853567838422174097e-01,8.040318914265270900e-01,7.853567838422174097e-01
1.347333333333333272e+00,3.370163913646016828e-05,7.891208116727995714e-01,7.695180488526325302e-01,8.116044535862182311e-05,7.870740862686962380e-01,8.056167134716828437e-01,7.870740862686962380e-01
1.348000000000000087e+00,1.420729556810094042e-05,7.906865629280797059e-01,7.712100140488573619e-01,1.193442034883538809e-04,7.887863517111355360e-01,8.071958689997174030e-01,7.887863517111355360e-01
1.348666666666666680e+00,2.937118717850616145e-06,7.922570115024264448e-01,7.729032793982951732e-01,1.628148541148282649e-04,7.904935501262312370e-01,8.087693297063869302e-01,7.904935501262312370e-01
1.349333333333333274e+00,1.212213749798023747e-07,7.938392986847776500e-01,7.746059837219707589e-01,2.102989604469907221e-04,7.921956515595874881e-01,8.103370673895216036e-01,7.921956515595874881e-01
1.350000000000000089e+00,5.783711006213758614e-06,7.954370867721718419e-01,7.763234531593637966e-01,2.604055148250967360e-04,7.938926261462382339e-01,8.118990539495278824e-01,7.938926261462382339e-01
1.350666666666666682e+00,1.976407478892710533e-05,7.970496782797950042e-01,7.780569696647657851e-01,3.116666871407747209e-04,7.955844441111723508e-01,8.134552613898922147e-01,7.955844441111723508e-01
1.351333333333333497e+00,4.172492592578458121e-05,7.986721230274989036e-01,7.798034501649157013e-01,3.625808237072584766e-04,7.972710757698583395e-01,8.150056618176872991e-01,7.972710757698583395e-01
1.351999999999999869e+00,7.114415094933946248e-05,8.002963020296384178e-01,7.815561175367820024e-01,4.116564369632445494e-04,7.989524915287605777e-01,8.165502274440655794e-01,7.989524915287605777e-01
1.352666666666666684e+00,1.072964137636649563e-04,8.019127409399089412e-01,7.833060140436872709e-01,4.574558973687311929e-04,8.006286618858647897e-01,8.180889305847627302e-01,8.006286618858647897e-01
1.353333333333333277e+00,1.492344706883538135e-04,8.035127215710665682e-01,7.850440050420625093e-01,4.986375475743878675e-04,8.022995574311887479e-01,8.196217436605898188e-01,8.022995574311887479e-01
1.354000000000000092e+00,1.957829926786618492e-04,8.050901811098606364e-01,7.867627956621140450e-01,5.339950051651273311e-04,8.039651488473040786e-01,8.211486391979312405e-01,8.039651488473040786e-01
1.354666666666666686e+00,2.455557120638164419e-04,8.066429435883256671e-01,7.884584750820159416e-01,5.624925026360428617e-04,8.056254069098469639e-01,8.226695898292324394e-01,8.056254069098469639e-01
1.355333333333333279e+00,2.970011506159939314e-04,8.081730034351016778e-01,7.901312217103944047e-01,5.832952293457146793e-04,8.072803024880339517e-01,8.241845682934976214e-01,8.072803024880339517e-01
1.355999999999999872e+00,3.484745806322072292e-04,8.096858248551889181e-01,7.917850197051965466e-01,5.957937866040920356e-04,8.089298065451686615e-01,8.256935474367695926e-01,8.089298065451686615e-01
1.356666666666666687e+00,3.983265409301294186e-04,8.111888635012359794e-01,7.934264905560141079e-01,5.996220395036327457e-04,8.105738901391568163e-01,8.271965002126243638e-01,8.105738901391568163e-01
1.357333333333333281e+00,4.449934332177658326e-04,8.126896959457261538e-01,7.950631604585195467e-01,5.946678425388595389e-04,8.122125244230091745e-01,8.286933996826497673e-01,8.122125244230091745e-01
1.358000000000000096e+00,4.870749448819809181e-04,8.141942212521006139e-01,7.967016094651795388e-01,5.810763248162881560e-04,8.138456806453518988e-01,8.301842190169342883e-01,8.138456806453518988e-01
1.358666666666666689e+00,5.233865407403978046e-04,8.157053671622748192e-01,7.983459579188503241e-01,5.592456386171731301e-04,8.154733301509262677e-01,8.316689314945409084e-01,8.154733301509262677e-01
1.359333333333333282e+00,5.529820056495304706e-04,8.172226031780608357e-01,7.999970470636518227e-01,5.298152958554214285e-04,8.170954443810960477e-01,8.331475105039922724e-01,8.170954443810960477e-01
1.360000000000000098e+00,5.751489900392022479e-04,8.187423612071860202e-01,8.016524931423291145e-01,4.936474341044544759e-04,8.187119948743463160e-01,8.346199295437451982e-01,8.187119948743463160e-01
1.360666666666666691e+00,5.893873179267012687e-04,8.202592340374683655e-01,8.033075771073200366e-01,4.518015609894303580e-04,8.203229532667819512e-01,8.360861622226640755e-01,8.203229532667819512e-01
1.361333333333333284e+00,5.953834026925214741e-04,8.217676183447397698e-01,8.049567214152094641e-01,4.055035167867309049e-04,8.219282912926286766e-01,8.375461822604979290e-01,8.219282912926286766e-01
1.361999999999999877e+00,5.929933988508645460e-04,8.232633495108734323e-01,8.065951517982853369e-01,3.561095644460548527e-04,8.235279807847232236e-01,8.389999634883459345e-01,8.235279807847232236e-01
1.362666666666666693e+00,5.822429650294288312e-04,8.247448801489971615e-01,8.082202896182182350e-01,3.050666589878520216e-04,8.251219936750158190e-01,8.404474798491325949e-01,8.251219936750158190e-01
1.363333333333333286e+00,5.633442884652898686e-04,8.262136844667088420e-01,8.098324913891574717e-01,2.538700601517095753e-04,8.267103019950539089e-01,8.418887053980692592e-01,8.267103019950539089e-01
1.364000000000000101e+00,5.367236941685088253e-04,8.276737877416397993e-01,8.114349324428302701e-01,2.040195299976664133e-04,8.282928778764795386e-01,8.433236143031239695e-01,8.282928778764795386e-01
1.364666666666666472e+00,5.030481192342762869e-04,8.291305582490291481e-01,8.130326694229941253e-01,1.569753986160124385e-04,8.298696935515140760e-01,8.447521808454800940e-01,8.298696935515140760e-01
1.365333333333333288e+00,4.632375739503740136e-04,8.305890918090349517e-01,8.146311408870358095e-01,1.141157849638191519e-04,8.314407213534488195e-01,8.461743794200007329e-01,8.314407213534488195e-01
1.366000000000000103e+00,4.184537313605598413e-04,8.320526212502752372e-01,8.162345135475674862e-01,7.669622600890962493e-05,8.330059337171273892e-01,8.475901845356854647e-01,8.330059337171273892e-01
1.366666666666666696e+00,3.700609328721706425e-04,8.335213772055917181e-01,8.178443189525979040e-01,4.581289681176323951e-05,8.345653031794302290e-01,8.489995708161276466e-01,8.345653031794302290e-01
1.367333333333333512e+00,3.195631851276057125e-04,8.349922189449614507e-01,8.194587509459358987e-01,2.237049898284842236e-05,8.361188023797594404e-01,8.504025129999717159e-01,8.361188023797594404e-01
1.367999999999999883e+00,2.685269233008324877e-04,8.364591673647405745e-01,8.210728314051588539e-01,7.055758196542687060e-06,8.376664040605137362e-01,8.517989859413610532e-01,8.376664040605137362e-01
1.368666666666666698e+00,2.185026407707624078e-04,8.379147444412788914e-01,8.226794385634823570e-01,3.173071298748003699e-07,8.392080810675704994e-01,8.531889646103937297e-01,8.392080810675704994e-01
1.369333333333333291e+00,1.709580689239656004e-04,8.393518064090635944e-01,8.242709732818171986e-01,2.352543138985089069e-06,8.407438063507610693e-01,8.545724240935677063e-01,8.407438063507610693e-01
1.370000000000000107e+00,1.272316622986091595e-04,8.407654107910070840e-01,8.258412635357789133e-01,1.310184566666706801e-05,8.422735529643458063e-01,8.559493395942295857e-01,8.422735529643458063e-01
1.370666666666666700e+00,8.850891153825411230e-05,8.421542283831136011e-01,8.273872247809027636e-01,3.225032277732254097e-05,8.437972940674848266e-01,8.573196864330167033e-01,8.437972940674848266e-01
1.371333333333333293e+00,5.581731724049539305e-05,8.435211166592072596e-01,8.289098353147987819e-01,5.923703565605099674e-05,8.453150029247128439e-01,8.586834400483025487e-01,8.453150029247128439e-01
1.371999999999999886e+00,3.003071280872254131e-05,8.448726830232452523e-01,8.304141493430553522e-01,9.327143084769277731e-05,8.468266529064035764e-01,8.600405759966334163e-01,8.468266529064035764e-01
1.372666666666666702e+00,1.187162694107651606e-05,8.462179235352631501e-01,8.319083148154269303e-01,1.333564988671422319e-04,8.483322174892415912e-01,8.613910699531701631e-01,8.483322174892415912e-01
1.373333333333333517e+00,1.902231406114807454e-06,8.475662528797153206e-01,8.334018181349703847e-01,1.783179807683357070e-04,8.498316702566841574e-01,8.627348977121214180e-01,8.498316702566841574e-01
1.373999999999999888e+00,4.996421684640133526e-07,8.489253874577039616e-01,8.349033715464824201e-01,2.268387670898315003e-04,8.513249848994260960e-01,8.640720351871780114e-01,8.513249848994260960e-01
1.374666666666666703e+00,7.818315615641513704e-06,8.502995778788112746e-01,8.364189436562085023e-01,2.774974814882299047e-04,8.528121352158620772e-01,8.654024584119464070e-01,8.528121352158620772e-01
1.375333333333333297e+00,2.374872052252883809e-05,8.516886081924984753e-01,8.379503958120846363e-01,3.288101187835904037e-04,8.542930951125442540e-01,8.667261435403765812e-01,8.542930951125442540e-01
1.376000000000000112e+00,4.788516216415000760e-05,8.530878061128162049e-01,8.394950438779389401e-01,3.792735176650920657e-04,8.557678386046441155e-01,8.680430668471893485e-01,8.557678386046441155e-01
1.376666666666666705e+00,7.951523048058837726e-05,8.544890745208461036e-01,8.410462518014933941e-01,4.274093945594764133e-04,8.572363398164029036e-01,8.693532047283019093e-01,8.572363398164029036e-01
1.377333333333333298e+00,1.176388294839764202e-04,8.558827089959946122e-01,8.425949242762964531e-01,4.718076487269663288e-04,8.586985729815908019e-01,8.706565337012525108e-01,8.586985729815908019e-01
1.377999999999999892e+00,1.610174763091200549e-04,8.572595687759487770e-01,8.441315506152916592e-01,5.111676699971839065e-04,8.601545124439547996e-01,8.719530304056180015e-01,8.601545124439547996e-01
1.378666666666666707e+00,2.082467952670673532e-04,8.586130760410951579e-01,8.456483131043105450e-01,5.443364390695235510e-04,8.616041326576725501e-01,8.732426716034366043e-01,8.616041326576725501e-01
1.379333333333333300e+00,2.578392831520119784e-04,8.599405632035491687e-01,8.471407522044445138e-01,5.703423042607534688e-04,8.630474081877972381e-01,8.745254341796200315e-01,8.630474081877972381e-01
1.380000000000000115e+00,3.083022729189518053e-04,8.612436596171980652e-01,8.486085922745101318e-01,5.884234452382936355e-04,8.644843137107071085e-01,8.758012951423722603e-01,8.644843137107071085e-01
1.380666666666666487e+00,3.581982014169772283e-04,8.625276577156241187e-01,8.500555488715586527e-01,5.980501899173197534e-04,8.659148240145466691e-01,8.770702316235972074e-01,8.659148240145466691e-01
1.381333333333333302e+00,4.061801015781564398e-04,8.638000516795745209e-01,8.514882007986168677e-01,5.989405307668737655e-04,8.673389139996720010e-01,8.783322208793130637e-01,8.673389139996720010e-01
1.382000000000000117e+00,4.510029074008223304e-04,8.650686340153566078e-01,8.529142412872383616e-01,5.910683859874357390e-04,8.687565586790881866e-01,8.795872402900560827e-01,8.687565586790881866e-01
1.382666666666666710e+00,4.915183456379663062e-04,8.663396257178078708e-01,8.543405625673532455e-01,5.746643635557132160e-04,8.701677331788900682e-01,8.808352673612879213e-01,8.701677331788900682e-01
1.383333333333333304e+00,5.266657024261071343e-04,8.676162920805656764e-01,8.557716487728109778e-01,5.502090057544827906e-04,8.715724127386983433e-01,8.820762797237995390e-01,8.715724127386983433e-01
1.383999999999999897e+00,5.554712244618758253e-04,8.688983692271897707e-01,8.572086589009516588e-01,5.184187120835203862e-04,8.729705727120921077e-01,8.833102551341094344e-01,8.729705727120921077e-01
1.384666666666666712e+00,5.770652253543727276e-04,8.701824235262547447e-01,8.586494032207512284e-01,4.802247529281468202e-04,8.743621885670442850e-01,8.845371714748658798e-01,8.743621885670442850e-01
1.385333333333333306e+00,5.907193062057963621e-04,8.714630293125282812e-01,8.600891938570135453e-01,4.367459887628546262e-04,8.757472358863490625e-01,8.857570067552396065e-01,8.757472358863490625e-01
1.386000000000000121e+00,5.958985809744556973e-04,8.727344363007764061e-01,8.615223302603384203e-01,3.892560940581136619e-04,8.771256903680529904e-01,8.869697391113218199e-01,8.771256903680529904e-01
1.386666666666666492e+00,5.923177787166600304e-04,8.739922663884908127e-01,8.629438145262248172e-01,3.391462460392759976e-04,8.784975278258791986e-01,8.881753468065122226e-01,8.784975278258791986e-01
1.387333333333333307e+00,5.799874175366081684e-04,8.752347731169838330e-01,8.643508270395211524e-01,2.878843712991507918e-04,8.798627241896536111e-01,8.893738082319121441e-01,8.798627241896536111e-01
1.387999999999999901e+00,5.592376728355972137e-04,8.764633218509210177e-01,8.657435550223118170e-01,2.369721441015091613e-04,8.812212555057249430e-01,8.905651019067087892e-01,8.812212555057249430e-01
1.388666666666666716e+00,5.307125971884804399e-04,8.776819675056314329e-01,8.671251444167646927e-01,1.879009960742112175e-04,8.825730979373883622e-01,8.917492064785630390e-01,8.825730979373883622e-01
1.389333333333333531e+00,4.953344479399130786e-04,8.788962532289249507e-01,8.685007892389894346e-01,1.421084259521197693e-04,8.839182277653001574e-01,8.929261007239897019e-01,8.839182277653001574e-01
1.389999999999999902e+00,4.542449576127333827e-04,8.801115580560631146e-01,8.698762091593820189e-01,1.009358892393905321e-04,8.852566213878958479e-01,8.940957635487388755e-01,8.852566213878958479e-01
1.390666666666666718e+00,4.087354255329640317e-04,8.813314351652118406e-01,8.712559284771619339e-01,6.558950137886648249e-05,8.865882553218049633e-01,8.952581739881751988e-01,8.865882553218049633e-01
1.391333333333333311e+00,3.601791136369938257e-04,8.825563850665347765e-01,8.726418189568557748e-01,3.710470559685376794e-05,8.879131062022607157e-01,8.964133112076525522e-01,8.879131062022607157e-01
1.392000000000000126e+00,3.099771728107664193e-04,8.837834043301996401e-01,8.740323007196927341e-01,1.631594044929130693e-05,8.892311507835128914e-01,8.975611545028859828e-01,8.892311507835128914e-01
1.392666666666666719e+00,2.595238942201969694e-04,8.850064634658059148e-01,8.754224332765916383e-01,3.832195633804063030e-06,8.905423659392325275e-01,8.987016833003259597e-01,8.905423659392325275e-01
1.393333333333333313e+00,2.101901170775689041e-04,8.862178344142425113e-01,8.768049108003866943e-01,1.917213965881191559e-08,8.918467286629210289e-01,8.998348771575251925e-01,8.918467286629210289e-01
1.393999999999999906e+00,1.633173043278113865e-04,8.874099616470816354e-01,8.781717478903235952e-01,4.988569339485608892e-06,8.931442160683104037e-01,9.009607157635043384e-01,8.931442160683104037e-01
1.394666666666666721e+00,1.202111835580276693e-04,8.885774111512786400e-01,8.795162552834340230e-01,1.859481284844269103e-05,8.944348053897682727e-01,9.020791789391185977e-01,8.944348053897682727e-01
1.395333333333333314e+00,8.212420500590473702e-05,8.897183904490791884e-01,8.808348093107081223e-01,4.043931900552301010e-05,8.957184739826937747e-01,9.031902466374164273e-01,8.957184739826937747e-01
1.395999999999999908e+00,5.022036625457333806e-05,8.908354299697814893e-01,8.821279493412922390e-01,6.988217105259331976e-05,8.969951993239188015e-01,9.042938989440014730e-01,8.969951993239188015e-01
1.396666666666666501e+00,2.552281057840012044e-05,8.919350273313199073e-01,8.834004960608157209e-01,1.060608649670198952e-04,8.982649590120991290e-01,9.053901160773871748e-01,8.982649590120991290e-01
1.397333333333333316e+00,8.851716290448718142e-06,8.930263200136543400e-01,8.846606308662469109e-01,1.479155758044099669e-04,8.995277307681111001e-01,9.064788783893531487e-01,8.995277307681111001e-01
1.398000000000000131e+00,7.649269455869706351e-07,8.941190937979243136e-01,8.859181425685287437e-01,1.942202043945718724e-04,9.007834924354395367e-01,9.075601663652974604e-01,9.007834924354395367e-01
1.398666666666666725e+00,1.514832765344709631e-06,8.952215939933939604e-01,8.871822566357053796e-01,2.436182949036288039e-04,9.020322219805684272e-01,9.086339606245840139e-01,9.020322219805684272e-01
1.399333333333333318e+00,1.103182335364545212e-05,8.963386517187820202e-01,8.884595613466673703e-01,2.946627710869072214e-04,9.032738974933673948e-01,9.097002419208922719e-01,9.032738974933673948e-01
1.399999999999999911e+00,2.893821672610885059e-05,8.974705657824901817e-01,8.897525174852619623e-01,3.458583271917269400e-04,9.045084971874747248e-01,9.107589911425610918e-01,9.045084971874747248e-01
1.400666666666666726e+00,5.458896361338158614e-05,8.986130097046338694e-01,8.910588990753722793e-01,3.957052317040014649e-04,9.057359994006816128e-01,9.118101893129330060e-01,9.057359994006816128e-01
1.401333333333333320e+00,8.712897392036663216e-05,8.997579968858051558e-01,8.923722975154715353e-01,4.427432607436207587e-04,9.069563825953099734e-01,9.128538175906909524e-01,9.069563825953099734e-01
1.402000000000000135e+00,1.255535371167729153e-04,9.008956836566685000e-01,8.936835754663290388e-01,4.855944741165809557e-04,9.081696253585931355e-01,9.138898572702001122e-01,9.081696253585931355e-01
1.402666666666666506e+00,1.687589627530655559e-04,9.020165807560670546e-01,8.949829310423280671e-01,5.230035809342874036e-04,9.093757064030482118e-01,9.149182897818393112e-01,9.093757064030482118e-01
1.403333333333333321e+00,2.155749940417254855e-04,9.031136379878358378e-01,8.962620806223411396e-01,5.538747123230153410e-04,9.105746045668532407e-01,9.159390966923369737e-01,9.105746045668532407e-01
1.403999999999999915e+00,2.647773797667187260e-04,9.041837001489236858e-01,8.975160345505290849e-01,5.773035239969779003e-04,9.117662988142147817e-01,9.169522597050991930e-01,9.117662988142147817e-01
1.404666666666666730e+00,3.150861490010312517e-04,9.052279987649102244e-01,8.987440419700117866e-01,5.926036882770086608e-04,9.129507682357403953e-01,9.179577606605395790e-01,9.129507682357403953e-01
1.405333333333333323e+00,3.651604273353757516e-04,9.062515948200122740e-01,8.999494966692849207e-01,5.993269994927683496e-04,9.141279920488033506e-01,9.189555815364031099e-01,9.141279920488033506e-01
1.405999999999999917e+00,4.136024102785912132e-04,9.072619496420544216e-01,9.011388640635216163e-01,5.972765037975452315e-04,9.152979495979074454e-01,9.199457044480899848e-01,9.152979495979074454e-01
1.406666666666666732e+00,4.589807723294980985e-04,9.082670052200589872e-01,9.023199333829041713e-01,5.865122687684417181e-04,9.164606203550509367e-01,9.209281116489762553e-01,9.164606203550509367e-01
1.407333333333333325e+00,4.998780069596861237e-04,9.092732572416405423e-01,9.034998535246254736e-01,5.673496237763466345e-04,9.176159839200846990e-01,9.219027855307319053e-01,9.176159839200846990e-01
1.408000000000000140e+00,5.349587064442479179e-04,9.102842891673778025e-01,9.046834432775888724e-01,5.403499226725405570e-04,9.187640200210720476e-01,9.228697086236363756e-01,9.187640200210720476e-01
1.408666666666666512e+00,5.630488783031303325e-04,9.113001135533196351e-01,9.058721802083425922e-01,5.063040993915048560e-04,9.199047085146424552e-01,9.238288635968906481e-01,9.199047085146424552e-01
1.409333333333333327e+00,5.832121561352817318e-04,9.123174641511059280e-01,9.070640954122914934e-01,4.662094981947815251e-04,9.210380293863473788e-01,9.247802332589301066e-01,9.210380293863473788e-01
1.409999999999999920e+00,5.948084758048502192e-04,9.133309411256148591e-01,9.082545746153408706e-01,4.212406572949995418e-04,9.221639627510086479e-01,9.257238005577301809e-01,9.221639627510086479e-01
1.410666666666666735e+00,5.975245434483770048e-04,9.143346889085671725e-01,9.094378383842555147e-01,3.727149017293405662e-04,9.232824888530700713e-01,9.266595485811142119e-01,9.232824888530700713e-01
1.411333333333333329e+00,5.913721220259278303e-04,9.153241426367784150e-01,9.106086974274200108e-01,3.220537534111645524e-04,9.243935880669419403e-01,9.275874605570546549e-01,9.243935880669419403e-01
1.411999999999999922e+00,5.766578626855260476e-04,9.162973614038026904e-01,9.117641021307917315e-01,2.707412888200198906e-04,9.254972408973470843e-01,9.285075198539756158e-01,9.254972408973470843e-01
1.412666666666666515e+00,5.539348741027111779e-04,9.172555840885866507e-01,9.129040575214819597e-01,2.202806642075623488e-04,9.265934279796610440e-01,9.294197099810487250e-01,9.265934279796610440e-01
1.413333333333333330e+00,5.239495722592767569e-04,9.182028621058322404e-01,9.140316484296374666e-01,1.721500818770701569e-04,9.276821300802542414e-01,9.303240145884912327e-01,9.276821300802542414e-01
1.414000000000000146e+00,4.875965988914016114e-04,9.191448763879974670e-01,9.151521667075229738e-01,1.277594874684905620e-04,9.287633280968271565e-01,9.312204174678566648e-01,9.287633280968271565e-01
1.414666666666666739e+00,4.458899809337877967e-04,9.200872611237375098e-01,9.162715794631248745e-01,8.840926676587905367e-05,9.298370030587468360e-01,9.321089025523265903e-01,9.298370030587468360e-01
1.415333333333333332e+00,3.999516840977800579e-04,9.210338818099383928e-01,9.173947533468262971e-01,5.525215197031037171e-05,9.309031361273788496e-01,9.329894539169991674e-01,9.309031361273788496e-01
1.415999999999999925e+00,3.510115648684896338e-04,9.219855266625511803e-01,9.185239113453889104e-01,2.925945336260874817e-05,9.319617085964186920e-01,9.338620557791725840e-01,9.319617085964186920e-01
1.416666666666666741e+00,3.004078201854582181e-04,9.229393722448671067e-01,9.196577381323554068e-01,1.119260557116858770e-05,9.330127018922204085e-01,9.347266924986308290e-01,9.330127018922204085e-01
1.417333333333333334e+00,2.495760353276345322e-04,9.238893980542997042e-01,9.207913899357379472e-01,1.580861973737227400e-06,9.340560975741204475e-01,9.355833485779206926e-01,9.340560975741204475e-01
1.417999999999999927e+00,2.000181849925196430e-04,9.248276884488810801e-01,9.219174440556411332e-01,7.057906569836052240e-07,9.350918773347638435e-01,9.364320086626326534e-01,9.350918773347638435e-01
1.418666666666666520e+00,1.532493414806790702e-04,9.257463257176553606e-01,9.230275879527586325e-01,8.593026112076736523e-06,9.361200230004226297e-01,9.372726575416733263e-01,9.361200230004226297e-01
1.419333333333333336e+00,1.107272204592350812e-04,9.266394069520658139e-01,9.241146503731204609e-01,2.501151829344623170e-05,9.371405165313176910e-01,9.381052801475410208e-01,9.371405165313176910e-01
1.419999999999999929e+00,7.377560243232566812e-05,9.275046636933271804e-01,9.251744686665422934e-01,4.948030103893585890e-05,9.381533400219326246e-01,9.389298615565923045e-01,9.381533400219326246e-01
1.420666666666666744e+00,4.351522520845034421e-05,9.283442511656017082e-01,9.262071049879773144e-01,8.128258157614936586e-05,9.391584757013297091e-01,9.397463869893128985e-01,9.391584757013297091e-01
1.421333333333333337e+00,2.081422181303369407e-05,9.291644820888051992e-01,9.272170756470505815e-01,1.194867383743990452e-04,9.401559059334611002e-01,9.405548418105805775e-01,9.401559059334611002e-01
1.421999999999999931e+00,6.265156880518241046e-06,9.299745484446899635e-01,9.282125060447384834e-01,1.629736122276783706e-04,9.411456132174778055e-01,9.413552115299277379e-01,9.411456132174778055e-01
1.422666666666666746e+00,1.888031485620939035e-07,9.307845268744761036e-01,9.292033982275964554e-01,2.104692910989088331e-04,9.421275801880371059e-01,9.421474818018020780e-01,9.421275801880371059e-01
1.423333333333333339e+00,2.658095609899025172e-06,9.316031354642312357e-01,9.301994211941460033e-01,2.605824283203606040e-04,9.431017896156083102e-01,9.429316384258220607e-01,9.431017896156083102e-01
1.424000000000000155e+00,1.353117059878357197e-05,9.324357664219615760e-01,9.312077478806775055e-01,3.118450009447515403e-04,9.440682244067731821e-01,9.437076673470335964e-01,9.440682244067731821e-01
1.424666666666666526e+00,3.248134303957560986e-05,9.332832554094675492e-01,9.322314460274170322e-01,3.627553142643677084e-04,9.450268676045270322e-01,9.444755546561593995e-01,9.450268676045270322e-01
1.425333333333333341e+00,5.901459322854808655e-05,9.341416812661229585e-01,9.332687966353435671e-01,4.118219927168238238e-04,9.459777023885762581e-01,9.452352865898507872e-01,9.459777023885762581e-01
1.425999999999999934e+00,9.247082140913961382e-05,9.350032525203283429e-01,9.343136986021371992e-01,4.576076684997466186e-04,9.469207120756326646e-01,9.459868495309323722e-01,9.469207120756326646e-01
1.426666666666666750e+00,1.320120725947907295e-04,9.358580780524136111e-01,9.353570670758151184e-01,4.987710880729888559e-04,9.478558801197073391e-01,9.467302300086479772e-01,9.478558801197073391e-01
1.427333333333333343e+00,1.766069783184072114e-04,9.366963998493138543e-01,9.363888981208912110e-01,5.341064030727258162e-04,9.487831901123994216e-01,9.474654146988999992e-01,9.487831901123994216e-01
1.427999999999999936e+00,2.250238424635790451e-04,9.375107469043145736e-01,9.374005076869789121e-01,5.625784946430014647e-04,9.497026257831863161e-01,9.481923904244901058e-01,9.497026257831863161e-01
1.428666666666666529e+00,2.758439801025270319e-04,9.382974906317188557e-01,9.383864053167496611e-01,5.833532963872281249e-04,9.506141709997064648e-01,9.489111441553541582e-01,9.506141709997064648e-01
1.429333333333333345e+00,3.275022042640286205e-04,9.390574412457998177e-01,9.393453544111100006e-01,5.958222276541690369e-04,9.515178097680442315e-01,9.496216630087966903e-01,9.515178097680442315e-01
1.430000000000000160e+00,3.783540988995900316e-04,9.397953752151468887e-01,9.402803821129640527e-01,5.996200214052064192e-04,9.524135262330104545e-01,9.503239342497210584e-01,9.524135262330104545e-01
1.430666666666666531e+00,4.267621109434816874e-04,9.405186524804926007e-01,9.411977742263842872e-01,5.946354244104559315e-04,9.533013046784193367e-01,9.510179452908573694e-01,9.533013046784193367e-01
1.431333333333333346e+00,4.711868756405612106e-04,9.412352970629417337e-01,9.421053452562671016e-01,5.810144563201922758e-04,9.541811295273665561e-01,9.517036836929905208e-01,9.541811295273665561e-01
1.431999999999999940e+00,5.102682932511368348e-04,9.419520279142854502e-01,9.430104418319783521e-01,5.591561321398648031e-04,9.550529853424987170e-01,9.523811371651795810e-01,9.550529853424987170e-01
1.432666666666666755e+00,5.428833036659666935e-04,9.426727213104875158e-01,9.439181823820406159e-01,5.297007734151811019e-04,9.559168568262884635e-01,9.530502935649809437e-01,9.559168568262884635e-01
1.433333333333333348e+00,5.681733534798640278e-04,9.433976699463101356e-01,9.448303573343628248e-01,4.935112505415603429e-04,9.567727288213009329e-01,9.537111408986639338e-01,9.567727288213009329e-01
1.433999999999999941e+00,5.855424266688535537e-04,9.441238030846583751e-01,9.457452398259400539e-01,4.516477056888078528e-04,9.576205863104593208e-01,9.543636673214276334e-01,9.576205863104593208e-01
1.434666666666666535e+00,5.946338704945692329e-04,9.448457885899421704e-01,9.466583282566013446e-01,4.053364968123105935e-04,9.584604144173090035e-01,9.550078611376117133e-01,9.584604144173090035e-01
1.435333333333333350e+00,5.952988874492190019e-04,9.455577074153194150e-01,9.475638078853609869e-01,3.559342725099526707e-04,9.592921984062774410e-01,9.556437108009072645e-01,9.592921984062774410e-01
1.435999999999999943e+00,5.875700880183094789e-04,9.462548367895849966e-01,9.484563321638831423e-01,3.048882301225258650e-04,9.601159236829356347e-01,9.562712049145621895e-01,9.601159236829356347e-01
1.436666666666666758e+00,5.716497817299121681e-04,9.469350488646645081e-01,9.493326356426502466e-01,2.536937212833056368e-04,9.609315757942507030e-01,9.568903322315870374e-01,9.609315757942507030e-01
1.437333333333333352e+00,5.479159475441456326e-04,9.475994407019201482e-01,9.501925312872379070e-01,2.038504468276448119e-04,9.617391404288421208e-01,9.575010816549559545e-01,9.617391404288421208e-01
1.437999999999999945e+00,5.169412776869575579e-04,9.482520276554792238e-01,9.510390124716444626e-01,1.568185242961285411e-04,9.625386034172294103e-01,9.581034422378051918e-01,9.625386034172294103e-01
1.438666666666666760e+00,4.795148075889291649e-04,9.488985895836614670e-01,9.518774281875352905e-01,1.139757149976514231e-04,9.633299507320870481e-01,9.586974031836305032e-01,9.633299507320870481e-01
1.439333333333333353e+00,4.366533354121849056e-04,9.495449839088583310e-01,9.527139555882105926e-01,7.657706363039010981e-05,9.641131684884822750e-01,9.592829538464786587e-01,9.641131684884822750e-01
1.439999999999999947e+00,3.895917934194990506e-04,9.501953752535062803e-01,9.535537828516896797e-01,4.571813278428824928e-05,9.648882429441264508e-01,9.598600837311405121e-01,9.648882429441264508e-01
1.440666666666666540e+00,3.397472421593186916e-04,9.508508523534124901e-01,9.543994892221312476e-01,2.230290934031746620e-05,9.656551604996106430e-01,9.604287824933374074e-01,9.656551604996106430e-01
1.441333333333333355e+00,2.886583864473196335e-04,9.515088110360186979e-01,9.552500574546129997e-01,7.017322921673844522e-06,9.664139076986478782e-01,9.609890399399079186e-01,9.664139076986478782e-01
1.441999999999999948e+00,2.379091756337902146e-04,9.521632986954148281e-01,9.561007976718244317e-01,3.091521522936407629e-07,9.671644712283065104e-01,9.615408460289889270e-01,9.671644712283065104e-01
1.442666666666666764e+00,1.890491595177736363e-04,9.528062776974945969e-01,9.569442394102444238e-01,2.374907352020098721e-06,9.679068379192460325e-01,9.620841908701974754e-01,9.679068379192460325e-01
1.443333333333333135e+00,1.435237034908268727e-04,9.534295243294884648e-01,9.577718080105429577e-01,1.315407392917263183e-05,9.686409947459463377e-01,9.626190647248064058e-01,9.686409947459463377e-01
1.443999999999999950e+00,1.026239215046609180e-04,9.540266983345981888e-01,9.585758945711887469e-01,3.233088510551292036e-05,9.693669288269376461e-01,9.631454580059202186e-01,9.693669288269376461e-01
1.444666666666666544e+00,6.746030670265470920e-05,9.545950520193460243e-01,9.593518081480140181e-01,5.934357204307504286e-05,9.700846274250255474e-01,9.636633612786458247e-01,9.700846274250255474e-01
1.445333333333333359e+00,3.895728581544356448e-05,9.551363251263036425e-01,9.600991050977598640e-01,9.340082039814028470e-05,9.707940779475155990e-01,9.641727652602625209e-01,9.707940779475155990e-01
1.446000000000000174e+00,1.786029177377380402e-05,9.556565747540542999e-01,9.608219331531081542e-01,1.335049512210357506e-04,9.714952679464329277e-01,9.646736608203876351e-01,9.714952679464329277e-01
1.446666666666666545e+00,4.744139908895491232e-06,9.561649602728209407e-01,9.615282741943835809e-01,1.784811471366169917e-04,9.721881851187410550e-01,9.651660389811406171e-01,9.721881851187410550e-01
1.447333333333333361e+00,1.242089351808752665e-08,9.566717638925218425e-01,9.622282508416569735e-01,2.270118676485914275e-04,9.728728173065589457e-01,9.656498909173042433e-01,9.728728173065589457e-01
1.447999999999999954e+00,3.882090679367750608e-06,9.571861113096781226e-01,9.629318976026948196e-01,2.776754453995996488e-04,9.735491524973725053e-01,9.661252079564819351e-01,9.735491524973725053e-01
1.448666666666666769e+00,1.635410670514052860e-05,9.577139250007776772e-01,9.636469254199937495e-01,3.289877327418654334e-04,9.742171788242471875e-01,9.665919815792539671e-01,9.742171788242471875e-01
1.449333333333333362e+00,3.717769805533919949e-05,9.582565880494209321e-01,9.643770037866217226e-01,3.794455786160933625e-04,9.748768845660339410e-01,9.670502034193294572e-01,9.748768845660339410e-01
1.449999999999999956e+00,6.582039816599156816e-05,9.588106347126020834e-01,9.651209581954259820e-01,4.275708621198448609e-04,9.755282581475774872e-01,9.674998652636971341e-01,9.755282581475774872e-01
1.450666666666666549e+00,1.014566824986671997e-04,9.593685477375443194e-01,9.658730673665614219e-01,4.719537928379110452e-04,9.761712881399170483e-01,9.679409590527728868e-01,9.761712881399170483e-01
1.451333333333333364e+00,1.429845401179893134e-04,9.599204797959286495e-01,9.666243907244594924e-01,5.112942094877561631e-04,9.768059632604882969e-01,9.683734768805415394e-01,9.768059632604882969e-01
1.451999999999999957e+00,1.890725675799005408e-04,9.604564881361372652e-01,9.673648141195815287e-01,5.444396670698824822e-04,9.774322723733219753e-01,9.687974109947028456e-01,9.774322723733219753e-01
1.452666666666666773e+00,2.382322806404486295e-04,9.609687405152391726e-01,9.680853258184949350e-01,5.704191967919416441e-04,9.780502044892368518e-01,9.692127537968060480e-01,9.780502044892368518e-01
1.453333333333333366e+00,2.889037494958258305e-04,9.614531590138224448e-01,9.687799739945496258e-01,5.884717497971358622e-04,9.786597487660343431e-01,9.696194978423893218e-01,9.786597487660343431e-01
1.453999999999999959e+00,3.395394111277804500e-04,9.619101185847077629e-01,9.694470363733732610e-01,5.980684914616783135e-04,9.792608945086884731e-01,9.700176358411116695e-01,9.792608945086884731e-01
1.454666666666666774e+00,3.886719809223139629e-04,9.623440654245110082e-01,9.700891374853820581e-01,5.989282931681283190e-04,9.798536311695340562e-01,9.704071606568838160e-01,9.798536311695340562e-01
1.455333333333333368e+00,4.349574298732762200e-04,9.627621934294736672e-01,9.707123228305608587e-01,5.910259677359337195e-04,9.804379483484497726e-01,9.707880653079966615e-01,9.804379483484497726e-01
1.455999999999999961e+00,4.771914692442454759e-04,9.631725412270295550e-01,9.713243628597085788e-01,5.745930072590755893e-04,9.810138357930435760e-01,9.711603429672451826e-01,9.810138357930435760e-01
1.456666666666666554e+00,5.143056220817525956e-04,9.635819963301360813e-01,9.719327406169313566e-01,5.501108017364716215e-04,9.815812833988294406e-01,9.715239869620531099e-01,9.815812833988294406e-01
1.457333333333333369e+00,5.453544457131526482e-04,9.639946971060721070e-01,9.725428340544581829e-01,5.182965371496824937e-04,9.821402812094078838e-01,9.718789907745887247e-01,9.821402812094078838e-01
1.457999999999999963e+00,5.695071417857253257e-04,9.644112141324937548e-01,9.731567345019738191e-01,4.800821860922381925e-04,9.826908194166373844e-01,9.722253480418862059e-01,9.826908194166373844e-01
1.458666666666666778e+00,5.860541674263186011e-04,9.648286953932082577e-01,9.737729727303165994e-01,4.365872064025087991e-04,9.832328883608092429e-01,9.725630525559562090e-01,9.832328883608092429e-01
1.459333333333333149e+00,5.944334046737167424e-04,9.652419155042156751e-01,9.743871951923387398e-01,3.890857475714050136e-04,9.837664785308153359e-01,9.728920982638987747e-01,9.837664785308153359e-01
1.459999999999999964e+00,5.942728975716193157e-04,9.656449334623320446e-01,9.749935943853409448e-01,3.389693255857487370e-04,9.842915805643158711e-01,9.732124792680116876e-01,9.842915805643158711e-01
1.460666666666666780e+00,5.854405221167982608e-04,9.660328992221733913e-01,9.755867021399630135e-01,2.877060596173199643e-04,9.848081852479034781e-01,9.735241898258946147e-01,9.848081852479034781e-01
1.461333333333333373e+00,5.680872813183179219e-04,9.664035083152666683e-01,9.761630543734051146e-01,2.367976646847584220e-04,9.853162835172639689e-01,9.738272243505549097e-01,9.853162835172639689e-01
1.462000000000000188e+00,5.426713030584185251e-04,9.667577031158287593e-01,9.767222652487490553e-01,1.877354601528849975e-04,9.858158664573376528e-01,9.741215774105054237e-01,9.858158664573376528e-01
1.462666666666666559e+00,5.099538669268212929e-04,9.670994312069823851e-01,9.772672080756308333e-01,1.419566827642672639e-04,9.863069253024723260e-01,9.744072437298625378e-01,9.863069253024723260e-01
1.463333333333333375e+00,4.709655478857445866e-04,9.674345310957902511e-01,9.778032475495105347e-01,1.008023839762908823e-04,9.867894514365805891e-01,9.746842181884411982e-01,9.867894514365805891e-01
1.463999999999999968e+00,4.269478061491878808e-04,9.677690477949942860e-01,9.783367300216070372e-01,6.547814496691226613e-05,9.872634363932889512e-01,9.749524958218460657e-01,9.872634363932889512e-01
1.464666666666666783e+00,3.792809828003894791e-04,9.681074266313808296e-01,9.788731388295225377e-01,3.701876013010206107e-05,9.877288718560870429e-01,9.752120718215607775e-01,9.877288718560870429e-01
1.465333333333333377e+00,3.294121122256717994e-04,9.684510641761265859e-01,9.794154081310190163e-01,1.625792362919029174e-05,9.881857496584727230e-01,9.754629415350338784e-01,9.881857496584727230e-01
1.465999999999999970e+00,2.787945949645200482e-04,9.687976106299281964e-01,9.799628468278305249e-01,3.803807015150252677e-06,9.886340617840969625e-01,9.757051004657626425e-01,9.886340617840969625e-01
1.466666666666666563e+00,2.288470328762037798e-04,9.691412387615492285e-01,9.805109731457419819e-01,2.124334358355219251e-08,9.890738003669029554e-01,9.759385442733727878e-01,9.890738003669029554e-01
1.467333333333333378e+00,1.809318372855992039e-04,9.694738567193280643e-01,9.810523387581657762e-01,5.021039691781665679e-06,9.895049576912651190e-01,9.761632687736983005e-01,9.895049576912651190e-01
1.467999999999999972e+00,1.363476247495725108e-04,9.697869968145076403e-01,9.815781768665289286e-01,1.865673115696354865e-05,9.899275261921238744e-01,9.763792699388538221e-01,9.899275261921238744e-01
1.468666666666666565e+00,9.632500900964965831e-05,9.700739216308482682e-01,9.820804937806175694e-01,4.052887142459324040e-05,9.903414984551179856e-01,9.765865438973084789e-01,9.903414984551179856e-01
1.469333333333333380e+00,6.201466991209242602e-05,9.703314107280660572e-01,9.825540915299992850e-01,6.999673421808641981e-05,9.907468672167170087e-01,9.767850869339547160e-01,9.907468672167170087e-01
1.469999999999999973e+00,3.445987080422624986e-05,9.705607567946380465e-01,9.829980025239831720e-01,1.061970828456641124e-04,9.911436253643447492e-01,9.769748954901752436e-01,9.911436253643447492e-01
1.470666666666666789e+00,1.455189645700204360e-05,9.707676962956047761e-01,9.834159496192959038e-01,1.480694580060049157e-04,9.915317659365082692e-01,9.771559661639066530e-01,9.915317659365082692e-01
1.471333333333333382e+00,2.974108679590597819e-06,9.709612701434433557e-01,9.838156871767345102e-01,1.943872430671571890e-04,9.919112821229164600e-01,9.773282957096998125e-01,9.919112821229164600e-01
1.471999999999999975e+00,1.460006780868398375e-07,9.711518771919854798e-01,9.842073639071364788e-01,2.437935967873411857e-04,9.922821672646031654e-01,9.774918810387793755e-01,9.922821672646031654e-01
1.472666666666666568e+00,6.180795890886261893e-06,9.713489775538454163e-01,9.846012947930289361e-01,2.948412008578819269e-04,9.926444148540394252e-01,9.776467192190975153e-01,9.926444148540394252e-01
1.473333333333333384e+00,2.086799228338918623e-05,9.715589822377139750e-01,9.850056712670410830e-01,3.460346578972870509e-04,9.929980185352529354e-01,9.777928074753884369e-01,9.929980185352529354e-01
1.473999999999999977e+00,4.368645530395253454e-05,9.717838205860833689e-01,9.854247467384324999e-01,3.958742978817959422e-04,9.933429721039344074e-01,9.779301431892154506e-01,9.933429721039344074e-01
1.474666666666666792e+00,7.384605249332587269e-05,9.720205220792516032e-01,9.858579167123324716e-01,4.429001097396972875e-04,9.936792695075505888e-01,9.780587238990201548e-01,9.936792695075505888e-01
1.475333333333333163e+00,1.103487769046220912e-04,9.722619159679906087e-01,9.862999030544439272e-01,4.857345111691734312e-04,9.940069048454479583e-01,9.781785473001667341e-01,9.940069048454479583e-01
1.475999999999999979e+00,1.520559639238803649e-04,9.724982878347800952e-01,9.867419969295426752e-01,5.231227037736747507e-04,9.943258723689574197e-01,9.782896112449815940e-01,9.943258723689574197e-01
1.476666666666666794e+00,1.977478289968640369e-04,9.727195970401665281e-01,9.871740668126230966e-01,5.539694313440342429e-04,9.946361664814945547e-01,9.783919137427918855e-01,9.946361664814945547e-01
1.477333333333333387e+00,2.461651911518780299e-04,9.729177165741574873e-01,9.875868519411941104e-01,5.773710644841721510e-04,9.949377817386582112e-01,9.784854529599629203e-01,9.949377817386582112e-01
1.477999999999999980e+00,2.960297587620489674e-04,9.730881525287726763e-01,9.879739878196291958e-01,5.926420716876136313e-04,9.952307128483258714e-01,9.785702272199299223e-01,9.952307128483258714e-01
1.478666666666666574e+00,3.460467566938609180e-04,9.732308402270174463e-01,9.883332770067523310e-01,5.993351014164851210e-04,9.955149546707464658e-01,9.786462350032281154e-01,9.955149546707464658e-01
1.479333333333333389e+00,3.948997176547078378e-04,9.733498577252301942e-01,9.886669147657983769e-01,5.972540868952148441e-04,9.957905022186309685e-01,9.787134749475200346e-01,9.957905022186309685e-01
1.479999999999999982e+00,4.412500892117672243e-04,9.734521729833833792e-01,9.889806520037185411e-01,5.864599897246986849e-04,9.960573506572393265e-01,9.787719458476199508e-01,9.960573506572393265e-01
1.480666666666666798e+00,4.837530263231720642e-04,9.735457728817141776e-01,9.892821482968630065e-01,5.672690140625706806e-04,9.963154953044646156e-01,9.788216466555154094e-01,9.963154953044646156e-01
1.481333333333333169e+00,5.210957071538305663e-04,9.736376564430495595e-01,9.895789604131546291e-01,5.402433436837047976e-04,9.965649316309178607e-01,9.788625764803863261e-01,9.965649316309178607e-01
1.481999999999999984e+00,5.520572506440063129e-04,9.737321886322309883e-01,9.898766813961766831e-01,5.061746732710045629e-04,9.968056552600044196e-01,9.788947345886203077e-01,9.968056552600044196e-01
1.482666666666666577e+00,5.755820449901637680e-04,9.738302100061907440e-01,9.901776857154555023e-01,4.660610163738966864e-04,9.970376619680023644e-01,9.789181204038264195e-01,9.970376619680023644e-01
1.483333333333333393e+00,5.908532322595072160e-04,9.739291054658635316e-01,9.904807717411365786e-01,4.210774694259586154e-04,9.972609476841367560e-01,9.789327335068455094e-01,9.972609476841367560e-01
1.483999999999999986e+00,5.973517639838157520e-04,9.740237923095486083e-01,9.907817654126991336e-01,3.725417882659568989e-04,9.974755084906502534e-01,9.789385736357572032e-01,9.974755084906502534e-01
1.484666666666666579e+00,5.948892356825012141e-04,9.741083483952266420e-01,9.910749075692731891e-01,3.218757855692772757e-04,9.976813406228721703e-01,9.789356406858850113e-01,9.976813406228721703e-01
1.485333333333333394e+00,5.836087929050789427e-04,9.741778285313161811e-01,9.913546451610826260e-01,2.705636800205207197e-04,9.978784404692847554e-01,9.789239347097982158e-01,9.978784404692847554e-01
1.485999999999999988e+00,5.639559996600711830e-04,9.742297646689991319e-01,9.916173355631565656e-01,2.201086173534775843e-04,9.980668045715863634e-01,9.789034559173105388e-01,9.980668045715863634e-01
1.486666666666666803e+00,5.366284752786757220e-04,9.742649342090983211e-01,9.918623906339472107e-01,1.719886369388309226e-04,9.982464296247524072e-01,9.788742046754771442e-01,9.982464296247524072e-01
1.487333333333333396e+00,5.025173449874056810e-04,9.742871864444023755e-01,9.920925370682214250e-01,1.276133738421763718e-04,9.984173124770926444e-01,9.788361815085870887e-01,9.984173124770926444e-01
1.487999999999999989e+00,4.626538880060041144e-04,9.743023771792291843e-01,9.923131135620647525e-01,8.828276472941620464e-05,9.985794501303073556e-01,9.787893870981546618e-01,9.985794501303073556e-01
1.488666666666666583e+00,4.181711219864012912e-04,9.743166999073943346e-01,9.925305917347059248e-01,5.514896729635272482e-05,9.987328397395390800e-01,9.787338222829066181e-01,9.987328397395390800e-01
1.489333333333333398e+00,3.702835687845965756e-04,9.743348569546790294e-01,9.927507182488981563e-01,2.918260876090238436e-05,9.988774786134236860e-01,9.786694880587678558e-01,9.988774786134236860e-01
1.489999999999999991e+00,3.202811706231736897e-04,9.743585541895795066e-01,9.929767741941053494e-01,1.114435214083841609e-05,9.990133642141361126e-01,9.785963855788430976e-01,9.990133642141361126e-01
1.490666666666666584e+00,2.695276507761393400e-04,9.743857264107406158e-01,9.932084165080717897e-01,1.562613259145487866e-06,9.991404941574363319e-01,9.785145161533961300e-01,9.991404941574363319e-01
1.491333333333333178e+00,2.194514534552782466e-04,9.744107268271090527e-01,9.934414217621773124e-01,7.180812391488230301e-07,9.992588662127098731e-01,9.784238812498262661e-01,9.992588662127098731e-01
1.491999999999999993e+00,1.715195130061092680e-04,9.744254783001549125e-01,9.936684332757959037e-01,8.635495948551995986e-06,9.993684783030091223e-01,9.783244824926425887e-01,9.993684783030091223e-01
1.492666666666666808e+00,1.271897941360819993e-04,9.744213361945177621e-01,9.938805659616930521e-01,2.508292326546298823e-05,9.994693285050859632e-01,9.782163216634343073e-01,9.994693285050859632e-01
1.493333333333333401e+00,8.784588219875447460e-05,9.743912143214193966e-01,9.940695020118059944e-01,4.957854939683951022e-05,9.995614150494294137e-01,9.780994007008397828e-01,9.995614150494294137e-01
1.493999999999999995e+00,5.472341084299466610e-05,9.743314358082253435e-01,9.942295681102407690e-01,8.140479521547605069e-05,9.996447363202949354e-01,9.779737217005092242e-01,9.996447363202949354e-01
1.494666666666666588e+00,2.884164936163059902e-05,9.742428241473067851e-01,9.943592655064940056e-01,1.196293371475549939e-04,9.997192908557320790e-01,9.778392869150703826e-01,9.997192908557320790e-01
1.495333333333333403e+00,1.095303579532821207e-05,9.741307370565325252e-01,9.944618449432539586e-01,1.631324188214555943e-04,9.997850773476127939e-01,9.776960987540864734e-01,9.997850773476127939e-01
1.495999999999999996e+00,1.519085168570927286e-06,9.740040139016606924e-01,9.945447543410892433e-01,2.106396534053341118e-04,9.998420946416501920e-01,9.775441597840126562e-01,9.998420946416501920e-01
1.496666666666666812e+00,7.143558051691295850e-07,9.738730790800583792e-01,9.946180738730002746e-01,2.607593557164640985e-04,9.998903417374229718e-01,9.773834727281519585e-01,9.998903417374229718e-01
1.497333333333333183e+00,8.453111336693262636e-06,9.737476471046013771e-01,9.946923084509590174e-01,3.120233104886256182e-04,9.999298177883904071e-01,9.772140404666033175e-01,9.999298177883904071e-01
1.497999999999999998e+00,2.442806789902828886e-05,9.736345655283061840e-01,9.947760625933836920e-01,3.629297825252894745e-04,9.999605221019082224e-01,9.770358660362126191e-01,9.999605221019082224e-01
1.498666666666666591e+00,4.814867692008702123e-05,9.735362970493695034e-01,9.948741434454314581e-01,4.119875087912197652e-04,9.999824541392404731e-01,9.768489526305174087e-01,9.999824541392404731e-01
1.499333333333333407e+00,7.896829650885930181e-05,9.734503952508339886e-01,9.949865296339178711e-01,4.577593837310084683e-04,9.999956135155689818e-01,9.766533035996896039e-01,9.999956135155689818e-01
1.500000000000000000e+00,1.160947681024469385e-04,9.733701001526251506e-01,9.951084393942040141e-01,4.989045580887501189e-04,1.000000000000000000e+00,9.764489224504753206e-01,1.000000000000000000e+00
1.500666666666666593e+00,1.585857927951249456e-04,9.732859157787023818e-01,9.952314772314603264e-01,5.342177179791817755e-04,9.999956135155689818e-01,9.762358128461325890e-01,9.999956135155689818e-01
1.501333333333333409e+00,2.053369923830739919e-04,9.731877917829436786e-01,9.953455864483139459e-01,5.626643935619333060e-04,9.999824541392404731e-01,9.760139786063644074e-01,9.999824541392404731e-01
1.502000000000000002e+00,2.550745894321350903e-04,9.730673785723651381e-01,9.954413403438100438e-01,5.834112629807828090e-04,9.999605221019082224e-01,9.757834237072527950e-01,9.999605221019082224e-01
1.502666666666666817e+00,3.063648782459444980e-04,9.729198081887402427e-01,9.955120187186606850e-01,5.958505638388849604e-04,9.999298177883904071e-01,9.755441522811836297e-01,9.999298177883904071e-01
1.503333333333333188e+00,3.576488674580522364e-04,9.727445814111489453e-01,9.955549695412218014e-01,5.996178970959662943e-04,9.998903417374229718e-01,9.752961686167765931e-01,9.998903417374229718e-01
1.504000000000000004e+00,4.073037092288711342e-04,9.725453785932028916e-01,9.955719417264758953e-01,5.946029018371427888e-04,9.998420946416501920e-01,9.750394771588052345e-01,9.998420946416501920e-01
1.504666666666666597e+00,4.537248135441819129e-04,9.723288874492260758e-01,9.955683444280665206e-01,5.809524882047242909e-04,9.997850773476125719e-01,9.747740825081204763e-01,9.997850773476125719e-01
1.505333333333333412e+00,4.954162371608712787e-04,9.721029788030027818e-01,9.955516630410579104e-01,5.590665337869711029e-04,9.997192908557323010e-01,9.744999894215644609e-01,9.997192908557323010e-01
1.506000000000000005e+00,5.310739794968506690e-04,9.718747046985638516e-01,9.955294650281828472e-01,5.295861695345911941e-04,9.996447363202947134e-01,9.742172028118881721e-01,9.996447363202947134e-01
1.506666666666666599e+00,5.596481370531682315e-04,9.716486171490950063e-01,9.955075105899801047e-01,4.933749983592417227e-04,9.995614150494291916e-01,9.739257277476615071e-01,9.995614150494291916e-01
1.507333333333333192e+00,5.803750952325623406e-04,9.714258134787657761e-01,9.954884342650048845e-01,4.514937965998823259e-04,9.994693285050857412e-01,9.736255694531840144e-01,9.994693285050857412e-01
1.508000000000000007e+00,5.927785342292236524e-04,9.712039287024223366e-01,9.954713064932136923e-01,4.051694394563388145e-04,9.993684783030089003e-01,9.733167333083898587e-01,9.993684783030089003e-01
1.508666666666666822e+00,5.966457490376727386e-04,9.709780553398933423e-01,9.954521599708496815e-01,3.557589606941549427e-04,9.992588662127100951e-01,9.729992248487525641e-01,9.992588662127100951e-01
1.509333333333333416e+00,5.919913406890803991e-04,9.707423298769485287e-01,9.954253231740908259e-01,3.047097994616890281e-04,9.991404941574361098e-01,9.726730497651850937e-01,9.991404941574361098e-01
1.510000000000000009e+00,5.790220702864655586e-04,9.704917452959996860e-01,9.953851956712039817e-01,2.535173987562052257e-04,9.990133642141358905e-01,9.723382139039373762e-01,9.990133642141358905e-01
1.510666666666666602e+00,5.581140801449789406e-04,9.702236856110686425e-01,9.953279790775453328e-01,2.036813976570344884e-04,9.988774786134234640e-01,9.719947232664934988e-01,9.988774786134234640e-01
1.511333333333333417e+00,5.298076299366511052e-04,9.699387557029717222e-01,9.952528827840929626e-01,1.566617006377497726e-04,9.987328397395388579e-01,9.716425840094616850e-01,9.987328397395388579e-01
1.512000000000000011e+00,4.948169467978025130e-04,9.696406775697121727e-01,9.951624627432440473e-01,1.138357108710230810e-04,9.985794501303071335e-01,9.712818024444652698e-01,9.985794501303071335e-01
1.512666666666666604e+00,4.540462262722816150e-04,9.693352822951638581e-01,9.950619901521765565e-01,7.645798034069455843e-05,9.984173124770924224e-01,9.709123850380295684e-01,9.984173124770924224e-01
1.513333333333333197e+00,4.085994001066913179e-04,9.690288695730924218e-01,9.949580153308131836e-01,4.562345877812143624e-05,9.982464296247521851e-01,9.705343384114657468e-01,9.982464296247521851e-01
1.514000000000000012e+00,3.597720989767485200e-04,9.687263698105753607e-01,9.948565111737280864e-01,2.223541801444613657e-05,9.980668045715861414e-01,9.701476693407518059e-01,9.980668045715861414e-01
1.514666666666666606e+00,3.090189503478190367e-04,9.684297934814107833e-01,9.947610909019006797e-01,6.978991378734223692e-06,9.978784404692845333e-01,9.697523847564121224e-01,9.978784404692845333e-01
1.515333333333333421e+00,2.578963602404643293e-04,9.681373846461683863e-01,9.946717745891950901e-01,3.011032831568385401e-07,9.976813406228719483e-01,9.693484917433917714e-01,9.976813406228719483e-01
1.515999999999999792e+00,2.079879527766209451e-04,9.678437286601350165e-01,9.945846424401193486e-01,2.397376941658264679e-06,9.974755084906502534e-01,9.689359975409311820e-01,9.974755084906502534e-01
1.516666666666666607e+00,1.608247072721102130e-04,9.675408321058244221e-01,9.944924973550066660e-01,1.320640374952744174e-05,9.972609476841367560e-01,9.685149095424347987e-01,9.972609476841367560e-01
1.517333333333333423e+00,1.178131423403197797e-04,9.672199444730377182e-01,9.943864124898157408e-01,3.241154219773423198e-05,9.970376619680023644e-01,9.680852352953398521e-01,9.970376619680023644e-01
1.518000000000000016e+00,8.018238862218033368e-05,9.668736867621972042e-01,9.942578135077423385e-01,5.945019362429184031e-05,9.968056552600039755e-01,9.676469825009805792e-01,9.968056552600039755e-01
1.518666666666666831e+00,4.895552594936031167e-05,9.664979517608737192e-01,9.941005934998432547e-01,9.353028307723028367e-05,9.965649316309174166e-01,9.672001590144496674e-01,9.965649316309174166e-01
1.519333333333333202e+00,2.494380625593625969e-05,9.660930815877580846e-01,9.939127265839787784e-01,1.336534624957746585e-04,9.963154953044646156e-01,9.667447728444585886e-01,9.963154953044646156e-01
1.520000000000000018e+00,8.756336628763422127e-06,9.656640050885640925e-01,9.936969541829164809e-01,1.786443564919492342e-04,9.960573506572388824e-01,9.662808321531923816e-01,9.960573506572388824e-01
1.520666666666666611e+00,8.142459165149370412e-07,9.652192811842656983e-01,9.934603454299901770e-01,2.271849940012814434e-04,9.957905022186307464e-01,9.658083452561664339e-01,9.957905022186307464e-01
1.521333333333333426e+00,1.358396748361349175e-06,9.647692680815317390e-01,9.932128188799469459e-01,2.778534171562264433e-04,9.955149546707462438e-01,9.653273206220723823e-01,9.955149546707462438e-01
1.522000000000000020e+00,1.044338890532530695e-05,9.643238491685891534e-01,9.929649749056415065e-01,3.291653363668426064e-04,9.952307128483256493e-01,9.648377668726327849e-01,9.952307128483256493e-01
1.522666666666666613e+00,2.791686024622031868e-05,9.638902471542759587e-01,9.927257550098033123e-01,3.796176113580090384e-04,9.949377817386577671e-01,9.643396927824401388e-01,9.949377817386577671e-01
1.523333333333333206e+00,5.338997863534633749e-05,9.634714336811062152e-01,9.925004780780969371e-01,4.277322844216418954e-04,9.946361664814941106e-01,9.638331072788038911e-01,9.946361664814941106e-01
1.524000000000000021e+00,8.621027066958464888e-05,9.630655039311689647e-01,9.922897063512150506e-01,4.720998759666668451e-04,9.943258723689569756e-01,9.633180194415897901e-01,9.943258723689569756e-01
1.524666666666666837e+00,1.254497144287906201e-04,9.626661639094332701e-01,9.920891966823647268e-01,5.114206740589054322e-04,9.940069048454475142e-01,9.627944385030553498e-01,9.940069048454475142e-01
1.525333333333333208e+00,1.699185760589005272e-04,9.622642166036967648e-01,9.918909412447904916e-01,5.445428084083090087e-04,9.936792695075501447e-01,9.622623738476863142e-01,9.936792695075501447e-01
1.526000000000000023e+00,2.182094182376336780e-04,9.618496899938472344e-01,9.916850481048730126e-01,5.704959934573597445e-04,9.933429721039339633e-01,9.617218350120269044e-01,9.933429721039339633e-01
1.526666666666666616e+00,2.687678808096706398e-04,9.614140885110186163e-01,9.914620106313335457e-01,5.885199520946839298e-04,9.929980185352524913e-01,9.611728316845106201e-01,9.929980185352524913e-01
1.527333333333333432e+00,3.199796589512478090e-04,9.609522198297690831e-01,9.912148170201856567e-01,5.980866873448866883e-04,9.926444148540389811e-01,9.606153737052847141e-01,9.926444148540389811e-01
1.528000000000000025e+00,3.702588113494460612e-04,9.604631644479617592e-01,9.909403907258962363e-01,5.989159496036303154e-04,9.922821672646027213e-01,9.600494710660353315e-01,9.922821672646027213e-01
1.528666666666666618e+00,4.181224411583837962e-04,9.599501840236766004e-01,9.906400268812022292e-01,5.909834463182495057e-04,9.919112821229160160e-01,9.594751339098070986e-01,9.919112821229160160e-01
1.529333333333333211e+00,4.622409254645558937e-04,9.594196379776946948e-01,9.903187534505299983e-01,5.745215536180094378e-04,9.915317659365073810e-01,9.588923725308230450e-01,9.915317659365073810e-01
1.530000000000000027e+00,5.014599635183873607e-04,9.588792197192337330e-01,9.899838227528352519e-01,5.500125090473846536e-04,9.911436253643443051e-01,9.583011973742981970e-01,9.911436253643443051e-01
1.530666666666666620e+00,5.347986231937956790e-04,9.583359753134907955e-01,9.896427505753209175e-01,5.181742848157011236e-04,9.907468672167163426e-01,9.577016190362538373e-01,9.907468672167163426e-01
1.531333333333333435e+00,5.614339035076163420e-04,9.577946009423848883e-01,9.893014136960073257e-01,4.799395553944508347e-04,9.903414984551175415e-01,9.570936482633264353e-01,9.903414984551175415e-01
1.531999999999999806e+00,5.806851893393680242e-04,9.572564325964807441e-01,9.889626788857198703e-01,4.364283755893782189e-04,9.899275261921232083e-01,9.564772959525762452e-01,9.899275261921232083e-01
1.532666666666666622e+00,5.920105105188022731e-04,9.567193636774300458e-01,9.886258878291491747e-01,3.889153694603355205e-04,9.895049576912646749e-01,9.558525731512906853e-01,9.895049576912646749e-01
1.533333333333333437e+00,5.950212353085696610e-04,9.561786908923165518e-01,9.882873029638107321e-01,3.387923912627377899e-04,9.890738003669025113e-01,9.552194910567873842e-01,9.890738003669025113e-01
1.534000000000000030e+00,5.895144361612760084e-04,9.556286477362878617e-01,9.879413775535287323e-01,2.875277522271779402e-04,9.886340617840965184e-01,9.545780610162132307e-01,9.886340617840965184e-01
1.534666666666666623e+00,5.755150317316118803e-04,9.550641995892965586e-01,9.875825017012401785e-01,2.366232075951165673e-04,9.881857496584722789e-01,9.539282945263404256e-01,9.881857496584722789e-01
1.535333333333333217e+00,5.533151878653065061e-04,9.544826006730651180e-01,9.872067465554036358e-01,1.875699639400638704e-04,9.877288718560865988e-01,9.532702032333610909e-01,9.877288718560865988e-01
1.536000000000000032e+00,5.234977610067021456e-04,9.538842786701461351e-01,9.868131222859063412e-01,1.418049955030459503e-04,9.872634363932880630e-01,9.526037989326778810e-01,9.872634363932880630e-01
1.536666666666666625e+00,4.869339294261851520e-04,9.532728011409825619e-01,9.864039927551506715e-01,1.006689492196768108e-04,9.867894514365797010e-01,9.519290935686932631e-01,9.867894514365797010e-01
1.537333333333333441e+00,4.447514660114143645e-04,9.526539322036493562e-01,9.859845208941793171e-01,6.536687157582256552e-05,9.863069253024716598e-01,9.512460992345957989e-01,9.863069253024716598e-01
1.537999999999999812e+00,3.982774083475137841e-04,9.520340326853049540e-01,9.855612870207893783e-01,3.693290776660477609e-05,9.858158664573367647e-01,9.505548281721414305e-01,9.858158664573367647e-01
1.538666666666666627e+00,3.489650210795606946e-04,9.514182270802274966e-01,9.851404482175377675e-01,1.620000726732089431e-05,9.853162835172635248e-01,9.498552927714356553e-01,9.853162835172635248e-01
1.539333333333333220e+00,2.983181914954634740e-04,9.508088194177504171e-01,9.847259281448160761e-01,3.775523266884502307e-06,9.848081852479030340e-01,9.491475055707121466e-01,9.848081852479030340e-01
1.540000000000000036e+00,2.478258990122350646e-04,9.502043815311946862e-01,9.843181178191888758e-01,2.342075795165906939e-08,9.842915805643154270e-01,9.484314792561057139e-01,9.842915805643154270e-01
1.540666666666666851e+00,1.989153728086297268e-04,9.495997783422721605e-01,9.839134404882328155e-01,5.053614483231404647e-06,9.837664785308146698e-01,9.477072266614269269e-01,9.837664785308146698e-01
1.541333333333333222e+00,1.529262190102025846e-04,9.489871681229909983e-01,9.835049237772411912e-01,1.871874907389535581e-05,9.832328883608085768e-01,9.469747607679315227e-01,9.832328883608085768e-01
1.542000000000000037e+00,1.111010656409811275e-04,9.483577685437857285e-01,9.830836770525246404e-01,4.061851570337495171e-05,9.826908194166367183e-01,9.462340947040870365e-01,9.826908194166367183e-01
1.542666666666666631e+00,7.458322328485229174e-05,9.477039705836111105e-01,9.826409429234449489e-01,7.011137880363245705e-05,9.821402812094072177e-01,9.454852417453382118e-01,9.821402812094072177e-01
1.543333333333333446e+00,4.441013899998134858e-05,9.470212723067167326e-01,9.821702321445249240e-01,1.063333693195896807e-04,9.815812833988288855e-01,9.447282153138694127e-01,9.815812833988288855e-01
1.544000000000000039e+00,2.149368391489512369e-05,9.463095326083108549e-01,9.816690070834903636e-01,1.482233939686437396e-04,9.810138357930429098e-01,9.439630289783630390e-01,9.810138357930429098e-01
1.544666666666666632e+00,6.583921989085377333e-06,9.455732102799407901e-01,9.811394734697033160e-01,1.945543190917049846e-04,9.804379483484486624e-01,9.431896964537567207e-01,9.804379483484486624e-01
1.545333333333333226e+00,2.201503131105024027e-07,9.448205104795871501e-01,9.805882572313734391e-01,2.439689185196816255e-04,9.798536311695329459e-01,9.424082316009980698e-01,9.798536311695329459e-01
1.546000000000000041e+00,2.679268613934427987e-06,9.440616343944910893e-01,9.800250254676473594e-01,2.950196323927618434e-04,9.792608945086874739e-01,9.416186484267947687e-01,9.792608945086874739e-01
1.546666666666666634e+00,1.393474308958369347e-05,9.433065446863017067e-01,9.794603773009330494e-01,3.462109722302960063e-04,9.786597487660332328e-01,9.408209610833662140e-01,9.786597487660332328e-01
1.547333333333333227e+00,3.363840129171281657e-05,9.425627694575368087e-01,9.789035077506488269e-01,3.960433300302646214e-04,9.780502044892357416e-01,9.400151838681863881e-01,9.780502044892357416e-01
1.548000000000000043e+00,6.113228089557201726e-05,9.418337538178683799e-01,9.783601944051980581e-01,4.430569080464885818e-04,9.774322723733209761e-01,9.392013312237302847e-01,9.774322723733209761e-01
1.548666666666666636e+00,9.549032977587496517e-05,9.411181404122657135e-01,9.778315710366806135e-01,4.858744823574497897e-04,9.768059632604874087e-01,9.383794177372143386e-01,9.768059632604874087e-01
1.549333333333333451e+00,1.355822538069738955e-04,9.404101465372792790e-01,9.773139636993090074e-01,5.232417475031311436e-04,9.761712881399161601e-01,9.375494581403339689e-01,9.761712881399161601e-01
1.550000000000000044e+00,1.801465458307994561e-04,9.397009483636749039e-01,9.767998180527960317e-01,5.540640603269717706e-04,9.755282581475762660e-01,9.367114673090011223e-01,9.755282581475762660e-01
1.550666666666666638e+00,2.278582729647801459e-04,9.389807385963302444e-01,9.762794930326675891e-01,5.774385066427424043e-04,9.748768845660330529e-01,9.358654602630760433e-01,9.748768845660330529e-01
1.551333333333333231e+00,2.773799312380746240e-04,9.382409553797209645e-01,9.757434894350305310e-01,5.926803513594955863e-04,9.742171788242462993e-01,9.350114521660997102e-01,9.742171788242462993e-01
1.552000000000000046e+00,3.273897207769117129e-04,9.374761384799786823e-01,9.751845738365833016e-01,5.993430972303276415e-04,9.735491524973716171e-01,9.341494583250206096e-01,9.735491524973716171e-01
1.552666666666666639e+00,3.765891034979585578e-04,9.366849711138847123e-01,9.745992840420225622e-01,5.972315646202564074e-04,9.728728173065580576e-01,9.332794941899211771e-01,9.728728173065580576e-01
1.553333333333333455e+00,4.236982048628992357e-04,9.358702839175210286e-01,9.739884634971032185e-01,5.864076091323710063e-04,9.721881851187401669e-01,9.324015753537401308e-01,9.721881851187401669e-01
1.553999999999999826e+00,4.674514765008234117e-04,9.350380667932588485e-01,9.733567276937131751e-01,5.671883095990543381e-04,9.714952679464320395e-01,9.315157175519943600e-01,9.714952679464320395e-01
1.554666666666666641e+00,5.066058615656706191e-04,9.341957781666555549e-01,9.727110422087946739e-01,5.401366795195591992e-04,9.707940779475147108e-01,9.306219366624962630e-01,9.707940779475147108e-01
1.555333333333333234e+00,5.399695383232410795e-04,9.333503994918043167e-01,9.720588103782625833e-01,5.060451740448023306e-04,9.700846274250248813e-01,9.297202487050676423e-01,9.700846274250248813e-01
1.556000000000000050e+00,5.664524300628588638e-04,9.325067256641089708e-01,9.714059731840528622e-01,4.659124756584436975e-04,9.693669288269367579e-01,9.288106698412547102e-01,9.693669288269367579e-01
1.556666666666666865e+00,5.851321769511944005e-04,9.316663088290833006e-01,9.707555976419042221e-01,4.209142385987894234e-04,9.686409947459454495e-01,9.278932163740377659e-01,9.686409947459454495e-01
1.557333333333333236e+00,5.953234642736227262e-04,9.308273042784718232e-01,9.701072908166880060e-01,3.723686490392784138e-04,9.679068379192447003e-01,9.269679047475383182e-01,9.679068379192447003e-01
1.558000000000000052e+00,5.966362500609591335e-04,9.299852381496018783e-01,9.694575635165904037e-01,3.216978099136732030e-04,9.671644712283056222e-01,9.260347515467256541e-01,9.671644712283056222e-01
1.558666666666666645e+00,5.890102233041154874e-04,9.291344776683994056e-01,9.688010285323820359e-01,2.703860815857796998e-04,9.664139076986469901e-01,9.250937734971176329e-01,9.664139076986469901e-01
1.559333333333333460e+00,5.727181975319128654e-04,9.282699954560973410e-01,9.681321045030725214e-01,2.199365987389678863e-04,9.656551604996094218e-01,9.241449874644824813e-01,9.656551604996094218e-01
1.560000000000000053e+00,5.483385112117800412e-04,9.273889364791054746e-01,9.674467597095629534e-01,1.718272372877586085e-04,9.648882429441251185e-01,9.231884104545363678e-01,9.648882429441251185e-01
1.560666666666666647e+00,5.167037272799492389e-04,9.264915495282992630e-01,9.667438118318600893e-01,1.274673212239299741e-04,9.641131684884810538e-01,9.222240596126376477e-01,9.641131684884810538e-01
1.561333333333333240e+00,4.788379291481097122e-04,9.255812228055088076e-01,9.660254144179891700e-01,8.815633763479208747e-05,9.633299507320857158e-01,9.212519522234812186e-01,9.633299507320857158e-01
1.562000000000000055e+00,4.358962753493219179e-04,9.246636114754775981e-01,9.652965826394049875e-01,5.504586930260137130e-05,9.625386034172286331e-01,9.202721057107861036e-01,9.625386034172286331e-01
1.562666666666666648e+00,3.891178272480512782e-04,9.237450900765898920e-01,9.645638765655850655e-01,2.910586003858060166e-05,9.617391404288407886e-01,9.192845376369865873e-01,9.617391404288407886e-01
1.563333333333333242e+00,3.397968247398896200e-04,9.228309383688420020e-01,9.638335908713945299e-01,1.109620098033724481e-05,9.609315757942499259e-01,9.182892657029136929e-01,9.609315757942499259e-01
1.564000000000000057e+00,2.892703791102197255e-04,9.219237364211957386e-01,9.631099311214929015e-01,1.544470208932120291e-06,9.601159236829347465e-01,9.172863077474811000e-01,9.601159236829347465e-01
1.564666666666666650e+00,2.389142986547640967e-04,9.210223956956749003e-01,9.623936593967226116e-01,7.304777848879836240e-07,9.592921984062766638e-01,9.162756817473640680e-01,9.592921984062766638e-01
1.565333333333333465e+00,1.901355436611775135e-04,9.201221029090796977e-01,9.616815746648046392e-01,8.678068943679304828e-06,9.584604144173072271e-01,9.152574058166762505e-01,9.584604144173072271e-01
1.566000000000000059e+00,1.443507464457681640e-04,9.192152338499817166e-01,9.609669904510594884e-01,2.515442556925715496e-05,9.576205863104580995e-01,9.142314982066473972e-01,9.576205863104580995e-01
1.566666666666666652e+00,1.029450560530072991e-04,9.182930502735618949e-01,9.602411304158928740e-01,4.967688640840430849e-05,9.567727288212997117e-01,9.131979773052933957e-01,9.567727288212997117e-01
1.567333333333333245e+00,6.721265703598309474e-05,9.173477818456255983e-01,9.594951323085746386e-01,8.152708623329480418e-05,9.559168568262871313e-01,9.121568616370896443e-01,9.559168568262871313e-01
1.568000000000000060e+00,3.828725875644270607e-05,9.163745766213788890e-01,9.587221845707858403e-01,1.197719997573288734e-04,9.550529853424970517e-01,9.111081698626359859e-01,9.550529853424970517e-01
1.568666666666666654e+00,1.707531325991577448e-05,9.153728189389297443e-01,9.579192644359041386e-01,1.632912738398859941e-04,9.541811295273647797e-01,9.100519207783255293e-01,9.541811295273647797e-01
1.569333333333333469e+00,4.205233488333926139e-06,9.143464661009486072e-01,9.570880269957267039e-01,2.108100473059427689e-04,9.533013046784180045e-01,9.089881333160042542e-01,9.533013046784180045e-01
1.569999999999999840e+00,2.327313328647615995e-09,9.133033030384124507e-01,9.562345997212693405e-01,2.609362969506964780e-04,9.524135262330092333e-01,9.079168265426352802e-01,9.524135262330092333e-01
1.570666666666666655e+00,4.492723072139282748e-06,9.122532855543046271e-01,9.553683132906066744e-01,3.122016157092590916e-04,9.515178097680428992e-01,9.068380196599533649e-01,9.515178097680428992e-01
1.571333333333333249e+00,1.743227389721635468e-05,9.112063634050519001e-01,9.544996683467444898e-01,3.631042284281850571e-04,9.506141709997051326e-01,9.057517320041238440e-01,9.506141709997051326e-01
1.572000000000000064e+00,3.835050027545519391e-05,9.101702931479449532e-01,9.536380240921963347e-01,4.121529851278237649e-04,9.497026257831848728e-01,9.046579830453947979e-01,9.497026257831848728e-01
1.572666666666666657e+00,6.659679172255695060e-05,9.091489474369398582e-01,9.527895536911235030e-01,4.579110430087552763e-04,9.487831901123979783e-01,9.035567923877484420e-01,9.487831901123979783e-01
1.573333333333333250e+00,1.013771242892539125e-04,9.081415106000307880e-01,9.519559380781656976e-01,4.990379575744109588e-04,9.478558801197057848e-01,9.024481797685484086e-01,9.478558801197057848e-01
1.574000000000000066e+00,1.417741143166911517e-04,9.071427459515238878e-01,9.511340909865609872e-01,5.343289498450504160e-04,9.469207120756311102e-01,9.013321650581870292e-01,9.469207120756311102e-01
1.574666666666666659e+00,1.867499466624591672e-04,9.061442695693514571e-01,9.503169677784981673e-01,5.627501993623999516e-04,9.459777023885748148e-01,9.002087682597316176e-01,9.459777023885748148e-01
1.575333333333333474e+00,2.351385573695950282e-04,9.051365222387400822e-01,9.494952590718480634e-01,5.834691291058377626e-04,9.450268676045256999e-01,8.990780095085596502e-01,9.450268676045256999e-01
1.575999999999999845e+00,2.856382978328079005e-04,9.041109571958348967e-01,9.486595602438938624e-01,5.958787951481980339e-04,9.440682244067719608e-01,8.979399090720044940e-01,9.440682244067719608e-01
1.576666666666666661e+00,3.368175852110187477e-04,9.030619084735806990e-01,9.478024907700370871e-01,5.996156665766635063e-04,9.431017896156067559e-01,8.967944873489888113e-01,9.431017896156067559e-01
1.577333333333333254e+00,3.871432338061010022e-04,9.019876931336144876e-01,9.469202495965783895e-01,5.945702748304445293e-04,9.421275801880356626e-01,8.956417648696594069e-01,9.421275801880356626e-01
1.578000000000000069e+00,4.350350131972054927e-04,9.008907070974021547e-01,9.460132398211980043e-01,5.808904204918269353e-04,9.411456132174761402e-01,8.944817622950185232e-01,9.411456132174761402e-01
1.578666666666666663e+00,4.789423097604492748e-04,8.997765367739698483e-01,9.450856416141414362e-01,5.589768435902496124e-04,9.401559059334596569e-01,8.933145004165556902e-01,9.401559059334596569e-01
1.579333333333333256e+00,5.174319096936391563e-04,8.986523525457505990e-01,9.441440860483149011e-01,5.294714842542330669e-04,9.391584757013282658e-01,8.921400001558725812e-01,9.391584757013282658e-01
1.580000000000000071e+00,5.492719804824570994e-04,8.975250138578899639e-01,9.431958057130981343e-01,4.932386776057805233e-04,9.381533400219310703e-01,8.909582825643097559e-01,9.381533400219310703e-01
1.580666666666666664e+00,5.734975254467029274e-04,8.963993670437987449e-01,9.422467524805182570e-01,4.513398337771514705e-04,9.371405165313162478e-01,8.897693688225689623e-01,9.371405165313162478e-01
1.581333333333333480e+00,5.894468907011519206e-04,8.952771540085325830e-01,9.413001580978511695e-01,4.050023447780134946e-04,9.361200230004210754e-01,8.885732802403323305e-01,9.361200230004210754e-01
1.582000000000000073e+00,5.967660556966652551e-04,8.941567908572427559e-01,9.403558844330073274e-01,3.555836290607850437e-04,9.350918773347622892e-01,8.873700382558830091e-01,9.350918773347622892e-01
1.582666666666666666e+00,5.953853352071362785e-04,8.930340546220092435e-01,9.394107049429989420e-01,3.045313670685699048e-04,9.340560975741190042e-01,8.861596644357168095e-01,9.340560975741190042e-01
1.583333333333333259e+00,5.854794380235810256e-04,8.919034810454737894e-01,9.384594240250221375e-01,2.533410926328887448e-04,9.330127018922189652e-01,8.849421804741606223e-01,9.330127018922189652e-01
1.584000000000000075e+00,5.674247009603820445e-04,8.907600852116198675e-01,9.374965266351428239e-01,2.035123825456942447e-04,9.319617085964172487e-01,8.837176081929793980e-01,9.319617085964172487e-01
1.584666666666666668e+00,5.417659073292039988e-04,8.896009256135443133e-01,9.365179078932708290e-01,1.565049276964475115e-04,9.309031361273771843e-01,8.824859695409874583e-01,9.309031361273771843e-01
1.585333333333333261e+00,5.091998828451743545e-04,8.884260735747315785e-01,9.355222032338430527e-01,1.136957726335084028e-04,9.298370030587450596e-01,8.812472865936543664e-01,9.298370030587450596e-01
1.585999999999999854e+00,4.705757289490356682e-04,8.872387155972630834e-01,9.345113411333222375e-01,7.633897618203134086e-05,9.287633280968259353e-01,8.800015815527092444e-01,9.287633280968259353e-01
1.586666666666666670e+00,4.269045020050000463e-04,8.860443566552018702e-01,9.334901513605825540e-01,4.552887482678597919e-05,9.276821300802525760e-01,8.787488767457424244e-01,9.276821300802525760e-01
1.587333333333333263e+00,3.793667021269345142e-04,8.848493357513155244e-01,9.324651225743721961e-01,2.216802502915623293e-05,9.265934279796599338e-01,8.774891946258057684e-01,9.265934279796599338e-01
1.588000000000000078e+00,3.293055552088446710e-04,8.836590445824468176e-01,9.314426364063169705e-01,6.940763581296666965e-06,9.254972408973455300e-01,8.762225577710096580e-01,9.254972408973455300e-01
1.588666666666666671e+00,2.781978390181799035e-04,8.824763152903967178e-01,9.304271451333842036e-01,2.931605253165712166e-07,9.243935880669403859e-01,8.749489888841196494e-01,9.243935880669403859e-01
1.589333333333333265e+00,2.276006157550847816e-04,8.813004037306740868e-01,9.294197740493270743e-01,2.419951899943245111e-06,9.232824888530681839e-01,8.736685107921491333e-01,9.232824888530681839e-01
1.590000000000000080e+00,1.790794868875190558e-04,8.801268546595713005e-01,9.284177230461925223e-01,1.325883510918799832e-05,9.221639627510066495e-01,8.723811464459476639e-01,9.221639627510066495e-01
1.590666666666666673e+00,1.341295590496610591e-04,8.789483239494046973e-01,9.274146475979195836e-01,3.249229402540514475e-05,9.210380293863459356e-01,8.710869189197939511e-01,9.210380293863459356e-01
1.591333333333333488e+00,9.410252316273481443e-05,8.777561939791058698e-01,9.264019625323977047e-01,5.955690036191922697e-05,9.199047085146410119e-01,8.697858514109779726e-01,9.199047085146410119e-01
1.591999999999999860e+00,6.015154515458776642e-05,8.765426067258853537e-01,9.253707823608774419e-01,9.365981883908680572e-05,9.187640200210704933e-01,8.684779672393889705e-01,9.187640200210704933e-01
1.592666666666666675e+00,3.320068715498691051e-05,8.753024134400562151e-01,9.243140410772028304e-01,1.338020326387721957e-04,9.176159839200831447e-01,8.671632898470940098e-01,9.176159839200831447e-01
1.593333333333333268e+00,1.393888775893696786e-05,8.740345430821067074e-01,9.232282683175950799e-01,1.788076087764837974e-04,9.164606203550494934e-01,8.658418427979215348e-01,9.164606203550494934e-01
1.594000000000000083e+00,2.832126392771937948e-06,8.727424303860257249e-01,9.221145653921750673e-01,2.273581460865983447e-04,9.152979495979057800e-01,8.645136497770347095e-01,9.152979495979057800e-01
1.594666666666666677e+00,1.431574059058602882e-07,8.714333816517109144e-01,9.209785162942160097e-01,2.780313966950286953e-04,9.141279920488016852e-01,8.631787345905114206e-01,9.141279920488016852e-01
1.595333333333333270e+00,5.947382326455452643e-06,8.701170228851526911e-01,9.198290367506499754e-01,3.293429295956334804e-04,9.129507682357387299e-01,8.618371211649132890e-01,9.129507682357387299e-01
1.596000000000000085e+00,2.013631723773180976e-05,8.688031977601564648e-01,9.186764329099793569e-01,3.797896158298766822e-04,9.117662988142131164e-01,8.604888335468604543e-01,9.117662988142131164e-01
1.596666666666666679e+00,4.240588650009841142e-05,8.674998084680860533e-01,9.175301345565284317e-01,4.278936614077081613e-04,9.105746045668514643e-01,8.591338959025989208e-01,9.105746045668514643e-01
1.597333333333333494e+00,7.223368056076462840e-05,8.662110996918555017e-01,9.163966384032156132e-01,4.722458980614676282e-04,9.093757064030465465e-01,8.577723325175659053e-01,9.093757064030465465e-01
1.597999999999999865e+00,1.088551450902407934e-04,8.649367802061695976e-01,9.152781363747486409e-01,5.115470636658177349e-04,9.081696253585914702e-01,8.564041677959581822e-01,9.081696253585914702e-01
1.598666666666666680e+00,1.512514421712519573e-04,8.636721829931750527e-01,9.141721360408204822e-01,5.446458630482535913e-04,9.069563825953081970e-01,8.550294262602907702e-01,9.069563825953081970e-01
1.599333333333333274e+00,1.981603709658670608e-04,8.624094222662510578e-01,9.130721482274852807e-01,5.705726942297939704e-04,9.057359994006797255e-01,8.536481325509607254e-01,9.057359994006797255e-01
1.600000000000000089e+00,2.481165044488194615e-04,8.611392658335910166e-01,9.119692693738262745e-01,5.885680521138693519e-04,9.045084971874728375e-01,8.522603114258033852e-01,9.045084971874728375e-01
1.600666666666666682e+00,2.995191251368565415e-04,8.598532637177943583e-01,9.108542748558672297e-01,5.981047775604964771e-04,9.032738974933655074e-01,8.508659877596492782e-01,9.032738974933655074e-01
1.601333333333333275e+00,3.507189576252990170e-04,8.585456109123443813e-01,9.097197147301847586e-01,5.989035000777496315e-04,9.020322219805663178e-01,8.494651865438775928e-01,9.020322219805663178e-01
1.601999999999999869e+00,4.001094595214767517e-04,8.572142968945584141e-01,9.085615027726066106e-01,5.909408217494541583e-04,9.007834924354374273e-01,8.480579328859703114e-01,9.007834924354374273e-01
1.602666666666666684e+00,4.462071721394428965e-04,8.558612876063317332e-01,9.073796218823917403e-01,5.744500026578146191e-04,8.995277307681089907e-01,8.466442520090601276e-01,8.995277307681089907e-01
1.603333333333333277e+00,4.877087391411235782e-04,8.544917395042773700e-01,9.061778026104395645e-01,5.499141277220609891e-04,8.982649590120974636e-01,8.452241692514786964e-01,8.982649590120974636e-01
1.604000000000000092e+00,5.235187329130400972e-04,8.531124870433793861e-01,9.049623002359601376e-01,5.180519551248657581e-04,8.969951993239166921e-01,8.437977100663025531e-01,8.969951993239166921e-01
1.604666666666666686e+00,5.527504156489694174e-04,8.517302122756382765e-01,9.037401215715740177e-01,4.797968608853268912e-04,8.957184739826917763e-01,8.423649000208980331e-01,8.957184739826917763e-01
1.605333333333333279e+00,5.747086059348625615e-04,8.503497646479385441e-01,9.025171759632376611e-01,4.362694963797039216e-04,8.944348053897661632e-01,8.409257647964621940e-01,8.944348053897661632e-01
1.606000000000000094e+00,5.888678109494098088e-04,8.489730460716699012e-01,9.012968215142037609e-01,3.887449597852799562e-04,8.931442160683084053e-01,8.394803301875609636e-01,8.931442160683084053e-01
1.606666666666666687e+00,5.948585381597790850e-04,8.475987280964197845e-01,9.000791599546535959e-01,3.386154431329406705e-04,8.918467286629193636e-01,8.380286221016699510e-01,8.918467286629193636e-01
1.607333333333333281e+00,5.924703466338374080e-04,8.462228562851260572e-01,8.988612373821240897e-01,2.873494491918619862e-04,8.905423659392308622e-01,8.365706665587071544e-01,8.905423659392308622e-01
1.607999999999999874e+00,5.816731564909797874e-04,8.448401675564591873e-01,8.976380790320053205e-01,2.364487728944033413e-04,8.892311507835107820e-01,8.351064896905691093e-01,8.892311507835107820e-01
1.608666666666666689e+00,5.626508770816236260e-04,8.434457547627318696e-01,8.964042734216371988e-01,1.874045074943483404e-04,8.879131062022586063e-01,8.336361177406595990e-01,8.879131062022586063e-01
1.609333333333333282e+00,5.358359254895390857e-04,8.420366148484874635e-01,8.951556741191660782e-01,1.416533642222203842e-04,8.865882553218028539e-01,8.321595770634228062e-01,8.865882553218028539e-01
1.610000000000000098e+00,5.019314018281397210e-04,8.406126463071604826e-01,8.938907480948525830e-01,1.005355850167965337e-04,8.852566213878937385e-01,8.306768941238672488e-01,8.852566213878937385e-01
1.610666666666666469e+00,4.619100653918565896e-04,8.391768145122153744e-01,8.926111877629100411e-01,6.525568124503759281e-05,8.839182277652980479e-01,8.291880954970951567e-01,8.839182277652980479e-01
1.611333333333333284e+00,4.169849841107821408e-04,8.377344343272385974e-01,8.913216022901899738e-01,3.684714853676155955e-05,8.825730979373862528e-01,8.276932078678223004e-01,8.825730979373862528e-01
1.612000000000000099e+00,3.685539795886944286e-04,8.362917586966182038e-01,8.900283575496216182e-01,1.614219138420619438e-05,8.812212555057228336e-01,8.261922580299029262e-01,8.812212555057228336e-01
1.612666666666666693e+00,3.181265603871871305e-04,8.348542438697980073e-01,8.887378680369014683e-01,3.747344399021938484e-06,8.798627241896515017e-01,8.246852728858484749e-01,8.798627241896515017e-01
1.613333333333333508e+00,2.672460321717989797e-04,8.334249437228580248e-01,8.874547912120954729e-01,2.570438199155802868e-08,8.784975278258770892e-01,8.231722794463430803e-01,8.784975278258770892e-01
1.613999999999999879e+00,2.174198243534968683e-04,8.320034559079528824e-01,8.861805996285389009e-01,5.086293702291537869e-06,8.771256903680509920e-01,8.216533048297650632e-01,8.771256903680509920e-01
1.614666666666666694e+00,1.700677782355136669e-04,8.305857127362892278e-01,8.849129111705245077e-01,1.878086657726130737e-05,8.757472358863469530e-01,8.201283762616932149e-01,8.757472358863469530e-01
1.615333333333333288e+00,1.264922286343750715e-04,8.291647083676136898e-01,8.836457731331908150e-01,4.070825181010137274e-05,8.743621885670421756e-01,8.185975210744264041e-01,8.743621885670421756e-01
1.616000000000000103e+00,8.786695022802835811e-05,8.277320217748155295e-01,8.823708657922961773e-01,7.022610476863570372e-05,8.729705727120899983e-01,8.170607667064875290e-01,8.729705727120899983e-01
1.616666666666666696e+00,5.523647901690469190e-05,8.262797846335495633e-01,8.810793641304639490e-01,1.064697243405011127e-04,8.715724127386962339e-01,8.155181407021365736e-01,8.715724127386962339e-01
1.617333333333333290e+00,2.951471117508411976e-05,8.248026123331825277e-01,8.797640223078939670e-01,1.483773836378171986e-04,8.701677331788879588e-01,8.139696707108728946e-01,8.701677331788879588e-01
1.617999999999999883e+00,1.147293552163723166e-05,8.232990079178533760e-01,8.784209702624241611e-01,1.947214324089941849e-04,8.687565586790860772e-01,8.124153844869432817e-01,8.687565586790860772e-01
1.618666666666666698e+00,1.712276293951611424e-06,8.217718733101694317e-01,8.770507643725560243e-01,2.441442600385683274e-04,8.673389139996696695e-01,8.108553098888405808e-01,8.673389139996696695e-01
1.619333333333333291e+00,6.224078766000816006e-07,8.202279868391970652e-01,8.756584112124762287e-01,2.951980656283013384e-04,8.659148240145447817e-01,8.092894748788085346e-01,8.659148240145447817e-01
1.619999999999999885e+00,8.335071928772170332e-06,8.186765657301393606e-01,8.742523409066375040e-01,3.463872701283205119e-04,8.644843137107047770e-01,8.077179075223368532e-01,8.644843137107047770e-01
1.620666666666666700e+00,2.468507527529164740e-05,8.171272549492079040e-01,8.728425720600666571e-01,3.962123280895075007e-04,8.630474081877946846e-01,8.061406359876608363e-01,8.630474081877946846e-01
1.621333333333333293e+00,4.919156091295519290e-05,8.155880150799190709e-01,8.714385088303862048e-01,4.432136556084304187e-04,8.616041326576699966e-01,8.045576885452558891e-01,8.616041326576699966e-01
1.622000000000000108e+00,8.106825695846881592e-05,8.140633987245593506e-01,8.700468918742413349e-01,4.860143876318085950e-04,8.601545124439523571e-01,8.029690935673289287e-01,8.601545124439523571e-01
1.622666666666666702e+00,1.192643631216942958e-04,8.125536107862608715e-01,8.686703769001441477e-01,5.233607120804717938e-04,8.586985729815883595e-01,8.013748795273131220e-01,8.586985729815883595e-01
1.623333333333333295e+00,1.625299471937626211e-04,8.110545662552174351e-01,8.673070591409588470e-01,5.541585992383197884e-04,8.572363398164004611e-01,7.997750749993536301e-01,8.572363398164004611e-01
1.623999999999999888e+00,2.094936244909851230e-04,8.095589263275995151e-01,8.659510395119311976e-01,5.775058504487888328e-04,8.557678386046416730e-01,7.981697086578005695e-01,8.557678386046416730e-01
1.624666666666666703e+00,2.587377380132041917e-04,8.080578591299751867e-01,8.645938865676841001e-01,5.927185272790995050e-04,8.542930951125418115e-01,7.965588092766893169e-01,8.542930951125418115e-01
1.625333333333333297e+00,3.088579772782816838e-04,8.065430920681432303e-01,8.632266378591193501e-01,5.993509869314615898e-04,8.528121352158591906e-01,7.949424057292293622e-01,8.528121352158591906e-01
1.626000000000000112e+00,3.584997974434290776e-04,8.050087511379082628e-01,8.618418534315964719e-01,5.972089369806459630e-04,8.513249848994236535e-01,7.933205269872838361e-01,8.513249848994236535e-01
1.626666666666666483e+00,4.063714596601834404e-04,8.034525433901057445e-01,8.604352214098430762e-01,5.863551270100258615e-04,8.498316702566817149e-01,7.916932021208520354e-01,8.498316702566817149e-01
1.627333333333333298e+00,4.512407520692167406e-04,8.018760175894668052e-01,8.590063328250738817e-01,5.671075104143743573e-04,8.483322174892391487e-01,7.900604602975467294e-01,8.483322174892391487e-01
1.628000000000000114e+00,4.919272850415388424e-04,8.002838814840631532e-01,8.575584628384624875e-01,5.400299302179015432e-04,8.468266529064013559e-01,7.884223307820742432e-01,8.468266529064013559e-01
1.628666666666666707e+00,5.273032208590254207e-04,7.986825913965140966e-01,8.560974565372685419e-01,5.059156017587537312e-04,8.453150029247101793e-01,7.867788429357071012e-01,8.453150029247101793e-01
1.629333333333333300e+00,5.563121051411810221e-04,7.970785993696096750e-01,8.546300439325797971e-01,4.657638761010607907e-04,8.437972940674822731e-01,7.851300262157577814e-01,8.437972940674822731e-01
1.629999999999999893e+00,5.780091008733088259e-04,7.954767092909758031e-01,8.531620390874713467e-01,4.207509648713351276e-04,8.422735529643431418e-01,7.834759101750531363e-01,8.422735529643431418e-01
1.630666666666666709e+00,5.916183556534082262e-04,7.938789505831476134e-01,8.516968858941007525e-01,3.721954841106597865e-04,8.407438063507584047e-01,7.818165244614019294e-01,8.407438063507584047e-01
1.631333333333333302e+00,5.965967956942026026e-04,7.922842408544069626e-01,8.502349070685822907e-01,3.215198265074211879e-04,8.392080810675682789e-01,7.801518988170661473e-01,8.392080810675682789e-01
1.632000000000000117e+00,5.926903017279267069e-04,7.906889080426722227e-01,8.487734271261364594e-01,2.702084935786851108e-04,8.376664040605111827e-01,7.784820630782248729e-01,8.376664040605111827e-01
1.632666666666666488e+00,5.799689714004781097e-04,7.890879205534256924e-01,8.473077183723783934e-01,2.197646084249914105e-04,8.361188023797569979e-01,7.768070471744430439e-01,8.361188023797569979e-01
1.633333333333333304e+00,5.588327486303694934e-04,7.874764841888447497e-01,8.458325093332570432e-01,1.716658829810059292e-04,8.345653031794277865e-01,7.751268811281309956e-01,8.345653031794277865e-01
1.633999999999999897e+00,5.299857165305642270e-04,7.858515612567573694e-01,8.443436452784752744e-01,1.273213296655212096e-04,8.330059337171249467e-01,7.734415950540103335e-01,8.330059337171249467e-01
1.634666666666666712e+00,4.943847461770392668e-04,7.842128853246996822e-01,8.428394420248008778e-01,8.802998552677528013e-05,8.314407213534463770e-01,7.717512191585707004e-01,8.314407213534463770e-01
1.635333333333333528e+00,4.531738442646729491e-04,7.825631845059654035e-01,8.413213490174228371e-01,5.494285802559124773e-05,8.298696935515116335e-01,7.700557837395312077e-01,8.298696935515116335e-01
1.635999999999999899e+00,4.076178538675715758e-04,7.809075454788076964e-01,8.397937226183268544e-01,2.902920722282075034e-05,8.282928778764769850e-01,7.683553191852959818e-01,8.282928778764769850e-01
1.636666666666666714e+00,3.590475056650333711e-04,7.792520839886326600e-01,8.382627550723332766e-01,1.104815210672850007e-05,8.267103019950512444e-01,7.666498559744084895e-01,8.267103019950512444e-01
1.637333333333333307e+00,3.088227192290832917e-04,7.776022698588070936e-01,8.367348369090225058e-01,1.526432829526532921e-06,8.251219936750132655e-01,7.649394246750085280e-01,8.251219936750132655e-01
1.638000000000000123e+00,2.583140865288207234e-04,7.759613422802214000e-01,8.352147833118482856e-01,7.429802898081080669e-07,8.235279807847206701e-01,7.632240559442792227e-01,8.235279807847206701e-01
1.638666666666666716e+00,2.088958307809848708e-04,7.743292305431079825e-01,8.337043900471464708e-01,8.720745082371947468e-06,8.219282912926255680e-01,7.615037805279035732e-01,8.219282912926255680e-01
1.639333333333333309e+00,1.619393929815643592e-04,7.727022766337362514e-01,8.322017014486285946e-01,2.522602517950923995e-05,8.203229532667795088e-01,7.597786292595078983e-01,8.203229532667795088e-01
1.639999999999999902e+00,1.187965772489360484e-04,7.710738658486370189e-01,8.307011992907603615e-01,4.977531203878266772e-05,8.187119948743439846e-01,7.580486330601140521e-01,8.187119948743439846e-01
1.640666666666666718e+00,8.076502374010678057e-05,7.694358478746337049e-01,8.291948996864169086e-01,8.164945458630185971e-05,8.170954443810936052e-01,7.563138229375799826e-01,8.170954443810936052e-01
1.641333333333333311e+00,4.903541967042512775e-05,7.677804240371878253e-01,8.276741224305930178e-01,1.199147261531527761e-04,8.154733301509239363e-01,7.545742299860493940e-01,8.154733301509239363e-01
1.641999999999999904e+00,2.462705447185277222e-05,7.661020415890427149e-01,8.261315220040684748e-01,1.634501772267181799e-04,8.138456806453490122e-01,7.528298853853893080e-01,8.138456806453490122e-01
1.642666666666666497e+00,8.323616947259526640e-06,7.643988170451756492e-01,8.245628861479148419e-01,2.109804727403373438e-04,8.122125244230069541e-01,7.510808204006366173e-01,8.122125244230069541e-01
1.643333333333333313e+00,6.227257531250187984e-07,7.626731203453605001e-01,8.229682470679672290e-01,2.611132519604021326e-04,8.105738901391540407e-01,7.493270663814314281e-01,8.105738901391540407e-01
1.644000000000000128e+00,1.710056509737554617e-06,7.609311624543712016e-01,8.213520117811821120e-01,3.123799165434661758e-04,8.089298065451658859e-01,7.475686547614608379e-01,8.089298065451658859e-01
1.644666666666666721e+00,1.146295549898528346e-05,7.591816795965036224e-01,8.197220632881011548e-01,3.632786519112820374e-04,8.072803024880311762e-01,7.458056170578930555e-01,8.072803024880311762e-01
1.645333333333333314e+00,2.948102622891416640e-05,7.574340275747756257e-01,8.180880442358516857e-01,4.123184216679965318e-04,8.056254069098446324e-01,7.440379848708109645e-01,8.056254069098446324e-01
1.645999999999999908e+00,5.513462825624241724e-05,7.556961352011130062e-01,8.164592361304032764e-01,4.580626462792433576e-04,8.039651488473017471e-01,7.422657898826496847e-01,8.039651488473017471e-01
1.646666666666666723e+00,8.761848218377881294e-05,7.539727914266545206e-01,8.148425378164544375e-01,4.991712864826989681e-04,8.022995574311860834e-01,7.404890638576241413e-01,8.022995574311860834e-01
1.647333333333333316e+00,1.259976864856734893e-04,7.522646585257936058e-01,8.132410114735885154e-01,5.344400986309137246e-04,8.006286618858623472e-01,7.387078386411641828e-01,8.006286618858623472e-01
1.648000000000000131e+00,1.692373290782850002e-04,7.505682344333697298e-01,8.116533218017404350e-01,5.628359120140167442e-04,7.989524915287582463e-01,7.369221461593393752e-01,7.989524915287582463e-01
1.648666666666666503e+00,2.162133350217859868e-04,7.488767661491642080e-01,8.100741827953577001e-01,5.835268947418863856e-04,7.972710757698555639e-01,7.351320184182913442e-01,7.972710757698555639e-01
1.649333333333333318e+00,2.657092878950391207e-04,7.471818885817453904e-01,8.084956925192200439e-01,5.959069215721118050e-04,7.955844441111697973e-01,7.333374875036555718e-01,7.955844441111697973e-01
1.649999999999999911e+00,3.164095346515045730e-04,7.454755847287385384e-01,8.069092283001619847e-01,5.996133298480888722e-04,7.938926261462356804e-01,7.315385855799906301e-01,7.938926261462356804e-01
1.650666666666666726e+00,3.669011781091342556e-04,7.437519837068051753e-01,8.053074398256637734e-01,5.945375434019144114e-04,7.921956515595849346e-01,7.297353448901975348e-01,7.921956515595849346e-01
1.651333333333333320e+00,4.156957773659464587e-04,7.420085609271286353e-01,8.036858537202056230e-01,5.808282532034945512e-04,7.904935501262286834e-01,7.279277977549450940e-01,7.904935501262286834e-01
1.651999999999999913e+00,4.612761554105981746e-04,7.402464684195244615e-01,8.020437049892298331e-01,5.588870615814586730e-04,7.887863517111327605e-01,7.261159765720899273e-01,7.887863517111327605e-01
1.652666666666666728e+00,5.021662420294139423e-04,7.384699541531642986e-01,8.003838159184341050e-01,5.293567176147460874e-04,7.870740862686935735e-01,7.242999138160932660e-01,7.870740862686935735e-01
1.653333333333333321e+00,5.370146171739449172e-04,7.366850602373813395e-01,7.987115942124708434e-01,4.931022883294836978e-04,7.853567838422148562e-01,7.224796420374429706e-01,7.853567838422148562e-01
1.654000000000000137e+00,5.646775884168984050e-04,7.348979594756953615e-01,7.970334466749706692e-01,4.511858172751739664e-04,7.836344745633770925e-01,7.206551938620658904e-01,7.836344745633770925e-01
1.654666666666666508e+00,5.842867245101472391e-04,7.331133619347518504e-01,7.953550407516590814e-01,4.048352128365468173e-04,7.819071886517126035e-01,7.188266019907475490e-01,7.819071886517126035e-01
1.655333333333333323e+00,5.952890738971226186e-04,7.313333898549546630e-01,7.936798639958131396e-01,3.554082776719269380e-04,7.801749564140708637e-01,7.169938991985413956e-01,7.801749564140708637e-01
1.655999999999999917e+00,5.974548570739724243e-04,7.295571938463343287e-01,7.920084377419351895e-01,3.043529330063980275e-04,7.784378082440932545e-01,7.151571183341852711e-01,7.784378082440932545e-01
1.656666666666666732e+00,5.908553106064114071e-04,7.277813943195992064e-01,7.903383666456335055e-01,2.531648029757862899e-04,7.766957746216709424e-01,7.133162923195095484e-01,7.766957746216709424e-01
1.657333333333333325e+00,5.758202696131667526e-04,7.260012190042500757e-01,7.886651931603979593e-01,2.033434015535316719e-04,7.749488861124187444e-01,7.114714541488502686e-01,7.749488861124187444e-01
1.657999999999999918e+00,5.528889837966484986e-04,7.242120214547345114e-01,7.869838212109421249e-01,1.563482055277350775e-04,7.731971733671335612e-01,7.096226368884539504e-01,7.731971733671335612e-01
1.658666666666666512e+00,5.227674328890137426e-04,7.224107580517584726e-01,7.852901224409136738e-01,1.135559003347089466e-04,7.714406671212576949e-01,7.077698736758889497e-01,7.714406671212576949e-01
1.659333333333333327e+00,4.863011511901496652e-04,7.205970087099329291e-01,7.835822822749710648e-01,7.622005119653989897e-05,7.696793981943407248e-01,7.059131977194477159e-01,7.696793981943407248e-01
1.660000000000000142e+00,4.444656564277256602e-04,7.187732517424580969e-01,7.818615046375144706e-01,4.543438096379924290e-05,7.679133974894967185e-01,7.040526422975543763e-01,7.679133974894967185e-01
1.660666666666666735e+00,3.983692476308082543e-04,7.169443100063485064e-01,7.801318644727198715e-01,2.210073040831185825e-05,7.661426959928659963e-01,7.021882407581678809e-01,7.661426959928659963e-01
1.661333333333333329e+00,3.492576017674618228e-04,7.151161109160084628e-01,7.783993308299308467e-01,6.902639542907901861e-06,7.643673247730646825e-01,7.003200265181818152e-01,7.643673247730646825e-01
1.661999999999999922e+00,2.985080292600222028e-04,7.132940839669003052e-01,7.766702114950398972e-01,2.853238815874866596e-07,7.625873149806469131e-01,6.984480330628295430e-01,7.625873149806469131e-01
1.662666666666666737e+00,2.476039493670537692e-04,7.114816114785421641e-01,7.749494265691569961e-01,2.442632218875233534e-06,7.608026978475526114e-01,6.965722939450793572e-01,7.608026978475526114e-01
1.663333333333333330e+00,1.980861768412914075e-04,7.096789365815011630e-01,7.732390630264014408e-01,1.331136798957436793e-05,7.590135046865640334e-01,6.946928427850380672e-01,7.590135046865640334e-01
1.663999999999999924e+00,1.514849295355248204e-04,7.078828251838724661e-01,7.715375911115130991e-01,3.257314055993107318e-05,7.572197668907518775e-01,6.928097132693432636e-01,7.572197668907518775e-01
1.664666666666666517e+00,1.092426645172930887e-04,7.060871002169655242e-01,7.698399616931197453e-01,5.966369221814386993e-05,7.554215159329290552e-01,6.909229391505649076e-01,7.554215159329290552e-01
1.665333333333333332e+00,7.264097844118095042e-05,7.042839531350638671e-01,7.681385918877344787e-01,9.378942763784068573e-05,7.536187833650934698e-01,6.890325542465948194e-01,7.536187833650934698e-01
1.665999999999999925e+00,4.274398203799475396e-05,7.024657360902522019e-01,7.664250298247298199e-01,1.339506615973667925e-04,7.518116008178795662e-01,6.871385924400456036e-01,7.518116008178795662e-01
1.666666666666666741e+00,2.036615677670624913e-05,7.006268016982390989e-01,7.646919146250891197e-01,1.789709039324123498e-04,7.499999999999990008e-01,6.852410876776390269e-01,7.499999999999990008e-01
1.667333333333333334e+00,6.066153037334418182e-06,6.987649286489099332e-01,7.629347580376417692e-01,2.275313238431827395e-04,7.481840126976870842e-01,6.833400739696010584e-01,7.481840126976870842e-01
1.667999999999999927e+00,1.612851837784583047e-07,6.968819668234920162e-01,7.611531004384683996e-01,2.782093839529835755e-04,7.463636707741447829e-01,6.814355853890511350e-01,7.463636707741447829e-01
1.668666666666666742e+00,2.752590834562028080e-06,6.949835311144501038e-01,7.593507393785059456e-01,3.295205123653047272e-04,7.445390061689768357e-01,6.795276560713888747e-01,7.445390061689768357e-01
1.669333333333333336e+00,1.374867153588453697e-05,6.930778125232225362e-01,7.575349595317328877e-01,3.799615919707453209e-04,7.427100508976359761e-01,6.776163202136874508e-01,7.427100508976359761e-01
1.670000000000000151e+00,3.287861585778141754e-05,6.911737909474607866e-01,7.557149453640873427e-01,4.280549930208577946e-04,7.408768370508562739e-01,6.757016120740747533e-01,7.408768370508562739e-01
1.670666666666666522e+00,5.968953560069835873e-05,6.892792718775537786e-01,7.538997596190617489e-01,4.723918590705685448e-04,7.390393967940950271e-01,6.737835659711248759e-01,7.390393967940950271e-01
1.671333333333333337e+00,9.353106354159930577e-05,6.873992029271296378e-01,7.520963690684547842e-01,5.116733782637383982e-04,7.371977623669633273e-01,6.718622162832382783e-01,7.371977623669633273e-01
1.671999999999999931e+00,1.335354416614018154e-04,6.855346552959260542e-01,7.503081760317125148e-01,5.447488309531976986e-04,7.353519660826652871e-01,6.699375974480298312e-01,7.353519660826652871e-01
1.672666666666666746e+00,1.786055044769118793e-04,6.836826995854867750e-01,7.485343849105480230e-01,5.706492990820848403e-04,7.335020403274263856e-01,6.680097439617069810e-01,7.335020403274263856e-01
1.673333333333333339e+00,2.274225998340252697e-04,6.818371968321262910e-01,7.467703339646086791e-01,5.886160498376425071e-04,7.316480175599298086e-01,6.660786903784570168e-01,7.316480175599298086e-01
1.673999999999999932e+00,2.784821798757737619e-04,6.799903074355286847e-01,7.450086983655560546e-01,5.981227621021028640e-04,7.297899303107425739e-01,6.641444713098215713e-01,7.297899303107425739e-01
1.674666666666666526e+00,3.301576496287170616e-04,6.781343445079806020e-01,7.432412669370410674e-01,5.988909445948990785e-04,7.279278111817489849e-01,6.622071214240815573e-01,7.279278111817489849e-01
1.675333333333333341e+00,3.807852497326949396e-04,6.762635131842378300e-01,7.414608575595468265e-01,5.908980940446407473e-04,7.260616928455740915e-01,6.602666754456325560e-01,7.260616928455740915e-01
1.676000000000000156e+00,4.287566972310659862e-04,6.743751126914835359e-01,7.396629028564105646e-01,5.743783544038465021e-04,7.241916080450145898e-01,6.583231681543636471e-01,7.241916080450145898e-01
1.676666666666666750e+00,4.726039026511137274e-04,6.724699257778253836e-01,7.378463242922342902e-01,5.498156577953370195e-04,7.223175895924625056e-01,6.563766343850347962e-01,7.223175895924625056e-01
1.677333333333333343e+00,5.110620780750702334e-04,6.705517371664071469e-01,7.360135018126342521e-01,5.179295481205252938e-04,7.204396703693277670e-01,6.544271090266493562e-01,7.204396703693277670e-01
1.677999999999999936e+00,5.431033536732963454e-04,6.686261450526742589e-01,7.341693858661351157e-01,4.796541026154316537e-04,7.185578833254651077e-01,6.524746270218332311e-01,7.185578833254651077e-01
1.678666666666666751e+00,5.679408866243090869e-04,6.666989977840749315e-01,7.323200188000105193e-01,4.361105688297876046e-04,7.166722614785923096e-01,6.505192233662041579e-01,7.166722614785923096e-01
1.679333333333333345e+00,5.850110229146780489e-04,6.647748643972677396e-01,7.304708721967785312e-01,3.885745186066251835e-04,7.147828379137127763e-01,6.485609331077486495e-01,7.147828379137127763e-01
1.679999999999999938e+00,5.939460995930270033e-04,6.628559236307093316e-01,7.286254342677732643e-01,3.384384812590145067e-04,7.128896457825347754e-01,6.465997913461895008e-01,7.128896457825347754e-01
1.680666666666666531e+00,5.945514651196593878e-04,6.609415427504595764e-01,7.267843995179980032e-01,2.871711505745713311e-04,7.109927183028902364e-01,6.446358332323612883e-01,7.109927183028902364e-01
1.681333333333333346e+00,5.867969979977278585e-04,6.590286410816914575e-01,7.249456505899674053e-01,2.362743606443857961e-04,7.090920887581492194e-01,6.426690939675753222e-01,7.090920887581492194e-01
1.681999999999999940e+00,5.708269069068585026e-04,6.571127309062485544e-01,7.231050199505895115e-01,1.872390908743847731e-04,7.071877904966412665e-01,6.406996088029938141e-01,7.071877904966412665e-01
1.682666666666666755e+00,5.469840034578896072e-04,6.551893476863482890e-01,7.212576209539033334e-01,1.415017889754832388e-04,7.052798569310628762e-01,6.387274130389929416e-01,7.052798569310628762e-01
1.683333333333333348e+00,5.158383994373484487e-04,6.532554722584089646e-01,7.193993874506025010e-01,1.004022914149095021e-04,7.033683215378986331e-01,6.367525420245352397e-01,7.033683215378986331e-01
1.683999999999999941e+00,4.782076792577436637e-04,6.513105455063042948e-01,7.175283986361563615e-01,6.514457401392977044e-05,7.014532178568301246e-01,6.347750311565325543e-01,7.014532178568301246e-01
1.684666666666666757e+00,4.351569053855582113e-04,6.493567873427067427e-01,7.156456148943994844e-01,3.676148247096238151e-05,6.995345794901461911e-01,6.327949158792113282e-01,6.995345794901461911e-01
1.685333333333333350e+00,3.879718283050202516e-04,6.473987241146298421e-01,7.137548052811055754e-01,1.608447600033403516e-05,6.976124401021571719e-01,6.308122316834809951e-01,6.976124401021571719e-01
1.686000000000000165e+00,3.381057420088196788e-04,6.454420445539187368e-01,7.118616681993296114e-01,3.719270421548096673e-06,6.956868334185998259e-01,6.288270141062927143e-01,6.956868334185998259e-01
1.686666666666666536e+00,2.871073398902985649e-04,6.434920816640744556e-01,7.099723687675651984e-01,2.809421489400768591e-08,6.937577932260504676e-01,6.268392987300075436e-01,6.937577932260504676e-01
1.687333333333333352e+00,2.365416303958413737e-04,6.415523133804060807e-01,7.080918745422044580e-01,5.119077337390478051e-06,6.918253533713270009e-01,6.248491211817542856e-01,6.918253533713270009e-01
1.687999999999999945e+00,1.879171674875237247e-04,6.396232713691542004e-01,7.062225240816523142e-01,1.884308364504936161e-05,6.898895477608997240e-01,6.228565171327945516e-01,6.898895477608997240e-01
1.688666666666666760e+00,1.426303068032191501e-04,6.377021513912589645e-01,7.043632037968715620e-01,4.079807971299736352e-05,6.879504103602923637e-01,6.208615222978797199e-01,6.879504103602923637e-01
1.689333333333333353e+00,1.019317528167457604e-04,6.357832533228944261e-01,7.025093594228835059e-01,7.034091207243193763e-05,6.860079751934899939e-01,6.188641724346154449e-01,6.860079751934899939e-01
1.689999999999999947e+00,6.691395793738090926e-05,6.338591771083614823e-01,7.006538678560286781e-01,1.066061478601160124e-04,6.840622763423378494e-01,6.168645033428151736e-01,6.840622763423378494e-01
1.690666666666666540e+00,3.851197484444232963e-05,6.319225068527359879e-01,6.987885867656415950e-01,1.485314269589442515e-04,6.821133479459483562e-01,6.148625508638642101e-01,6.821133479459483562e-01
1.691333333333333355e+00,1.750697266341252187e-05,6.299675785769485170e-01,6.969062269494460393e-01,1.948885829598510683e-04,6.801612242000961706e-01,6.128583508800717894e-01,6.801612242000961706e-01
1.692000000000000171e+00,4.521918539575803974e-06,6.279918903998534807e-01,6.950020979135195232e-01,2.443196212818675894e-04,6.782059393566239880e-01,6.108519393140328102e-01,6.782059393566239880e-01
1.692666666666666542e+00,2.908357115531624994e-09,6.259967950558013028e-01,6.930752916877308545e-01,2.953765005013185303e-04,6.762475277228381376e-01,6.088433521279815741e-01,6.762475277228381376e-01
1.693333333333333357e+00,4.186113110119520531e-06,6.239872938138446568e-01,6.911289988431015274e-01,3.465635515288881881e-04,6.742860236609061753e-01,6.068326253231454137e-01,6.742860236609061753e-01
1.693999999999999950e+00,1.705719752872472336e-05,6.219709773556546528e-01,6.891698657556351026e-01,3.963812919996391611e-04,6.723214615872573630e-01,6.048197949391045380e-01,6.723214615872573630e-01
1.694666666666666766e+00,3.831502312756016455e-05,6.199563680860217252e-01,6.872065442346252384e-01,4.433703523700200494e-04,6.703538759719743778e-01,6.028048970531399986e-01,6.703538759719743778e-01
1.695333333333333359e+00,6.735268506015873501e-05,6.179510568819619465e-01,6.852477847494818919e-01,4.861542269426738895e-04,6.683833013381929034e-01,6.007879677795927575e-01,6.683833013381929034e-01
1.695999999999999952e+00,1.032658785311831127e-04,6.159600675873213582e-01,6.833005288739437688e-01,5.234795974635720857e-04,6.664097722614918951e-01,5.987690432692109876e-01,6.664097722614918951e-01
1.696666666666666545e+00,1.448921140602712728e-04,6.139848231779082566e-01,6.813684450847893315e-01,5.542530480445691850e-04,6.644333233692905072e-01,5.967481597085074752e-01,6.644333233692905072e-01
1.697333333333333361e+00,1.908764187655984578e-04,6.120229457282942986e-01,6.794512367904590455e-01,5.775730958784662528e-04,6.624539893402369151e-01,5.947253533191058095e-01,6.624539893402369151e-01
1.697999999999999954e+00,2.397523463427794657e-04,6.100689277435277225e-01,6.775448658669721569e-01,5.927565994328945443e-04,6.604718049036036875e-01,5.927006603570962318e-01,6.604718049036036875e-01
1.698666666666666769e+00,2.900234793985427659e-04,6.081155051786719667e-01,6.756426218062506761e-01,5.993587705170938442e-04,6.584868048386747219e-01,5.906741171123806033e-01,6.584868048386747219e-01
1.699333333333333362e+00,3.402312303174383277e-04,6.061553908890695563e-01,6.737367695690718028e-01,5.971862039844023787e-04,6.564990239741373967e-01,5.886457599080267000e-01,6.564990239741373967e-01
1.699999999999999956e+00,3.889993976404857042e-04,6.041829385043072653e-01,6.718203712900713276e-01,5.863025433762472345e-04,6.545084971874722823e-01,5.866156250996150678e-01,6.545084971874722823e-01
1.700666666666666771e+00,4.350531744474777003e-04,6.021953300775657603e-01,6.698888352405656388e-01,5.670266165371633249e-04,6.525152594043374110e-01,5.845837490745855458e-01,6.525152594043374110e-01
1.701333333333333364e+00,4.772179412035304187e-04,6.001930128811764353e-01,6.679408174783802998e-01,5.399230958165595349e-04,6.505193455979590977e-01,5.825501682515890067e-01,6.505193455979590977e-01
1.701999999999999957e+00,5.144089138534935820e-04,5.981793122373069149e-01,6.659782736798626201e-01,5.057859564587741845e-04,6.485207907885160994e-01,5.805149190798306602e-01,6.485207907885160994e-01
1.702666666666666551e+00,5.456248382925952579e-04,5.961593593611692610e-01,6.640056845934636520e-01,4.656152177544056053e-04,6.465196300425277709e-01,5.784780380384210163e-01,6.465196300425277709e-01
1.703333333333333366e+00,5.699567987895977697e-04,5.941386373968779999e-01,6.620286923620257724e-01,4.205876483014096162e-04,6.445158984722345608e-01,5.764395616357167462e-01,6.445158984722345608e-01
1.703999999999999959e+00,5.866175125234802511e-04,5.921215287863341725e-01,6.600525261917358222e-01,3.720222935414630111e-04,6.425096312349869443e-01,5.743995264086722008e-01,6.425096312349869443e-01
1.704666666666666774e+00,5.949889925930927507e-04,5.901102314401391880e-01,6.580806316803761158e-01,3.213418354135435173e-04,6.405008635326241428e-01,5.723579689221787170e-01,6.405008635326241428e-01
1.705333333333333146e+00,5.946795074580667542e-04,5.881043099880808311e-01,6.561138484697329742e-01,2.700309160621816107e-04,6.384896306108600594e-01,5.703149257684148044e-01,6.384896306108600594e-01
1.705999999999999961e+00,5.855764887572680348e-04,5.861009856031424992e-01,6.541503313217023052e-01,2.195926464724482538e-04,6.364759677586612208e-01,5.682704335661851180e-01,6.364759677586612208e-01
1.706666666666666776e+00,5.678817256476808390e-04,5.840960775840268182e-01,6.521862193092123894e-01,1.715045740757492349e-04,6.344599103076313806e-01,5.662245289602682030e-01,6.344599103076313806e-01
1.707333333333333369e+00,5.421188807564599138e-04,5.820853366306273369e-01,6.502168676638270250e-01,1.271753992186440245e-04,6.324414936313892399e-01,5.641772486207580206e-01,6.324414936313892399e-01
1.708000000000000185e+00,5.091099156740591398e-04,5.800657998560669881e-01,6.482383091161153521e-01,8.790370845013898197e-05,6.304207531449469437e-01,5.621286292424052533e-01,6.304207531449469437e-01
1.708666666666666556e+00,4.699244627233873121e-04,5.780367871103652133e-01,6.462485440751689625e-01,5.483993350182450713e-05,6.283977243040925753e-01,5.600787075439630502e-01,6.283977243040925753e-01
1.709333333333333371e+00,4.258123637875620539e-04,5.760002554394249019e-01,6.442482960960592697e-01,2.895265034078479854e-05,6.263724426047632132e-01,5.580275202675247792e-01,6.263724426047632132e-01
1.709999999999999964e+00,3.781327714583243506e-04,5.739604055816872608e-01,6.422410085099253818e-01,1.100020553703832169e-05,6.243449435824262039e-01,5.559751041778697722e-01,6.243449435824262039e-01
1.710666666666666780e+00,3.282925139611883808e-04,5.719226387234184195e-01,6.402320645086408968e-01,1.508501127315470857e-06,6.223152628114522189e-01,5.539214960617999672e-01,6.223152628114522189e-01
1.711333333333333373e+00,2.777021203813056778e-04,5.698921336760880418e-01,6.382274264579071987e-01,7.555887494789285946e-07,6.202834359044947510e-01,5.518667327274849876e-01,6.202834359044947510e-01
1.711999999999999966e+00,2.277513062300467951e-04,5.678724117897662182e-01,6.362320480104219911e-01,8.763524349518932359e-06,6.182494985118609510e-01,5.498108510037982288e-01,6.182494985118609510e-01
1.712666666666666559e+00,1.797988747531815133e-04,5.658642606243314832e-01,6.342484725069380547e-01,2.529772207084167871e-05,6.162134863208909019e-01,5.477538877396604944e-01,6.162134863208909019e-01
1.713333333333333375e+00,1.351670849588127192e-04,5.638653031835567653e-01,6.322759835716246224e-01,4.987382625312325468e-05,6.141754350553265684e-01,5.456958798033759717e-01,6.141754350553265684e-01
1.713999999999999968e+00,9.512921890623533231e-05,5.618703475974881068e-01,6.303105381192652956e-01,8.177190023112491555e-05,6.121353804746895166e-01,5.436368640819749798e-01,6.121353804746895166e-01
1.714666666666666561e+00,6.088186301579694365e-05,5.598724635875746980e-01,6.283455240572383138e-01,1.200575162844892061e-04,6.100933583736495303e-01,5.415768774805488350e-01,6.100933583736495303e-01
1.715333333333333377e+00,3.349943537856459323e-05,5.578645468926408668e-01,6.263731860657476558e-01,1.636091289256444913e-04,6.080494045813994441e-01,5.395159569215930428e-01,6.080494045813994441e-01
1.715999999999999970e+00,1.387573122181976150e-05,5.558409982315637432e-01,6.243863948219452453e-01,2.111509296481726343e-04,6.060035549610262029e-01,5.374541393443420523e-01,6.060035549610262029e-01
1.716666666666666785e+00,2.663242716017796714e-06,5.537991000595056112e-01,6.223803376337925242e-01,2.612902206828767175e-04,6.039558454088781447e-01,5.353914617041067858e-01,6.039558454088781447e-01
1.717333333333333378e+00,2.236684503374390856e-07,5.517397414651616927e-01,6.203537120096082047e-01,3.125582129280654229e-04,6.019063118539411672e-01,5.333279609716163883e-01,6.019063118539411672e-01
1.717999999999999972e+00,6.601433450271623158e-06,5.496673040487786155e-01,6.183091164864157330e-01,3.634530529127735191e-04,5.998549902572020143e-01,5.312636741323496503e-01,5.998549902572020143e-01
1.718666666666666565e+00,2.152670153383368670e-05,5.475887330857581725e-01,6.162525310847147830e-01,4.124838183531156881e-04,5.978019166110228877e-01,5.291986381858780897e-01,5.978019166110228877e-01
1.719333333333333380e+00,4.444699918974843170e-05,5.455120185083516260e-01,6.141920095281301339e-01,4.582141934887924532e-04,5.957471269385049562e-01,5.271328901451979299e-01,5.957471269385049562e-01
1.719999999999999973e+00,7.457949555945706855e-05,5.434444471053323511e-01,6.121359008686173553e-01,4.993045447663688446e-04,5.936906572928611903e-01,5.250664670360706276e-01,5.936906572928611903e-01
1.720666666666666789e+00,1.109713408878625258e-04,5.413910332556276517e-01,6.100910271643239513e-01,5.345511642974165719e-04,5.916325437567785395e-01,5.229994058963549630e-01,5.916325437567785395e-01
1.721333333333333160e+00,1.525545970007651246e-04,5.393534869536920073e-01,6.080612428043629114e-01,5.629215314864044473e-04,5.895728224417901009e-01,5.209317437753481217e-01,5.895728224417901009e-01
1.721999999999999975e+00,1.981853882962282337e-04,5.373299502389876636e-01,6.060466995523664524e-01,5.835845598684761800e-04,5.875115294876366301e-01,5.188635177331166748e-01,5.875115294876366301e-01
1.722666666666666790e+00,2.466629903836396048e-04,5.353155535895723904e-01,6.040439705902893586e-01,5.959349431006599621e-04,5.854487010616366005e-01,5.167947648398365512e-01,5.854487010616366005e-01
1.723333333333333384e+00,2.967318198296627096e-04,5.333036492336451495e-01,6.020469860632647885e-01,5.996108869110707224e-04,5.833843733580497126e-01,5.147255221751266818e-01,5.833843733580497126e-01
1.723999999999999977e+00,3.470755078991487027e-04,5.312874134855619657e-01,6.000485437168290304e-01,5.945047075631509047e-04,5.813185825974401810e-01,5.126558268273825325e-01,5.813185825974401810e-01
1.724666666666666570e+00,3.963155219978464262e-04,5.292614192529832007e-01,5.980420221808481207e-01,5.807659863617563919e-04,5.792513650260450175e-01,5.105857158931157436e-01,5.792513650260450175e-01
1.725333333333333385e+00,4.430260750092585801e-04,5.272227929117866418e-01,5.960228758496624035e-01,5.587971877924137638e-04,5.771827569151338766e-01,5.085152264762853314e-01,5.771827569151338766e-01
1.725999999999999979e+00,4.857724691084660856e-04,5.251716855817640806e-01,5.939895482251075221e-01,5.292418696567992211e-04,5.751127945603771163e-01,5.064443956876345521e-01,5.751127945603771163e-01
1.726666666666666794e+00,5.231728906707985328e-04,5.231109740615825787e-01,5.919435957001656368e-01,4.929658305786461647e-04,5.730415142812040896e-01,5.043732606440252120e-01,5.730415142812040896e-01
1.727333333333333165e+00,5.539761523088493128e-04,5.210453061707313038e-01,5.898890241736347573e-01,4.510317471485276292e-04,5.709689524201707611e-01,5.023018584677726439e-01,5.709689524201707611e-01
1.727999999999999980e+00,5.771422622494728951e-04,5.189797639673408014e-01,5.878310457297362124e-01,4.046680436911195247e-04,5.688951453423176652e-01,5.002302262859796844e-01,5.688951453423176652e-01
1.728666666666666574e+00,5.919107130362514244e-04,5.169184999924851809e-01,5.857746039025881757e-01,3.552329065897342499e-04,5.668201294345350805e-01,4.981584012298728714e-01,5.668201294345350805e-01
1.729333333333333389e+00,5.978436393430576912e-04,5.148636934958746858e-01,5.837230587356440070e-01,3.041744973383560908e-04,5.647439411049220981e-01,4.960864204341335904e-01,5.647439411049220981e-01
1.729999999999999982e+00,5.948368390535915340e-04,5.128150846590069367e-01,5.816773648387709716e-01,2.529885298473833594e-04,5.626666167821510189e-01,4.940143210362374915e-01,5.626666167821510189e-01
1.730666666666666575e+00,5.830993653780487890e-04,5.107701960181626477e-01,5.796359397799223379e-01,2.031744547403823429e-04,5.605881929148238685e-01,4.919421401757833046e-01,5.605881929148238685e-01
1.731333333333333391e+00,5.631097279631580750e-04,5.087251735595433866e-01,5.775952424608247204e-01,1.561915341871482875e-04,5.585087059708370161e-01,4.898699149938314790e-01,5.585087059708370161e-01
1.731999999999999984e+00,5.355615581283801460e-04,5.066760154645292280e-01,5.755509006077392797e-01,1.134160940241526940e-04,5.564281924367394661e-01,4.877976826322373838e-01,5.564281924367394661e-01
1.732666666666666799e+00,5.013125072729259901e-04,5.046198481463347596e-01,5.734990830982928944e-01,7.610120542636231741e-05,5.543466888170909268e-01,4.857254802329827870e-01,5.543466888170909268e-01
1.733333333333333393e+00,4.613469270215794110e-04,5.025558917233340361e-01,5.714377420403822239e-01,4.533997722264591023e-05,5.522642316338252089e-01,4.836533449375149951e-01,5.522642316338252089e-01
1.733999999999999986e+00,4.167565578470086639e-04,5.004858403511917020e-01,5.693673757165150784e-01,2.203353417575929052e-05,5.501808574256057405e-01,4.815813138860761677e-01,5.501808574256057405e-01
1.734666666666666579e+00,3.687360572300414944e-04,4.984135441288898294e-01,5.672910870423442109e-01,6.864619277077388146e-06,5.480966027471875224e-01,4.795094242170425680e-01,5.480966027471875224e-01
1.735333333333333394e+00,3.185841427098204262e-04,4.963440700555967755e-01,5.652139031092984212e-01,2.775933547444644868e-07,5.460115041687719772e-01,4.774377130662537105e-01,5.460115041687719772e-01
1.735999999999999988e+00,2.676984202658683003e-04,4.942823843999098465e-01,5.631415241867716581e-01,2.465417890417336553e-06,5.439255982753703478e-01,4.753662175663521117e-01,5.439255982753703478e-01
1.736666666666666581e+00,2.175535209755222936e-04,4.922319956713704925e-01,5.610788257295948878e-01,1.336400237208512935e-05,5.418389216661562147e-01,4.732949748461121042e-01,5.418389216661562147e-01
1.737333333333333174e+00,1.696574426633641673e-04,4.901939077389916855e-01,5.590285024857062357e-01,3.265408177265658775e-05,5.397515109538287836e-01,4.712240220297804205e-01,5.397515109538287836e-01
1.737999999999999989e+00,1.254881899743955510e-04,4.881661595246882257e-01,5.569902072131593940e-01,5.977056915515160278e-05,5.376634027639649593e-01,4.691533962364046739e-01,5.376634027639649593e-01
1.738666666666666805e+00,8.641950986904826818e-05,4.861440901588230945e-01,5.549604144650899240e-01,9.391910942756442849e-05,5.355746337343817443e-01,4.670831345791733313e-01,5.355746337343817443e-01
1.739333333333333398e+00,5.364854661871907768e-05,4.841212938649929187e-01,5.529330658401371279e-01,1.340993493189303809e-04,5.334852405144910881e-01,4.650132741647474144e-01,5.334852405144910881e-01
1.739999999999999991e+00,2.813836223053093404e-05,4.820910548640519044e-01,5.509008653034066505e-01,1.791342419018705063e-04,5.313952597646549592e-01,4.629438520925953648e-01,5.313952597646549592e-01
1.740666666666666584e+00,1.058455137404821593e-05,4.800479218061395881e-01,5.488569312651576659e-01,2.277045272096683240e-04,5.293047281555468553e-01,4.608749054543305190e-01,5.293047281555468553e-01
1.741333333333333400e+00,1.408870396440235365e-06,4.779890329174120156e-01,5.467964137462669738e-01,2.783873788670201163e-04,5.272136823675027673e-01,4.588064713330427535e-01,5.272136823675027673e-01
1.741999999999999993e+00,7.758607115053364140e-07,4.759148572113375830e-01,5.447176789612293568e-01,3.296980846129284938e-04,5.251221590898833558e-01,4.567385868026381801e-01,5.251221590898833558e-01
1.742666666666666808e+00,8.622943856763517099e-06,4.738291621274103305e-01,5.426227605125153453e-01,3.801335397197183543e-04,5.230301950204244710e-01,4.546712889271696811e-01,5.230301950204244710e-01
1.743333333333333179e+00,2.469199256385378496e-05,4.717382132814445517e-01,5.405169565130346632e-01,4.282162792039209773e-04,5.209378268645984411e-01,4.526046147601775482e-01,5.209378268645984411e-01
1.743999999999999995e+00,4.855164654213203713e-05,4.696494010093074101e-01,5.384076673283745285e-01,4.725377589422850269e-04,5.188450913349655913e-01,4.505386013440204063e-01,5.188450913349655913e-01
1.744666666666666588e+00,7.960427648912993660e-05,4.675696218840168505e-01,5.363027573876121279e-01,5.117996178078956186e-04,5.167520251505343110e-01,4.484732857092165181e-01,5.167520251505343110e-01
1.745333333333333403e+00,1.170781381521653324e-04,4.655037934227519991e-01,5.342088355467874417e-01,5.448517120866809126e-04,5.146586650361124615e-01,4.464087048737747088e-01,5.146586650361124615e-01
1.745999999999999996e+00,1.600118759951613611e-04,4.634538415389147237e-01,5.321298570796688665e-01,5.707258079870794866e-04,5.125650477216673329e-01,4.443448958425361695e-01,5.125650477216673329e-01
1.746666666666666590e+00,2.072430192105762935e-04,4.614183871262895753e-01,5.300663625323258632e-01,5.886639452490078760e-04,5.104712099416769400e-01,4.422818956065057705e-01,5.104712099416769400e-01
1.747333333333333405e+00,2.574129150225096339e-04,4.593931942831012694e-01,5.280155129447154927e-01,5.981406409633314991e-04,5.083771884344887582e-01,4.402197411421938655e-01,5.083771884344887582e-01
1.747999999999999998e+00,3.089972254298522310e-04,4.573722624480296983e-01,5.259718942636217864e-01,5.988782831595245359e-04,5.062830199416746835e-01,4.381584694109513789e-01,5.062830199416746835e-01
1.748666666666666814e+00,3.603645495757017408e-04,4.553492881922375224e-01,5.239288848120645659e-01,5.908552632189503729e-04,5.041887412073834396e-01,4.360981173583056703e-01,5.041887412073834396e-01
1.749333333333333185e+00,4.098578818676096064e-04,4.533191316632067536e-01,5.218802470400591975e-01,5.743066088814949332e-04,5.020943889777004232e-01,4.340387219133025609e-01,5.020943889777004232e-01
1.750000000000000000e+00,4.558868961036701816e-04,4.512789263661848849e-01,5.198215514419439742e-01,5.497170993021063823e-04,4.999999999999981681e-01,4.319803199878395894e-01,4.999999999999981681e-01
1.750666666666666593e+00,4.970155545234525036e-04,4.492285713205362296e-01,5.177510854250193528e-01,5.178070638460552984e-04,4.979056110222965792e-01,4.299229484760089259e-01,4.979056110222965792e-01
1.751333333333333409e+00,5.320303770996069256e-04,4.471705122172269231e-01,5.156700374145712917e-01,4.795112806353149103e-04,4.958112587926128412e-01,4.278666442534317382e-01,4.958112587926128412e-01
1.752000000000000002e+00,5.599796369393529854e-04,4.451089036760538797e-01,5.135819403340597944e-01,4.359515929959452223e-04,4.937169800583222634e-01,4.258114441766020497e-01,4.937169800583222634e-01
1.752666666666666595e+00,5.801812990174393158e-04,4.430483959913119607e-01,5.114915524120080548e-01,3.884040459847234246e-04,4.916228115655076336e-01,4.237573850822208277e-01,4.916228115655076336e-01
1.753333333333333188e+00,5.922054399185775310e-04,4.409928712121033989e-01,5.094034919815357831e-01,3.382615057036826166e-04,4.895287900583201179e-01,4.217045037865411738e-01,4.895287900583201179e-01
1.754000000000000004e+00,5.958428237777726316e-04,4.389444521500109331e-01,5.073209914391694220e-01,2.869928564384404768e-04,4.874349522783296140e-01,4.196528370847029121e-01,4.874349522783296140e-01
1.754666666666666819e+00,5.910735127203880753e-04,4.369030305413134641e-01,5.052450884924125640e-01,2.360999709068683074e-04,4.853413349638839858e-01,4.176024217500780567e-01,4.853413349638839858e-01
1.755333333333333412e+00,5.780472416859624117e-04,4.348664266108022702e-01,5.031744509964422019e-01,1.870737141387461880e-04,4.832479748494627469e-01,4.155532945336095074e-01,4.832479748494627469e-01
1.756000000000000005e+00,5.570815158581774243e-04,4.328311297993610030e-01,5.011058675450417166e-01,1.413502698165461065e-04,4.811549086650308560e-01,4.135054921631504121e-01,4.811549086650308560e-01
1.756666666666666599e+00,5.286758673280912268e-04,4.307934166690104427e-01,4.990352668729290397e-01,1.002690684612490786e-04,4.790621731353986723e-01,4.114590513428103558e-01,4.790621731353986723e-01
1.757333333333333414e+00,4.935338713806929631e-04,4.287505369528131216e-01,4.969589915012863623e-01,6.503354992187072121e-05,4.769698049795719208e-01,4.094140087522924465e-01,4.769698049795719208e-01
1.758000000000000007e+00,4.525805738653761244e-04,4.267016355443853382e-01,4.948749786193935019e-01,3.667590959956363564e-05,4.748778409101135356e-01,4.073704010462408376e-01,4.748778409101135356e-01
1.758666666666666600e+00,4.069631542056380454e-04,4.246481482914472028e-01,4.927835176389806504e-01,1.602686113614100756e-05,4.727863176324936800e-01,4.053282648535792010e-01,4.727863176324936800e-01
1.759333333333333194e+00,3.580268125424151374e-04,4.225935541660492678e-01,4.906873619024424982e-01,3.691301344411208586e-06,4.706952718444503692e-01,4.032876367768584158e-01,4.706952718444503692e-01
1.760000000000000009e+00,3.072646131011211052e-04,4.205425423824561970e-01,4.885911459980492588e-01,3.059025581278136663e-08,4.686047402353414326e-01,4.012485533915959857e-01,4.686047402353414326e-01
1.760666666666666602e+00,2.562471677770156706e-04,4.184998084817121988e-01,4.865002504822192875e-01,5.151965376908220646e-06,4.665147594855059143e-01,3.992110512456256699e-01,4.665147594855059143e-01
1.761333333333333417e+00,2.065434100855529222e-04,4.164687886484140233e-01,4.844194063360894309e-01,1.890540025522892002e-05,4.644253662656147030e-01,3.971751668584361239e-01,4.644253662656147030e-01
1.761999999999999789e+00,1.596457501338857329e-04,4.144506569699728527e-01,4.823514005629481183e-01,4.088799938022380937e-05,4.623365972360321541e-01,3.951409367205239720e-01,4.623365972360321541e-01
1.762666666666666604e+00,1.169111356438847752e-04,4.124438483613143136e-01,4.802962181498257599e-01,7.045580067436855109e-05,4.602484890461683298e-01,3.931083972927316705e-01,4.602484890461683298e-01
1.763333333333333419e+00,7.952461138400553520e-05,4.104442465797915052e-01,4.782508475800323899e-01,1.067426398300915126e-04,4.581610783338401216e-01,3.910775850056006364e-01,4.581610783338401216e-01
1.764000000000000012e+00,4.848538795337249864e-05,4.084460175210171684e-01,4.762098174530564054e-01,1.486855238774789851e-04,4.560744017246266546e-01,3.890485362587154383e-01,4.560744017246266546e-01
1.764666666666666828e+00,2.460916130915244131e-05,4.064429066273089197e-01,4.741663567538915158e-01,1.950557706850441521e-04,4.539884958312243035e-01,3.870212874200495978e-01,4.539884958312243035e-01
1.765333333333333199e+00,8.536344775599045645e-06,4.044296941785934241e-01,4.721139175078848393e-01,2.444950021874383369e-04,4.519033972528094245e-01,3.849958748253183849e-01,4.519033972528094245e-01
1.766000000000000014e+00,7.352620718607944030e-07,4.024034509593155118e-01,4.700477007405998164e-01,2.955549369485825314e-04,4.498191425743905958e-01,3.829723347773221209e-01,4.498191425743905958e-01
1.766666666666666607e+00,1.492475637456264392e-06,4.003642787440779283e-01,4.679658128932718819e-01,3.467398163695308293e-04,4.477357683661716825e-01,3.809507035453008617e-01,4.477357683661716825e-01
1.767333333333333423e+00,1.088839637308073842e-05,3.983153478304755635e-01,4.658697613704125273e-01,3.965502217008290442e-04,4.456533111829055205e-01,3.789310173642792545e-01,4.456533111829055205e-01
1.768000000000000016e+00,2.876326695181833255e-05,3.962622212887276230e-01,4.637641595454917720e-01,4.435269982757152063e-04,4.435718075632575919e-01,3.769133124344219987e-01,4.435718075632575919e-01
1.768666666666666609e+00,5.468422436504383059e-05,3.942116316925269315e-01,4.616557103789205030e-01,4.862940002405276665e-04,4.414912940291594312e-01,3.748976249203796463e-01,4.414912940291594312e-01
1.769333333333333202e+00,8.792644836648781572e-05,3.921700041661725367e-01,4.595517178552595006e-01,5.235984036102915747e-04,4.394118070851731339e-01,3.728839909506465600e-01,4.394118070851731339e-01
1.770000000000000018e+00,1.274794491587275761e-04,3.901420718121071940e-01,4.574584862379453276e-01,5.543474067122746004e-04,4.373333832178460390e-01,3.708724466169068257e-01,4.373333832178460390e-01
1.770666666666666833e+00,1.720838089567684195e-04,3.881299003730576680e-01,4.553799835849163813e-01,5.776402429079436837e-04,4.352560588950744047e-01,3.688630279733928763e-01,4.352560588950744047e-01
1.771333333333333204e+00,2.202959169068075776e-04,3.861325397448745478e-01,4.533170719130632520e-01,5.927945678073976744e-04,4.331798705654619774e-01,3.668557710362371771e-01,4.331798705654619774e-01
1.772000000000000020e+00,2.705708626391986594e-04,3.841463728006385137e-01,4.512674661206237947e-01,5.993664479844639176e-04,4.311048546576787266e-01,3.648507117828238555e-01,4.311048546576787266e-01
1.772666666666666613e+00,3.213489853650342508e-04,3.821660669751880679e-01,4.492264119791982147e-01,5.971633656395788914e-04,4.290310475798259637e-01,3.628478861511497122e-01,4.290310475798259637e-01
1.773333333333333428e+00,3.711310429869101144e-04,3.801858882045884291e-01,4.471879066361456601e-01,5.862498582496669230e-04,4.269584857187920801e-01,3.608473300391745742e-01,4.269584857187920801e-01
1.774000000000000021e+00,4.185307013844214818e-04,3.782010478635854378e-01,4.451461576500057027e-01,5.669456279960859201e-04,4.248872054396196640e-01,3.588490793041817506e-01,4.248872054396196640e-01
1.774666666666666615e+00,4.622998844969291492e-04,3.762087496647568141e-01,4.430969199631370481e-01,5.398161763533620722e-04,4.228172430848623486e-01,3.568531697621321608e-01,4.228172430848623486e-01
1.775333333333333208e+00,5.013303952268575612e-04,3.742086883595144298e-01,4.410383838131660128e-01,5.056562381908040471e-04,4.207486349739519294e-01,3.548596371870260668e-01,4.207486349739519294e-01
1.776000000000000023e+00,5.346417552205053611e-04,3.722029019127486293e-01,4.389714064890045675e-01,4.654665006711166449e-04,4.186814174025562107e-01,3.528685173102572015e-01,4.186814174025562107e-01
1.776666666666666616e+00,5.613684697605003790e-04,3.701950484696454602e-01,4.368990566097964434e-01,4.204242889469006115e-04,4.166156266419472343e-01,3.508798458199777204e-01,4.166156266419472343e-01
1.777333333333333432e+00,5.807589464071852715e-04,3.681893212538869253e-01,4.348256208586869231e-01,3.718490773930148994e-04,4.145512989383597358e-01,3.488936583604528852e-01,4.145512989383597358e-01
1.777999999999999803e+00,5.921934178281303574e-04,3.661892944181455167e-01,4.327553569643552422e-01,3.211638366951292652e-04,4.124884705123603168e-01,3.469099905314281251e-01,4.124884705123603168e-01
1.778666666666666618e+00,5.952209789146501156e-04,3.641969970475047447e-01,4.306913289534025080e-01,2.698533490991495104e-04,4.104271775582069015e-01,3.449288778874844419e-01,4.104271775582069015e-01
1.779333333333333433e+00,5.896085154245457463e-04,3.622124467047767027e-01,4.286346245563270041e-01,2.194207129422754842e-04,4.083674562432179078e-01,3.429503559374074695e-01,4.083674562432179078e-01
1.780000000000000027e+00,5.753891570087628056e-04,3.602337545820171183e-01,4.265841463719438620e-01,1.713433106291510524e-04,4.063093427071358676e-01,3.409744601435474309e-01,4.063093427071358676e-01
1.780666666666666842e+00,5.528964987898490370e-04,3.582577673528035134e-01,4.245370191782131819e-01,1.270295299350111221e-04,4.042528730614913801e-01,3.390012259211826473e-01,4.042528730614913801e-01
1.781333333333333213e+00,5.227735771187859513e-04,3.562810693105237236e-01,4.224894989306252069e-01,8.777750644963156412e-05,4.021980833889741702e-01,3.370306886378887090e-01,4.021980833889741702e-01
1.782000000000000028e+00,4.859515635045424898e-04,3.543010682277668022e-01,4.204381391693264303e-01,5.473709576774714086e-05,4.001450097427944885e-01,3.350628836128997645e-01,4.001450097427944885e-01
1.782666666666666622e+00,4.436005250836835053e-04,3.523168613596994736e-01,4.183808981017498874e-01,2.887618941960211043e-05,3.980936881460560017e-01,3.330978461164805782e-01,3.980936881460560017e-01
1.783333333333333437e+00,3.970612121382341561e-04,3.503296355110238625e-01,4.163178775520474661e-01,1.095236128824478037e-05,3.960441545911184136e-01,3.311356113692888736e-01,3.960441545911184136e-01
1.784000000000000030e+00,3.477707912175998059e-04,3.483424831008964939e-01,4.142514780038759614e-01,1.490675108654967267e-06,3.939964450389711326e-01,3.291762145417494456e-01,3.939964450389711326e-01
1.784666666666666623e+00,2.971956736905332535e-04,3.463596757059563269e-01,4.121859102993527535e-01,7.683031594357297776e-07,3.919505954185971697e-01,3.272196907534186683e-01,3.919505954185971697e-01
1.785333333333333217e+00,2.467811013330331181e-04,3.443855810597979961e-01,4.101261804469429340e-01,8.806406729956848473e-06,3.899066416263478052e-01,3.252660750723601613e-01,3.899066416263478052e-01
1.786000000000000032e+00,1.979210225525909978e-04,3.424235011282049657e-01,4.080768077630078094e-01,2.536951621786616299e-05,3.878646195253077078e-01,3.233154025145111299e-01,3.878646195253077078e-01
1.786666666666666847e+00,1.519448977381469715e-04,3.404747283114956669e-01,4.060406074104895846e-01,4.997242901651566743e-05,3.858245649446701009e-01,3.213677080430592525e-01,3.858245649446701009e-01
1.787333333333333218e+00,1.101125664079342865e-04,3.385380651435484500e-01,4.040178514073570204e-01,8.189442312440538513e-05,3.837865136791063225e-01,3.194230265678132397e-01,3.837865136791063225e-01
1.788000000000000034e+00,7.360599134405386836e-05,3.366099441729957231e-01,4.020060282029497833e-01,1.202003701007375267e-04,3.817505014881357184e-01,3.174813929445770011e-01,3.817505014881357184e-01
1.788666666666666627e+00,4.350840240353373703e-05,3.346851417426699449e-01,4.000002765797299742e-01,1.637681288803373458e-04,3.797165640955024735e-01,3.155428419745278656e-01,3.797165640955024735e-01
1.789333333333333442e+00,2.076661584155841379e-05,3.327579318220791338e-01,3.979944085563487666e-01,2.113214179690436445e-04,3.776847371885444504e-01,3.136074084035881393e-01,3.776847371885444504e-01
1.790000000000000036e+00,6.139389081408095101e-06,3.308234090763413904e-01,3.959822921167692189e-01,2.614672030554077565e-04,3.756550564175709650e-01,3.116751269218075993e-01,3.756550564175709650e-01
1.790666666666666629e+00,1.411774577160988433e-07,3.288786576042891374e-01,3.939592693341500418e-01,3.127365047999214635e-04,3.736275573952334006e-01,3.097460321627365509e-01,3.736275573952334006e-01
1.791333333333333222e+00,2.994323172664264049e-06,3.269234731864835708e-01,3.919232653701252844e-01,3.636274313708569425e-04,3.716022756959044826e-01,3.078201587028098762e-01,3.716022756959044826e-01
1.792000000000000037e+00,1.460221610999339391e-05,3.249604571527086594e-01,3.898753111732653487e-01,4.126491751246130118e-04,3.695792468550496146e-01,3.058975410607228662e-01,3.695792468550496146e-01
1.792666666666666631e+00,3.455142351930452820e-05,3.229944588465516464e-01,3.878193452317217349e-01,4.583656845836851703e-04,3.675585063686080400e-01,3.039782136968166570e-01,3.675585063686080400e-01
1.793333333333333446e+00,6.214364275451759708e-05,3.210315049021837397e-01,3.857613410000679810e-01,4.994377323782330739e-04,3.655400896923652332e-01,3.020622110124566162e-01,3.655400896923652332e-01
1.794000000000000039e+00,9.645085473619769941e-05,3.190774740080336014e-01,3.837079750261746525e-01,5.346621468051997086e-04,3.635240322413352265e-01,3.001495673494189442e-01,3.635240322413352265e-01
1.794666666666666632e+00,1.363815546882488181e-04,3.171368287361172045e-01,3.816651594948926030e-01,5.630070577492439976e-04,3.615103693891369985e-01,2.982403169892747230e-01,3.615103693891369985e-01
1.795333333333333448e+00,1.807440416268518300e-04,3.152116949661825096e-01,3.796367856958112186e-01,5.836421244651709105e-04,3.594991364673723599e-01,2.963344941527719101e-01,3.594991364673723599e-01
1.796000000000000041e+00,2.282949593846073002e-04,3.133014941105486950e-01,3.776239635222212176e-01,5.959628597239120806e-04,3.574903687650101691e-01,2.944321329992276026e-01,3.574903687650101691e-01
1.796666666666666634e+00,2.777668775215462417e-04,3.114032029157542403e-01,3.756249179471031763e-01,5.996083377664737082e-04,3.554841015277621086e-01,2.925332676259107534e-01,3.554841015277621086e-01
1.797333333333333227e+00,3.278759795994840910e-04,3.095121673478827828e-01,3.736355475956620875e-01,5.944717673257899921e-04,3.534803699574695091e-01,2.906379320674346012e-01,3.534803699574695091e-01
1.798000000000000043e+00,3.773177045598414647e-04,3.076232634128363008e-01,3.716504967809639015e-01,5.807036199886614434e-04,3.514792092114804034e-01,2.887461602951436612e-01,3.514792092114804034e-01
1.798666666666666636e+00,4.247624150026422466e-04,3.057321128034972135e-01,3.696644724320107822e-01,5.587072222549632153e-04,3.494806544020379602e-01,2.868579862165083760e-01,3.494806544020379602e-01
1.799333333333333451e+00,4.688635274391421935e-04,3.038360516344167372e-01,3.676734794534718964e-01,5.291269404210600241e-04,3.474847405956590918e-01,2.849734436745132715e-01,3.474847405956590918e-01
1.799999999999999822e+00,5.082868634452481806e-04,3.019346210595970637e-01,3.656756712862327952e-01,4.928293044016352669e-04,3.454915028125244425e-01,2.830925664470545500e-01,3.454915028125244425e-01
1.800666666666666638e+00,5.417633287931534125e-04,3.000294800972475584e-01,3.636716155429710606e-01,4.508776234517677234e-04,3.435009760258588285e-01,2.812153882463302446e-01,3.435009760258588285e-01
1.801333333333333231e+00,5.681593974295288951e-04,2.981237933802405871e-01,3.616639315432536583e-01,4.045008374009841329e-04,3.415131951613223915e-01,2.793419427182406989e-01,3.415131951613223915e-01
1.802000000000000046e+00,5.865535929071989977e-04,2.962212772885080558e-01,3.596564229351562059e-01,3.550575158763044420e-04,3.395281950963932593e-01,2.774722634417808309e-01,3.395281950963932593e-01
1.802666666666666861e+00,5.963041448597862504e-04,2.943251641702280264e-01,3.576529558036543044e-01,3.039960601276744945e-04,3.375460106597594767e-01,2.756063839284422223e-01,3.375460106597594767e-01
1.803333333333333233e+00,5.970941763627471595e-04,2.924373531027645301e-01,3.556563869446562332e-01,2.528122733100974183e-04,3.355666766307064397e-01,2.737443376216107671e-01,3.355666766307064397e-01
1.804000000000000048e+00,5.889458035807015532e-04,2.905579603605174532e-01,3.536678201953462608e-01,2.030055421661140856e-04,3.335902277385045522e-01,2.718861578959657077e-01,3.335902277385045522e-01
1.804666666666666641e+00,5.722019157708001669e-04,2.886853784884212404e-01,3.516863746713368433e-01,1.560349137302052586e-04,3.316166986618039880e-01,2.700318780568851662e-01,3.316166986618039880e-01
1.805333333333333456e+00,5.474819897309683497e-04,2.868168221843583887e-01,3.497095144133896549e-01,1.132763537513812197e-04,3.296461240280220695e-01,2.681815313398447365e-01,3.296461240280220695e-01
1.806000000000000050e+00,5.156238810911161841e-04,2.849492110083217677e-01,3.477338462418149145e-01,7.598243891361259998e-05,3.276785384127396950e-01,2.663351509098265679e-01,3.276785384127396950e-01
1.806666666666666643e+00,4.776255239677651399e-04,2.830801458961895722e-01,3.457561716404207730e-01,4.524566363675373664e-05,3.257139763390903830e-01,2.644927698607197342e-01,3.257139763390903830e-01
1.807333333333333236e+00,4.345983191426904262e-04,2.812087068866237494e-01,3.437745079913696600e-01,2.196643635531011330e-05,3.237524722771590313e-01,2.626544212147323698e-01,3.237524722771590313e-01
1.808000000000000052e+00,3.877383987745555791e-04,2.793358458133330391e-01,3.417887955458719373e-01,6.826702797267907296e-06,3.217940606433726813e-01,2.608201379217949811e-01,3.217940606433726813e-01
1.808666666666666645e+00,3.383146966277828980e-04,2.774642585423920393e-01,3.398010848202272505e-01,2.699689475275762380e-07,3.198387757999008874e-01,2.589899528589741928e-01,3.198387757999008874e-01
1.809333333333333238e+00,2.876661678943853045e-04,2.755977636162965649e-01,3.378151374968430543e-01,2.488308906501241779e-06,3.178866520540488683e-01,2.571638988298791673e-01,3.178866520540488683e-01
1.810000000000000053e+00,2.371967639168466200e-04,2.737403459000086192e-01,3.358355339321484334e-01,1.341673823806876957e-05,3.159377236576587644e-01,2.553420085640774606e-01,3.159377236576587644e-01
1.810666666666666647e+00,1.883571378813844776e-04,2.718951098474780004e-01,3.338665148379111325e-01,3.273511763492062784e-05,3.139920248065073971e-01,2.535243147165068267e-01,3.139920248065073971e-01
1.811333333333333462e+00,1.426064232776550150e-04,2.700634091581567975e-01,3.319108555047521891e-01,5.987753113506954957e-05,3.120495896397044167e-01,2.517108498668880201e-01,3.120495896397044167e-01
1.812000000000000055e+00,1.013543048848509055e-04,2.682443774895703070e-01,3.299690620940157193e-01,9.404886416230394874e-05,3.101104522390975560e-01,2.499016465191452596e-01,3.101104522390975560e-01
1.812666666666666648e+00,6.589065669625977025e-05,2.664349907592925559e-01,3.280390989452275918e-01,1.342480957507737711e-04,3.081746466286696684e-01,2.480967371008185041e-01,3.081746466286696684e-01
1.813333333333333242e+00,3.731489425600694089e-05,2.646306653529818531e-01,3.261167275528068510e-01,1.792976226269777274e-04,3.062422067739468123e-01,2.462961539624872742e-01,3.062422067739468123e-01
1.814000000000000057e+00,1.647831160070315339e-05,2.628262644747882404e-01,3.241963921085987965e-01,2.278777561247240853e-04,3.043131665813968989e-01,2.444999293771855653e-01,3.043131665813968989e-01
1.814666666666666650e+00,3.949756685904558519e-06,2.610172774805525342e-01,3.222724538841139630e-01,2.785653813740639889e-04,3.023875598978401080e-01,2.427080955398292494e-01,3.023875598978401080e-01
1.815333333333333465e+00,9.049255379786863196e-09,2.592008851586996010e-01,3.203404861342046828e-01,3.298756462756279387e-04,3.004654205098504782e-01,2.409206845666329588e-01,3.004654205098504782e-01
1.815999999999999837e+00,4.665454922099795104e-06,2.573766458296160575e-01,3.183983167877264542e-01,3.803054590158493086e-04,2.985467821431671553e-01,2.391377284945399861e-01,2.985467821431671553e-01
1.816666666666666652e+00,1.769244940589045076e-05,2.555466306390757891e-01,3.164465600762081388e-01,4.283775198997874685e-04,2.966316784620980918e-01,2.373592592806432200e-01,2.966316784620980918e-01
1.817333333333333245e+00,3.866671237139070281e-05,2.537149759099943114e-01,3.144885020223318062e-01,4.726835976249038293e-04,2.947201430689345703e-01,2.355853088016169883e-01,2.947201430689345703e-01
1.818000000000000060e+00,6.699970980853540775e-05,2.518869649162897573e-01,3.125293669149038500e-01,5.119257822535886078e-04,2.928122095033561800e-01,2.338159088531410745e-01,2.928122095033561800e-01
1.818666666666666654e+00,1.019542124385505358e-04,2.500678624844632214e-01,3.105751468263003301e-01,5.449545064122460680e-04,2.909079112418472279e-01,2.320510911493343931e-01,2.909079112418472279e-01
1.819333333333333247e+00,1.426444756300668650e-04,2.482617774529123633e-01,3.086312799614843172e-01,5.708022209176864077e-04,2.890072816971069880e-01,2.302908873221858610e-01,2.890072816971069880e-01
1.820000000000000062e+00,1.880256595591017006e-04,2.464708140955358118e-01,3.067014914726287067e-01,5.887117383309934662e-04,2.871103542174618384e-01,2.285353289209849370e-01,2.871103542174618384e-01
1.820666666666666655e+00,2.368832659929910492e-04,2.446947013598464171e-01,3.047870606581080111e-01,5.981584141378476060e-04,2.852171620862845591e-01,2.267844474117602094e-01,2.852171620862845591e-01
1.821333333333333471e+00,2.878351930682197888e-04,2.429309755555091876e-01,3.028866700890215924e-01,5.988655157761124323e-04,2.833277385214048594e-01,2.250382741767111283e-01,2.833277385214048594e-01
1.821999999999999842e+00,3.393567245468434969e-04,2.411756615073865628e-01,3.009968536107616166e-01,5.908123292875601309e-04,2.814421166745322278e-01,2.232968405136495915e-01,2.814421166745322278e-01
1.822666666666666657e+00,3.898329161576968567e-04,2.394242771449486828e-01,2.991129208178276988e-01,5.742347661161635282e-04,2.795603296306691798e-01,2.215601776354355068e-01,2.795603296306691798e-01
1.823333333333333250e+00,4.376351255089511801e-04,2.376729077386582623e-01,2.972301245554495042e-01,5.496184522772944820e-04,2.776824104075348854e-01,2.198283166694203206e-01,2.776824104075348854e-01
1.824000000000000066e+00,4.812112077758529441e-04,2.359190820732270655e-01,2.953447812606459499e-01,5.176845023448273285e-04,2.758083919549822460e-01,2.181012886568858000e-01,2.758083919549822460e-01
1.824666666666666659e+00,5.191744126025977721e-04,2.341622402870542075e-01,2.934550682300430813e-01,4.793683949956000661e-04,2.739383071544232995e-01,2.163791245524916973e-01,2.739383071544232995e-01
1.825333333333333252e+00,5.503756792101576010e-04,2.324036958959070365e-01,2.915613087054306773e-01,4.357925689344704489e-04,2.720721888182484616e-01,2.146618552237165578e-01,2.720721888182484616e-01
1.826000000000000068e+00,5.739479694363670099e-04,2.306461289376773582e-01,2.896656935076099559e-01,3.882335419799833888e-04,2.702100696892543175e-01,2.129495114503082154e-01,2.702100696892543175e-01
1.826666666666666661e+00,5.893183327266665562e-04,2.288927646897221946e-01,2.877715377944082831e-01,3.380845165296119401e-04,2.683519824400676934e-01,2.112421239237305404e-01,2.683519824400676934e-01
1.827333333333333476e+00,5.961914650007492074e-04,2.271464636453441877e-01,2.858822896620948906e-01,2.868145668466503834e-04,2.664979596725707833e-01,2.095397232466117421e-01,2.664979596725707833e-01
1.828000000000000069e+00,5.945152173929959616e-04,2.254089599734181160e-01,2.840005620050529700e-01,2.359256037436482576e-04,2.646480339173324370e-01,2.078423399321994991e-01,2.646480339173324370e-01
1.828666666666666663e+00,5.844418635509695528e-04,2.236804405028010867e-01,2.821274404894942855e-01,1.869083773460357455e-04,2.628022376330337861e-01,2.061500044038101220e-01,2.628022376330337861e-01
1.829333333333333256e+00,5.662979869173485198e-04,2.219595668691805024e-01,2.802622400037586003e-01,1.411988067991017690e-04,2.609606032059026970e-01,2.044627469942870979e-01,2.609606032059026970e-01
1.830000000000000071e+00,5.405709586718871916e-04,2.202439295070754977e-01,2.784027635969217318e-01,1.001359162029893875e-04,2.591231629491407840e-01,2.027805979454531116e-01,2.591231629491407840e-01
1.830666666666666664e+00,5.079127331633870009e-04,2.185308087450938130e-01,2.765459897919888554e-01,6.492260900820322818e-05,2.572899491023617480e-01,2.011035874075728647e-01,2.572899491023617480e-01
1.831333333333333258e+00,4.691544371795227817e-04,2.168180338337424851e-01,2.746890040411069656e-01,3.659042995286648905e-05,2.554609938310203332e-01,1.994317454388078725e-01,2.554609938310203332e-01
1.831999999999999851e+00,4.253203230657191694e-04,2.151047006588857613e-01,2.728299229417657790e-01,1.596934681204871680e-05,2.536363292258530522e-01,1.977651020046817532e-01,2.536363292258530522e-01
1.832666666666666666e+00,3.776286649048008382e-04,2.133915449144541954e-01,2.709685557293743385e-01,3.663437177515046871e-06,2.518159873023101403e-01,1.961036869775398817e-01,2.518159873023101403e-01
1.833333333333333259e+00,3.274703658377332697e-04,2.116808616399963316e-01,2.691066121361790353e-01,3.319250386315839181e-08,2.499999999999988343e-01,1.944475301360171771e-01,2.499999999999988343e-01
1.834000000000000075e+00,2.763623034795724127e-04,2.099759861351930545e-01,2.672473857502313255e-01,5.184957809199153607e-06,2.481883991821181579e-01,1.927966611645005324e-01,2.481883991821181579e-01
1.834666666666666668e+00,2.258797019167023705e-04,2.082804682809173691e-01,2.653949848715223547e-01,1.896781638571728819e-05,2.463812166349037547e-01,1.911511096526006537e-01,2.463812166349037547e-01
1.835333333333333261e+00,1.775777839666288624e-04,2.065971512925382503e-01,2.635533060180899612e-01,4.097801077994028780e-05,2.445784840670686688e-01,1.895109050946197082e-01,2.445784840670686688e-01
1.836000000000000076e+00,1.329158434873515225e-04,2.049273889181837116e-01,2.617250138054340591e-01,7.057077053373321041e-05,2.427802331092451249e-01,1.878760768890213873e-01,2.427802331092451249e-01
1.836666666666666892e+00,9.319592913879790118e-05,2.032706018793309088e-01,2.599107887797150185e-01,1.068792002020718034e-04,2.409864953134329690e-01,1.862466543379071304e-01,2.409864953134329690e-01
1.837333333333333485e+00,5.952396482669602789e-05,2.016242943880708904e-01,2.581090372131708000e-01,1.488396743388153130e-04,2.391973021524444742e-01,1.846226666464891586e-01,2.391973021524444742e-01
1.837999999999999856e+00,3.279473357431926837e-05,1.999845427406360121e-01,2.563161448986485125e-01,1.952229955253286452e-04,2.374126850193508664e-01,1.830041429225661986e-01,2.374126850193508664e-01
1.838666666666666449e+00,1.369564255851496152e-05,1.983468523320655874e-01,2.545272275367106984e-01,2.446704026931633747e-04,2.356326752269331526e-01,1.813911121760030665e-01,2.356326752269331526e-01
1.839333333333333487e+00,2.719494693466345092e-06,1.967071837011782620e-01,2.527372104765599481e-01,2.957333749068790426e-04,2.338573040071312281e-01,1.797836033182096949e-01,2.338573040071312281e-01
1.840000000000000080e+00,1.750331179477478950e-07,1.950628988081010984e-01,2.509419867729959508e-01,3.469160645878349280e-04,2.320866025105002284e-01,1.781816451616260177e-01,2.320866025105002284e-01
1.840666666666666673e+00,6.186298213320919333e-06,1.934133930804366741e-01,2.491393751690186842e-01,3.967191171332014885e-04,2.303206018056571658e-01,1.765852664192005261e-01,2.303206018056571658e-01
1.841333333333333044e+00,2.067722222412225749e-05,1.917602562029763202e-01,2.473296417798802327e-01,4.436835932700353125e-04,2.285593328787403899e-01,1.749944957038790383e-01,2.285593328787403899e-01
1.842000000000000082e+00,4.334474693508174876e-05,1.901069239790819376e-01,2.455154546200904730e-01,4.864337074758410227e-04,2.268028266328638298e-01,1.734093615280901113e-01,2.268028266328638298e-01
1.842666666666666675e+00,7.362986847097663465e-05,1.884579102705016274e-01,2.437012820154427495e-01,5.237171304785635416e-04,2.250511138875787853e-01,1.718298923032377246e-01,2.250511138875787853e-01
1.843333333333333268e+00,1.106992877154156115e-04,1.868178072647034005e-01,2.418923853977893168e-01,5.544416752079926259e-04,2.233042253783269204e-01,1.702561163391864141e-01,2.233042253783269204e-01
1.844000000000000083e+00,1.534495162407698867e-04,1.851902913242916837e-01,2.400936540920765028e-01,5.777072915134344889e-04,2.215621917559041920e-01,1.686880618437564816e-01,2.215621917559041920e-01
1.844666666666666677e+00,2.005404256747609574e-04,1.835773627958223186e-01,2.383085597091328389e-01,5.928324323891560063e-04,2.198250435859261664e-01,1.671257569222218686e-01,2.198250435859261664e-01
1.845333333333333270e+00,2.504577607346606945e-04,1.819789889325584276e-01,2.365384690721982486e-01,5.993740193308536067e-04,2.180928113482853703e-01,1.655692295767996480e-01,2.180928113482853703e-01
1.845999999999999863e+00,3.015963830846515154e-04,1.803932227472064276e-01,2.347824622672869399e-01,5.971404219542667934e-04,2.163655254366207981e-01,1.640185077061531438e-01,2.163655254366207981e-01
1.846666666666666901e+00,3.523504102130852063e-04,1.788167582766138630e-01,2.330376807492773317e-01,5.861970716489517440e-04,2.146432161577823960e-01,1.624736191048888889e-01,2.146432161577823960e-01
1.847333333333333272e+00,4.011947043928356803e-04,1.772457780198277155e-01,2.313001071464153013e-01,5.668645448198208082e-04,2.129259137313037065e-01,1.609345914630631869e-01,2.129259137313037065e-01
1.847999999999999865e+00,4.467448646725904224e-04,1.756768774646404185e-01,2.295655783861951516e-01,5.397091718662077675e-04,2.112136482888650468e-01,1.594014523656792637e-01,2.112136482888650468e-01
1.848666666666666458e+00,4.877891362975552477e-04,1.741078354722375154e-01,2.278307791673555849e-01,5.055264470007886628e-04,2.095064498737692904e-01,1.578742292921973822e-01,2.095064498737692904e-01
1.849333333333333496e+00,5.232935721965337314e-04,1.725380446637514720e-01,2.260939704758390678e-01,4.653177249038943208e-04,2.078043484404123731e-01,1.563529496160398768e-01,2.078043484404123731e-01
1.850000000000000089e+00,5.523889852958153253e-04,1.709685104517074949e-01,2.243552793726230343e-01,4.202608868656530100e-04,2.061073738537621824e-01,1.548376406041045150e-01,2.061073738537621824e-01
1.850666666666666460e+00,5.743525778731289931e-04,1.694014427021452995e-01,2.226164942604722252e-01,3.716758357267106218e-04,2.044155558888279822e-01,1.533283294162702537e-01,2.044155558888279822e-01
1.851333333333333497e+00,5.885973533744213613e-04,1.678395668676807007e-01,2.208804421918053318e-01,3.209858304151913945e-04,2.027289242301415773e-01,1.518250431049127103e-01,2.027289242301415773e-01
1.852000000000000091e+00,5.946784895333697470e-04,1.662853455850795970e-01,2.191501317219481104e-01,2.696757927525109165e-04,2.010475084712390337e-01,1.503278086144229087e-01,2.010475084712390337e-01
1.852666666666666684e+00,5.923190364455618515e-04,1.647403149310225634e-01,2.174278977969913706e-01,2.192488078953989483e-04,1.993713381141354879e-01,1.488366527807181705e-01,1.993713381141354879e-01
1.853333333333333277e+00,5.814497511785807595e-04,1.632047034834246679e-01,2.157147735799730681e-01,1.711820926983269352e-04,1.977004425688116684e-01,1.473516023307649137e-01,1.977004425688116684e-01
1.854000000000000092e+00,5.622519617924430458e-04,1.616774272342701990e-01,2.140102467906973838e-01,1.268837218662988034e-04,1.960348511526956439e-01,1.458726838820978422e-01,1.960348511526956439e-01
1.854666666666666686e+00,5.351898967125623191e-04,1.601564569567142382e-01,2.123124558668689488e-01,8.765137956993969306e-05,1.943745930901528141e-01,1.443999239423467695e-01,1.943745930901528141e-01
1.855333333333333279e+00,5.010206319770268328e-04,1.586394569325486337e-01,2.106187688737608810e-01,5.463434485980890110e-05,1.927196975119666866e-01,1.429333489087553088e-01,1.927196975119666866e-01
1.855999999999999872e+00,4.607751005506762029e-04,1.571245196069587513e-01,2.089265899458589981e-01,2.879982448635316959e-05,1.910701934548320324e-01,1.414729850677121925e-01,1.910701934548320324e-01
1.856666666666666687e+00,4.157108089466739860e-04,1.556107920645820319e-01,2.072341763341039311e-01,1.090461937730156241e-05,1.894261098608432670e-01,1.400188585942778452e-01,1.894261098608432670e-01
1.857333333333333281e+00,3.672438444473835541e-04,1.540988173331623856e-01,2.055412411206556655e-01,1.472954779856987162e-06,1.877874755769908255e-01,1.385709955517190062e-01,1.877874755769908255e-01
1.857999999999999874e+00,3.168724240913249894e-04,1.525904913944079455e-01,2.038491688016976777e-01,7.811235151720115215e-07,1.861543193546487396e-01,1.371294218910359963e-01,1.861543193546487396e-01
1.858666666666666911e+00,2.661053533013438429e-04,1.510886418455186508e-01,2.021607728792816361e-01,8.849392208505330574e-06,1.845266698490734270e-01,1.356941634505006433e-01,1.845266698490734270e-01
1.859333333333333504e+00,2.164060986496367598e-04,1.495963353728209100e-01,2.004796488345665928e-01,2.544140759514231569e-05,1.829045556189037303e-01,1.342652459551953448e-01,1.829045556189037303e-01
1.859999999999999876e+00,1.691575871020816520e-04,1.481160908212182659e-01,1.988092859588591332e-01,5.007112029401985788e-05,1.812880051256539338e-01,1.328426950165470521e-01,1.812880051256539338e-01
1.860666666666666469e+00,1.256460244478392163e-04,1.466491974932807862e-01,1.971521657746012068e-01,8.201702322271632291e-05,1.796770467332182708e-01,1.314265361318716074e-01,1.796770467332182708e-01
1.861333333333333506e+00,8.705606987505118107e-05,1.451953121747479036e-01,1.955090775408600545e-01,1.203432875512901212e-04,1.780717087073714622e-01,1.300167946839149435e-01,1.780717087073714622e-01
1.862000000000000099e+00,5.446650593335774566e-05,1.437524428224389306e-01,1.938788261512540967e-01,1.639271770344969163e-04,1.764720192152764433e-01,1.286134959404018063e-01,1.764720192152764433e-01
1.862666666666666693e+00,2.883619979735253442e-05,1.423173353351696035e-01,1.922584121872029650e-01,2.114919376425378704e-04,1.748780063249844308e-01,1.272166650535772880e-01,1.748780063249844308e-01
1.863333333333333064e+00,1.097454545808981012e-05,1.408861815859956124e-01,1.906436515249518016e-01,2.616441990153129684e-04,1.732896980049463964e-01,1.258263270597599071e-01,1.732896980049463964e-01
1.864000000000000101e+00,1.497322848444066047e-06,1.394554845443596591e-01,1.890300966260903548e-01,3.129147920958565360e-04,1.717071221235201839e-01,1.244425068788907601e-01,1.717071221235201839e-01
1.864666666666666694e+00,7.757513973652966501e-07,1.380228714157142045e-01,1.874140457560221629e-01,3.638017872237876444e-04,1.701303064484856187e-01,1.230652293140905712e-01,1.701303064484856187e-01
1.865333333333333288e+00,8.891079475810090101e-06,1.365876540434322606e-01,1.857933988036638562e-01,4.128144919238799487e-04,1.685592786465514303e-01,1.216945190512098568e-01,1.685592786465514303e-01
1.866000000000000103e+00,2.560769099873608879e-05,1.351509983455515818e-01,1.841681500213483424e-01,4.585171195102944841e-04,1.669940662828724998e-01,1.203304006583891944e-01,1.669940662828724998e-01
1.866666666666666696e+00,5.037410622993204610e-05,1.337156636523822717e-01,1.825403952495829873e-01,4.995708492710966607e-04,1.654346968205694934e-01,1.189728985856209897e-01,1.654346968205694934e-01
1.867333333333333290e+00,8.235452138677979729e-05,1.322853800670214519e-01,1.809138527951452691e-01,5.347730461149369533e-04,1.638811976202408649e-01,1.176220371643067475e-01,1.638811976202408649e-01
1.867999999999999883e+00,1.204858121382061144e-04,1.308640181182888496e-01,1.792930191049226241e-01,5.630924907722218613e-04,1.623335959394868744e-01,1.162778406068238762e-01,1.623335959394868744e-01
1.868666666666666920e+00,1.635486393080235531e-04,1.294547486895579469e-01,1.776821680661698211e-01,5.836995885115784689e-04,1.607919189324293063e-01,1.149403330060903422e-01,1.607919189324293063e-01
1.869333333333333291e+00,2.102383490969898295e-04,1.280593867998245372e-01,1.760844337426796802e-01,5.959906714319834894e-04,1.592561936492388197e-01,1.136095383351359150e-01,1.592561936492388197e-01
1.869999999999999885e+00,2.592225894228948027e-04,1.266780649520340141e-01,1.745011869392182613e-01,5.996056824152017290e-04,1.577264470356546100e-01,1.122854804466677098e-01,1.577264470356546100e-01
1.870666666666666478e+00,3.091775315643457609e-04,1.253093023689401675e-01,1.729318388408469520e-01,5.944387227014984480e-04,1.562027059325155343e-01,1.109681830726458179e-01,1.562027059325155343e-01
1.871333333333333515e+00,3.588017647293055513e-04,1.239504430619392944e-01,1.713741014859959666e-01,5.806411541063092154e-04,1.546849970752871284e-01,1.096576698238564962e-01,1.546849970752871284e-01
1.872000000000000108e+00,4.068141643470123700e-04,1.225983473828214237e-01,1.698246282107502836e-01,5.586171650009622968e-04,1.531733470935963959e-01,1.083539641894918498e-01,1.531733470935963959e-01
1.872666666666666480e+00,4.519471575668796977e-04,1.212501604675498695e-01,1.682798693473626650e-01,5.290119299482639236e-04,1.516677825107586863e-01,1.070570895367245340e-01,1.516677825107586863e-01
1.873333333333333073e+00,4.929482692479389373e-04,1.199039648381616252e-01,1.667369287741003459e-01,4.926927098468053372e-04,1.501683297433166198e-01,1.057670691102915866e-01,1.501683297433166198e-01
1.874000000000000110e+00,5.286001536536858586e-04,1.185591590880478163e-01,1.651942092479032342e-01,4.507234462395087651e-04,1.486750151005740705e-01,1.044839260320765684e-01,1.486750151005740705e-01
1.874666666666666703e+00,5.577632757500409306e-04,1.172164810974677535e-01,1.636516918003170784e-01,4.043335940253473502e-04,1.471878647841385890e-01,1.032076833006981276e-01,1.471878647841385890e-01
1.875333333333333297e+00,5.794378156710440833e-04,1.158776900686037392e-01,1.621107930973845479e-01,3.548821055938043115e-04,1.457069048874561068e-01,1.019383637910930840e-01,1.457069048874561068e-01
1.876000000000000112e+00,5.928345421743505365e-04,1.145450082734919273e-01,1.605738580623813361e-01,3.038176214375681882e-04,1.442321613953558568e-01,1.006759902541089213e-01,1.442321613953558568e-01
1.876666666666666705e+00,5.974404236408607533e-04,1.132204786751812714e-01,1.590434390563758293e-01,2.526360334263863180e-04,1.427636601835970964e-01,9.942058531609793137e-02,1.427636601835970964e-01
1.877333333333333298e+00,5.930648314528822644e-04,1.119054082128793787e-01,1.575215619111251519e-01,2.028366638905825848e-04,1.413014270184097254e-01,9.817217147850773595e-02,1.413014270184097254e-01
1.877999999999999892e+00,5.798563122849466128e-04,1.106000380274166778e-01,1.560091732889130611e-01,1.558783442123784632e-04,1.398454875560458111e-01,9.693077111748023278e-02,1.398454875560458111e-01
1.878666666666666707e+00,5.582868296298373369e-04,1.093035214155229362e-01,1.545059088497218458e-01,1.131366795659007399e-04,1.383958673423276164e-01,9.569640648344962530e-02,1.383958673423276164e-01
1.879333333333333300e+00,5.291080604882384721e-04,1.080142110129416883e-01,1.530102355007394166e-01,7.586375170034566145e-05,1.369525918122029007e-01,9.446909970074636453e-02,1.369525918122029007e-01
1.879999999999999893e+00,4.932905514526954261e-04,1.067301756755252712e-01,1.515199253917008104e-01,4.515144023955219876e-05,1.355156862892933634e-01,9.324887276719617812e-02,1.355156862892933634e-01
1.880666666666666487e+00,4.519595140630373506e-04,1.054498052013709136e-01,1.500327343747467346e-01,2.189943697072940462e-05,1.340851759854537750e-01,9.203574755372871674e-02,1.340851759854537750e-01
1.881333333333333524e+00,4.063399541518968971e-04,1.041723351663748770e-01,1.485471027049413417e-01,6.788890116915632937e-06,1.326610860003279990e-01,9.082974580398409103e-02,1.326610860003279990e-01
1.881999999999999895e+00,3.577190643823274264e-04,1.028981439267980802e-01,1.470626860423842608e-01,2.624506626366042248e-07,1.312434413209120077e-01,8.963088913392604218e-02,1.312434413209120077e-01
1.882666666666666488e+00,3.074268642016112808e-04,1.016287363023420931e-01,1.455805655830592626e-01,2.511305259013212139e-06,1.298322668211101538e-01,8.843919903145033845e-02,1.298322668211101538e-01
1.883333333333333526e+00,2.568291547960220057e-04,1.003664140903086643e-01,1.441030701083991783e-01,1.346957556884232690e-05,1.284275872613014347e-01,8.725469685600138747e-02,1.284275872613014347e-01
1.884000000000000119e+00,2.073222234050323934e-04,9.911371727924832287e-02,1.426332479550662391e-01,3.281624811800729931e-05,1.270294272879077258e-01,8.607740383819201258e-02,1.270294272879077258e-01
1.884666666666666712e+00,1.603179377195875974e-04,9.787277899104651624e-02,1.411741219028522787e-01,5.998457811999459866e-05,1.256378114329559648e-01,8.490734107941831643e-02,1.256378114329559648e-01
1.885333333333333083e+00,1.172112152854659406e-04,9.664475733181718264e-02,1.397279176228317654e-01,9.417869179610212544e-05,1.242527641136512984e-01,8.374452955148450894e-02,1.242527641136512984e-01
1.886000000000000121e+00,7.932821926124578016e-05,9.542948800183367886e-02,1.382954625792954251e-01,1.343969008402003465e-04,1.228743096319468153e-01,8.258899009622544529e-02,1.228743096319468153e-01
1.886666666666666714e+00,4.786085501313794657e-05,9.422544906135060794e-02,1.368759082973380059e-01,1.794610460498815543e-04,1.215024721741207597e-01,8.144074342513600573e-02,1.215024721741207597e-01
1.887333333333333307e+00,2.379876701301061881e-05,9.303005526426770533e-02,1.354668495827488217e-01,2.280510105269497570e-04,1.201372758103468608e-01,8.029981011899552101e-02,1.201372758103468608e-01
1.887999999999999901e+00,7.872182136053743591e-06,9.184021969401862107e-02,1.340648199848488431e-01,2.787433914110696502e-04,1.187787444942754872e-01,7.916621062750187066e-02,1.187787444942754872e-01
1.888666666666666716e+00,5.169425076287518260e-07,9.065305252579201889e-02,1.326660530448920960e-01,3.300531972904818768e-04,1.174269020626117210e-01,7.803996526890337460e-02,1.174269020626117210e-01
1.889333333333333309e+00,1.867620426675986185e-06,8.946652833406874838e-02,1.312673328506677173e-01,3.804773497982628884e-04,1.160817722347003422e-01,7.692109422963752663e-02,1.160817722347003422e-01
1.889999999999999902e+00,1.177747756274693401e-05,8.827995793355980503e-02,1.298667314544684759e-01,4.285387150513057732e-04,1.147433786121046656e-01,7.580961756396494000e-02,1.147433786121046656e-01
1.890666666666666940e+00,2.985742777555049207e-05,8.709414914376670258e-02,1.284640535943675221e-01,4.728293750667967080e-04,1.134117446781950783e-01,7.470555519361204988e-02,1.134117446781950783e-01
1.891333333333333311e+00,5.552204733976291620e-05,8.591121986165531355e-02,1.270608792258544339e-01,5.120518715561096388e-04,1.120868937977392427e-01,7.360892690741599464e-02,1.120868937977392427e-01
1.891999999999999904e+00,8.803021524319671568e-05,8.473411403920803886e-02,1.256601952839017100e-01,5.450572138934672243e-04,1.107688492164874278e-01,7.251975236096599997e-02,1.107688492164874278e-01
1.892666666666666497e+00,1.265112485200418891e-04,8.356594197010612513e-02,1.242657111137056569e-01,5.708785378468216910e-04,1.094576340607677362e-01,7.143805107625346429e-02,1.094576340607677362e-01
1.893333333333333535e+00,1.699734357288530033e-04,8.240930314063875384e-02,1.228810281114824932e-01,5.887594290666671839e-04,1.081532713370788878e-01,7.036384244132121157e-02,1.081532713370788878e-01
1.894000000000000128e+00,2.172988665455952812e-04,8.126574829080875084e-02,1.215088638789686426e-01,5.981760816193576078e-04,1.068557839316895547e-01,6.929714570991819811e-02,1.068557839316895547e-01
1.894666666666666499e+00,2.672342788075056570e-04,8.013549961051791293e-02,1.201505094261072909e-01,5.988526424491874686e-04,1.055651946102321714e-01,6.823798000115066653e-02,1.055651946102321714e-01
1.895333333333333092e+00,3.183904423901764047e-04,7.901748547819405222e-02,1.188056356487451753e-01,5.907692922656767156e-04,1.042815260173066000e-01,6.718636429914202901e-02,1.042815260173066000e-01
1.896000000000000130e+00,3.692613705766449052e-04,7.790967168929732733e-02,1.174724797836543544e-01,5.741628261333109806e-04,1.030048006760812263e-01,6.614231745269134877e-02,1.030048006760812263e-01
1.896666666666666723e+00,4.182696111760485485e-04,7.680960032683650796e-02,1.161483536126569766e-01,5.495197167558314938e-04,1.017350409879009543e-01,6.510585817493795557e-02,1.017350409879009543e-01
1.897333333333333316e+00,4.638364529416467226e-04,7.571499786314671299e-02,1.148303410831573168e-01,5.175618636602822209e-04,1.004722692318894134e-01,6.407700504302239752e-02,1.004722692318894134e-01
1.898000000000000131e+00,5.044683235107272085e-04,7.462429949487120462e-02,1.135160097259675510e-01,4.792254457468691641e-04,9.921650756456044939e-02,6.305577649775521987e-02,9.921650756456044939e-02
1.898666666666666725e+00,5.388452869048211170e-04,7.353696232914946895e-02,1.122039593939868907e-01,4.356334967017142044e-04,9.796777801943160058e-02,6.204219084328835288e-02,9.796777801943160058e-02
1.899333333333333318e+00,5.658960539972032787e-04,7.245349966029118738e-02,1.108940762381199208e-01,3.880630066528240854e-04,9.672610250663295217e-02,6.103626624678330087e-02,9.672610250663295217e-02
1.899999999999999911e+00,5.848467893787086432e-04,7.137524412340971736e-02,1.095874398124831589e-01,3.379075137995347401e-04,9.549150281252569150e-02,6.003802073808802570e-02,9.549150281252569150e-02
1.900666666666666726e+00,5.952373919883689355e-04,7.030391659044532560e-02,1.082859242005687339e-01,2.866362818623630375e-04,9.426400059931833164e-02,5.904747220941254648e-02,9.426400059931833164e-02
1.901333333333333320e+00,5.969069470036124847e-04,6.924112290188662311e-02,1.069916137482757185e-01,2.357512592164671386e-04,9.304361740468999886e-02,5.806463841501068035e-02,9.304361740468999886e-02
1.901999999999999913e+00,5.899573247429959521e-04,6.818791210906624545e-02,1.057061971636706343e-01,1.867430805548415625e-04,9.183037464140726691e-02,5.708953697085807771e-02,9.183037464140726691e-02
1.902666666666666506e+00,5.747083062625104157e-04,6.714450869907889752e-02,1.044305013337803872e-01,1.410473999767953841e-04,9.062429359695216291e-02,5.612218535433915328e-02,9.062429359695216291e-02
1.903333333333333544e+00,5.516578791497480034e-04,6.611028417356205888e-02,1.031642831997203053e-01,1.000028346873138097e-04,8.942539543314684258e-02,5.516260090393231702e-02,8.942539543314684258e-02
1.903999999999999915e+00,5.214574587381473137e-04,6.508397137303056912e-02,1.019063279683863482e-01,6.481175131221060591e-05,8.823370118578537091e-02,5.421080081890186642e-02,8.823370118578537091e-02
1.904666666666666508e+00,4.849050204891327360e-04,6.406406152666545284e-02,1.006548230047144832e-01,3.650504356116876818e-05,8.704923176425996556e-02,5.326680215898593057e-02,8.704923176425996556e-02
1.905333333333333545e+00,4.429516664511772527e-04,6.304927488223881216e-02,9.940790667633549182e-02,1.591193304841755473e-05,8.587200795119666330e-02,5.233062184409260909e-02,8.587200795119666330e-02
1.906000000000000139e+00,3.967114158760689374e-04,6.203897427023318673e-02,9.816424497546320793e-02,3.635677930733511438e-06,8.470205040209259628e-02,5.140227665399840773e-02,8.470205040209259628e-02
1.906666666666666732e+00,3.474618668665708479e-04,6.103340558685278056e-02,9.692347839070036830e-02,3.590095812369853252e-08,8.353937964494936863e-02,5.048178322804398876e-02,8.353937964494936863e-02
1.907333333333333103e+00,2.966254872356979279e-04,6.003369666818073741e-02,9.568641287437690268e-02,5.218054622569246792e-06,8.238401607991566178e-02,4.956915806483827569e-02,8.238401607991566178e-02
1.908000000000000140e+00,2.457269026805190761e-04,5.904161214873990954e-02,9.445489551019360663e-02,1.903033201440233220e-05,8.123597997892792466e-02,4.866441752196155879e-02,8.123597997892792466e-02
1.908666666666666734e+00,1.963287696595643068e-04,5.805912748015946284e-02,9.323140044933370119e-02,4.106811388025059410e-05,8.009529148535751708e-02,4.776757781567460975e-02,8.009529148535751708e-02
1.909333333333333327e+00,1.499552976179962843e-04,5.708793144446207279e-02,9.201842947437012532e-02,7.068582160978566372e-05,7.896197061365300973e-02,4.687865502062460443e-02,7.896197061365300973e-02
1.909999999999999920e+00,1.080162080636062921e-04,5.612898311945443280e-02,9.081788062624408797e-02,1.070158289276540881e-04,7.783603724899182397e-02,4.599766506955928203e-02,7.783603724899182397e-02
1.910666666666666735e+00,7.174383353997369121e-05,5.518223479590690650e-02,8.963054550130343523e-02,1.489938782883425410e-04,7.671751114692995643e-02,4.512462375304027162e-02,7.671751114692995643e-02
1.911333333333333329e+00,4.215232629318405348e-05,5.424659232320565988e-02,8.845586236232745592e-02,1.953902574214913339e-04,7.560641193305815688e-02,4.425954671916219885e-02,7.560641193305815688e-02
1.911999999999999922e+00,2.002179635508638709e-05,5.332012809059025887e-02,8.729198893626774480e-02,2.448458227369188943e-04,7.450275910265333201e-02,4.340244947326903080e-02,7.450275910265333201e-02
1.912666666666666515e+00,5.903510620258659596e-06,5.240050095361231675e-02,8.613618235921038924e-02,2.959118143129607506e-04,7.340657202033926132e-02,4.255334737767822034e-02,7.340657202033926132e-02
1.913333333333333330e+00,1.370382744821035197e-07,5.148548531073681572e-02,8.498540111146796194e-02,3.470922961213449096e-04,7.231786991974563372e-02,4.171225565140444097e-02,7.231786991974563372e-02
1.913999999999999924e+00,2.867971623311445951e-06,5.057348180971896201e-02,8.383698940473130468e-02,3.968879782369510350e-04,7.123667190317303777e-02,4.087918936988876872e-02,7.123667190317303777e-02
1.914666666666666517e+00,1.405628517019966662e-05,4.966388458422446583e-02,8.268928142201337206e-02,4.438401372975172470e-04,7.016299694125383013e-02,4.005416346472540079e-02,7.016299694125383013e-02
1.915333333333333554e+00,3.347014574322912026e-05,4.875721568138080553e-02,8.154197926270558006e-02,4.865733485991195870e-04,6.909686387262138629e-02,3.923719272339561831e-02,6.909686387262138629e-02
1.916000000000000147e+00,6.066664633797246009e-05,4.785499694773597684e-02,8.039621264803588352e-02,5.238357780263153043e-04,6.803829140358141903e-02,3.842829178900417780e-02,6.803829140358141903e-02
1.916666666666666519e+00,9.496741575232242160e-05,4.695939571433852683e-02,7.925426803808065246e-02,5.545358534983426280e-04,6.698729810777995231e-02,3.762747516001389847e-02,6.698729810777995231e-02
1.917333333333333112e+00,1.354411945335478326e-04,4.607273453474571012e-02,7.811905812516342640e-02,5.777742416711728482e-04,6.594390242587985784e-02,3.683475718998776433e-02,6.594390242587985784e-02
1.918000000000000149e+00,1.809057500283930747e-04,4.519698380706901192e-02,7.699346527690122122e-02,5.928701931647545982e-04,6.490812266523617036e-02,3.605015208733070714e-02,6.490812266523617036e-02
1.918666666666666742e+00,2.299576217230865139e-04,4.433335483358442214e-02,7.587971814576401075e-02,5.993814845535808122e-04,6.387997699957732867e-02,3.527367391503685029e-02,6.387997699957732867e-02
1.919333333333333336e+00,2.810312135675821846e-04,4.348208289816896110e-02,7.477894558482141296e-02,5.971173729365912043e-04,6.285948346868254488e-02,3.450533659043451828e-02,6.285948346868254488e-02
1.919999999999999707e+00,3.324808155024532876e-04,4.264244313635251471e-02,7.369100327996414013e-02,5.861441835928103651e-04,6.184665997806774312e-02,3.374515388493878887e-02,6.184665997806774312e-02
1.920666666666666744e+00,3.826727288472242441e-04,4.181298660463235450e-02,7.261460086872899289e-02,5.667833670370997804e-04,6.084152429867017986e-02,3.299313942380367737e-02,6.084152429867017986e-02
1.921333333333333337e+00,4.300718035938555983e-04,4.099193179339014753e-02,7.154768692862219226e-02,5.396020823929851499e-04,5.984409406653915658e-02,3.224930668587974031e-02,5.984409406653915658e-02
1.921999999999999931e+00,4.733082607929610950e-04,4.017761015971985095e-02,7.048799001849670454e-02,5.053965829346964691e-04,5.885438678252278427e-02,3.151366900336976390e-02,5.885438678252278427e-02
1.922666666666666746e+00,5.112161838599036398e-04,3.936885322160038614e-02,6.943357871570192408e-02,4.651688905054442483e-04,5.787241981196283858e-02,3.078623956159119018e-02,5.787241981196283858e-02
1.923333333333333339e+00,5.428428396775620505e-04,3.856522736579560962e-02,6.838330161218379721e-02,4.200974421155683576e-04,5.689821038439180773e-02,3.006703139874109670e-02,5.689821038439180773e-02
1.923999999999999932e+00,5.674356999811946750e-04,3.776706587747039046e-02,6.733700136591247443e-02,3.715025686038943373e-04,5.593177559322706771e-02,2.935605740565984043e-02,5.593177559322706771e-02
1.924666666666666526e+00,5.844193878414371103e-04,3.697530285195736732e-02,6.629545820976619208e-02,3.208078166368696655e-04,5.497313239547325231e-02,2.865333032560173770e-02,5.497313239547325231e-02
1.925333333333333563e+00,5.933762086529581438e-04,3.619116453430865077e-02,6.526009150376155254e-02,2.694982470851684203e-04,5.402229761142365166e-02,2.795886275400591772e-02,5.402229761142365166e-02
1.925999999999999934e+00,5.940410652635168265e-04,3.541580649544679577e-02,6.423251069985823347e-02,2.190769313926890088e-04,5.307928792436733545e-02,2.727266713827213376e-02,5.307928792436733545e-02
1.926666666666666528e+00,5.863153412384695690e-04,3.464999373920665121e-02,6.321404266835928265e-02,1.710209203403781255e-04,5.214411988029295231e-02,2.659475577753515549e-02,5.214411988029295231e-02
1.927333333333333121e+00,5.702967424284492064e-04,3.389390516517028218e-02,6.220536218664324962e-02,1.267379750641889260e-04,5.121680988760077269e-02,2.592514082244604806e-02,5.121680988760077269e-02
1.928000000000000158e+00,5.463155154202726680e-04,3.314710945127959801e-02,6.120631946483959945e-02,8.752532785575796350e-05,5.029737421681361453e-02,2.526383427495353107e-02,5.029737421681361453e-02
1.928666666666666751e+00,5.149639677221470001e-04,3.240871481512827557e-02,6.021600459106045411e-02,5.453168081439372896e-05,4.938582900029363926e-02,2.461084798809048610e-02,4.938582900029363926e-02
1.929333333333333123e+00,4.771068492844361079e-04,3.167764965526741194e-02,5.923302755865023084e-02,2.872355556808555744e-05,4.848219023195585869e-02,2.396619366575909044e-02,4.848219023195585869e-02
1.930000000000000160e+00,4.338646473240470179e-04,3.095299617446772497e-02,5.825593752646832102e-02,1.085697982112251310e-05,4.758647376698929565e-02,2.332988286252222349e-02,4.758647376698929565e-02
1.930666666666666753e+00,3.865687390182152784e-04,3.023428424842272005e-02,5.728366868970104220e-02,1.455340147200999130e-06,4.669869532158038572e-02,2.270192698339758980e-02,4.669869532158038572e-02
1.931333333333333346e+00,3.366945061953067119e-04,2.952166344922428284e-02,5.631589149896742280e-02,7.940498121480900519e-07,4.581887047263383944e-02,2.208233728365091922e-02,4.581887047263383944e-02
1.931999999999999940e+00,2.857838230448206764e-04,2.881590494248114850e-02,5.535317073356098294e-02,8.892480769916755618e-06,4.494701465750169239e-02,2.147112486859577979e-02,4.494701465750169239e-02
1.932666666666666755e+00,2.353702952560437264e-04,2.811823205620692101e-02,5.439688255791555460e-02,2.551339617720080818e-05,4.408314317371126584e-02,2.086830069339380700e-02,4.408314317371126584e-02
1.933333333333333348e+00,1.869187919594377282e-04,2.743002419520127952e-02,5.344890773890509372e-02,5.016990005068929306e-05,4.322727117869883812e-02,2.027387556285980760e-02,4.322727117869883812e-02
1.933999999999999941e+00,1.417858031482141523e-04,2.675247105381751977e-02,5.251117861418055921e-02,8.213970048264497288e-05,4.237941368954067228e-02,1.968786013126586076e-02,4.237941368954067228e-02
1.934666666666666535e+00,1.012005074572162151e-04,2.608626496244265125e-02,5.158519606003674624e-02,1.204862685854892829e-04,4.153958558269140594e-02,1.911026490215186543e-02,4.153958558269140594e-02
1.935333333333333350e+00,6.626016201250277112e-05,2.543140826740750843e-02,5.067163938258682776e-02,1.640862733317620642e-04,4.070780159372222595e-02,1.854110022813655612e-02,4.070780159372222595e-02
1.935999999999999943e+00,3.792947081021787441e-05,2.478718434509669111e-02,4.977016694584320694e-02,2.116624886082737892e-04,3.988407631706419876e-02,1.798037631073330991e-02,3.988407631706419876e-02
1.936666666666666536e+00,1.703325060924828984e-05,2.415230167294241462e-02,4.887945777292588417e-02,2.618212084999017235e-04,3.906842420574925534e-02,1.742810320016523196e-02,3.906842420574925534e-02
1.937333333333333574e+00,4.235196899025181860e-06,2.352517869394401065e-02,4.799748666162081262e-02,3.130930747527067566e-04,3.826085957115801794e-02,1.688429079518609030e-02,3.826085957115801794e-02
1.938000000000000167e+00,1.809748670753616288e-09,2.290430227485416859e-02,4.712197004599003730e-02,3.639761204097785694e-04,3.746139658277027745e-02,1.634894884290384598e-02,3.746139658277027745e-02
1.938666666666666538e+00,4.557526984200885337e-06,2.228857299126594388e-02,4.625087877916930768e-02,4.129797686923767914e-04,3.667004926791335440e-02,1.582208693860396795e-02,3.667004926791335440e-02
1.939333333333333131e+00,1.784243732735343131e-05,2.167755280497545359e-02,4.538289631620273656e-02,4.586684982149023511e-04,3.588683151151793316e-02,1.530371452557879874e-02,3.588683151151793316e-02
1.940000000000000169e+00,3.948569611814211190e-05,2.107155568455932465e-02,4.451771198281700981e-02,4.997038953977984369e-04,3.511175705587352841e-02,1.479384089495762097e-02,3.511175705587352841e-02
1.940666666666666762e+00,6.880520974006307515e-05,2.047156228743484199e-02,4.365607893459811512e-02,5.348838621873578530e-04,3.434483950038922512e-02,1.429247518554140062e-02,3.434483950038922512e-02
1.941333333333333355e+00,1.048380212959802124e-04,1.987898445017432722e-02,4.279962557846698351e-02,5.631778305250855453e-04,3.358609230135221196e-02,1.379962638363708104e-02,3.358609230135221196e-02
1.941999999999999726e+00,1.463980537620798879e-04,1.929534105201734934e-02,4.195047117626991146e-02,5.837569519873292987e-04,3.283552877169359369e-02,1.331530332289779586e-02,3.283552877169359369e-02
1.942666666666666764e+00,1.921509060427044671e-04,1.872192484023035494e-02,4.111074373768593138e-02,5.960183782150178149e-04,3.209316208075386340e-02,1.283951468416392495e-02,3.209316208075386340e-02
1.943333333333333357e+00,2.406914076720958866e-04,1.815953769363255754e-02,4.028211821252930536e-02,5.996029208581940290e-04,3.135900525405366929e-02,1.237226899530867973e-02,3.135900525405366929e-02
1.943999999999999950e+00,2.906097983258406508e-04,1.760835181066241345e-02,3.946548191187746607e-02,5.944055737019794759e-04,3.063307117306251701e-02,1.191357463108344908e-02,3.063307117306251701e-02
1.944666666666666544e+00,3.405365980261433698e-04,1.706792251527194243e-02,3.866079827235136684e-02,5.805785887368405257e-04,2.991537257497456706e-02,1.146343981296893411e-02,2.991537257497456706e-02
1.945333333333333359e+00,3.891631607277387227e-04,1.653734216357653081e-02,3.786719028510551061e-02,5.585270160623242823e-04,2.920592205248428302e-02,1.102187260902718485e-02,2.920592205248428302e-02
1.945999999999999952e+00,4.352424684918409343e-04,1.601549146349846506e-02,3.708321295485086239e-02,5.288968382791362638e-04,2.850473205356724923e-02,1.058888093375807450e-02,2.850473205356724923e-02
1.946666666666666545e+00,4.775806706148442190e-04,1.550132219497168604e-02,3.630724123994780173e-02,4.925560469625373796e-04,2.781181488125907680e-02,1.016447254795582907e-02,2.781181488125907680e-02
1.947333333333333583e+00,5.150324288833139658e-04,1.499409992872319589e-02,3.553787462777297651e-02,4.505692155663724259e-04,2.712718269344089467e-02,9.748655058570747378e-03,2.712718269344089467e-02
1.947999999999999954e+00,5.465115210769485839e-04,1.449354854122947983e-02,3.477425776059885759e-02,4.041663136234747576e-04,2.645084750262729004e-02,9.341435918573611635e-03,2.645084750262729004e-02
1.948666666666666547e+00,5.710228512856183004e-04,1.399986664961929729e-02,3.401624035688879943e-02,3.547066758043471504e-04,2.578282117575297211e-02,8.942822426820562845e-03,2.578282117575297211e-02
1.949333333333333140e+00,5.877146175364390086e-04,1.351362128702831601e-02,3.326434368732422014e-02,3.036391813312856237e-04,2.512311543396623589e-02,8.552821727923315756e-03,2.512311543396623589e-02
1.950000000000000178e+00,5.959421499078672822e-04,1.303555543094976100e-02,3.251955295716121158e-02,2.524598102586877980e-04,2.447174185242258909e-02,8.171440812120589828e-03,2.447174185242258909e-02
1.950666666666666771e+00,5.953300721642544244e-04,1.256636557648539709e-02,3.178300049172771979e-02,2.026678199735874723e-04,2.382871186008312520e-02,7.798686515153777261e-03,2.382871186008312520e-02
1.951333333333333142e+00,5.858184374661859917e-04,1.210650931898155092e-02,3.105563018814211027e-02,1.557218256891222945e-04,2.319403673951162675e-02,7.434565518142997008e-03,2.319403673951162675e-02
1.951999999999999735e+00,5.676816374696340472e-04,1.165609152258020517e-02,3.033793367204236022e-02,1.129970715172185956e-04,2.256772762667824672e-02,7.079084347468298302e-03,2.256772762667824672e-02
1.952666666666666773e+00,5.415152228561724351e-04,1.121485531743166356e-02,2.962982512907873581e-02,7.574514382861958790e-05,2.194979551076327653e-02,6.732249374652225088e-03,2.194979551076327653e-02
1.953333333333333366e+00,5.081934125573041739e-04,1.078227635640630587e-02,2.893068306358249561e-02,4.505730706440541617e-05,2.134025123396592408e-02,6.394066816246472655e-03,2.134025123396592408e-02
1.953999999999999959e+00,4.688067784053769906e-04,1.035773165517343310e-02,2.823954366996023896e-02,2.183253604574733798e-05,2.073910549131171427e-02,6.064542733719180054e-03,2.073910549131171427e-02
1.954666666666666774e+00,4.245934541826037090e-04,9.940694896339967446e-03,2.755539201777349942e-02,6.751181249416552915e-06,2.014636883046605834e-02,5.743683033346956568e-03,2.014636883046605834e-02
1.955333333333333368e+00,3.768771683133682513e-04,9.530903301284683257e-03,2.687747220136203069e-02,2.550385027357464814e-07,1.956205165155021700e-02,5.431493466109574460e-03,1.956205165155021700e-02
1.955999999999999961e+00,3.270215200349729681e-04,9.128449675917124639e-03,2.620553209696228555e-02,2.534406939810350605e-06,1.898616420695665996e-02,5.127979627585714691e-03,1.898616420695665996e-02
1.956666666666666554e+00,2.764034321852597916e-04,8.733774913695519990e-03,2.553993482712512558e-02,1.352251434567771484e-05,1.841871660117062534e-02,4.833146957853476193e-03,1.841871660117062534e-02
1.957333333333333369e+00,2.264016552179053934e-04,8.347564275896543484e-03,2.488160431284713175e-02,3.289747319317428060e-05,1.785971879059213702e-02,4.547000741392482823e-03,1.785971879059213702e-02
1.957999999999999963e+00,1.783908314410580427e-04,7.970576681865255281e-03,2.423181717287743037e-02,6.009171007202167330e-05,1.730918058336262944e-02,4.269546106989869153e-03,1.730918058336262944e-02
1.958666666666666556e+00,1.337297359406022074e-04,7.603452907616812563e-03,2.359189472029588064e-02,9.430859228297591159e-05,1.676711163919085770e-02,4.000788027647301029e-03,1.676711163919085770e-02
1.959333333333333149e+00,9.373456536534905380e-05,7.246552074175040097e-03,2.296287481050113613e-02,1.345457645344660025e-04,1.623352146918478206e-02,3.740731320492548476e-03,1.623352146918478206e-02
1.960000000000000187e+00,5.963382877279936747e-05,6.899857023435273379e-03,2.234524712759131809e-02,1.796245121126706563e-04,1.570841943568396931e-02,3.489380646692815877e-03,1.570841943568396931e-02
1.960666666666666558e+00,3.250858817303307251e-05,6.562971286509683942e-03,2.173881774326792693e-02,2.282242903549958947e-04,1.519181475209662943e-02,3.246740511371803105e-03,1.519181475209662943e-02
1.961333333333333151e+00,1.322803880950503565e-05,6.235207806419577371e-03,2.114273582620900677e-02,2.789214089149881959e-04,1.468371648273605369e-02,3.012815263528041687e-03,1.468371648273605369e-02
1.962000000000000188e+00,2.393574155446412406e-06,5.915747415220635498e-03,2.055567616463887040e-02,3.302307375945880423e-04,1.418413354266252931e-02,2.787609095957422484e-03,1.418413354266252931e-02
1.962666666666666782e+00,3.034859861804425527e-07,5.603828010239403877e-03,1.997613447832051817e-02,3.806492120060464470e-04,1.369307469752782322e-02,2.571126045178440817e-03,1.369307469752782322e-02
1.963333333333333375e+00,6.945650425749623629e-06,5.298917668283292630e-03,1.940276582773095213e-02,4.286998646013964417e-04,1.321054856341954270e-02,2.363369991359014991e-03,1.321054856341954270e-02
1.963999999999999746e+00,2.201851884814879653e-05,5.000829337428883484e-03,1.883468565181188256e-02,4.729750912162537790e-04,1.273656360671118412e-02,2.164344658247504584e-03,1.273656360671118412e-02
1.964666666666666783e+00,4.497368613752130920e-05,4.709750507661646622e-03,1.827166146777369632e-02,5.121778856707879558e-04,1.227112814391300051e-02,1.974053613105700676e-03,1.227112814391300051e-02
1.965333333333333377e+00,7.506838287241680201e-05,4.426183890432515249e-03,1.771415022129801259e-02,5.451598344939750365e-04,1.181425034152720766e-02,1.792500266645361212e-03,1.181425034152720766e-02
1.965999999999999970e+00,1.114148544610091507e-04,4.150818177036471116e-03,1.716317539579999274e-02,5.709547587474605133e-04,1.136593821590298897e-02,1.619687872966368760e-03,1.136593821590298897e-02
1.966666666666666563e+00,1.530160953098543420e-04,3.884364328373418693e-03,1.662007849956968764e-02,5.888070174391243656e-04,1.092619963309698038e-02,1.455619529498882684e-03,1.092619963309698038e-02
1.967333333333333378e+00,1.987830176785711559e-04,3.627398860898024303e-03,1.608620974900556305e-02,5.981936434016003456e-04,1.049504230873470577e-02,1.300298176947609205e-03,1.049504230873470577e-02
1.967999999999999972e+00,2.475351789046234367e-04,3.380250651611577204e-03,1.556263450012757010e-02,5.988396631833074139e-04,1.007247380787625567e-02,1.153726599239466742e-03,1.007247380787625567e-02
1.968666666666666565e+00,2.979935541115018858e-04,3.142954390533202452e-03,1.504992346050913581e-02,5.907261521685433590e-04,9.658501544881969297e-03,1.015907423473119339e-03,9.658501544881969297e-03
1.969333333333333602e+00,3.487775592085160664e-04,2.915276189890024343e-03,1.454807024272016316e-02,5.740907889584237391e-04,9.253132783283142190e-03,8.868431198721947505e-04,9.253132783283142190e-03
1.969999999999999973e+00,3.984183640616674698e-04,2.696799267129217775e-03,1.405654712652423116e-02,5.494208927727055975e-04,8.856374635655321972e-03,7.665360017412278836e-04,8.856374635655321972e-03
1.970666666666666567e+00,4.453963970631839029e-04,2.487043903715746747e-03,1.357447713244126775e-02,5.174391478358469345e-04,8.468234063492006622e-03,6.549882254237190905e-04,8.468234063492006622e-03
1.971333333333333160e+00,4.882039734595283059e-04,2.285589219602266256e-03,1.310087452107039883e-02,4.790824329398286592e-04,8.088717877083500055e-03,5.522017902638083793e-04,8.088717877083500055e-03
1.972000000000000197e+00,5.254262533656556657e-04,2.092166181416929560e-03,1.263489172687112805e-02,4.354743763540321251e-04,7.717832735396954261e-03,4.581785385703024535e-04,7.717832735396954261e-03
1.972666666666666790e+00,5.558276181750375832e-04,1.906701024416512010e-03,1.217601161798675079e-02,3.878924400636329733e-04,7.355585145960419520e-03,3.729201555838783009e-04,7.355585145960419520e-03
1.973333333333333162e+00,5.784279508832634691e-04,1.729303126324444355e-03,1.172414006918805901e-02,3.377304975761283106e-04,7.001981464747311819e-03,2.964281694465331954e-04,7.001981464747311819e-03
1.973999999999999755e+00,5.925550501802125591e-04,1.560206697983109641e-03,1.127958145560147181e-02,2.864580015487721925e-04,6.657027896065802544e-03,2.287039511744293901e-04,6.657027896065802544e-03
1.974666666666666792e+00,5.978650013451645897e-04,1.399687094422688138e-03,1.084291135985304862e-02,2.355769373871069645e-04,6.320730492449518761e-03,1.697487146332278670e-04,6.320730492449518761e-03
1.975333333333333385e+00,5.943301127584035360e-04,1.247977208886254154e-03,1.041478736700582504e-02,1.865778238236955131e-04,5.993095154552179581e-03,1.195635165164691020e-04,5.993095154552179581e-03
1.975999999999999979e+00,5.822017069172096297e-04,1.105206773106992123e-03,9.995752847538601910e-03,1.408960494032536243e-04,5.674127631042809317e-03,7.814925632641807178e-05,5.674127631042809317e-03
1.976666666666666794e+00,5.619603839467938663e-04,9.713789445566066048e-04,9.586086779325623738e-03,9.986982396137009631e-05,5.363833518505521647e-03,4.550667635807353943e-05,5.363833518505521647e-03
1.977333333333333387e+00,5.342678206605040161e-04,8.463870942064899254e-04,9.185737136972144806e-03,6.470097687317707697e-05,5.062218261341871160e-03,2.163636168589941504e-05,5.062218261341871160e-03
1.977999999999999980e+00,4.999313646397807263e-04,7.300632121770625742e-04,8.794351317563394582e-03,3.641975045470594426e-05,4.769287151674186757e-03,6.538740153218044106e-06,4.769287151674186757e-03
1.978666666666666574e+00,4.598865618002267899e-04,6.222408543714767022e-04,8.411391271716955192e-03,1.585461986561318172e-05,4.485045329253476917e-03,2.140823646271399328e-07,4.485045329253476917e-03
1.979333333333333389e+00,4.151952889297175382e-04,5.228122666102241268e-04,8.036299623825132396e-03,3.608023613901077475e-06,4.209497781368887540e-03,2.662501681130989816e-06,4.209497781368887540e-03
1.979999999999999982e+00,3.670507676938463229e-04,4.317622053635057459e-04,7.668670533634374363e-03,3.871561763463593616e-08,3.942649342760871228e-03,1.388395421809733692e-05,3.942649342760871228e-03
1.980666666666666575e+00,3.167774983946686001e-04,3.491692330032018332e-04,7.308378394523186612e-03,5.251255805298909142e-06,3.684504695535345369e-03,3.387823884605283621e-05,3.684504695535345369e-03
1.981333333333333169e+00,2.658151159982241846e-04,2.751761409109535015e-04,6.955629252086749544e-03,1.909294711912518227e-05,3.435068369082212164e-03,6.264499719428750384e-05,3.435068369082212164e-03
1.982000000000000206e+00,2.156799758949024383e-04,2.099409248589840062e-04,6.610921130728761655e-03,4.115830864923327522e-05,3.194344739995576537e-03,1.001837136573024560e-04,3.194344739995576537e-03
1.982666666666666577e+00,1.679052816766419306e-04,1.535852425317584848e-04,6.274924552346906360e-03,7.080095386178614702e-05,2.962338031997539291e-03,1.464937154039540757e-04,2.962338031997539291e-03
1.983333333333333171e+00,1.239674403882255077e-04,1.061569761790443281e-04,5.948316122085319652e-03,1.071525259584816354e-04,2.739052315863201113e-03,2.015741723896516716e-04,2.739052315863201113e-03
1.983999999999999764e+00,8.521086150647667716e-05,6.761808608690931816e-05,5.631609676020928566e-03,1.491481356714022429e-04,2.524491509349830777e-03,2.654240973711482522e-04,2.524491509349830777e-03
1.984666666666666801e+00,5.278424093650376149e-05,3.786054360831623899e-05,5.325028447780567713e-03,1.955575563142601322e-04,2.318659377127854811e-03,3.380423459243028068e-04,2.318659377127854811e-03
1.985333333333333394e+00,2.759835214853551325e-05,1.674447944184713862e-05,5.028449474885759996e-03,2.450212622565419471e-04,2.121559530715300124e-03,4.194276164644099498e-04,2.121559530715300124e-03
1.985999999999999766e+00,1.030954389766750731e-05,4.146138623206104314e-06,4.741432160920461270e-03,2.960902551036733127e-04,1.933195428413666487e-03,5.095784502697951962e-04,1.933195428413666487e-03
1.986666666666666803e+00,1.326338437915306448e-06,4.106867899442963400e-10,4.463322107263992429e-03,3.472685109076255826e-04,1.753570375247656601e-03,6.084932315078515072e-04,1.753570375247656601e-03
1.987333333333333396e+00,8.307704425868324552e-07,4.324308480649033589e-06,4.193403632418024260e-03,3.970568049522386141e-04,1.582687522907486998e-03,7.161701872637952051e-04,1.582687522907486998e-03
1.987999999999999989e+00,8.803087606542239768e-06,1.721346995210449663e-05,3.931063397427110584e-03,4.439966303026861251e-04,1.420549869692929335e-03,8.326073875728068211e-04,1.420549869692929335e-03
1.988666666666666583e+00,2.503903917768661637e-05,3.881207901174603273e-05,3.675925510236859300e-03,4.867129235608660064e-04,1.267160260461150509e-03,9.578027454543852886e-04,1.267160260461150509e-03
1.989333333333333398e+00,4.915305960300840306e-05,6.926511247541604723e-05,3.427926114893411601e-03,5.239543462115115856e-04,1.122521386576596494e-03,1.091754016949897984e-03,1.122521386576596494e-03
1.989999999999999991e+00,8.056702392840667660e-05,1.086677947334706914e-04,3.187311323940310737e-03,5.546299415499496115e-04,9.866357858641168661e-04,1.234458801162465489e-03,9.866357858641168661e-04
1.990666666666666584e+00,1.184909630043642930e-04,1.570285334225977067e-04,2.954562447597570540e-03,5.778410933574621138e-04,8.595058425639089334e-04,1.385914540300489921e-03,8.595058425639089334e-04
1.991333333333333178e+00,1.619070125423584619e-04,2.142578528324359701e-04,2.730271096571929967e-03,5.929078501208083236e-04,7.411337872900403915e-04,1.546118519723171806e-03,7.411337872900403915e-04
1.991999999999999993e+00,2.095692195085683846e-04,2.801880583838053940e-04,2.514998382778337298e-03,5.993888436499992135e-04,6.315216969911572947e-04,1.715067867989357930e-03,6.315216969911572947e-04
1.992666666666666586e+00,2.600289937381231866e-04,3.546189153504141303e-04,2.309153991995231605e-03,5.970942185947188769e-04,5.306714949143040124e-04,1.892759556908586455e-03,5.306714949143040124e-04
1.993333333333333179e+00,3.116896746275226587e-04,4.373763175913036329e-04,2.112922735052551095e-03,5.860911940999604525e-04,4.385849505707757395e-04,2.079190401595978552e-03,4.385849505707757395e-04
1.994000000000000217e+00,3.628857669797472024e-04,5.283662498723101829e-04,1.926251654932008934e-03,5.667020946766812995e-04,3.552636797052968515e-04,2.274357060529049509e-03,3.552636797052968515e-04
1.994666666666666810e+00,4.119753484637922437e-04,6.276068866987590759e-04,1.748894533280780398e-03,5.394949079716425963e-04,2.807091442677988507e-04,2.478256035607202378e-03,2.807091442677988507e-04
1.995333333333333181e+00,4.574301859695965367e-04,7.352276175696304981e-04,1.580496946930471346e-03,5.052666460385465356e-04,2.149226523874638343e-04,2.690883672215158787e-03,2.149226523874638343e-04
1.995999999999999774e+00,4.979084716082802370e-04,8.514336833263802529e-04,1.420696755767723949e-03,4.650199975285214827e-04,1.579053583499815923e-04,2.912236159287980280e-03,1.579053583499815923e-04
1.996666666666666812e+00,5.322996938695085832e-04,9.764460102979602473e-04,1.269213400260361686e-03,4.199339547545525371e-04,1.096582625772157750e-04,3.142309529379640198e-03,1.096582625772157750e-04
1.997333333333333405e+00,5.597385961575005895e-04,1.110434129623829452e-03,1.125904554273654589e-03,3.713292760859654451e-04,7.018221160976317288e-05,3.381099658733568818e-03,7.018221160976317288e-05
1.997999999999999998e+00,5.795932074079821654e-04,1.253462917570766222e-03,9.907790132274690419e-04,3.206297954231522671e-04,3.947789809192344909e-05,3.628602267357405181e-03,3.947789809192344909e-05
1.998666666666666369e+00,5.914381752441233691e-04,1.405470187136574709e-03,8.639673863252543291e-04,2.693207121600537778e-04,1.754586075966948263e-05,3.884812919099158834e-03,1.754586075966948263e-05
1.999333333333333407e+00,5.950272651987000569e-04,1.566283215040874125e-03,7.456636206452626472e-04,2.189050834950529182e-04,4.386484431157119756e-06,4.149727021727017510e-03,4.386484431157119756e-06
2.000000000000000000e+00,5.902771838400205180e-04,1.735670911386398346e-03,6.360573284233933923e-04,1.708597936124181169e-04,2.388998734656374373e-30,4.423339827011014448e-03,2.388998734656374373e-30
