t_over_Tpop,infidelity,infidelity_spectrally_calibrated,target_population_error,running_infidelity,phase_drift
0.000000000000000000e+00,-4.440892098500626162e-16,-4.440892098500626162e-16,2.255236814625770109e-33,-4.440892098500626162e-16,-0.000000000000000000e+00
2.000000000000000042e-03,6.880544800580423725e-09,6.206205549474930194e-09,3.114802757831167134e-07,6.880544800580423725e-09,-1.850999822493121173e-04
4.000000000000000083e-03,2.200911286553974833e-08,1.891170231527183887e-08,1.257470645404706790e-06,2.200911286553974833e-08,-3.701999644986242346e-04
6.000000000000000125e-03,3.462184949842850301e-08,2.615172811637478389e-08,2.840625948961439211e-06,3.462184949842850301e-08,-5.552999467479363249e-04
8.000000000000000167e-03,4.003009679287572453e-08,2.123674358589511257e-08,5.041462957539391554e-06,4.003009679287572453e-08,-7.403999289972484693e-04
1.000000000000000021e-02,4.572350842391159631e-08,8.858964228863897006e-09,7.855583483288674888e-06,4.572350842391159631e-08,-9.254999112465605053e-04
1.200000000000000025e-02,6.681187847412672909e-08,5.351858956004207357e-10,1.131425680078908258e-05,6.681187847412672909e-08,-1.110599893495872650e-03
1.400000000000000029e-02,1.155253002149692065e-07,4.107340911829737706e-09,1.539964274589441032e-05,1.155253002149692065e-07,-1.295699875745184686e-03
1.600000000000000033e-02,1.938873209761382554e-07,1.642206137741908378e-08,2.008335337736139384e-05,1.938873209761382554e-07,-1.480799857994496939e-03
1.799999999999999864e-02,2.963724430316005964e-07,2.599532766822676422e-08,2.536359041598306580e-05,2.963724430316005964e-07,-1.665899840243808975e-03
2.000000000000000042e-02,4.205830661518916713e-07,2.368888762926957270e-08,3.130756692225735230e-05,4.205830661518916713e-07,-1.850999822493121011e-03
2.199999999999999872e-02,5.762691248634155272e-07,1.173124264397529259e-08,3.786778127789613285e-05,5.762691248634155272e-07,-2.036099804742433263e-03
2.400000000000000050e-02,7.832699595589076580e-07,1.673391203382834647e-09,4.498818624661983512e-05,7.832699595589076580e-07,-2.221199786991745299e-03
2.599999999999999881e-02,1.060196313962258330e-06,3.082982091839880923e-09,5.264684767471074917e-05,1.060196313962258330e-06,-2.406299769241057335e-03
2.800000000000000058e-02,1.415321120856738446e-06,1.443176333992823857e-08,6.096908474813485246e-05,1.415321120856738446e-06,-2.591399751490369371e-03
2.999999999999999889e-02,1.848588916719684505e-06,2.510535368482891272e-08,6.991641202883265571e-05,1.848588916719684505e-06,-2.776499733739681841e-03
3.200000000000000067e-02,2.361699324104904463e-06,2.550788480437660155e-08,7.942045720426595123e-05,2.361699324104904463e-06,-2.961599715988993877e-03
3.400000000000000244e-02,2.966495754597175960e-06,1.546836980725885269e-08,8.940913203996786462e-05,2.966495754597175960e-06,-3.146699698238305913e-03
3.599999999999999728e-02,3.684923643554327555e-06,4.192678204617550364e-09,1.000220701690614916e-04,3.684923643554327555e-06,-3.331799680487617949e-03
3.799999999999999906e-02,4.541051249584704408e-06,2.284870737057076440e-09,1.112205358104901426e-04,4.541051249584704408e-06,-3.516899662736929985e-03
4.000000000000000083e-02,5.551337361242580926e-06,1.204665478482525032e-08,1.229439295613431876e-04,5.551337361242580926e-06,-3.701999644986242021e-03
4.200000000000000261e-02,6.721719774782641821e-06,2.458942904848271382e-08,1.351164602684008786e-04,6.721719774782641821e-06,-3.887099627235554491e-03
4.399999999999999745e-02,8.055674133866652653e-06,2.787712682916776430e-08,1.479129602881060213e-04,8.055674133866652653e-06,-4.072199609484866527e-03
4.599999999999999922e-02,9.566290120721632206e-06,1.879563982232212993e-08,1.612907706099314664e-04,9.566290120721632206e-06,-4.257299591734178129e-03
4.800000000000000100e-02,1.127957148383540442e-05,6.498366955653978039e-09,1.751333090868820164e-04,1.127957148383540442e-05,-4.442399573983490599e-03
5.000000000000000278e-02,1.322493576738636989e-05,2.948103539068824830e-09,1.893202196965489137e-04,1.322493576738636989e-05,-4.627499556232803068e-03
5.199999999999999761e-02,1.542350878025455785e-05,1.119328962850829612e-08,2.040627270003259053e-04,1.542350878025455785e-05,-4.812599538482114671e-03
5.399999999999999939e-02,1.788612165254388486e-05,2.334372817269780853e-08,2.194020138283070409e-04,1.788612165254388486e-05,-4.997699520731427140e-03
5.600000000000000117e-02,2.062135185210145494e-05,2.865620452041639510e-08,2.352147999974893433e-04,2.062135185210145494e-05,-5.182799502980738743e-03
5.800000000000000294e-02,2.364465809900906379e-05,2.272176369277900676e-08,2.513280563371314558e-04,2.364465809900906379e-05,-5.367899485230051213e-03
5.999999999999999778e-02,2.698181722160519769e-05,1.088661272241608913e-08,2.678927007561116014e-04,2.698181722160519769e-05,-5.552999467479363682e-03
6.199999999999999956e-02,3.066473083945808753e-05,4.037860046324226460e-09,2.849868381918918558e-04,3.066473083945808753e-05,-5.738099449728675285e-03
6.400000000000000133e-02,3.472204297405578899e-05,9.281151402973364384e-09,3.024843433639262669e-04,3.472204297405578899e-05,-5.923199431977987754e-03
6.600000000000000311e-02,3.917152354193653707e-05,2.238881269267523066e-08,3.202470264650619791e-04,3.917152354193653707e-05,-6.108299414227299357e-03
6.800000000000000488e-02,4.402315158158476294e-05,3.084689770282977861e-08,3.384217904647546238e-04,4.402315158158476294e-05,-6.293399396476611826e-03
7.000000000000000666e-02,4.929170225898005242e-05,2.638992868675416048e-08,3.571417104802840359e-04,4.929170225898005242e-05,-6.478499378725923429e-03
7.199999999999999456e-02,5.500558993831727861e-05,1.391435966446863404e-08,3.761952297194059991e-04,5.500558993831727861e-05,-6.663599360975235898e-03
7.399999999999999634e-02,6.120131194553568577e-05,6.035081101529726766e-09,3.953935949475989586e-04,6.120131194553568577e-05,-6.848699343224548368e-03
7.599999999999999811e-02,6.791039427866962797e-05,1.001770622011122214e-08,4.148458215125563897e-04,6.791039427866962797e-05,-7.033799325473859970e-03
7.799999999999999989e-02,7.515332980878586255e-05,2.163560142154352661e-08,4.348328772276199850e-04,7.515332980878586255e-05,-7.218899307723172440e-03
8.000000000000000167e-02,8.294496921990024418e-05,3.059698894247731005e-08,4.551702331200210838e-04,8.294496921990024418e-05,-7.403999289972484042e-03
8.200000000000000344e-02,9.130342516117107010e-05,2.956034328427392666e-08,4.756498647487811260e-04,9.130342516117107010e-05,-7.589099272221796512e-03
8.400000000000000522e-02,1.002554765754393173e-04,1.954022621486473099e-08,4.962440329703138309e-04,1.002554765754393173e-04,-7.774199254471108982e-03
8.599999999999999312e-02,1.098361329602282055e-04,9.404895084941244932e-09,5.172615473463676450e-04,1.098361329602282055e-04,-7.959299236720420584e-03
8.799999999999999489e-02,1.200818891216037798e-04,9.194089267694494083e-09,5.385183691878486778e-04,1.200818891216037798e-04,-8.144399218969733054e-03
8.999999999999999667e-02,1.310207486705516899e-04,2.027795387160580276e-08,5.598682701201673773e-04,1.310207486705516899e-04,-8.329499201219045523e-03
9.199999999999999845e-02,1.426692863402134748e-04,3.239190826676008328e-08,5.812693324854789623e-04,1.426692863402134748e-04,-8.514599183468356258e-03
9.400000000000000022e-02,1.550426811663951909e-04,3.353044764065060690e-08,6.031027595249233153e-04,1.550426811663951909e-04,-8.699699165717668728e-03
9.600000000000000200e-02,1.681677964522343416e-04,2.306945445784691628e-08,6.251319980862396486e-04,1.681677964522343416e-04,-8.884799147966981198e-03
9.800000000000000377e-02,1.820833983736669381e-04,1.219853218437094711e-08,6.471276522449082025e-04,1.820833983736669381e-04,-9.069899130216293667e-03
1.000000000000000056e-01,1.968276482966491159e-04,1.147188344319260977e-08,6.689610266521761606e-04,1.968276482966491159e-04,-9.254999112465606137e-03
1.019999999999999934e-01,2.124282760200824072e-04,2.082930372626634608e-08,6.911289570447898267e-04,2.124282760200824072e-04,-9.440099094714916872e-03
1.039999999999999952e-01,2.289047205614735958e-04,3.169424256377340043e-08,7.135192580596111389e-04,2.289047205614735958e-04,-9.625199076964229342e-03
1.059999999999999970e-01,2.462763067856421628e-04,3.531026770975387308e-08,7.359037658296180284e-04,2.462763067856421628e-04,-9.810299059213541811e-03
1.079999999999999988e-01,2.645683338919901928e-04,2.889969352715127116e-08,7.580210599779785285e-04,2.645683338919901928e-04,-9.995399041462854281e-03
1.100000000000000006e-01,2.838143128329750908e-04,1.779311420424534163e-08,7.802947434698559448e-04,2.838143128329750908e-04,-1.018049902371216675e-02
1.120000000000000023e-01,3.040529856292994992e-04,1.246494862883196220e-08,8.026569388257659421e-04,3.040529856292994992e-04,-1.036559900596147749e-02
1.140000000000000041e-01,3.253189526564170819e-04,1.937216642655670285e-08,8.249136397140421906e-04,3.253189526564170819e-04,-1.055069898821078996e-02
1.160000000000000059e-01,3.476344838291289818e-04,3.280865956689638097e-08,8.468473029002165919e-04,3.476344838291289818e-04,-1.073579897046010243e-02
1.179999999999999938e-01,3.710142984184594539e-04,3.945191884291432416e-08,8.689007947953186761e-04,3.710142984184594539e-04,-1.092089895270941489e-02
1.199999999999999956e-01,3.954802206649343788e-04,3.294068329218191593e-08,8.910540367294550457e-04,3.954802206649343788e-04,-1.110599893495872736e-02
1.219999999999999973e-01,4.210679524785376771e-04,2.093676731984572825e-08,9.129747966251933189e-04,4.210679524785376771e-04,-1.129109891720803810e-02
1.239999999999999991e-01,4.478175212894175417e-04,1.579471320400926970e-08,9.343592268843126103e-04,4.478175212894175417e-04,-1.147619889945735057e-02
1.260000000000000009e-01,4.757605506149342744e-04,2.166637302902785223e-08,9.556406929648597615e-04,4.757605506149342744e-04,-1.166129888170666304e-02
1.280000000000000027e-01,5.049185594838689894e-04,3.260667957860619026e-08,9.770347423619374361e-04,5.049185594838689894e-04,-1.184639886395597551e-02
1.300000000000000044e-01,5.353100407038402508e-04,3.978900608991864374e-08,9.982338083854291888e-04,5.353100407038402508e-04,-1.203149884620528798e-02
1.320000000000000062e-01,5.669566188004626639e-04,3.784048152599694959e-08,1.018876568835813679e-03,5.669566188004626639e-04,-1.221659882845459871e-02
1.340000000000000080e-01,5.998864313573326612e-04,2.812419586106784664e-08,1.039192399258925814e-03,5.998864313573326612e-04,-1.240169881070391118e-02
1.360000000000000098e-01,6.341346497075184274e-04,1.918421232982581159e-08,1.059463161044188473e-03,6.341346497075184274e-04,-1.258679879295322365e-02
1.380000000000000115e-01,6.697372214735652918e-04,2.073638805111244210e-08,1.079378138070047344e-03,6.697372214735652918e-04,-1.277189877520253612e-02
1.400000000000000133e-01,7.067198719816758512e-04,3.285023963961464233e-08,1.098686059988474018e-03,7.067198719816758512e-04,-1.295699875745184686e-02
1.419999999999999873e-01,7.450962045139064571e-04,4.377838536129274871e-08,1.117586185578778313e-03,7.450962045139064571e-04,-1.314209873970115933e-02
1.439999999999999891e-01,7.848805238234168868e-04,4.249351781560051222e-08,1.136483988788156152e-03,7.848805238234168868e-04,-1.332719872195047180e-02
1.459999999999999909e-01,8.261003481975226492e-04,3.145854998720665208e-08,1.154934866148288330e-03,8.261003481975226492e-04,-1.351229870419978427e-02
1.479999999999999927e-01,8.687922175661944024e-04,2.287699552017130600e-08,1.172590093220127194e-03,8.687922175661944024e-04,-1.369739868644909674e-02
1.499999999999999944e-01,9.129876987774565578e-04,2.464992554518374845e-08,1.189525334576474469e-03,9.129876987774565578e-04,-1.388249866869840747e-02
1.519999999999999962e-01,9.587074490133851157e-04,3.408282600592116296e-08,1.206388564170157718e-03,9.587074490133851157e-04,-1.406759865094771994e-02
1.539999999999999980e-01,1.005966605551300574e-03,4.327024671901824604e-08,1.222851888299097967e-03,1.005966605551300574e-03,-1.425269863319703241e-02
1.559999999999999998e-01,1.054781039020458167e-03,4.561310451567379687e-08,1.238573248129509752e-03,1.054781039020458167e-03,-1.443779861544634488e-02
1.580000000000000016e-01,1.105170654825737842e-03,3.910727264244684420e-08,1.253386355880264924e-03,1.105170654825737842e-03,-1.462289859769565735e-02
1.600000000000000033e-01,1.157162024586266824e-03,2.880446881015075178e-08,1.267916456422962801e-03,1.157162024586266824e-03,-1.480799857994496808e-02
1.620000000000000051e-01,1.210786459048374120e-03,2.509413266071902626e-08,1.281856590488378300e-03,1.210786459048374120e-03,-1.499309856219428055e-02
1.640000000000000069e-01,1.266069507117939530e-03,3.355108824099062304e-08,1.294962601765953236e-03,1.266069507117939530e-03,-1.517819854444359302e-02
1.660000000000000087e-01,1.323022838382592603e-03,4.662231922747395174e-08,1.307079813821165892e-03,1.323022838382592603e-03,-1.536329852669290549e-02
1.680000000000000104e-01,1.381651999134314579e-03,5.086229815098874951e-08,1.318924690941469802e-03,1.381651999134314579e-03,-1.554839850894221796e-02
1.700000000000000122e-01,1.441972207882113999e-03,4.278902165921749656e-08,1.330173869984685453e-03,1.441972207882113999e-03,-1.573349849119153043e-02
1.719999999999999862e-01,1.504011132930305195e-03,3.228589262604941723e-08,1.340421356934351493e-03,1.504011132930305195e-03,-1.591859847344084117e-02
1.739999999999999880e-01,1.567796043876468204e-03,2.998062575976234712e-08,1.349364512744533062e-03,1.567796043876468204e-03,-1.610369845569015190e-02
1.759999999999999898e-01,1.633343758021488235e-03,3.676842619260156653e-08,1.357814834594073261e-03,1.633343758021488235e-03,-1.628879843793946611e-02
1.779999999999999916e-01,1.700663417263936772e-03,4.633186911906506111e-08,1.365720968987016448e-03,1.700663417263936772e-03,-1.647389842018877684e-02
1.799999999999999933e-01,1.769763064371709937e-03,5.196503183313438967e-08,1.372706821352265294e-03,1.769763064371709937e-03,-1.665899840243809105e-02
1.819999999999999951e-01,1.840652495586847515e-03,4.955531762718123900e-08,1.378321247389679982e-03,1.840652495586847515e-03,-1.684409838468740178e-02
1.839999999999999969e-01,1.913346149589711942e-03,4.026314792682228472e-08,1.383172170416502311e-03,1.913346149589711942e-03,-1.702919836693671252e-02
1.859999999999999987e-01,1.987865102646368953e-03,3.260939318572297907e-08,1.387288847762457866e-03,1.987865102646368953e-03,-1.721429834918602672e-02
1.880000000000000004e-01,2.064230068834271847e-03,3.595993580685075131e-08,1.390315649168472056e-03,2.064230068834271847e-03,-1.739939833143533746e-02
1.900000000000000022e-01,2.142449436647320127e-03,4.856963353727650201e-08,1.391918635861633113e-03,2.142449436647320127e-03,-1.758449831368465166e-02
1.920000000000000040e-01,2.222519884441331861e-03,5.751888398908278077e-08,1.392701307530441746e-03,2.222519884441331861e-03,-1.776959829593396240e-02
1.940000000000000058e-01,2.304441873279383657e-03,5.390881974154382306e-08,1.392830649118992348e-03,2.304441873279383657e-03,-1.795469827818327313e-02
1.960000000000000075e-01,2.388229465347002645e-03,4.332546899021849640e-08,1.391741871766327687e-03,2.388229465347002645e-03,-1.813979826043258733e-02
1.980000000000000093e-01,2.473901431162328635e-03,3.755105215663689933e-08,1.388972796485421490e-03,2.473901431162328635e-03,-1.832489824268189807e-02
2.000000000000000111e-01,2.561468049524395774e-03,4.107410078724171854e-08,1.385020560390526345e-03,2.561468049524395774e-03,-1.850999822493121227e-02
2.020000000000000129e-01,2.650930192861444823e-03,4.964450583955226648e-08,1.380414591684309134e-03,2.650930192861444823e-03,-1.869509820718052301e-02
2.039999999999999869e-01,2.742286096799606554e-03,5.711510964179211669e-08,1.374677132459201090e-03,2.742286096799606554e-03,-1.888019818942983374e-02
2.059999999999999887e-01,2.835534316934396060e-03,5.865048180453413806e-08,1.367327787704597508e-03,2.835534316934396060e-03,-1.906529817167914795e-02
2.079999999999999905e-01,2.930675402385674033e-03,5.224478605292404154e-08,1.358533940258477291e-03,2.930675402385674033e-03,-1.925039815392845868e-02
2.099999999999999922e-01,3.027716042564798649e-03,4.280996690475546984e-08,1.348878527278885020e-03,3.027716042564798649e-03,-1.943549813617777289e-02
2.119999999999999940e-01,3.126667211077682751e-03,4.084814198002106878e-08,1.337869285876092107e-03,3.126667211077682751e-03,-1.962059811842708362e-02
2.139999999999999958e-01,3.227531953221451921e-03,5.053711604752209041e-08,1.325188253853193387e-03,3.227531953221451921e-03,-1.980569810067639436e-02
2.159999999999999976e-01,3.330298710072066015e-03,6.238673455616350338e-08,1.310973946618054775e-03,3.330298710072066015e-03,-1.999079808292570856e-02
2.179999999999999993e-01,3.434952721388051522e-03,6.391396978333574452e-08,1.295993768207881480e-03,3.434952721388051522e-03,-2.017589806517501930e-02
2.200000000000000011e-01,3.541491091062054508e-03,5.512581224831336613e-08,1.279628259905407628e-03,3.541491091062054508e-03,-2.036099804742433350e-02
2.220000000000000029e-01,3.649920302852827092e-03,4.698119437929193509e-08,1.261397136773589889e-03,3.649920302852827092e-03,-2.054609802967364424e-02
2.240000000000000047e-01,3.760241874328440481e-03,4.712242385185305693e-08,1.241226895637270733e-03,3.760241874328440481e-03,-2.073119801192295497e-02
2.260000000000000064e-01,3.872446932317252788e-03,5.376916856203450834e-08,1.220145208145562155e-03,3.872446932317252788e-03,-2.091629799417226918e-02
2.280000000000000082e-01,3.986522342807274910e-03,6.160073329208870518e-08,1.197775681478108201e-03,3.986522342807274910e-03,-2.110139797642157991e-02
2.300000000000000100e-01,4.102454780625652830e-03,6.608579528055713581e-08,1.173684079735670682e-03,4.102454780625652830e-03,-2.128649795867089412e-02
2.320000000000000118e-01,4.220230782999601082e-03,6.350525894038838715e-08,1.147516625439992666e-03,4.220230782999601082e-03,-2.147159794092020485e-02
2.340000000000000135e-01,4.339840655774196421e-03,5.468177632916848552e-08,1.120176893814495145e-03,4.339840655774196421e-03,-2.165669792316951558e-02
2.359999999999999876e-01,4.461281509220871300e-03,4.847418055842211970e-08,1.091333348481604570e-03,4.461281509220871300e-03,-2.184179790541882979e-02
2.379999999999999893e-01,4.584548414786504544e-03,5.352903920119445047e-08,1.060637104227990513e-03,4.584548414786504544e-03,-2.202689788766814052e-02
2.399999999999999911e-01,4.709622431544713272e-03,6.585838585593251082e-08,1.027805600666675812e-03,4.709622431544713272e-03,-2.221199786991745473e-02
2.419999999999999929e-01,4.836475024328268368e-03,7.217249597957220431e-08,9.938291784877262280e-04,4.836475024328268368e-03,-2.239709785216676546e-02
2.439999999999999947e-01,4.965085002111901957e-03,6.675571251335554734e-08,9.584523267973654725e-04,4.965085002111901957e-03,-2.258219783441607620e-02
2.459999999999999964e-01,5.095443642314845256e-03,5.767967670156082249e-08,9.210827775215646440e-04,5.095443642314845256e-03,-2.276729781666539040e-02
2.479999999999999982e-01,5.227542047315125728e-03,5.476368902801453942e-08,8.812422584235646283e-04,5.227542047315125728e-03,-2.295239779891470114e-02
2.500000000000000000e-01,5.361361167035894049e-03,5.901986255274493942e-08,8.399233174246067968e-04,5.361361167035894049e-03,-2.313749778116401534e-02
2.520000000000000018e-01,5.496875806527357078e-03,6.605541291726524378e-08,7.972870607220183814e-04,5.496875806527357078e-03,-2.332259776341332608e-02
2.540000000000000036e-01,5.634060513934113779e-03,7.205206276061915105e-08,7.528141850775549315e-04,5.634060513934113779e-03,-2.350769774566263681e-02
2.560000000000000053e-01,5.772888886660498819e-03,7.315955685704977896e-08,7.059233542088261260e-04,5.772888886660498819e-03,-2.369279772791195102e-02
2.580000000000000071e-01,5.913335202983538430e-03,6.691297937955198449e-08,6.572672214920638467e-04,5.913335202983538430e-03,-2.387789771016126175e-02
2.600000000000000089e-01,6.055380363660045617e-03,5.847659223512380322e-08,6.071034473276171184e-04,6.055380363660045617e-03,-2.406299769241057596e-02
2.620000000000000107e-01,6.199008789870230629e-03,5.835293803713170746e-08,5.548919648774575109e-04,6.199008789870230629e-03,-2.424809767465988669e-02
2.640000000000000124e-01,6.344194791438217962e-03,6.869350521743200488e-08,5.002365036326228420e-04,6.344194791438217962e-03,-2.443319765690919743e-02
2.660000000000000142e-01,6.490898942134615268e-03,7.844374194654335497e-08,4.437664446875766444e-04,6.490898942134615268e-03,-2.461829763915851163e-02
2.680000000000000160e-01,6.639082778572058530e-03,7.735270457498444330e-08,3.859783683841655488e-04,6.639082778572058530e-03,-2.480339762140782237e-02
2.700000000000000178e-01,6.788720836446437978e-03,6.891934856145809363e-08,3.260941838277853222e-04,6.788720836446437978e-03,-2.498849760365713657e-02
2.720000000000000195e-01,6.939792771985864306e-03,6.363352211824491178e-08,2.635433580907564632e-04,6.939792771985864306e-03,-2.517359758590644730e-02
2.740000000000000213e-01,7.092269976631149220e-03,6.541843577956285571e-08,1.987308508922813743e-04,7.092269976631149220e-03,-2.535869756815575804e-02
2.760000000000000231e-01,7.246115772349015494e-03,7.099072651950422141e-08,1.325785914619848072e-04,7.246115772349015494e-03,-2.554379755040507224e-02
2.780000000000000249e-01,7.401292871758613501e-03,7.708501736924944225e-08,6.448789363355800219e-05,7.401292871758613501e-03,-2.572889753265438298e-02
2.800000000000000266e-01,7.557763672439321567e-03,8.084957803244918750e-08,6.068633296885117545e-06,7.557763672439321567e-03,-2.591399751490369371e-02
2.819999999999999729e-01,7.715488810256299068e-03,7.821929304263619542e-08,7.908620706420510515e-05,7.715488810256299068e-03,-2.609909749715300792e-02
2.839999999999999747e-01,7.874433056861307456e-03,6.993416701295274152e-08,1.536487434081745818e-04,7.874433056861307456e-03,-2.628419747940231865e-02
2.859999999999999765e-01,8.034568260192220812e-03,6.537152552610336897e-08,2.303765863407303272e-04,8.034568260192220812e-03,-2.646929746165163286e-02
2.879999999999999782e-01,8.195862196843761716e-03,7.181079175744287113e-08,3.096295176691077344e-04,8.195862196843761716e-03,-2.665439744390094359e-02
2.899999999999999800e-01,8.358268150211900505e-03,8.292299391587931723e-08,3.913995095674582814e-04,8.358268150211900505e-03,-2.683949742615025433e-02
2.919999999999999818e-01,8.521733676698173277e-03,8.625596314981720525e-08,4.745530052391311315e-04,8.521733676698173277e-03,-2.702459740839956853e-02
2.939999999999999836e-01,8.686216902070387214e-03,7.992167772030711603e-08,5.597654990390221741e-04,8.686216902070387214e-03,-2.720969739064887927e-02
2.959999999999999853e-01,8.851685728498925876e-03,7.322637585183144893e-08,6.476330921598716373e-04,8.851685728498925876e-03,-2.739479737289819347e-02
2.979999999999999871e-01,9.018103447131164963e-03,7.273351720904486228e-08,7.384297394483763100e-04,9.018103447131164963e-03,-2.757989735514750421e-02
2.999999999999999889e-01,9.185423905245237997e-03,7.664693513209641651e-08,8.308294789641790246e-04,9.185423905245237997e-03,-2.776499733739681494e-02
3.019999999999999907e-01,9.353599134713230789e-03,8.182912381027307447e-08,9.251250389470389024e-04,9.353599134713230789e-03,-2.795009731964612915e-02
3.039999999999999925e-01,9.522582348560515442e-03,8.675025642279621252e-08,1.021824872608600998e-03,9.522582348560515442e-03,-2.813519730189543988e-02
3.059999999999999942e-01,9.692324247958405969e-03,8.765288150858197014e-08,1.121447932530328373e-03,9.692324247958405969e-03,-2.832029728414475409e-02
3.079999999999999960e-01,9.862776083090718515e-03,8.158308417716142458e-08,1.222920115339976022e-03,9.862776083090718515e-03,-2.850539726639406482e-02
3.099999999999999978e-01,1.003389679620059205e-02,7.436516380465718612e-08,1.326464876161059792e-03,1.003389679620059205e-02,-2.869049724864337556e-02
3.119999999999999996e-01,1.020564759381159536e-02,7.602328866429530763e-08,1.432561911203888982e-03,1.020564759381159536e-02,-2.887559723089268976e-02
3.140000000000000013e-01,1.037797802796347479e-02,8.618310765040604338e-08,1.541587659113496933e-03,1.037797802796347479e-02,-2.906069721314200049e-02
3.160000000000000031e-01,1.055082669316320665e-02,9.311765336583732733e-08,1.652404806658847036e-03,1.055082669316320665e-02,-2.924579719539131470e-02
3.180000000000000049e-01,1.072413778936853745e-02,8.994936351314208878e-08,1.765034109427410236e-03,1.072413778936853745e-02,-2.943089717764062543e-02
3.200000000000000067e-01,1.089786807568893234e-02,8.296684983477575770e-08,1.880255791824381184e-03,1.089786807568893234e-02,-2.961599715988993617e-02
3.220000000000000084e-01,1.107197471711540704e-02,8.056920541843481942e-08,1.998675585052511749e-03,1.107197471711540704e-02,-2.980109714213925037e-02
3.240000000000000102e-01,1.124640536015097947e-02,8.294806053132930401e-08,2.119292635652247903e-03,1.124640536015097947e-02,-2.998619712438856111e-02
3.260000000000000120e-01,1.142110370587179347e-02,8.679750351792137053e-08,2.241609108137754269e-03,1.142110370587179347e-02,-3.017129710663787531e-02
3.280000000000000138e-01,1.159601595437942390e-02,9.142201096157265283e-08,2.366274328440054475e-03,1.159601595437942390e-02,-3.035639708888718605e-02
3.300000000000000155e-01,1.177108705523155496e-02,9.480136742290312668e-08,2.493912723804503351e-03,1.177108705523155496e-02,-3.054149707113649678e-02
3.320000000000000173e-01,1.194625939041549234e-02,9.213292051502008917e-08,2.623965727865829045e-03,1.194625939041549234e-02,-3.072659705338581099e-02
3.340000000000000191e-01,1.212148082666386628e-02,8.455287603403860430e-08,2.755853787033246682e-03,1.212148082666386628e-02,-3.091169703563512172e-02
3.360000000000000209e-01,1.229670620334455400e-02,8.178778487799576169e-08,2.890294342620003398e-03,1.229670620334455400e-02,-3.109679701788443593e-02
3.380000000000000226e-01,1.247188428893064582e-02,8.901213477408020935e-08,3.027694108859502187e-03,1.247188428893064582e-02,-3.128189700013374319e-02
3.400000000000000244e-01,1.264695057825382385e-02,9.796291799979428561e-08,3.167520732231920988e-03,1.264695057825382385e-02,-3.146699698238306087e-02
3.420000000000000262e-01,1.282183990095475679e-02,9.840350601031389033e-08,3.308873965083169999e-03,1.282183990095475679e-02,-3.165209696463237160e-02
3.439999999999999725e-01,1.299649966492288922e-02,9.227044273085738268e-08,3.452675558364926012e-03,1.299649966492288922e-02,-3.183719694688168234e-02
3.459999999999999742e-01,1.317088310432501519e-02,8.846418309005343872e-08,3.599556836095030299e-03,1.317088310432501519e-02,-3.202229692913099307e-02
3.479999999999999760e-01,1.334493573762629559e-02,8.955940211663460104e-08,3.749316649581890815e-03,1.334493573762629559e-02,-3.220739691138030381e-02
3.499999999999999778e-01,1.351859660356347081e-02,9.220186580893852124e-08,3.900653107147933341e-03,1.351859660356347081e-02,-3.239249689362962148e-02
3.519999999999999796e-01,1.369180737178266050e-02,9.556246738373630478e-08,4.054197043730001226e-03,1.369180737178266050e-02,-3.257759687587893221e-02
3.539999999999999813e-01,1.386451118188158915e-02,9.982178839074151711e-08,4.210475590167628290e-03,1.386451118188158915e-02,-3.276269685812824295e-02
3.559999999999999831e-01,1.403664731944287425e-02,1.005894739725121667e-07,4.369682603863167536e-03,1.403664731944287425e-02,-3.294779684037755368e-02
3.579999999999999849e-01,1.420815663245389437e-02,9.477365581211927292e-08,4.530618351954784906e-03,1.420815663245389437e-02,-3.313289682262686442e-02
3.599999999999999867e-01,1.437898868288445264e-02,8.904175907709088733e-08,4.693928672410363490e-03,1.437898868288445264e-02,-3.331799680487618209e-02
3.619999999999999885e-01,1.454909358136857733e-02,9.218214758188736369e-08,4.860021949026349652e-03,1.454909358136857733e-02,-3.350309678712549283e-02
3.639999999999999902e-01,1.471840942258817453e-02,1.011704221509646118e-07,5.029034736989124177e-03,1.471840942258817453e-02,-3.368819676937480356e-02
3.659999999999999920e-01,1.488686776687853097e-02,1.049121390872542747e-07,5.199554099515446559e-03,1.488686776687853097e-02,-3.387329675162411430e-02
3.679999999999999938e-01,1.505440985207684434e-02,1.005961952627032474e-07,5.372154849369814578e-03,1.505440985207684434e-02,-3.405839673387342503e-02
3.699999999999999956e-01,1.522098725312093226e-02,9.597254158055790185e-08,5.547546794844593343e-03,1.522098725312093226e-02,-3.424349671612274271e-02
3.719999999999999973e-01,1.538654758954438595e-02,9.601043216012072889e-08,5.726188376199869978e-03,1.538654758954438595e-02,-3.442859669837205344e-02
3.739999999999999991e-01,1.555103000228852395e-02,9.789770660795227286e-08,5.906611860572952288e-03,1.555103000228852395e-02,-3.461369668062136418e-02
3.760000000000000009e-01,1.571437470506598100e-02,9.974041703664227043e-08,6.088888964738692344e-03,1.571437470506598100e-02,-3.479879666287067491e-02
3.780000000000000027e-01,1.587652634233005511e-02,1.033073984135768342e-07,6.273603181654263672e-03,1.587652634233005511e-02,-3.498389664511998565e-02
3.800000000000000044e-01,1.603742688360509927e-02,1.064855399413033865e-07,6.461364292807192378e-03,1.603742688360509927e-02,-3.516899662736930332e-02
3.820000000000000062e-01,1.619701591831579357e-02,1.037811225845786112e-07,6.651076133450728456e-03,1.619701591831579357e-02,-3.535409660961861406e-02
3.840000000000000080e-01,1.635524023405976468e-02,9.718327265151316396e-08,6.842724814565936953e-03,1.635524023405976468e-02,-3.553919659186792479e-02
3.860000000000000098e-01,1.651205278001932619e-02,9.621046637153796155e-08,7.036945286920892606e-03,1.651205278001932619e-02,-3.572429657411723553e-02
3.880000000000000115e-01,1.666739891409396712e-02,1.033610386169669937e-07,7.234149672065925962e-03,1.666739891409396712e-02,-3.590939655636654626e-02
3.900000000000000133e-01,1.682121366936772944e-02,1.093895837245284497e-07,7.433210097417930484e-03,1.682121366936772944e-02,-3.609449653861586393e-02
3.920000000000000151e-01,1.697343666721795596e-02,1.074983122517636502e-07,7.633783334225818784e-03,1.697343666721795596e-02,-3.627959652086517467e-02
3.940000000000000169e-01,1.712402021430947663e-02,1.027120557495209141e-07,7.836812775241508433e-03,1.712402021430947663e-02,-3.646469650311448540e-02
3.960000000000000187e-01,1.727291778961659308e-02,1.018308232181297512e-07,8.042962660833263833e-03,1.727291778961659308e-02,-3.664979648536379614e-02
3.980000000000000204e-01,1.742007392499012042e-02,1.034505949792929869e-07,8.251388098100553847e-03,1.742007392499012042e-02,-3.683489646761310687e-02
4.000000000000000222e-01,1.756543122458664730e-02,1.041964055037425396e-07,8.461199568944977045e-03,1.756543122458664730e-02,-3.701999644986242455e-02
4.020000000000000240e-01,1.770893852911581412e-02,1.060342899039667941e-07,8.673138961041604311e-03,1.770893852911581412e-02,-3.720509643211173528e-02
4.040000000000000258e-01,1.785054530205132384e-02,1.099501171220040874e-07,8.887795868805392629e-03,1.785054530205132384e-02,-3.739019641436104602e-02
4.060000000000000275e-01,1.799019633696352649e-02,1.105682012614295218e-07,9.104805590511300117e-03,1.799019633696352649e-02,-3.757529639661035675e-02
4.079999999999999738e-01,1.812783969909581572e-02,1.052088497432990266e-07,9.323245587078199392e-03,1.812783969909581572e-02,-3.776039637885966749e-02
4.099999999999999756e-01,1.826343253087236995e-02,1.011821982865868108e-07,9.543958051985712565e-03,1.826343253087236995e-02,-3.794549636110898516e-02
4.119999999999999774e-01,1.839693056965030493e-02,1.052129031675619331e-07,9.767334998924570577e-03,1.839693056965030493e-02,-3.813059634335829590e-02
4.139999999999999791e-01,1.852827861287897893e-02,1.120435382251372403e-07,9.993020810119879194e-03,1.852827861287897893e-02,-3.831569632560760663e-02
4.159999999999999809e-01,1.865742021697958108e-02,1.126772662951580628e-07,1.021973399623499201e-02,1.865742021697958108e-02,-3.850079630785691737e-02
4.179999999999999827e-01,1.878431109161260437e-02,1.083817031677369869e-07,1.044842292535075323e-02,1.878431109161260437e-02,-3.868589629010622810e-02
4.199999999999999845e-01,1.890891343818579262e-02,1.066561594598169904e-07,1.067975246670749279e-02,1.890891343818579262e-02,-3.887099627235554578e-02
4.219999999999999862e-01,1.903118219472077488e-02,1.082889771186756889e-07,1.091376827551693296e-02,1.903118219472077488e-02,-3.905609625460485651e-02
4.239999999999999880e-01,1.915106686068945852e-02,1.087667981236606352e-07,1.114889626651960342e-02,1.915106686068945852e-02,-3.924119623685416725e-02
4.259999999999999898e-01,1.926852282722757437e-02,1.086707065445224885e-07,1.138568406029005775e-02,1.926852282722757437e-02,-3.942629621910347798e-02
4.279999999999999916e-01,1.938351030384810603e-02,1.116001990819626144e-07,1.162464727954892751e-02,1.938351030384810603e-02,-3.961139620135278872e-02
4.299999999999999933e-01,1.949598523175222198e-02,1.146235677484952475e-07,1.186614846713263116e-02,1.949598523175222198e-02,-3.979649618360210639e-02
4.319999999999999951e-01,1.960590216021407262e-02,1.119751225076015544e-07,1.210882646081490321e-02,1.960590216021407262e-02,-3.998159616585141712e-02
4.339999999999999969e-01,1.971322418343524063e-02,1.066928292381419396e-07,1.235322312657460841e-02,1.971322418343524063e-02,-4.016669614810072786e-02
4.359999999999999987e-01,1.981791895505069512e-02,1.072505806387624716e-07,1.259982551540084206e-02,1.981791895505069512e-02,-4.035179613035003859e-02
4.380000000000000004e-01,1.991994586321399474e-02,1.133120967056200357e-07,1.284888164925457321e-02,1.991994586321399474e-02,-4.053689611259934933e-02
4.400000000000000022e-01,2.001925821201089306e-02,1.160209928130484514e-07,1.309885531747423393e-02,2.001925821201089306e-02,-4.072199609484866700e-02
4.420000000000000040e-01,2.011581818425545176e-02,1.127634591258086516e-07,1.335006694938478677e-02,2.011581818425545176e-02,-4.090709607709797774e-02
4.440000000000000058e-01,2.020959855399973026e-02,1.102794494611814002e-07,1.360333946876590705e-02,2.020959855399973026e-02,-4.109219605934728847e-02
4.460000000000000075e-01,2.030056859642936917e-02,1.118825141421808667e-07,1.385925157083334192e-02,2.030056859642936917e-02,-4.127729604159659921e-02
4.480000000000000093e-01,2.038868940222371418e-02,1.129462253723900744e-07,1.411638408167148473e-02,2.038868940222371418e-02,-4.146239602384590994e-02
4.500000000000000111e-01,2.047392527213431901e-02,1.115424181907798129e-07,1.437448629328552663e-02,2.047392527213431901e-02,-4.164749600609522762e-02
4.520000000000000129e-01,2.055624877331330147e-02,1.122933297459383084e-07,1.463421936559983205e-02,2.055624877331330147e-02,-4.183259598834453835e-02
4.540000000000000147e-01,2.063563131124146466e-02,1.160390190602100802e-07,1.489619200782121844e-02,2.063563131124146466e-02,-4.201769597059384909e-02
4.560000000000000164e-01,2.071203940364030327e-02,1.165110193879215217e-07,1.515943417771103974e-02,2.071203940364030327e-02,-4.220279595284315982e-02
4.580000000000000182e-01,2.078544458183406718e-02,1.119385242276393910e-07,1.542361100090450243e-02,2.078544458183406718e-02,-4.238789593509247056e-02
4.600000000000000200e-01,2.085582677104791394e-02,1.096692562319034892e-07,1.568951094467119223e-02,2.085582677104791394e-02,-4.257299591734178823e-02
4.620000000000000218e-01,2.092316264132465520e-02,1.137328496936262923e-07,1.595752948408968308e-02,2.092316264132465520e-02,-4.275809589959109897e-02
4.640000000000000235e-01,2.098742035416090168e-02,1.176209144526652040e-07,1.622669163860479546e-02,2.098742035416090168e-02,-4.294319588184040970e-02
4.660000000000000253e-01,2.104857194038323165e-02,1.157238986859709939e-07,1.649624183510789432e-02,2.104857194038323165e-02,-4.312829586408972043e-02
4.680000000000000271e-01,2.110660174790124355e-02,1.126457879196962608e-07,1.676722309241918119e-02,2.110660174790124355e-02,-4.331339584633903117e-02
4.699999999999999734e-01,2.116149564895297708e-02,1.138861479565989043e-07,1.704029809270901641e-02,2.116149564895297708e-02,-4.349849582858834884e-02
4.719999999999999751e-01,2.121323047552514662e-02,1.160596745375386263e-07,1.731489152966370071e-02,2.121323047552514662e-02,-4.368359581083765958e-02
4.739999999999999769e-01,2.126178196018557731e-02,1.145249099998579823e-07,1.758976107672116651e-02,2.126178196018557731e-02,-4.386869579308697031e-02
4.759999999999999787e-01,2.130713535544792592e-02,1.128198562350135603e-07,1.786567311462639029e-02,2.130713535544792592e-02,-4.405379577533628105e-02
4.779999999999999805e-01,2.134927953323473293e-02,1.154356872312689575e-07,1.814314056730725877e-02,2.134927953323473293e-02,-4.423889575758559178e-02
4.799999999999999822e-01,2.138819760474852671e-02,1.182877480410127191e-07,1.842203017218890793e-02,2.138819760474852671e-02,-4.442399573983490946e-02
4.819999999999999840e-01,2.142387264408041059e-02,1.159349674040299760e-07,1.870114142404233348e-02,2.142387264408041059e-02,-4.460909572208422019e-02
4.839999999999999858e-01,2.145629665453674395e-02,1.122510071560611777e-07,1.898134504555193391e-02,2.145629665453674395e-02,-4.479419570433353093e-02
4.859999999999999876e-01,2.148546399176642918e-02,1.137747108748143887e-07,1.926302813678726356e-02,2.148546399176642918e-02,-4.497929568658284166e-02
4.879999999999999893e-01,2.151136113178875320e-02,1.177459570955718959e-07,1.954603452510639272e-02,2.151136113178875320e-02,-4.516439566883215240e-02
4.899999999999999911e-01,2.153397323546424325e-02,1.172204734389836744e-07,1.982882002157615453e-02,2.153397323546424325e-02,-4.534949565108147007e-02
4.919999999999999929e-01,2.155329668609118343e-02,1.138081761054010599e-07,2.011221818629993496e-02,2.155329668609118343e-02,-4.553459563333078081e-02
4.939999999999999947e-01,2.156933433774210762e-02,1.142120292785264724e-07,2.039692252275149276e-02,2.156933433774210762e-02,-4.571969561558009154e-02
4.959999999999999964e-01,2.158208156469965111e-02,1.174806055770361013e-07,2.068319931979611948e-02,2.158208156469965111e-02,-4.590479559782940228e-02
4.979999999999999982e-01,2.159152805049624479e-02,1.170887159451794446e-07,2.096938065154962949e-02,2.159152805049624479e-02,-4.608989558007871301e-02
5.000000000000000000e-01,2.159767135684098616e-02,1.136329875750519136e-07,2.125581757184813458e-02,2.159767135684098616e-02,-4.627499556232803068e-02
5.020000000000000018e-01,2.160051741039847872e-02,1.137350243984869280e-07,2.154303103765931038e-02,2.160051741039847872e-02,-4.646009554457734142e-02
5.040000000000000036e-01,2.160006860535690354e-02,1.173604416981888221e-07,2.183147688371545048e-02,2.160051741039847872e-02,-4.664519552682665215e-02
5.060000000000000053e-01,2.159632271647926594e-02,1.178032656978800219e-07,2.211979593997803750e-02,2.160051741039847872e-02,-4.683029550907596289e-02
5.080000000000000071e-01,2.158928366484147432e-02,1.144094098348702460e-07,2.240830687990691406e-02,2.160051741039847872e-02,-4.701539549132527362e-02
5.100000000000000089e-01,2.157896198809516886e-02,1.136817574520776475e-07,2.269760623270089539e-02,2.160051741039847872e-02,-4.720049547357459130e-02
5.120000000000000107e-01,2.156536361240812827e-02,1.167656228373559202e-07,2.298799673881324335e-02,2.160051741039847872e-02,-4.738559545582390203e-02
5.140000000000000124e-01,2.154848937754560989e-02,1.173071114690671379e-07,2.327800263413126736e-02,2.160051741039847872e-02,-4.757069543807321277e-02
5.160000000000000142e-01,2.152834787646484838e-02,1.138731594574338146e-07,2.356758590444407719e-02,2.160051741039847872e-02,-4.775579542032252350e-02
5.180000000000000160e-01,2.150495766068361014e-02,1.130185868225552781e-07,2.385766546120304810e-02,2.160051741039847872e-02,-4.794089540257183424e-02
5.200000000000000178e-01,2.147833347757543976e-02,1.168213220603675495e-07,2.414885888979623196e-02,2.160051741039847872e-02,-4.812599538482115191e-02
5.220000000000000195e-01,2.144848100349827646e-02,1.184767712825163244e-07,2.443996938572945421e-02,2.160051741039847872e-02,-4.831109536707046265e-02
5.240000000000000213e-01,2.141540955766441101e-02,1.147012409496994678e-07,2.473039441125324256e-02,2.160051741039847872e-02,-4.849619534931977338e-02
5.260000000000000231e-01,2.137913975971805769e-02,1.118463506255551465e-07,2.502085807134946105e-02,2.160051741039847872e-02,-4.868129533156908412e-02
5.280000000000000249e-01,2.133969335365126785e-02,1.143340458975572460e-07,2.531189415217260930e-02,2.160051741039847872e-02,-4.886639531381839485e-02
5.300000000000000266e-01,2.129708514467409941e-02,1.170381623838423479e-07,2.560276767882518900e-02,2.160051741039847872e-02,-4.905149529606771253e-02
5.320000000000000284e-01,2.125133111964749855e-02,1.153594728631190947e-07,2.589281639078799824e-02,2.160051741039847872e-02,-4.923659527831702326e-02
5.340000000000000302e-01,2.120245533533049453e-02,1.133800456853961691e-07,2.618293821890937956e-02,2.160051741039847872e-02,-4.942169526056633400e-02
5.360000000000000320e-01,2.115048181062006982e-02,1.150344968170458060e-07,2.647348763849943776e-02,2.160051741039847872e-02,-4.960679524281564473e-02
5.380000000000000338e-01,2.109542817364495892e-02,1.161276030892111066e-07,2.676373823442690369e-02,2.160051741039847872e-02,-4.979189522506495547e-02
5.400000000000000355e-01,2.103731515509899008e-02,1.129583334646966364e-07,2.705257582676479089e-02,2.160051741039847872e-02,-4.997699520731427314e-02
5.420000000000000373e-01,2.097617454564093542e-02,1.106325964173038301e-07,2.734104328254594041e-02,2.160051741039847872e-02,-5.016209518956358387e-02
5.440000000000000391e-01,2.091203909491257118e-02,1.140405906374653000e-07,2.762976881632317472e-02,2.160051741039847872e-02,-5.034719517181289461e-02
5.460000000000000409e-01,2.084493140864651650e-02,1.179525498384847992e-07,2.791848600852864237e-02,2.160051741039847872e-02,-5.053229515406220534e-02
5.480000000000000426e-01,2.077487209227824039e-02,1.155244142569955557e-07,2.820572964806822291e-02,2.160051741039847872e-02,-5.071739513631151608e-02
5.500000000000000444e-01,2.070189297412516893e-02,1.103685657311004320e-07,2.849220092563631290e-02,2.160051741039847872e-02,-5.090249511856083375e-02
5.520000000000000462e-01,2.062603251145744832e-02,1.101638079648026292e-07,2.877833786303085617e-02,2.160051741039847872e-02,-5.108759510081014449e-02
5.540000000000000480e-01,2.054732313172069613e-02,1.136733766005093571e-07,2.906421278680992870e-02,2.160051741039847872e-02,-5.127269508305945522e-02
5.560000000000000497e-01,2.046579318456209773e-02,1.143658946434200629e-07,2.934848549426283260e-02,2.160051741039847872e-02,-5.145779506530876596e-02
5.580000000000000515e-01,2.038147726538341864e-02,1.124861792600739818e-07,2.963193692841781246e-02,2.160051741039847872e-02,-5.164289504755807669e-02
5.600000000000000533e-01,2.029441402670983940e-02,1.127721388494151711e-07,2.991498296435735060e-02,2.160051741039847872e-02,-5.182799502980738743e-02
5.620000000000000551e-01,2.020463702430241870e-02,1.138836639436036080e-07,3.019763889068183271e-02,2.160051741039847872e-02,-5.201309501205670510e-02
5.639999999999999458e-01,2.011217859771130545e-02,1.111693090916077153e-07,3.047828328859980562e-02,2.160051741039847872e-02,-5.219819499430601584e-02
5.659999999999999476e-01,2.001708072648411552e-02,1.074407776080477106e-07,3.075750682242195388e-02,2.160051741039847872e-02,-5.238329497655532657e-02
5.679999999999999494e-01,1.991939082226767965e-02,1.094458016437371839e-07,3.103603622238271242e-02,2.160051741039847872e-02,-5.256839495880463731e-02
5.699999999999999512e-01,1.981914770094495015e-02,1.150368895697084781e-07,3.131428369830979719e-02,2.160051741039847872e-02,-5.275349494105394804e-02
5.719999999999999529e-01,1.971638277180975951e-02,1.153016804256168371e-07,3.159069033809847049e-02,2.160051741039847872e-02,-5.293859492330326572e-02
5.739999999999999547e-01,1.961113536348235709e-02,1.094007181512424154e-07,3.186533472002084366e-02,2.160051741039847872e-02,-5.312369490555257645e-02
5.759999999999999565e-01,1.950345585349333444e-02,1.058521356123165447e-07,3.213876657650083235e-02,2.160051741039847872e-02,-5.330879488780188719e-02
5.779999999999999583e-01,1.939339252404403968e-02,1.082859448775508326e-07,3.241144738616985599e-02,2.160051741039847872e-02,-5.349389487005119792e-02
5.799999999999999600e-01,1.928098600552108355e-02,1.109945304555992607e-07,3.268218087376673076e-02,2.160051741039847872e-02,-5.367899485230050866e-02
5.819999999999999618e-01,1.916627877567200766e-02,1.104281391883787933e-07,3.295099295058434574e-02,2.160051741039847872e-02,-5.386409483454982633e-02
5.839999999999999636e-01,1.904931939137644026e-02,1.099798113690653167e-07,3.321859509830304980e-02,2.160051741039847872e-02,-5.404919481679913706e-02
5.859999999999999654e-01,1.893015437474909746e-02,1.107747054085450600e-07,3.348529191860938337e-02,2.160051741039847872e-02,-5.423429479904844780e-02
5.879999999999999671e-01,1.880882632805125354e-02,1.085924531407655991e-07,3.374983152715105295e-02,2.160051741039847872e-02,-5.441939478129775853e-02
5.899999999999999689e-01,1.868538423300503126e-02,1.037900858591456199e-07,3.401179944054011361e-02,2.160051741039847872e-02,-5.460449476354706927e-02
5.919999999999999707e-01,1.855988546469466982e-02,1.035993135722890202e-07,3.427216330422422352e-02,2.160051741039847872e-02,-5.478959474579638694e-02
5.939999999999999725e-01,1.843238242911038327e-02,1.096615008799872726e-07,3.453151106021290495e-02,2.160051741039847872e-02,-5.497469472804569768e-02
5.959999999999999742e-01,1.830291649283077859e-02,1.131957479971745784e-07,3.478898230231342037e-02,2.160051741039847872e-02,-5.515979471029500841e-02
5.979999999999999760e-01,1.817153123133441461e-02,1.085192472549678655e-07,3.504368264009249945e-02,2.160051741039847872e-02,-5.534489469254431915e-02
5.999999999999999778e-01,1.803828299958376569e-02,1.021345800156225891e-07,3.529635621078175411e-02,2.160051741039847872e-02,-5.552999467479362988e-02
6.019999999999999796e-01,1.790323172710406308e-02,1.018333076752142574e-07,3.554742915392994362e-02,2.160051741039847872e-02,-5.571509465704294756e-02
6.039999999999999813e-01,1.776642918403570359e-02,1.052867572015614428e-07,3.579644697475592441e-02,2.160051741039847872e-02,-5.590019463929225829e-02
6.059999999999999831e-01,1.762792363420040420e-02,1.066484434097958456e-07,3.604249994434394200e-02,2.160051741039847872e-02,-5.608529462154156903e-02
6.079999999999999849e-01,1.748776855684597287e-02,1.064294463670734103e-07,3.628651008813743584e-02,2.160051741039847872e-02,-5.627039460379087976e-02
6.099999999999999867e-01,1.734601875436103668e-02,1.069255033403493371e-07,3.652879966735189665e-02,2.160051741039847872e-02,-5.645549458604019050e-02
6.119999999999999885e-01,1.720272460795857494e-02,1.052918886523812603e-07,3.676892188583358312e-02,2.160051741039847872e-02,-5.664059456828950817e-02
6.139999999999999902e-01,1.705793898927687735e-02,9.992109673007121273e-08,3.700555089076595916e-02,2.160051741039847872e-02,-5.682569455053881891e-02
6.159999999999999920e-01,1.691172397142615136e-02,9.716692439543095361e-08,3.723961333979675103e-02,2.160051741039847872e-02,-5.701079453278812964e-02
6.179999999999999938e-01,1.676414121654346001e-02,1.022008393469775456e-07,3.747169803096450647e-02,2.160051741039847872e-02,-5.719589451503744038e-02
6.199999999999999956e-01,1.661524040450157447e-02,1.086086506285610653e-07,3.770181302924291433e-02,2.160051741039847872e-02,-5.738099449728675111e-02
6.219999999999999973e-01,1.646506686327475766e-02,1.069237478557027998e-07,3.792846045544540079e-02,2.160051741039847872e-02,-5.756609447953606878e-02
6.239999999999999991e-01,1.631367699193220222e-02,9.925376232011728916e-08,3.815218830454769616e-02,2.160051741039847872e-02,-5.775119446178537952e-02
6.260000000000000009e-01,1.616113626570780948e-02,9.537182732444193789e-08,3.837339198707911958e-02,2.160051741039847872e-02,-5.793629444403469025e-02
6.280000000000000027e-01,1.600750485024859948e-02,9.779427445621990955e-08,3.859227936246201196e-02,2.160051741039847872e-02,-5.812139442628400099e-02
6.300000000000000044e-01,1.585283506931356445e-02,1.008266768964816151e-07,3.880754619489334978e-02,2.160051741039847872e-02,-5.830649440853331172e-02
6.320000000000000062e-01,1.569718097541406010e-02,1.017428638006023789e-07,3.901977815490353940e-02,2.160051741039847872e-02,-5.849159439078262940e-02
6.340000000000000080e-01,1.554060006370938662e-02,1.023305253866624298e-07,3.922945265048616292e-02,2.160051741039847872e-02,-5.867669437303194013e-02
6.360000000000000098e-01,1.538314679033148114e-02,1.012984934822824812e-07,3.943669905032110012e-02,2.160051741039847872e-02,-5.886179435528125087e-02
6.380000000000000115e-01,1.522487486245283073e-02,9.594125638390238464e-08,3.964002228791385640e-02,2.160051741039847872e-02,-5.904689433753056160e-02
6.400000000000000133e-01,1.506584595822335615e-02,9.076051854517430684e-08,3.983969585361391008e-02,2.160051741039847872e-02,-5.923199431977987234e-02
6.420000000000000151e-01,1.490612553570225263e-02,9.338240647416284901e-08,4.003647380056907235e-02,2.160051741039847872e-02,-5.941709430202919001e-02
6.440000000000000169e-01,1.474576885987588515e-02,1.013840759123141311e-07,4.023082284657142349e-02,2.160051741039847872e-02,-5.960219428427850075e-02
6.460000000000000187e-01,1.458482119796544740e-02,1.037023824590477261e-07,4.042146743587049507e-02,2.160051741039847872e-02,-5.978729426652781148e-02
6.480000000000000204e-01,1.442333406677154262e-02,9.689369495635702378e-08,4.060820463754377663e-02,2.160051741039847872e-02,-5.997239424877712222e-02
6.500000000000000222e-01,1.426137152945783360e-02,8.974182286181076051e-08,4.079161888914184519e-02,2.160051741039847872e-02,-6.015749423102643295e-02
6.520000000000000240e-01,1.409899766119193654e-02,8.945394625037295100e-08,4.097210962214581365e-02,2.160051741039847872e-02,-6.034259421327575063e-02
6.540000000000000258e-01,1.393626701965888781e-02,9.304790971054188731e-08,4.114876043528159499e-02,2.160051741039847872e-02,-6.052769419552506136e-02
6.560000000000000275e-01,1.377323102432526092e-02,9.554790969534820988e-08,4.132131182180709406e-02,2.160051741039847872e-02,-6.071279417777437210e-02
6.580000000000000293e-01,1.360994440831386765e-02,9.684301949253182329e-08,4.149055308118565488e-02,2.160051741039847872e-02,-6.089789416002368283e-02
6.600000000000000311e-01,1.344646107884950315e-02,9.659000343997803384e-08,4.165676113631122668e-02,2.160051741039847872e-02,-6.108299414227299357e-02
6.620000000000000329e-01,1.328283246082595515e-02,9.183153670822008507e-08,4.181901229830031763e-02,2.160051741039847872e-02,-6.126809412452231124e-02
6.640000000000000346e-01,1.311911542796428964e-02,8.481804414373073087e-08,4.197659628896277528e-02,2.160051741039847872e-02,-6.145319410677162197e-02
6.660000000000000364e-01,1.295537346297548353e-02,8.410963703298079963e-08,4.213045174923413239e-02,2.160051741039847872e-02,-6.163829408902093271e-02
6.680000000000000382e-01,1.279166363928962991e-02,9.188069782783969686e-08,4.228109855266259931e-02,2.160051741039847872e-02,-6.182339407127024344e-02
6.700000000000000400e-01,1.262802970201581942e-02,9.813411749881595370e-08,4.242804386478404854e-02,2.160051741039847872e-02,-6.200849405351955418e-02
6.720000000000000417e-01,1.246451496547340554e-02,9.429305847241664651e-08,4.257024148291776999e-02,2.160051741039847872e-02,-6.219359403576887185e-02
6.740000000000000435e-01,1.230117551486686889e-02,8.531638417963449683e-08,4.270838869040727293e-02,2.160051741039847872e-02,-6.237869401801818259e-02
6.760000000000000453e-01,1.213807352125850780e-02,8.133622586559141610e-08,4.284281478214446715e-02,2.160051741039847872e-02,-6.256379400026748638e-02
6.780000000000000471e-01,1.197526334109555446e-02,8.385529493004639789e-08,4.297332499968586905e-02,2.160051741039847872e-02,-6.274889398251680406e-02
6.800000000000000488e-01,1.181279173662541648e-02,8.766395753756484055e-08,4.309891045293079426e-02,2.160051741039847872e-02,-6.293399396476612173e-02
6.820000000000000506e-01,1.165070630326892065e-02,9.022733293839735325e-08,4.322041070567794740e-02,2.160051741039847872e-02,-6.311909394701542553e-02
6.840000000000000524e-01,1.148905553340906494e-02,9.107574550082375708e-08,4.333814430021820652e-02,2.160051741039847872e-02,-6.330419392926474320e-02
6.860000000000000542e-01,1.132788532657891256e-02,8.747127833164114463e-08,4.345191482872634570e-02,2.160051741039847872e-02,-6.348929391151404700e-02
6.879999999999999449e-01,1.116724425686999034e-02,7.954192349224342706e-08,4.356038764002401198e-02,2.160051741039847872e-02,-6.367439389376336467e-02
6.899999999999999467e-01,1.100718856863169837e-02,7.525543488373642731e-08,4.366427345507439828e-02,2.160051741039847872e-02,-6.385949387601268235e-02
6.919999999999999485e-01,1.084777270856707165e-02,8.090384751024970456e-08,4.376412974116783428e-02,2.160051741039847872e-02,-6.404459385826198614e-02
6.939999999999999503e-01,1.068903741308357969e-02,8.993534339474251738e-08,4.386015295462719621e-02,2.160051741039847872e-02,-6.422969384051130382e-02
6.959999999999999520e-01,1.053101620164864638e-02,9.049867655264165478e-08,4.395101317630645266e-02,2.160051741039847872e-02,-6.441479382276060761e-02
6.979999999999999538e-01,1.037375214077751462e-02,8.189556000015585369e-08,4.403704876405167834e-02,2.160051741039847872e-02,-6.459989380500992528e-02
6.999999999999999556e-01,1.021729924951719770e-02,7.434228987968083402e-08,4.411864877303306454e-02,2.160051741039847872e-02,-6.478499378725924296e-02
7.019999999999999574e-01,1.006170837272901686e-02,7.415747216299450884e-08,4.419607299287131585e-02,2.160051741039847872e-02,-6.497009376950854675e-02
7.039999999999999591e-01,9.907020417023071346e-03,7.825215009304997693e-08,4.426821902559952004e-02,2.160051741039847872e-02,-6.515519375175786443e-02
7.059999999999999609e-01,9.753273139347373721e-03,8.227310199782067457e-08,4.433542066262463610e-02,2.160051741039847872e-02,-6.534029373400716822e-02
7.079999999999999627e-01,9.600505384356305960e-03,8.460414147037909061e-08,4.439822151962202756e-02,2.160051741039847872e-02,-6.552539371625648590e-02
7.099999999999999645e-01,9.448754311935703143e-03,8.266736706286081926e-08,4.445680400437745927e-02,2.160051741039847872e-02,-6.571049369850580357e-02
7.119999999999999662e-01,9.298057620956701186e-03,7.489685349693075977e-08,4.450996834470255514e-02,2.160051741039847872e-02,-6.589559368075510737e-02
7.139999999999999680e-01,9.148460190319673835e-03,6.748611647289237681e-08,4.455767905149965458e-02,2.160051741039847872e-02,-6.608069366300442504e-02
7.159999999999999698e-01,9.000009383266838192e-03,6.952254671954705145e-08,4.460068494998903343e-02,2.160051741039847872e-02,-6.626579364525372884e-02
7.179999999999999716e-01,8.852741194194879704e-03,7.937974122462776450e-08,4.463942905270679162e-02,2.160051741039847872e-02,-6.645089362750304651e-02
7.199999999999999734e-01,8.706679199505629185e-03,8.468032475228426392e-08,4.467302179016374719e-02,2.160051741039847872e-02,-6.663599360975236419e-02
7.219999999999999751e-01,8.561850666558346035e-03,7.878139740569167770e-08,4.470104793397533527e-02,2.160051741039847872e-02,-6.682109359200166798e-02
7.239999999999999769e-01,8.418295927303143245e-03,6.894209880758950248e-08,4.472410001206295060e-02,2.160051741039847872e-02,-6.700619357425098566e-02
7.259999999999999787e-01,8.276058283940845861e-03,6.500958393829137094e-08,4.474248646360379222e-02,2.160051741039847872e-02,-6.719129355650028945e-02
7.279999999999999805e-01,8.135171882264868870e-03,6.787210216074868185e-08,4.475561798744587261e-02,2.160051741039847872e-02,-6.737639353874960713e-02
7.299999999999999822e-01,7.995663717754508681e-03,7.294070436536514990e-08,4.476303816114524103e-02,2.160051741039847872e-02,-6.756149352099892480e-02
7.319999999999999840e-01,7.857560199708846227e-03,7.700680992872577235e-08,4.476553489930590324e-02,2.160051741039847872e-02,-6.774659350324822860e-02
7.339999999999999858e-01,7.720886971644413954e-03,7.718523031829960246e-08,4.476335463438274598e-02,2.160051741039847872e-02,-6.793169348549754627e-02
7.359999999999999876e-01,7.585669120192539694e-03,7.065319251875479267e-08,4.475592854216747796e-02,2.160051741039847872e-02,-6.811679346774685007e-02
7.379999999999999893e-01,7.451937493962446091e-03,6.115449724397592490e-08,4.474241285934044132e-02,2.160051741039847872e-02,-6.830189344999616774e-02
7.399999999999999911e-01,7.319728586208440468e-03,5.882957876401917474e-08,4.472362508092075917e-02,2.160051741039847872e-02,-6.848699343224548541e-02
7.419999999999999929e-01,7.189071718099904196e-03,6.726379053745290548e-08,4.470000793687534113e-02,2.160051741039847872e-02,-6.867209341449478921e-02
7.439999999999999947e-01,7.059981306263729550e-03,7.641168309202583941e-08,4.467138722525038075e-02,2.160051741039847872e-02,-6.885719339674410688e-02
7.459999999999999964e-01,6.932468502194644167e-03,7.500920229386309757e-08,4.463675008200573835e-02,2.160051741039847872e-02,-6.904229337899341068e-02
7.479999999999999982e-01,6.806556203395430771e-03,6.503761662557394629e-08,4.459667527305205548e-02,2.160051741039847872e-02,-6.922739336124272835e-02
7.500000000000000000e-01,6.682276023350364191e-03,5.733118990658425673e-08,4.455143182854109929e-02,2.160051741039847872e-02,-6.941249334349204603e-02
7.520000000000000018e-01,6.559654276584669930e-03,5.741194930575233002e-08,4.450101564520553277e-02,2.160051741039847872e-02,-6.959759332574134982e-02
7.540000000000000036e-01,6.438707699037315990e-03,6.248528328089975048e-08,4.444449549755918882e-02,2.160051741039847872e-02,-6.978269330799066750e-02
7.560000000000000053e-01,6.319449415254085878e-03,6.818281561571382099e-08,4.438253389795043802e-02,2.160051741039847872e-02,-6.996779329023997129e-02
7.580000000000000071e-01,6.201891788199409561e-03,7.078794206361038732e-08,4.431546833672744823e-02,2.160051741039847872e-02,-7.015289327248928897e-02
7.600000000000000089e-01,6.086046352659857384e-03,6.645479611044891044e-08,4.424328416074174708e-02,2.160051741039847872e-02,-7.033799325473860664e-02
7.620000000000000107e-01,5.971928771548173920e-03,5.627375776473542146e-08,4.416484247415741748e-02,2.160051741039847872e-02,-7.052309323698791044e-02
7.640000000000000124e-01,5.859562105308802060e-03,4.971499389938571767e-08,4.408058896945504790e-02,2.160051741039847872e-02,-7.070819321923722811e-02
7.660000000000000142e-01,5.748967168002772077e-03,5.473541297984496623e-08,4.399104885343058102e-02,2.160051741039847872e-02,-7.089329320148653191e-02
7.680000000000000160e-01,5.640150400707311107e-03,6.583499057022379475e-08,4.389650243658810291e-02,2.160051741039847872e-02,-7.107839318373584958e-02
7.700000000000000178e-01,5.533108685530474524e-03,6.966241905548287150e-08,4.379594541636949723e-02,2.160051741039847872e-02,-7.126349316598516725e-02
7.720000000000000195e-01,5.427846241201850219e-03,6.199982938159820378e-08,4.368950643631641650e-02,2.160051741039847872e-02,-7.144859314823447105e-02
7.740000000000000213e-01,5.324379617801078268e-03,5.164642580268719030e-08,4.357758079252571637e-02,2.160051741039847872e-02,-7.163369313048378872e-02
7.760000000000000231e-01,5.222725901782077074e-03,4.789896823620409805e-08,4.346041246538573377e-02,2.160051741039847872e-02,-7.181879311273309252e-02
7.780000000000000249e-01,5.122892873908213573e-03,5.150619153404534245e-08,4.333721386968225620e-02,2.160051741039847872e-02,-7.200389309498241019e-02
7.800000000000000266e-01,5.024881477887821468e-03,5.820703474768151864e-08,4.320808277770177286e-02,2.160051741039847872e-02,-7.218899307723172787e-02
7.820000000000000284e-01,4.928690577807204320e-03,6.328990986848026523e-08,4.307358880276968005e-02,2.160051741039847872e-02,-7.237409305948103166e-02
7.840000000000000302e-01,4.834318106556323436e-03,6.189469348161225071e-08,4.293392174324300870e-02,2.160051741039847872e-02,-7.255919304173034934e-02
7.860000000000000320e-01,4.741764754925492653e-03,5.256226653926887593e-08,4.278827111499960978e-02,2.160051741039847872e-02,-7.274429302397965313e-02
7.880000000000000338e-01,4.651039102190224206e-03,4.270962006280853984e-08,4.263638837859884401e-02,2.160051741039847872e-02,-7.292939300622897081e-02
7.900000000000000355e-01,4.562152127574048421e-03,4.303904344027387197e-08,4.247895501166532028e-02,2.160051741039847872e-02,-7.311449298847828848e-02
7.920000000000000373e-01,4.475103522730616845e-03,5.366657340744040994e-08,4.231634220581653727e-02,2.160051741039847872e-02,-7.329959297072759228e-02
7.940000000000000391e-01,4.389879244016348103e-03,6.217605108549406623e-08,4.214805703007090676e-02,2.160051741039847872e-02,-7.348469295297690995e-02
7.960000000000000409e-01,4.306466274823894658e-03,5.887123122327864166e-08,4.197360629070473470e-02,2.160051741039847872e-02,-7.366979293522621375e-02
7.980000000000000426e-01,4.224864382442627964e-03,4.792875152315190235e-08,4.179353315580525141e-02,2.160051741039847872e-02,-7.385489291747553142e-02
8.000000000000000444e-01,4.145079945285234935e-03,4.024147148840029331e-08,4.160806358706126140e-02,2.160051741039847872e-02,-7.403999289972484910e-02
8.020000000000000462e-01,4.067113235036612373e-03,4.088832872284342557e-08,4.141690995664476516e-02,2.160051741039847872e-02,-7.422509288197415289e-02
8.040000000000000480e-01,3.990955635408077740e-03,4.742458770135016266e-08,4.121956675384158553e-02,2.160051741039847872e-02,-7.441019286422347057e-02
8.060000000000000497e-01,3.916594098349102104e-03,5.462744911977068796e-08,4.101671946698048909e-02,2.160051741039847872e-02,-7.459529284647277436e-02
8.080000000000000515e-01,3.844014006710749776e-03,5.659195012608364550e-08,4.080859464016556304e-02,2.160051741039847872e-02,-7.478039282872209204e-02
8.100000000000000533e-01,3.773202443173695464e-03,4.953556032027961464e-08,4.059493275692221959e-02,2.160051741039847872e-02,-7.496549281097140971e-02
8.120000000000000551e-01,3.704153989703917738e-03,3.792458647122742832e-08,4.037495764646326091e-02,2.160051741039847872e-02,-7.515059279322071351e-02
8.139999999999999458e-01,3.636869325952529763e-03,3.325129727116404865e-08,4.014928757088798150e-02,2.160051741039847872e-02,-7.533569277547003118e-02
8.159999999999999476e-01,3.571342542736388737e-03,4.104948136962605076e-08,3.991829218663506262e-02,2.160051741039847872e-02,-7.552079275771933498e-02
8.179999999999999494e-01,3.507552701748961610e-03,5.253912815916805812e-08,3.968201206799182312e-02,2.160051741039847872e-02,-7.570589273996865265e-02
8.199999999999999512e-01,3.445473323630876550e-03,5.467106289902545768e-08,3.943964749969491868e-02,2.160051741039847872e-02,-7.589099272221797032e-02
8.219999999999999529e-01,3.385087925410923404e-03,4.560599131675502349e-08,3.919160948280908663e-02,2.160051741039847872e-02,-7.607609270446727412e-02
8.239999999999999547e-01,3.326391171726172935e-03,3.497940836982849078e-08,3.893813991364070137e-02,2.160051741039847872e-02,-7.626119268671659179e-02
8.259999999999999565e-01,3.269376964942338759e-03,3.163514183945892455e-08,3.867933761835490314e-02,2.160051741039847872e-02,-7.644629266896589559e-02
8.279999999999999583e-01,3.214030521650701466e-03,3.648575230830175542e-08,3.841450544440941361e-02,2.160051741039847872e-02,-7.663139265121521326e-02
8.299999999999999600e-01,3.160330127585431192e-03,4.493905481073312558e-08,3.814408043112574309e-02,2.160051741039847872e-02,-7.681649263346453094e-02
8.319999999999999618e-01,3.108250966491810097e-03,5.026768534754921802e-08,3.786841017125525122e-02,2.160051741039847872e-02,-7.700159261571383473e-02
8.339999999999999636e-01,3.057768843565122907e-03,4.661876562561673154e-08,3.758758092314443133e-02,2.160051741039847872e-02,-7.718669259796315241e-02
8.359999999999999654e-01,3.008866158084710918e-03,3.508359303072694502e-08,3.730080167180938044e-02,2.160051741039847872e-02,-7.737179258021245620e-02
8.379999999999999671e-01,2.961533872362087649e-03,2.607770155371724741e-08,3.700827744964466093e-02,2.160051741039847872e-02,-7.755689256246177388e-02
8.399999999999999689e-01,2.915761615808309948e-03,2.930010234436508654e-08,3.671047374828742549e-02,2.160051741039847872e-02,-7.774199254471109155e-02
8.419999999999999707e-01,2.871525544861808221e-03,4.134043662951114584e-08,3.640766307706347349e-02,2.160051741039847872e-02,-7.792709252696039535e-02
8.439999999999999725e-01,2.828791039314437761e-03,4.871033543185632197e-08,3.609924148977328162e-02,2.160051741039847872e-02,-7.811219250920971302e-02
8.459999999999999742e-01,2.787528271956940529e-03,4.373218187581073835e-08,3.578519295242521547e-02,2.160051741039847872e-02,-7.829729249145901682e-02
8.479999999999999760e-01,2.747720310221191120e-03,3.212214338965679872e-08,3.546589190995858010e-02,2.160051741039847872e-02,-7.848239247370833449e-02
8.499999999999999778e-01,2.709355429427851014e-03,2.463267978480843112e-08,3.514153131598501956e-02,2.160051741039847872e-02,-7.866749245595765216e-02
8.519999999999999796e-01,2.672416036144098506e-03,2.628910356072822196e-08,3.481167325041545357e-02,2.160051741039847872e-02,-7.885259243820695596e-02
8.539999999999999813e-01,2.636876095740370296e-03,3.463179665263993456e-08,3.447626897822125835e-02,2.160051741039847872e-02,-7.903769242045627363e-02
8.559999999999999831e-01,2.602704249638487788e-03,4.281796783800473349e-08,3.413583146959978110e-02,2.160051741039847872e-02,-7.922279240270557743e-02
8.579999999999999849e-01,2.569868217100479413e-03,4.326032354562414639e-08,3.379053252701660903e-02,2.160051741039847872e-02,-7.940789238495489510e-02
8.599999999999999867e-01,2.538341041424807543e-03,3.362429945585887481e-08,3.343995378709443966e-02,2.160051741039847872e-02,-7.959299236720421278e-02
8.619999999999999885e-01,2.508105562549767242e-03,2.175283186911514122e-08,3.308379516954257360e-02,2.160051741039847872e-02,-7.977809234945351657e-02
8.639999999999999902e-01,2.479148215864923621e-03,1.962184204007400012e-08,3.272259305825500619e-02,2.160051741039847872e-02,-7.996319233170283425e-02
8.659999999999999920e-01,2.451445707145616382e-03,2.965143597322139613e-08,3.235662797311980587e-02,2.160051741039847872e-02,-8.014829231395213804e-02
8.679999999999999938e-01,2.424961154688265452e-03,4.082306559460846529e-08,3.198572987129755241e-02,2.160051741039847872e-02,-8.033339229620145572e-02
8.699999999999999956e-01,2.399656266557803619e-03,4.127663633113343167e-08,3.160949169776294809e-02,2.160051741039847872e-02,-8.051849227845077339e-02
8.719999999999999973e-01,2.375504224819580124e-03,3.113095425888445789e-08,3.122833767933999582e-02,2.160051741039847872e-02,-8.070359226070007719e-02
8.739999999999999991e-01,2.352488289792620257e-03,2.041346747194694444e-08,3.084243788549073662e-02,2.160051741039847872e-02,-8.088869224294939486e-02
8.760000000000000009e-01,2.330590741599580795e-03,1.782838954245136165e-08,3.045172707485628572e-02,2.160051741039847872e-02,-8.107379222519869866e-02
8.780000000000000027e-01,2.309785841630662695e-03,2.439878710180920507e-08,3.005581622587898127e-02,2.160051741039847872e-02,-8.125889220744801633e-02
8.800000000000000044e-01,2.290040348811084314e-03,3.437895268465496201e-08,2.965519904349218916e-02,2.160051741039847872e-02,-8.144399218969733401e-02
8.820000000000000062e-01,2.271317862218125150e-03,3.903601408783430315e-08,2.925008315710178608e-02,2.160051741039847872e-02,-8.162909217194663780e-02
8.840000000000000080e-01,2.253585571593608172e-03,3.283589378177964591e-08,2.884042493842658983e-02,2.160051741039847872e-02,-8.181419215419595548e-02
8.860000000000000098e-01,2.236820592123933693e-03,2.005044608122119598e-08,2.842570010748378395e-02,2.160051741039847872e-02,-8.199929213644525927e-02
8.880000000000000115e-01,2.221007642019712236e-03,1.286416617674035479e-08,2.800629421681670450e-02,2.160051741039847872e-02,-8.218439211869457695e-02
8.900000000000000133e-01,2.206126676655650876e-03,1.878593447468546174e-08,2.758249876045583415e-02,2.160051741039847872e-02,-8.236949210094389462e-02
8.920000000000000151e-01,2.192144025615738734e-03,3.144792359854875485e-08,2.715444712655154524e-02,2.160051741039847872e-02,-8.255459208319319842e-02
8.940000000000000169e-01,2.179018973099244860e-03,3.744222965007537596e-08,2.672167722495071007e-02,2.160051741039847872e-02,-8.273969206544251609e-02
8.960000000000000187e-01,2.166718207380680106e-03,3.106313828382667452e-08,2.628442953266707516e-02,2.160051741039847872e-02,-8.292479204769181989e-02
8.980000000000000204e-01,2.155220923063749794e-03,1.899448121012170532e-08,2.584292107219023082e-02,2.160051741039847872e-02,-8.310989202994113756e-02
9.000000000000000222e-01,2.144510987658998502e-03,1.197354637660907883e-08,2.539727659187698827e-02,2.160051741039847872e-02,-8.329499201219045523e-02
9.020000000000000240e-01,2.134566980583008089e-03,1.515847747324272632e-08,2.494712689257075344e-02,2.160051741039847872e-02,-8.348009199443975903e-02
9.040000000000000258e-01,2.125358806403077061e-03,2.537161469806648029e-08,2.449270335404200860e-02,2.160051741039847872e-02,-8.366519197668907670e-02
9.060000000000000275e-01,2.116850514078505441e-03,3.373550760965571271e-08,2.403430992977237390e-02,2.160051741039847872e-02,-8.385029195893838050e-02
9.080000000000000293e-01,2.109007327196654735e-03,3.200327824970372603e-08,2.357206307025748460e-02,2.160051741039847872e-02,-8.403539194118769817e-02
9.100000000000000311e-01,2.101803527504775282e-03,2.038235524803866383e-08,2.310558212403439338e-02,2.160051741039847872e-02,-8.422049192343701585e-02
9.120000000000000329e-01,2.095223767208054255e-03,9.384052201966142093e-09,2.263493054927269432e-02,2.160051741039847872e-02,-8.440559190568631964e-02
9.140000000000000346e-01,2.089253176869587669e-03,1.000628579994611300e-08,2.216045688992460821e-02,2.160051741039847872e-02,-8.459069188793563732e-02
9.160000000000000364e-01,2.083865639460058539e-03,2.154245482000050060e-08,2.168236547473089554e-02,2.160051741039847872e-02,-8.477579187018494111e-02
9.180000000000000382e-01,2.079024184595046343e-03,3.191714692540870146e-08,2.120043031858461630e-02,2.160051741039847872e-02,-8.496089185243425879e-02
9.200000000000000400e-01,2.074693712982411675e-03,3.084187527591097933e-08,2.071460801348550679e-02,2.160051741039847872e-02,-8.514599183468357646e-02
9.220000000000001528e-01,2.070851053706745937e-03,1.984605069171863079e-08,2.022518859531927116e-02,2.160051741039847872e-02,-8.533109181693289413e-02
9.240000000000000435e-01,2.067482512126739280e-03,9.246124532680255470e-09,1.973230968770215560e-02,2.160051741039847872e-02,-8.551619179918219793e-02
9.259999999999999343e-01,2.064573728201568592e-03,7.908697918779239444e-09,1.923583946412089907e-02,2.160051741039847872e-02,-8.570129178143150173e-02
9.280000000000000471e-01,2.062102321030323537e-03,1.650288139476430160e-08,1.873572256478647086e-02,2.160051741039847872e-02,-8.588639176368081940e-02
9.300000000000000488e-01,2.060037586668173049e-03,2.742542815070692086e-08,1.823231312636044987e-02,2.160051741039847872e-02,-8.607149174593013707e-02
9.320000000000000506e-01,2.058346833733182280e-03,3.053795993857022495e-08,1.772575006774785439e-02,2.160051741039847872e-02,-8.625659172817944087e-02
9.339999999999999414e-01,2.057004561836439649e-03,2.194941706168407336e-08,1.721592969279333099e-02,2.160051741039847872e-02,-8.644169171042874467e-02
9.360000000000000542e-01,2.055997043070467711e-03,9.029101910584813595e-09,1.670268327824903781e-02,2.160051741039847872e-02,-8.662679169267806234e-02
9.380000000000000560e-01,2.055315795821743841e-03,4.257085794989734495e-09,1.618633576141928140e-02,2.160051741039847872e-02,-8.681189167492739389e-02
9.399999999999999467e-01,2.054945090390281059e-03,1.236140922955542010e-08,1.566707192930615750e-02,2.160051741039847872e-02,-8.699699165717669769e-02
9.419999999999999485e-01,2.054856983333408493e-03,2.498652651450328221e-08,1.514491736893974067e-02,2.160051741039847872e-02,-8.718209163942598761e-02
9.439999999999999503e-01,2.055019869121488263e-03,2.957216982402144367e-08,1.461969792886569017e-02,2.160051741039847872e-02,-8.736719162167531916e-02
9.460000000000000631e-01,2.055410807845992061e-03,2.201408688673467395e-08,1.409166580005007802e-02,2.160051741039847872e-02,-8.755229160392463683e-02
9.479999999999999538e-01,2.056018927435010468e-03,9.659209876389240890e-09,1.356095175043357109e-02,2.160051741039847872e-02,-8.773739158617394063e-02
9.499999999999998446e-01,2.056838069242727940e-03,3.518844771122076054e-09,1.302761163318643528e-02,2.160051741039847872e-02,-8.792249156842324442e-02
9.519999999999999574e-01,2.057856856532258583e-03,8.699511111487367998e-09,1.249150826487284947e-02,2.160051741039847872e-02,-8.810759155067256210e-02
9.540000000000000702e-01,2.059054259662906894e-03,2.048197844661814315e-08,1.195290056310484988e-02,2.160051741039847872e-02,-8.829269153292187977e-02
9.559999999999999609e-01,2.060403661509835338e-03,2.808274279786360239e-08,1.141194736966213118e-02,2.160051741039847872e-02,-8.847779151517118357e-02
9.579999999999998517e-01,2.061882706855922009e-03,2.390700204468743095e-08,1.086871228046053586e-02,2.160051741039847872e-02,-8.866289149742048736e-02
9.599999999999999645e-01,2.063480820980845287e-03,1.122605963743694701e-08,1.032303956675335345e-02,2.160051741039847872e-02,-8.884799147966981891e-02
9.620000000000000773e-01,2.065196462200713512e-03,1.993828213642245828e-09,9.775113576737309157e-03,2.160051741039847872e-02,-8.903309146191913659e-02
9.639999999999999680e-01,2.067025553756263179e-03,5.165310623667096479e-09,9.225116860548318587e-03,2.160051741039847872e-02,-8.921819144416844038e-02
9.659999999999998588e-01,2.068952809187396547e-03,1.747557221154494300e-08,8.673170252986164147e-03,2.160051741039847872e-02,-8.940329142641774418e-02
9.679999999999999716e-01,2.070955035113009046e-03,2.680712274383267868e-08,8.119185124064729961e-03,2.160051741039847872e-02,-8.958839140866706185e-02
9.700000000000000844e-01,2.073012787648487176e-03,2.437116075615364252e-08,7.563285245940273675e-03,2.160051741039847872e-02,-8.977349139091637953e-02
9.719999999999999751e-01,2.075118409257337149e-03,1.267782168135056509e-08,7.005621182962950416e-03,2.160051741039847872e-02,-8.995859137316568332e-02
9.739999999999998659e-01,2.077273581224114984e-03,2.512698049628170338e-09,6.446295205811109798e-03,2.160051741039847872e-02,-9.014369135541498712e-02
9.759999999999999787e-01,2.079479355187041634e-03,2.966257239833680615e-09,5.885275780615192853e-03,2.160051741039847872e-02,-9.032879133766430479e-02
9.780000000000000915e-01,2.081727706144453904e-03,1.358040857546427560e-08,5.322677041843811886e-03,2.160051741039847872e-02,-9.051389131991363635e-02
9.799999999999999822e-01,2.084001702657656274e-03,2.458166126206862145e-08,4.758667560204142034e-03,2.160051741039847872e-02,-9.069899130216294014e-02
9.819999999999998730e-01,2.086284745677957631e-03,2.551684363805151179e-08,4.193343068425503528e-03,2.160051741039847872e-02,-9.088409128441223006e-02
9.839999999999999858e-01,2.088570602107098217e-03,1.513626635141207544e-08,3.626696730773297343e-03,2.160051741039847872e-02,-9.106919126666156161e-02
9.860000000000000986e-01,2.090864585642226992e-03,3.138669324442844299e-09,3.058800889157962510e-03,2.160051741039847872e-02,-9.125429124891087929e-02
9.879999999999999893e-01,2.093174124478403009e-03,9.402914002976103802e-10,2.489814624359895298e-03,2.160051741039847872e-02,-9.143939123116018308e-02
9.899999999999998801e-01,2.095498183273369897e-03,1.054743603567942500e-08,1.919845862135838299e-03,2.160051741039847872e-02,-9.162449121340948688e-02
9.919999999999999929e-01,2.097825642659145728e-03,2.268463228372041840e-08,1.348942068793836406e-03,2.160051741039847872e-02,-9.180959119565880455e-02
9.940000000000001057e-01,2.100143913810748053e-03,2.592700876213882566e-08,7.771698590029197653e-04,2.160051741039847872e-02,-9.199469117790812223e-02
9.959999999999999964e-01,2.102449269227424367e-03,1.732480880978215509e-08,2.046569975878452302e-04,2.160051741039847872e-02,-9.217979116015742602e-02
9.979999999999998872e-01,2.104749837634645182e-03,4.907845463364424177e-09,3.685050914316065720e-04,2.160051741039847872e-02,-9.236489114240672982e-02
1.000000000000000000e+00,2.107058442336495752e-03,1.857016762585317338e-10,9.422412604175651367e-04,2.160051741039847872e-02,-9.254999112465606137e-02
1.002000000000000002e+00,2.109381625294504126e-03,7.625198250593712146e-09,1.516464120650021360e-03,2.160051741039847872e-02,-9.273509110690537904e-02
1.004000000000000004e+00,2.111714932951591628e-03,2.031006329783480169e-08,2.091064181892055788e-03,2.160051741039847872e-02,-9.292019108915468284e-02
1.006000000000000005e+00,2.114049675707940779e-03,2.626781814285550354e-08,2.665957665556268133e-03,2.160051741039847872e-02,-9.310529107140398664e-02
1.008000000000000007e+00,2.116384689947126141e-03,1.983374320335684615e-08,3.241059568601619475e-03,2.160051741039847872e-02,-9.329039105365330431e-02
1.010000000000000009e+00,2.118731419784136705e-03,7.154867809333609330e-09,3.816255612036096451e-03,2.160051741039847872e-02,-9.347549103590262198e-02
1.012000000000000011e+00,2.121107476591999053e-03,2.026172563063255438e-10,4.391457400545875633e-03,2.160051741039847872e-02,-9.366059101815192578e-02
1.013999999999999790e+00,2.123525667398928896e-03,5.418445692129125746e-09,4.966587816098834950e-03,2.160051741039847872e-02,-9.384569100040122958e-02
1.016000000000000014e+00,2.125988692346703068e-03,1.789625792003590732e-08,5.541564203576539865e-03,2.160051741039847872e-02,-9.403079098265054725e-02
1.018000000000000016e+00,2.128493540532905293e-03,2.610564542315785275e-08,6.116241966613751406e-03,2.160051741039847872e-02,-9.421589096489987880e-02
1.020000000000000018e+00,2.131041445809667145e-03,2.241568941574456630e-08,6.690550724813384628e-03,2.160051741039847872e-02,-9.440099094714918260e-02
1.021999999999999797e+00,2.133645190433020034e-03,1.016759720862125960e-08,7.264415983319054415e-03,2.160051741039847872e-02,-9.458609092939847252e-02
1.024000000000000021e+00,2.136326876923555496e-03,9.047338433987306416e-10,7.837751789110428483e-03,2.160051741039847872e-02,-9.477119091164780407e-02
1.026000000000000023e+00,2.139106984734850947e-03,3.613106036581825720e-09,8.410376770388564363e-03,2.160051741039847872e-02,-9.495629089389712174e-02
1.028000000000000025e+00,2.141994981138206633e-03,1.585918629753990672e-08,8.982241232005673537e-03,2.160051741039847872e-02,-9.514139087614642554e-02
1.029999999999999805e+00,2.144991649102201414e-03,2.595529879911850912e-08,9.553303745912098549e-03,2.160051741039847872e-02,-9.532649085839572933e-02
1.032000000000000028e+00,2.148101117228740087e-03,2.447035274411035743e-08,1.012348883938489832e-02,2.160051741039847872e-02,-9.551159084064504701e-02
1.034000000000000030e+00,2.151339638664429010e-03,1.320161024942478889e-08,1.069256463214839602e-02,2.160051741039847872e-02,-9.569669082289436468e-02
1.036000000000000032e+00,2.154732740553888526e-03,2.930707898585183102e-09,1.126045092012210348e-02,2.160051741039847872e-02,-9.588179080514366848e-02
1.037999999999999812e+00,2.158304996126569897e-03,3.071438214874433470e-09,1.182713206255308486e-02,2.160051741039847872e-02,-9.606689078739297227e-02
1.040000000000000036e+00,2.162072511194490509e-03,1.350312639480932830e-08,1.239256734474935770e-02,2.160051741039847872e-02,-9.625199076964230382e-02
1.042000000000000037e+00,2.166043229955616489e-03,2.490442219116317801e-08,1.295653066523251053e-02,2.160051741039847872e-02,-9.643709075189162150e-02
1.044000000000000039e+00,2.170224372198048535e-03,2.686274647167863350e-08,1.351891425358588313e-02,2.160051741039847872e-02,-9.662219073414092529e-02
1.045999999999999819e+00,2.174631735769927410e-03,1.729271892347838957e-08,1.407971128496803004e-02,2.160051741039847872e-02,-9.680729071639022909e-02
1.048000000000000043e+00,2.179292994459847144e-03,5.169381589453792003e-09,1.463886076659917310e-02,2.160051741039847872e-02,-9.699239069863954676e-02
1.050000000000000044e+00,2.184239725959269407e-03,2.440984303575532977e-09,1.519612606455687104e-02,2.160051741039847872e-02,-9.717749068088886444e-02
1.052000000000000046e+00,2.189494928094282145e-03,1.206676225606884145e-08,1.575137624926162272e-02,2.160051741039847872e-02,-9.736259066313816823e-02
1.053999999999999826e+00,2.195069622316303537e-03,2.471451898689025484e-08,1.630468099669377460e-02,2.160051741039847872e-02,-9.754769064538747203e-02
1.056000000000000050e+00,2.200973009739537467e-03,2.840640878076783338e-08,1.685600058442778687e-02,2.160051741039847872e-02,-9.773279062763678970e-02
1.058000000000000052e+00,2.207224320477929602e-03,2.031920065537207165e-08,1.740508388552417657e-02,2.160051741039847872e-02,-9.791789060988612126e-02
1.060000000000000053e+00,2.213854011408389333e-03,8.625272274187523180e-09,1.795168980404826184e-02,2.160051741039847872e-02,-9.810299059213542505e-02
1.061999999999999833e+00,2.220895142373002784e-03,4.044086843180139113e-09,1.849590862362933408e-02,2.160051741039847872e-02,-9.828809057438471497e-02
1.064000000000000057e+00,2.228374844497449381e-03,1.065786170428850710e-08,1.903773852757621038e-02,2.160051741039847872e-02,-9.847319055663404652e-02
1.066000000000000059e+00,2.236311597764495396e-03,2.288716871579055123e-08,1.957700730595431093e-02,2.160051741039847872e-02,-9.865829053888336420e-02
1.068000000000000060e+00,2.244719096548775106e-03,2.996093084739470669e-08,2.011342237745530892e-02,2.160051741039847872e-02,-9.884339052113266799e-02
1.069999999999999840e+00,2.253614946760462701e-03,2.504199037023369101e-08,2.064707757025851381e-02,2.160051741039847872e-02,-9.902849050338197179e-02
1.072000000000000064e+00,2.263028314080206549e-03,1.246444814029246118e-08,2.117792919579999933e-02,2.160051741039847872e-02,-9.921359048563128946e-02
1.074000000000000066e+00,2.272997234145091028e-03,4.695329458570540737e-09,2.170581340775790125e-02,2.160051741039847872e-02,-9.939869046788060714e-02
1.076000000000000068e+00,2.283555775515977437e-03,9.888326601981134445e-09,2.223038632625956579e-02,2.160051741039847872e-02,-9.958379045012991093e-02
1.077999999999999847e+00,2.294724870914754966e-03,2.300647838904268383e-08,2.275181649547183133e-02,2.160051741039847872e-02,-9.976889043237921473e-02
1.080000000000000071e+00,2.306518223176845517e-03,3.129589654093933859e-08,2.327012048626920376e-02,2.160051741039847872e-02,-9.995399041462854628e-02
1.082000000000000073e+00,2.318955877590012093e-03,2.760136852408834329e-08,2.378515880683871458e-02,2.160051741039847872e-02,-1.001390903968778640e-01
1.084000000000000075e+00,2.332069739869657710e-03,1.646196057247806266e-08,2.429645801954981310e-02,2.160051741039847872e-02,-1.003241903791271677e-01
1.085999999999999854e+00,2.345897341882285936e-03,8.342695867469274162e-09,2.480412969220835429e-02,2.160051741039847872e-02,-1.005092903613764715e-01
1.088000000000000078e+00,2.360473030495580105e-03,1.031374208260160685e-08,2.530823758664954570e-02,2.160051741039847872e-02,-1.006943903436257892e-01
1.090000000000000080e+00,2.375823524610742865e-03,2.101690965705671488e-08,2.580875324669369697e-02,2.160051741039847872e-02,-1.008794903258751069e-01
1.092000000000000082e+00,2.391968445139225352e-03,3.156850980623460146e-08,2.630521366710336650e-02,2.160051741039847872e-02,-1.010645903081244107e-01
1.093999999999999861e+00,2.408926339196870714e-03,3.222994449103566694e-08,2.679768327415021911e-02,2.160051741039847872e-02,-1.012496902903737145e-01
1.096000000000000085e+00,2.426724219125930837e-03,2.178868518942778110e-08,2.728620185388316854e-02,2.160051741039847872e-02,-1.014347902726230322e-01
1.098000000000000087e+00,2.445400939338204793e-03,1.047985920266114590e-08,2.777071283840526483e-02,2.160051741039847872e-02,-1.016198902548723637e-01
1.100000000000000089e+00,2.464997220760656305e-03,1.021703432968479319e-08,2.825073450792206509e-02,2.160051741039847872e-02,-1.018049902371216675e-01
1.101999999999999869e+00,2.485542208773616757e-03,2.155400047332278746e-08,2.872633190364080880e-02,2.160051741039847872e-02,-1.019900902193709574e-01
1.104000000000000092e+00,2.507053221750155103e-03,3.312299279301100796e-08,2.919767662687283716e-02,2.160051741039847872e-02,-1.021751902016202890e-01
1.106000000000000094e+00,2.529548891827770873e-03,3.432857764718022509e-08,2.966474782193338766e-02,2.160051741039847872e-02,-1.023602901838696067e-01
1.108000000000000096e+00,2.553058865255919407e-03,2.548211563979663197e-08,3.012700454833368291e-02,2.160051741039847872e-02,-1.025453901661189104e-01
1.109999999999999876e+00,2.577620778380085298e-03,1.549047456972374448e-08,3.058433011829292392e-02,2.160051741039847872e-02,-1.027304901483682142e-01
1.112000000000000099e+00,2.603271645001292711e-03,1.300104335300034109e-08,3.103694455619782078e-02,2.160051741039847872e-02,-1.029155901306175319e-01
1.114000000000000101e+00,2.630042612810634672e-03,2.038292501449490146e-08,3.148491437661528336e-02,2.160051741039847872e-02,-1.031006901128668496e-01
1.116000000000000103e+00,2.657957330948534924e-03,3.212560684140441936e-08,3.192782915637143448e-02,2.160051741039847872e-02,-1.032857900951161534e-01
1.117999999999999883e+00,2.687034422340306428e-03,3.802037074063235877e-08,3.236547732102312835e-02,2.160051741039847872e-02,-1.034708900773654572e-01
1.120000000000000107e+00,2.717296051008344371e-03,3.185978925124288708e-08,3.279808134367268035e-02,2.160051741039847872e-02,-1.036559900596147749e-01
1.122000000000000108e+00,2.748776268633457143e-03,1.933806192955245251e-08,3.322562458190508883e-02,2.160051741039847872e-02,-1.038410900418641064e-01
1.124000000000000110e+00,2.781516605327438718e-03,1.368018587299957289e-08,3.364772245729924505e-02,2.160051741039847872e-02,-1.040261900241134102e-01
1.125999999999999890e+00,2.815551198231180940e-03,2.122597797526992736e-08,3.406408708365032956e-02,2.160051741039847872e-02,-1.042112900063627140e-01
1.127999999999999892e+00,2.850899726199451756e-03,3.419176330954343257e-08,3.447510203198325685e-02,2.160051741039847872e-02,-1.043963899886120317e-01
1.130000000000000115e+00,2.887577397142848667e-03,4.005186160505047610e-08,3.488081598347766987e-02,2.160051741039847872e-02,-1.045814899708613493e-01
1.131999999999999895e+00,2.925607990947987069e-03,3.476996013329625157e-08,3.528087447424826939e-02,2.160051741039847872e-02,-1.047665899531106531e-01
1.133999999999999897e+00,2.965024853457176590e-03,2.467897874947055925e-08,3.567474591512931337e-02,2.160051741039847872e-02,-1.049516899353599569e-01
1.135999999999999899e+00,3.005863009758469317e-03,1.872704802341473851e-08,3.606278660885711695e-02,2.160051741039847872e-02,-1.051367899176092746e-01
1.138000000000000123e+00,3.048153406347120509e-03,2.190434533755336588e-08,3.644511105947301211e-02,2.160051741039847872e-02,-1.053218898998586062e-01
1.139999999999999902e+00,3.091920519886603991e-03,3.250515834274381177e-08,3.682156810462269836e-02,2.160051741039847872e-02,-1.055069898821078961e-01
1.141999999999999904e+00,3.137181762746021896e-03,4.212856841157019971e-08,3.719158158459243135e-02,2.160051741039847872e-02,-1.056920898643571999e-01
1.143999999999999906e+00,3.183952826549152348e-03,4.140460885260210944e-08,3.755547716980753292e-02,2.160051741039847872e-02,-1.058771898466065314e-01
1.146000000000000130e+00,3.232258329880166592e-03,3.030604900366995480e-08,3.791328958317125020e-02,2.160051741039847872e-02,-1.060622898288558491e-01
1.147999999999999909e+00,3.282134226932464927e-03,2.046104763397949000e-08,3.826486737118875436e-02,2.160051741039847872e-02,-1.062473898111051529e-01
1.149999999999999911e+00,3.333615048966565020e-03,2.287521316812757277e-08,3.860956614756175242e-02,2.160051741039847872e-02,-1.064324897933544567e-01
1.151999999999999913e+00,3.386721047961560593e-03,3.507127799284859293e-08,3.894779144732091192e-02,2.160051741039847872e-02,-1.066175897756037744e-01
1.154000000000000137e+00,3.441462461546085372e-03,4.462677805072701176e-08,3.927973152727423645e-02,2.160051741039847872e-02,-1.068026897578530920e-01
1.155999999999999917e+00,3.497854072879058585e-03,4.358394289916134312e-08,3.960530009641125004e-02,2.160051741039847872e-02,-1.069877897401023958e-01
1.157999999999999918e+00,3.555920812682744625e-03,3.496595912810818163e-08,3.992368516440752968e-02,2.160051741039847872e-02,-1.071728897223516996e-01
1.159999999999999920e+00,3.615691426947398313e-03,2.701579204789084088e-08,4.023509881244188846e-02,2.160051741039847872e-02,-1.073579897046010173e-01
1.162000000000000144e+00,3.677192028547882074e-03,2.609414795351483463e-08,4.053979973134907988e-02,2.160051741039847872e-02,-1.075430896868503489e-01
1.163999999999999924e+00,3.740443859789888137e-03,3.374475399109400087e-08,4.083787468930566433e-02,2.160051741039847872e-02,-1.077281896690996527e-01
1.165999999999999925e+00,3.805461137333043808e-03,4.486820659455048599e-08,4.112862710949663492e-02,2.160051741039847872e-02,-1.079132896513489565e-01
1.167999999999999927e+00,3.872252257742792025e-03,4.945887166485363196e-08,4.141215897066416463e-02,2.160051741039847872e-02,-1.080983896335982741e-01
1.170000000000000151e+00,3.940829463945805244e-03,4.209651538467085174e-08,4.168870976199612333e-02,2.160051741039847872e-02,-1.082834896158475918e-01
1.171999999999999931e+00,4.011217280029399923e-03,3.020170202816530036e-08,4.195827616264702353e-02,2.160051741039847872e-02,-1.084685895980968956e-01
1.173999999999999932e+00,4.083445148603592756e-03,2.714970626094270756e-08,4.222016855627414023e-02,2.160051741039847872e-02,-1.086536895803461994e-01
1.175999999999999934e+00,4.157531431119632082e-03,3.649718183229566648e-08,4.247442656172956132e-02,2.160051741039847872e-02,-1.088387895625955171e-01
1.178000000000000158e+00,4.233480395506750149e-03,4.820358878721009432e-08,4.272152780109694792e-02,2.160051741039847872e-02,-1.090238895448448486e-01
1.179999999999999938e+00,4.311295580962215546e-03,5.143167736143539059e-08,4.296154346821828840e-02,2.160051741039847872e-02,-1.092089895270941385e-01
1.181999999999999940e+00,4.390989965691649566e-03,4.545962550839277583e-08,4.319377089024611927e-02,2.160051741039847872e-02,-1.093940895093434423e-01
1.183999999999999941e+00,4.472582361662924555e-03,3.706064377606566040e-08,4.341791153150753590e-02,2.160051741039847872e-02,-1.095791894915927739e-01
1.186000000000000165e+00,4.556090142716739955e-03,3.294614869808754065e-08,4.363447162392131151e-02,2.160051741039847872e-02,-1.097642894738420916e-01
1.187999999999999945e+00,4.641527127352107485e-03,3.674228221672848349e-08,4.384362462281643502e-02,2.160051741039847872e-02,-1.099493894560913954e-01
1.189999999999999947e+00,4.728901675702279483e-03,4.702527911515375081e-08,4.404493447291479846e-02,2.160051741039847872e-02,-1.101344894383406992e-01
1.191999999999999948e+00,4.818214414141319679e-03,5.559068128047073287e-08,4.423798384395238870e-02,2.160051741039847872e-02,-1.103195894205900168e-01
1.194000000000000172e+00,4.909464165792853940e-03,5.337671371563601497e-08,4.442328159377867403e-02,2.160051741039847872e-02,-1.105046894028393345e-01
1.195999999999999952e+00,5.002659745511950362e-03,4.202739467551452890e-08,4.460086296295245889e-02,2.160051741039847872e-02,-1.106897893850886383e-01
1.197999999999999954e+00,5.097819933396863235e-03,3.431563422306993516e-08,4.477032543054176861e-02,2.160051741039847872e-02,-1.108748893673379421e-01
1.199999999999999956e+00,5.194958075938616027e-03,3.923376723502514096e-08,4.493112073940125351e-02,2.160051741039847872e-02,-1.110599893495872598e-01
1.202000000000000179e+00,5.294071916894793617e-03,5.118085089073076688e-08,4.508395904926743025e-02,2.160051741039847872e-02,-1.112450893318365913e-01
1.203999999999999959e+00,5.395152708739581193e-03,5.809248215804529991e-08,4.522901890043706796e-02,2.160051741039847872e-02,-1.114301893140858951e-01
1.205999999999999961e+00,5.498198883611471466e-03,5.544815306901540453e-08,4.536598906552841148e-02,2.160051741039847872e-02,-1.116152892963351989e-01
1.207999999999999963e+00,5.603216461396054449e-03,4.793234087419051548e-08,4.549400124536762124e-02,2.160051741039847872e-02,-1.118003892785845166e-01
1.210000000000000187e+00,5.710211328767256234e-03,4.196782787957431538e-08,4.561363067272283800e-02,2.160051741039847872e-02,-1.119854892608338343e-01
1.211999999999999966e+00,5.819186420076283284e-03,4.200410952392985564e-08,4.572513233943992228e-02,2.160051741039847872e-02,-1.121705892430831381e-01
1.213999999999999968e+00,5.930141269460009745e-03,4.959795640857578292e-08,4.582847865389988451e-02,2.160051741039847872e-02,-1.123556892253324418e-01
1.215999999999999970e+00,6.043068193232414842e-03,5.997865870632779206e-08,4.592282971347183551e-02,2.160051741039847872e-02,-1.125407892075817595e-01
1.218000000000000194e+00,6.157953179773523189e-03,6.307094946311764261e-08,4.600868859722001547e-02,2.160051741039847872e-02,-1.127258891898310911e-01
1.219999999999999973e+00,6.274787359275446619e-03,5.470106867466739686e-08,4.608623103365561136e-02,2.160051741039847872e-02,-1.129109891720803810e-01
1.221999999999999975e+00,6.393574181862926586e-03,4.414290910581541993e-08,4.615537791330448503e-02,2.160051741039847872e-02,-1.130960891543296848e-01
1.223999999999999977e+00,6.514318450595135701e-03,4.390946073407064887e-08,4.621522174083769752e-02,2.160051741039847872e-02,-1.132811891365790163e-01
1.226000000000000201e+00,6.637011032399664501e-03,5.412630976753263212e-08,4.626629099703133408e-02,2.160051741039847872e-02,-1.134662891188283340e-01
1.227999999999999980e+00,6.761631206327778365e-03,6.359948445666674388e-08,4.630902911647749587e-02,2.160051741039847872e-02,-1.136513891010776378e-01
1.229999999999999982e+00,6.888161574325368797e-03,6.446142963856260621e-08,4.634346504774378150e-02,2.160051741039847872e-02,-1.138364890833269416e-01
1.231999999999999984e+00,7.016593430240969376e-03,5.877552133881636109e-08,4.636855715537235856e-02,2.160051741039847872e-02,-1.140215890655762593e-01
1.234000000000000208e+00,7.146919698698073198e-03,5.233621291900192318e-08,4.638447660643268966e-02,2.160051741039847872e-02,-1.142066890478255770e-01
1.235999999999999988e+00,7.279130389162835613e-03,4.951548038256703421e-08,4.639173475561730875e-02,2.160051741039847872e-02,-1.143917890300748808e-01
1.237999999999999989e+00,7.413213604289592418e-03,5.348380738290359204e-08,4.639054235341194543e-02,2.160051741039847872e-02,-1.145768890123241845e-01
1.239999999999999991e+00,7.549152562120520216e-03,6.331574764484315665e-08,4.638011048576123896e-02,2.160051741039847872e-02,-1.147619889945735022e-01
1.241999999999999993e+00,7.686922027731357687e-03,7.060355355914538222e-08,4.636045678216849097e-02,2.160051741039847872e-02,-1.149470889768228338e-01
1.243999999999999995e+00,7.826496009453065561e-03,6.688020204315137107e-08,4.633210213777672060e-02,2.160051741039847872e-02,-1.151321889590721376e-01
1.245999999999999996e+00,7.967859815315891936e-03,5.589763574231909615e-08,4.629509621420935250e-02,2.160051741039847872e-02,-1.153172889413214414e-01
1.247999999999999998e+00,8.111006324904801446e-03,5.085236520763203316e-08,4.624867520817399491e-02,2.160051741039847872e-02,-1.155023889235707590e-01
1.250000000000000000e+00,8.255919131920919085e-03,5.766791566497175836e-08,4.619270739284442318e-02,2.160051741039847872e-02,-1.156874889058200767e-01
1.252000000000000002e+00,8.402567083978573770e-03,6.819514664080372768e-08,4.612802894576867319e-02,2.160051741039847872e-02,-1.158725888880693805e-01
1.254000000000000004e+00,8.550917292363013900e-03,7.227361731310111281e-08,4.605482232441915347e-02,2.160051741039847872e-02,-1.160576888703186843e-01
1.256000000000000005e+00,8.700945464611531399e-03,6.894176152183462136e-08,4.597239201637015604e-02,2.160051741039847872e-02,-1.162427888525680020e-01
1.258000000000000007e+00,8.852631248201237035e-03,6.311930300650914205e-08,4.588015094723407739e-02,2.160051741039847872e-02,-1.164278888348173335e-01
1.260000000000000009e+00,9.005951445331450422e-03,5.876399211679483869e-08,4.577889360952847042e-02,2.160051741039847872e-02,-1.166129888170666234e-01
1.261999999999999789e+00,9.160881240367624301e-03,5.920831691597072677e-08,4.566889253183292752e-02,2.160051741039847872e-02,-1.167980887993159272e-01
1.264000000000000012e+00,9.317393887659619622e-03,6.656457074427635234e-08,4.554982414749020325e-02,2.160051741039847872e-02,-1.169831887815652588e-01
1.266000000000000014e+00,9.475454880615519215e-03,7.600967688592419336e-08,4.542101447986379714e-02,2.160051741039847872e-02,-1.171682887638145765e-01
1.268000000000000016e+00,9.635023870170900118e-03,7.741455021470500242e-08,4.528325551358070022e-02,2.160051741039847872e-02,-1.173533887460638803e-01
1.269999999999999796e+00,9.796067750247106076e-03,6.845901012741961722e-08,4.513666172049946024e-02,2.160051741039847872e-02,-1.175384887283131841e-01
1.272000000000000020e+00,9.958564978999606687e-03,5.996730378932113581e-08,4.498091365064427194e-02,2.160051741039847872e-02,-1.177235887105625017e-01
1.274000000000000021e+00,1.012249134921927585e-02,6.236210048360391056e-08,4.481516766846582733e-02,2.160051741039847872e-02,-1.179086886928118194e-01
1.276000000000000023e+00,1.028780766534354019e-02,7.226867149157101267e-08,4.464039128332086825e-02,2.160051741039847872e-02,-1.180937886750611232e-01
1.277999999999999803e+00,1.045446763038426763e-02,7.886604147522291441e-08,4.445694576581504798e-02,2.160051741039847872e-02,-1.182788886573104270e-01
1.280000000000000027e+00,1.062243179870547838e-02,7.803942669859509351e-08,4.426466390495076286e-02,2.160051741039847872e-02,-1.184639886395597447e-01
1.282000000000000028e+00,1.079166716420554284e-02,7.349084718555332074e-08,4.406238458149291937e-02,2.160051741039847872e-02,-1.186490886218090762e-01
1.284000000000000030e+00,1.096213870468620843e-02,6.889852677272045867e-08,4.385079056908647299e-02,2.160051741039847872e-02,-1.188341886040583800e-01
1.285999999999999810e+00,1.113380892645166043e-02,6.677248109987488078e-08,4.363031542992268363e-02,2.160051741039847872e-02,-1.190192885863076838e-01
1.288000000000000034e+00,1.130664064423747561e-02,7.064002838230720727e-08,4.340109311850848250e-02,2.160051741039847872e-02,-1.192043885685570015e-01
1.290000000000000036e+00,1.148059188383465656e-02,7.987544670129409496e-08,4.316211162672600743e-02,2.160051741039847872e-02,-1.193894885508063192e-01
1.292000000000000037e+00,1.165561210305066098e-02,8.560389741507634653e-08,4.291393893428652184e-02,2.160051741039847872e-02,-1.195745885330556230e-01
1.293999999999999817e+00,1.183165223981463843e-02,8.054344757812970101e-08,4.265696982359490352e-02,2.160051741039847872e-02,-1.197596885153049268e-01
1.296000000000000041e+00,1.200867549220818731e-02,7.069861041042457828e-08,4.239121131098400053e-02,2.160051741039847872e-02,-1.199447884975542444e-01
1.298000000000000043e+00,1.218664933841762110e-02,6.855505219061086564e-08,4.211559725868097015e-02,2.160051741039847872e-02,-1.201298884798035621e-01
1.300000000000000044e+00,1.236552924833922429e-02,7.627735165716131860e-08,4.183061838372570396e-02,2.160051741039847872e-02,-1.203149884620528659e-01
1.301999999999999824e+00,1.254525918239735027e-02,8.437290954788068120e-08,4.153704051514806039e-02,2.160051741039847872e-02,-1.205000884443021697e-01
1.304000000000000048e+00,1.272578646334487917e-02,8.591139499802835644e-08,4.123502391446864923e-02,2.160051741039847872e-02,-1.206851884265515013e-01
1.306000000000000050e+00,1.290706684093967382e-02,8.287571506837565494e-08,4.092345951065790022e-02,2.160051741039847872e-02,-1.208702884088008189e-01
1.308000000000000052e+00,1.308905606578736336e-02,7.896600306978029948e-08,4.060233178736016857e-02,2.160051741039847872e-02,-1.210553883910501227e-01
1.309999999999999831e+00,1.327170616078598986e-02,7.566003812353727653e-08,4.027243819868953079e-02,2.160051741039847872e-02,-1.212404883732994265e-01
1.312000000000000055e+00,1.345497002919227025e-02,7.611682761865523617e-08,3.993408583969271231e-02,2.160051741039847872e-02,-1.214255883555487442e-01
1.314000000000000057e+00,1.363879972401071949e-02,8.311914045933121997e-08,3.958654622874913098e-02,2.160051741039847872e-02,-1.216106883377980619e-01
1.316000000000000059e+00,1.382313911138988161e-02,9.134023037926652933e-08,3.922964235656856147e-02,2.160051741039847872e-02,-1.217957883200473657e-01
1.317999999999999838e+00,1.400792795555594328e-02,9.098549080821527468e-08,3.886421720438315575e-02,2.160051741039847872e-02,-1.219808883022966695e-01
1.320000000000000062e+00,1.419311557996072448e-02,8.210461566182658544e-08,3.849036817729656335e-02,2.160051741039847872e-02,-1.221659882845459871e-01
1.322000000000000064e+00,1.437866104957630231e-02,7.626541231875449967e-08,3.810738915986899844e-02,2.160051741039847872e-02,-1.223510882667953187e-01
1.324000000000000066e+00,1.456451703801775466e-02,8.065353374053785274e-08,3.771486869822526788e-02,2.160051741039847872e-02,-1.225361882490446225e-01
1.325999999999999845e+00,1.475062252316738931e-02,8.902602122162761589e-08,3.731398193264279239e-02,2.160051741039847872e-02,-1.227212882312939263e-01
1.328000000000000069e+00,1.493691509403860529e-02,9.256855981742972972e-08,3.690503666044242514e-02,2.160051741039847872e-02,-1.229063882135432439e-01
1.330000000000000071e+00,1.512334140213755784e-02,9.099526143696579084e-08,3.648748566855619657e-02,2.160051741039847872e-02,-1.230914881957925616e-01
1.332000000000000073e+00,1.530985120508465691e-02,8.814929908229629518e-08,3.606041857012043383e-02,2.160051741039847872e-02,-1.232765881780418654e-01
1.333999999999999853e+00,1.549638991200175120e-02,8.499469172917883952e-08,3.562485325374797895e-02,2.160051741039847872e-02,-1.234616881602911692e-01
1.336000000000000076e+00,1.568290256138094030e-02,8.304836085493150222e-08,3.518116155718831184e-02,2.160051741039847872e-02,-1.236467881425404869e-01
1.338000000000000078e+00,1.586933664152534451e-02,8.667808548690203452e-08,3.472921193166700338e-02,2.160051741039847872e-02,-1.238318881247898046e-01
1.340000000000000080e+00,1.605563460541881149e-02,9.508813780811919969e-08,3.426809129704067036e-02,2.160051741039847872e-02,-1.240169881070391084e-01
1.341999999999999860e+00,1.624173123424588194e-02,9.900102893034556928e-08,3.379879734946578118e-02,2.160051741039847872e-02,-1.242020880892884122e-01
1.344000000000000083e+00,1.642756574189130347e-02,9.303822368078584759e-08,3.332157253005607611e-02,2.160051741039847872e-02,-1.243871880715377437e-01
1.346000000000000085e+00,1.661308961793594996e-02,8.512672811100685522e-08,3.283622865442170635e-02,2.160051741039847872e-02,-1.245722880537870614e-01
1.348000000000000087e+00,1.679825484665997681e-02,8.570327592050119847e-08,3.234166985146236240e-02,2.160051741039847872e-02,-1.247573880360363652e-01
1.349999999999999867e+00,1.698300053303114510e-02,9.310249549088212007e-08,3.183897658272138997e-02,2.160051741039847872e-02,-1.249424880182856690e-01
1.352000000000000091e+00,1.716725944298069795e-02,9.811176560070578034e-08,3.132874563740872809e-02,2.160051741039847872e-02,-1.251275880005349728e-01
1.354000000000000092e+00,1.735097208439262406e-02,9.782150534043410062e-08,3.081099095520756226e-02,2.160051741039847872e-02,-1.253126879827843043e-01
1.356000000000000094e+00,1.753408556337010538e-02,9.593427618970196136e-08,3.028437921113658060e-02,2.160051741039847872e-02,-1.254977879650336081e-01
1.357999999999999874e+00,1.771654353823137740e-02,9.379110776919219461e-08,2.974954737684309958e-02,2.160051741039847872e-02,-1.256828879472829119e-01
1.360000000000000098e+00,1.789828690687111923e-02,9.094837871703731480e-08,2.920714454880390942e-02,2.160051741039847872e-02,-1.258679879295322435e-01
1.362000000000000099e+00,1.807926037440921174e-02,9.119861210660218376e-08,2.865744219973942464e-02,2.160051741039847872e-02,-1.260530879117815473e-01
1.364000000000000101e+00,1.825940825699401415e-02,9.770196707226119770e-08,2.809939092137592187e-02,2.160051741039847872e-02,-1.262381878940308511e-01
1.365999999999999881e+00,1.843866675250194209e-02,1.043558778279773946e-07,2.753348078712891667e-02,2.160051741039847872e-02,-1.264232878762801549e-01
1.368000000000000105e+00,1.861697072353674098e-02,1.023961568868969607e-07,2.696038837279712830e-02,2.160051741039847872e-02,-1.266083878585294864e-01
1.370000000000000107e+00,1.879426632332303893e-02,9.442082027355525042e-08,2.638018695098121036e-02,2.160051741039847872e-02,-1.267934878407788180e-01
1.372000000000000108e+00,1.897050654191112518e-02,9.151128421702736659e-08,2.579178866476450338e-02,2.160051741039847872e-02,-1.269785878230280940e-01
1.373999999999999888e+00,1.914563529286517074e-02,9.687209578945754629e-08,2.519548246934621982e-02,2.160051741039847872e-02,-1.271636878052773978e-01
1.375999999999999890e+00,1.931958634777974915e-02,1.026691267558277332e-07,2.459237469520314523e-02,2.160051741039847872e-02,-1.273487877875267293e-01
1.378000000000000114e+00,1.949229790880879776e-02,1.034752663553462071e-07,2.398274111173348544e-02,2.160051741039847872e-02,-1.275338877697760609e-01
1.379999999999999893e+00,1.966371757246343499e-02,1.021623554642303588e-07,2.336557137692618635e-02,2.160051741039847872e-02,-1.277189877520253647e-01
1.381999999999999895e+00,1.983379220611836136e-02,1.012185518733943468e-07,2.274055543884578867e-02,2.160051741039847872e-02,-1.279040877342746685e-01
1.383999999999999897e+00,2.000246365658164827e-02,9.893688024398272773e-08,2.210875878481066703e-02,2.160051741039847872e-02,-1.280891877165239723e-01
1.386000000000000121e+00,2.016967647182910106e-02,9.682353663276188627e-08,2.147054506329670875e-02,2.160051741039847872e-02,-1.282742876987733038e-01
1.387999999999999901e+00,2.033537916539940316e-02,1.001297312841487042e-07,2.082536442173199553e-02,2.160051741039847872e-02,-1.284593876810226076e-01
1.389999999999999902e+00,2.049951485167600396e-02,1.073864919209910340e-07,2.017278073139772143e-02,2.160051741039847872e-02,-1.286444876632719114e-01
1.391999999999999904e+00,2.066202086929047610e-02,1.093732718837614470e-07,1.951392985797573143e-02,2.160051741039847872e-02,-1.288295876455212152e-01
1.394000000000000128e+00,2.082284186352689748e-02,1.032081735630185904e-07,1.884896294244087223e-02,2.160051741039847872e-02,-1.290146876277705468e-01
1.395999999999999908e+00,2.098193340559773024e-02,9.787868493482676513e-08,1.817732347767053724e-02,2.160051741039847872e-02,-1.291997876100198506e-01
1.397999999999999909e+00,2.113924785505894022e-02,1.005411544019452208e-07,1.749828164429134691e-02,2.160051741039847872e-02,-1.293848875922691544e-01
1.399999999999999911e+00,2.129472596337922408e-02,1.063593796368778044e-07,1.681324769836156641e-02,2.160051741039847872e-02,-1.295699875745184859e-01
1.402000000000000135e+00,2.144830826568411286e-02,1.081120348800368447e-07,1.612267036656178654e-02,2.160051741039847872e-02,-1.297550875567677897e-01
1.403999999999999915e+00,2.159994574711854298e-02,1.069692807664779366e-07,1.542622841820384672e-02,2.160051741039847872e-02,-1.299401875390170935e-01
1.405999999999999917e+00,2.174959272922361020e-02,1.067969133128343628e-07,1.472273692882675178e-02,2.174959272922361020e-02,-1.301252875212663973e-01
1.407999999999999918e+00,2.189719768002895695e-02,1.059994666485764014e-07,1.401330824205870851e-02,2.189719768002895695e-02,-1.303103875035157289e-01
1.410000000000000142e+00,2.204270868804814043e-02,1.031398528805738124e-07,1.329842542003911721e-02,2.204270868804814043e-02,-1.304954874857650604e-01
1.411999999999999922e+00,2.218608021317347578e-02,1.030945928626181285e-07,1.257815434367859364e-02,2.218608021317347578e-02,-1.306805874680143364e-01
1.413999999999999924e+00,2.232726612732083282e-02,1.088601196963523421e-07,1.185142392625160301e-02,2.232726612732083282e-02,-1.308656874502636402e-01
1.415999999999999925e+00,2.246621291786132790e-02,1.136476416307985460e-07,1.111929714446513451e-02,2.246621291786132790e-02,-1.310507874325129718e-01
1.418000000000000149e+00,2.260286887172746617e-02,1.105317084526546978e-07,1.038219960828845601e-02,2.260286887172746617e-02,-1.312358874147623033e-01
1.419999999999999929e+00,2.273719400465989970e-02,1.043241247833393004e-07,9.640067244258365697e-03,2.273719400465989970e-02,-1.314209873970116071e-01
1.421999999999999931e+00,2.286915144873435946e-02,1.041948034519180055e-07,8.891658254912115922e-03,2.286915144873435946e-02,-1.316060873792609109e-01
1.423999999999999932e+00,2.299869414446908955e-02,1.092755416154389536e-07,8.137978941204271344e-03,2.299869414446908955e-02,-1.317911873615102147e-01
1.426000000000000156e+00,2.312577007728988665e-02,1.118349961526377001e-07,7.379891790236459137e-03,2.312577007728988665e-02,-1.319762873437595463e-01
1.427999999999999936e+00,2.325033638507700839e-02,1.106484097679327760e-07,6.617570150067031420e-03,2.325033638507700839e-02,-1.321613873260088501e-01
1.429999999999999938e+00,2.337235785395797016e-02,1.104690995346047089e-07,5.849669150658098893e-03,2.337235785395797016e-02,-1.323464873082581539e-01
1.431999999999999940e+00,2.349179481520036195e-02,1.112757477272907636e-07,5.076623989443529439e-03,2.349179481520036195e-02,-1.325315872905074577e-01
1.434000000000000163e+00,2.360860346099069584e-02,1.093010711938902091e-07,4.299311037975650507e-03,2.360860346099069584e-02,-1.327166872727567892e-01
1.435999999999999943e+00,2.372274588651490657e-02,1.068534589698799664e-07,3.518075518102681265e-03,2.372274588651490657e-02,-1.329017872550060930e-01
1.437999999999999945e+00,2.383418868812769986e-02,1.097090226442887229e-07,2.731966539459396159e-03,2.383418868812769986e-02,-1.330868872372553968e-01
1.439999999999999947e+00,2.394289278995187509e-02,1.154372133438386072e-07,1.941263253349978513e-03,2.394289278995187509e-02,-1.332719872195047284e-01
1.442000000000000171e+00,2.404881586824425543e-02,1.156446962635726550e-07,1.146937919648260973e-03,2.404881586824425543e-02,-1.334570872017540322e-01
1.443999999999999950e+00,2.415192482645689420e-02,1.101639800493714461e-07,3.490985419245529187e-04,2.415192482645689420e-02,-1.336421871840033360e-01
1.445999999999999952e+00,2.425219469926009896e-02,1.077491351697545952e-07,4.532373208969708855e-04,2.425219469926009896e-02,-1.338272871662526398e-01
1.447999999999999954e+00,2.434959428742000664e-02,1.114769074828103612e-07,1.260103233332254824e-03,2.434959428742000664e-02,-1.340123871485019713e-01
1.450000000000000178e+00,2.444408399253350517e-02,1.146572947696711253e-07,2.070107304706469975e-03,2.444408399253350517e-02,-1.341974871307513029e-01
1.451999999999999957e+00,2.453562987331714407e-02,1.134931081336887360e-07,2.882886657982863809e-03,2.453562987331714407e-02,-1.343825871130005789e-01
1.453999999999999959e+00,2.462420882903382235e-02,1.125377676602923316e-07,3.699229859615571492e-03,2.462420882903382235e-02,-1.345676870952498827e-01
1.455999999999999961e+00,2.470979689568963966e-02,1.142883908622494005e-07,4.519778802692608899e-03,2.470979689568963966e-02,-1.347527870774992143e-01
1.458000000000000185e+00,2.479236315452981732e-02,1.142838076395591429e-07,5.343283397920339794e-03,2.479236315452981732e-02,-1.349378870597485458e-01
1.459999999999999964e+00,2.487187936854340364e-02,1.111063110403875953e-07,6.169354433684604011e-03,2.487187936854340364e-02,-1.351229870419978496e-01
1.461999999999999966e+00,2.494832526893553393e-02,1.107172478143070293e-07,6.998311361146147824e-03,2.494832526893553393e-02,-1.353080870242471534e-01
1.463999999999999968e+00,2.502167924794485021e-02,1.154051592067162346e-07,7.830848099217635472e-03,2.502167924794485021e-02,-1.354931870064964572e-01
1.466000000000000192e+00,2.509191363460505642e-02,1.181970655794728486e-07,8.665642745369184219e-03,2.509191363460505642e-02,-1.356782869887457887e-01
1.467999999999999972e+00,2.515900525043490710e-02,1.146617858438503390e-07,9.502468801636188012e-03,2.515900525043490710e-02,-1.358633869709950925e-01
1.469999999999999973e+00,2.522294135514624447e-02,1.109358958029105224e-07,1.034170176891613391e-02,2.522294135514624447e-02,-1.360484869532443963e-01
1.471999999999999975e+00,2.528370831335768898e-02,1.129791390441781118e-07,1.118434834482928686e-02,2.528370831335768898e-02,-1.362335869354937001e-01
1.474000000000000199e+00,2.534128296950366455e-02,1.165110935508195666e-07,1.202893647185099280e-02,2.534128296950366455e-02,-1.364186869177430317e-01
1.475999999999999979e+00,2.539564303373775811e-02,1.156707813976254329e-07,1.287486398001480570e-02,2.539564303373775811e-02,-1.366037868999923355e-01
1.477999999999999980e+00,2.544677803364447932e-02,1.135015229580815799e-07,1.372222369381603801e-02,2.544677803364447932e-02,-1.367888868822416393e-01
1.479999999999999982e+00,2.549468151895573076e-02,1.150456281351353027e-07,1.457235699241865579e-02,2.549468151895573076e-02,-1.369739868644909708e-01
1.482000000000000206e+00,2.553933951456088813e-02,1.171951699019402326e-07,1.542422392260234254e-02,2.553933951456088813e-02,-1.371590868467402746e-01
1.483999999999999986e+00,2.558073592114573636e-02,1.150839521457669434e-07,1.627721703283269150e-02,2.558073592114573636e-02,-1.373441868289895784e-01
1.485999999999999988e+00,2.561886309222527469e-02,1.122588189073070453e-07,1.713113145890254874e-02,2.561886309222527469e-02,-1.375292868112388822e-01
1.487999999999999989e+00,2.565371736793886637e-02,1.144346984949251578e-07,1.798707710302793750e-02,2.565371736793886637e-02,-1.377143867934882138e-01
1.489999999999999991e+00,2.568528938415537421e-02,1.183185711628453873e-07,1.884409522105157109e-02,2.568528938415537421e-02,-1.378994867757375453e-01
1.491999999999999993e+00,2.571356909146960135e-02,1.172131781634888625e-07,1.970154184586103696e-02,2.571356909146960135e-02,-1.380845867579868214e-01
1.493999999999999995e+00,2.573855598357199792e-02,1.133403296771362534e-07,2.055940264341116208e-02,2.573855598357199792e-02,-1.382696867402361252e-01
1.495999999999999996e+00,2.576025372501211663e-02,1.137389901151308891e-07,2.141892962505542730e-02,2.576025372501211663e-02,-1.384547867224854567e-01
1.497999999999999998e+00,2.577865794951084144e-02,1.172844531494021680e-07,2.227937151033543284e-02,2.577865794951084144e-02,-1.386398867047347883e-01
1.500000000000000000e+00,2.579376044206860286e-02,1.171647766584626993e-07,2.313961718818280389e-02,2.579376044206860286e-02,-1.388249866869840921e-01
1.502000000000000002e+00,2.580556312894932702e-02,1.138532635946987170e-07,2.399939279092944133e-02,2.580556312894932702e-02,-1.390100866692333959e-01
1.504000000000000004e+00,2.581407670430868606e-02,1.139911339764765330e-07,2.485990129022863648e-02,2.581407670430868606e-02,-1.391951866514826996e-01
1.506000000000000005e+00,2.581930651936237275e-02,1.175348488535732372e-07,2.572102400352549445e-02,2.581930651936237275e-02,-1.393802866337320312e-01
1.508000000000000007e+00,2.582125115970845819e-02,1.177876393088084228e-07,2.658169291657452860e-02,2.582125115970845819e-02,-1.395653866159813350e-01
1.510000000000000009e+00,2.581991487540757912e-02,1.141700848306115290e-07,2.744156159128618988e-02,2.582125115970845819e-02,-1.397504865982306388e-01
1.512000000000000011e+00,2.581531018867422311e-02,1.133365347127934797e-07,2.830138546586358217e-02,2.582125115970845819e-02,-1.399355865804799426e-01
1.514000000000000012e+00,2.580744725275330165e-02,1.165663535696026543e-07,2.916118080552909664e-02,2.582125115970845819e-02,-1.401206865627292741e-01
1.516000000000000014e+00,2.579633179664886367e-02,1.175145148968326225e-07,3.001973677434832677e-02,2.582125115970845819e-02,-1.403057865449785779e-01
1.517999999999999794e+00,2.578197556067840512e-02,1.144947947562258150e-07,3.087693355515108706e-02,2.582125115970845819e-02,-1.404908865272278817e-01
1.520000000000000018e+00,2.576439771819571956e-02,1.136428332548788944e-07,3.173356587035347509e-02,2.582125115970845819e-02,-1.406759865094772133e-01
1.522000000000000020e+00,2.574361290082305409e-02,1.168639739423937840e-07,3.259003293407469748e-02,2.582125115970845819e-02,-1.408610864917265171e-01
1.524000000000000021e+00,2.571962858630572057e-02,1.177915681660479663e-07,3.344478847427811985e-02,2.582125115970845819e-02,-1.410461864739758209e-01
1.525999999999999801e+00,2.569245849514523172e-02,1.139061572841271186e-07,3.429740899991973180e-02,2.582125115970845819e-02,-1.412312864562251247e-01
1.528000000000000025e+00,2.566212824146407723e-02,1.118268444511016924e-07,3.514841100944299246e-02,2.582125115970845819e-02,-1.414163864384744562e-01
1.530000000000000027e+00,2.562866257101603651e-02,1.153339221904303713e-07,3.599872325697539566e-02,2.582125115970845819e-02,-1.416014864207237600e-01
1.532000000000000028e+00,2.559207669151741804e-02,1.183043183416998545e-07,3.684705196505244640e-02,2.582125115970845819e-02,-1.417865864029730638e-01
1.533999999999999808e+00,2.555238625862765733e-02,1.157965714426723025e-07,3.769299566311290484e-02,2.582125115970845819e-02,-1.419716863852223676e-01
1.536000000000000032e+00,2.550961677445318099e-02,1.125802128187913809e-07,3.853666562417468189e-02,2.582125115970845819e-02,-1.421567863674716992e-01
1.538000000000000034e+00,2.546379636799189772e-02,1.137452850796805137e-07,3.937894752208170868e-02,2.582125115970845819e-02,-1.423418863497210307e-01
1.540000000000000036e+00,2.541494777038511010e-02,1.156577671412861719e-07,4.021849925421450145e-02,2.582125115970845819e-02,-1.425269863319703345e-01
1.541999999999999815e+00,2.536309500435185438e-02,1.140095157170506468e-07,4.105499195992912131e-02,2.582125115970845819e-02,-1.427120863142196383e-01
1.544000000000000039e+00,2.530827007809843820e-02,1.125172427451914814e-07,4.188864698620586857e-02,2.582125115970845819e-02,-1.428971862964689421e-01
1.546000000000000041e+00,2.525050468532163972e-02,1.151656598974426515e-07,4.272064048911650147e-02,2.582125115970845819e-02,-1.430822862787182737e-01
1.548000000000000043e+00,2.518982227358701476e-02,1.172725924147854926e-07,4.354964169573993793e-02,2.582125115970845819e-02,-1.432673862609675774e-01
1.549999999999999822e+00,2.512624753179459880e-02,1.136981621074895088e-07,4.437489980471165385e-02,2.582125115970845819e-02,-1.434524862432168812e-01
1.552000000000000046e+00,2.505981758836128837e-02,1.092740006258807739e-07,4.519633892871555148e-02,2.582125115970845819e-02,-1.436375862254661850e-01
1.554000000000000048e+00,2.499057416841887758e-02,1.111310601320525393e-07,4.601530460636826803e-02,2.582125115970845819e-02,-1.438226862077155166e-01
1.556000000000000050e+00,2.491854964409156992e-02,1.160970433122798795e-07,4.683099141330893112e-02,2.582125115970845819e-02,-1.440077861899648204e-01
1.557999999999999829e+00,2.484377087907085890e-02,1.162024227951974353e-07,4.764267217427609058e-02,2.582125115970845819e-02,-1.441928861722141242e-01
1.560000000000000053e+00,2.476627268734721277e-02,1.121369967993501859e-07,4.845009552957724175e-02,2.582125115970845819e-02,-1.443779861544634557e-01
1.562000000000000055e+00,2.468609723935966116e-02,1.106491027691447471e-07,4.925428956465494057e-02,2.582125115970845819e-02,-1.445630861367127595e-01
1.564000000000000057e+00,2.460328336477424216e-02,1.121121235847510889e-07,5.005455214534115793e-02,2.582125115970845819e-02,-1.447481861189620633e-01
1.565999999999999837e+00,2.451786709549164112e-02,1.117049883703202795e-07,5.085003277352162510e-02,2.582125115970845819e-02,-1.449332861012113671e-01
1.568000000000000060e+00,2.442989037322962353e-02,1.101734182773483894e-07,5.164069601557197409e-02,2.582125115970845819e-02,-1.451183860834606987e-01
1.570000000000000062e+00,2.433939829553388723e-02,1.121476123078224418e-07,5.242767909979784147e-02,2.582125115970845819e-02,-1.453034860657100025e-01
1.572000000000000064e+00,2.424642886316308310e-02,1.153278108567690197e-07,5.321061025858120352e-02,2.582125115970845819e-02,-1.454885860479593063e-01
1.573999999999999844e+00,2.415101660140184237e-02,1.129968586477403392e-07,5.398820909148838165e-02,2.582125115970845819e-02,-1.456736860302086101e-01
1.576000000000000068e+00,2.405320629065144100e-02,1.068492909706009186e-07,5.476016941029404617e-02,2.582125115970845819e-02,-1.458587860124579416e-01
1.578000000000000069e+00,2.395305215117349285e-02,1.057984516661392149e-07,5.552744802859599371e-02,2.582125115970845819e-02,-1.460438859947072732e-01
1.580000000000000071e+00,2.385060225178803339e-02,1.111817198307107901e-07,5.629028253583134855e-02,2.582125115970845819e-02,-1.462289859769565770e-01
1.581999999999999851e+00,2.374589441919006116e-02,1.144787553641890554e-07,5.704750499727828661e-02,2.582125115970845819e-02,-1.464140859592058808e-01
1.584000000000000075e+00,2.363896948405219689e-02,1.114859504713905380e-07,5.779882227150923146e-02,2.582125115970845819e-02,-1.465991859414551846e-01
1.586000000000000076e+00,2.352987821225382969e-02,1.078009483901354315e-07,5.854476105405415076e-02,2.582125115970845819e-02,-1.467842859237045161e-01
1.588000000000000078e+00,2.341867227204819102e-02,1.075888840240679656e-07,5.928564473289843484e-02,2.582125115970845819e-02,-1.469693859059538199e-01
1.589999999999999858e+00,2.330539858312863366e-02,1.076998246141158688e-07,6.002015188481890640e-02,2.582125115970845819e-02,-1.471544858882031237e-01
1.592000000000000082e+00,2.319010627932771573e-02,1.064806096628956311e-07,6.074815593730920060e-02,2.582125115970845819e-02,-1.473395858704524275e-01
1.594000000000000083e+00,2.307284925234132089e-02,1.078133893273047761e-07,6.147024272855650118e-02,2.582125115970845819e-02,-1.475246858527017590e-01
1.596000000000000085e+00,2.295367691869953930e-02,1.117598285027554539e-07,6.218713150142263224e-02,2.582125115970845819e-02,-1.477097858349510628e-01
1.597999999999999865e+00,2.283263196638740666e-02,1.113899232851878196e-07,6.289730635214219046e-02,2.582125115970845819e-02,-1.478948858172003666e-01
1.600000000000000089e+00,2.270976310302708079e-02,1.047211090066113570e-07,6.360030422659856963e-02,2.582125115970845819e-02,-1.480799857994496982e-01
1.602000000000000091e+00,2.258513129035111255e-02,1.002784298931302942e-07,6.429639571294942790e-02,2.582125115970845819e-02,-1.482650857816990020e-01
1.604000000000000092e+00,2.245879666061045832e-02,1.041383506095172606e-07,6.498668244873229138e-02,2.582125115970845819e-02,-1.484501857639483058e-01
1.605999999999999872e+00,2.233080711361190573e-02,1.100525791608575332e-07,6.566999507502602196e-02,2.582125115970845819e-02,-1.486352857461976096e-01
1.608000000000000096e+00,2.220120703517813876e-02,1.097849314790622088e-07,6.634592138945627493e-02,2.582125115970845819e-02,-1.488203857284469411e-01
1.610000000000000098e+00,2.207005000750850154e-02,1.052793391354001074e-07,6.701444285644542198e-02,2.582125115970845819e-02,-1.490054857106962449e-01
1.612000000000000099e+00,2.193739525212745622e-02,1.028239624556448462e-07,6.767652751960218094e-02,2.582125115970845819e-02,-1.491905856929455487e-01
1.613999999999999879e+00,2.180329811289127839e-02,1.024131666138572427e-07,6.833099689177590808e-02,2.582125115970845819e-02,-1.493756856751948525e-01
1.616000000000000103e+00,2.166781239357329358e-02,1.014489879880287049e-07,6.897740799566198788e-02,2.582125115970845819e-02,-1.495607856574441841e-01
1.618000000000000105e+00,2.153099603978592125e-02,1.022210602830142534e-07,6.961589130780221346e-02,2.582125115970845819e-02,-1.497458856396935156e-01
1.620000000000000107e+00,2.139290542939953355e-02,1.065069579198052452e-07,7.024765207196159711e-02,2.582125115970845819e-02,-1.499309856219428194e-01
1.621999999999999886e+00,2.125358896231854811e-02,1.084214769075941831e-07,7.087168022746859197e-02,2.582125115970845819e-02,-1.501160856041921232e-01
1.624000000000000110e+00,2.111309600244826168e-02,1.026832980866032585e-07,7.148711499219428944e-02,2.582125115970845819e-02,-1.503011855864414270e-01
1.626000000000000112e+00,2.097148823076599999e-02,9.531526146133728616e-08,7.209380312133784052e-02,2.582125115970845819e-02,-1.504862855686907586e-01
1.627999999999999892e+00,2.082883237565746892e-02,9.595529470995955990e-08,7.269295159002153728e-02,2.582125115970845819e-02,-1.506713855509400624e-01
1.629999999999999893e+00,2.068518435176347481e-02,1.028984510931252316e-07,7.328410126502649113e-02,2.582125115970845819e-02,-1.508564855331893662e-01
1.631999999999999895e+00,2.054059043399969475e-02,1.061576212491033289e-07,7.386644550179299884e-02,2.582125115970845819e-02,-1.510415855154386700e-01
1.634000000000000119e+00,2.039510201669081368e-02,1.026898863720759891e-07,7.443977612684438139e-02,2.582125115970845819e-02,-1.512266854976880015e-01
1.635999999999999899e+00,2.024877945428638082e-02,9.834217218340768341e-08,7.500495194154177536e-02,2.582125115970845819e-02,-1.514117854799373053e-01
1.637999999999999901e+00,2.010168250825261627e-02,9.646772924920554715e-08,7.556161933513938500e-02,2.582125115970845819e-02,-1.515968854621866091e-01
1.639999999999999902e+00,1.995386711719049355e-02,9.529127886764854338e-08,7.610879501020451077e-02,2.582125115970845819e-02,-1.517819854444359406e-01
1.642000000000000126e+00,1.980539106438461427e-02,9.550464119545409858e-08,7.664646642270711574e-02,2.582125115970845819e-02,-1.519670854266852444e-01
1.643999999999999906e+00,1.965631261269440433e-02,9.966036684794232769e-08,7.717557400054098071e-02,2.582125115970845819e-02,-1.521521854089345482e-01
1.645999999999999908e+00,1.950668263602195474e-02,1.037298416051157801e-07,7.769615859524381385e-02,2.582125115970845819e-02,-1.523372853911838520e-01
1.647999999999999909e+00,1.935654836697553449e-02,1.002440884745325889e-07,7.820690785446093862e-02,2.582125115970845819e-02,-1.525223853734331836e-01
1.650000000000000133e+00,1.920596681684283435e-02,9.126002076254025042e-08,7.870753859664725294e-02,2.582125115970845819e-02,-1.527074853556824874e-01
1.651999999999999913e+00,1.905500481672195434e-02,8.775773918667795215e-08,7.919872920036175046e-02,2.582125115970845819e-02,-1.528925853379317912e-01
1.653999999999999915e+00,1.890372279801577626e-02,9.358840169504389905e-08,7.968102630674223086e-02,2.582125115970845819e-02,-1.530776853201810950e-01
1.655999999999999917e+00,1.875216767619780622e-02,1.000072072931956768e-07,8.015329801864867765e-02,2.582125115970845819e-02,-1.532627853024304265e-01
1.658000000000000140e+00,1.860038515940176662e-02,9.929653854712228167e-08,8.061532838739782214e-02,2.582125115970845819e-02,-1.534478852846797581e-01
1.659999999999999920e+00,1.844843037119558993e-02,9.428154745805272796e-08,8.106744669673171533e-02,2.582125115970845819e-02,-1.536329852669290619e-01
1.661999999999999922e+00,1.829636222603658879e-02,9.051497351642012745e-08,8.151022055061774019e-02,2.582125115970845819e-02,-1.538180852491783657e-01
1.663999999999999924e+00,1.814423589517888402e-02,8.842873144843110822e-08,8.194239105743317264e-02,2.582125115970845819e-02,-1.540031852314276695e-01
1.666000000000000147e+00,1.799210562962816340e-02,8.790249939050198691e-08,8.236381761527122869e-02,2.582125115970845819e-02,-1.541882852136770010e-01
1.667999999999999927e+00,1.784002671164275355e-02,9.145649493280672004e-08,8.277491063682851369e-02,2.582125115970845819e-02,-1.543733851959263048e-01
1.669999999999999929e+00,1.768804870387996608e-02,9.715054261061339957e-08,8.317659006504951602e-02,2.582125115970845819e-02,-1.545584851781756086e-01
1.671999999999999931e+00,1.753621431376350959e-02,9.679097867643093878e-08,8.356756436874746008e-02,2.582125115970845819e-02,-1.547435851604249124e-01
1.674000000000000155e+00,1.738457171535290335e-02,8.800059114744129829e-08,8.394735393141006252e-02,2.582125115970845819e-02,-1.549286851426742440e-01
1.675999999999999934e+00,1.723318137975615727e-02,8.050644784152183320e-08,8.431606489061760357e-02,2.582125115970845819e-02,-1.551137851249235478e-01
1.677999999999999936e+00,1.708210349444394538e-02,8.316548449904814788e-08,8.467482232834522282e-02,2.582125115970845819e-02,-1.552988851071728515e-01
1.679999999999999938e+00,1.693138423756623823e-02,9.125521571728967274e-08,8.502273208085120437e-02,2.582125115970845819e-02,-1.554839850894221831e-01
1.682000000000000162e+00,1.678106184969352377e-02,9.427742320156085043e-08,8.535937705319196489e-02,2.582125115970845819e-02,-1.556690850716714869e-01
1.683999999999999941e+00,1.663118111163464086e-02,9.034183667822048847e-08,8.568470830207297606e-02,2.582125115970845819e-02,-1.558541850539207907e-01
1.685999999999999943e+00,1.648179429167961896e-02,8.503284054661719438e-08,8.599965676775633838e-02,2.582125115970845819e-02,-1.560392850361700945e-01
1.687999999999999945e+00,1.633295234742770941e-02,8.142115948128747505e-08,8.630335854168047494e-02,2.582125115970845819e-02,-1.562243850184194260e-01
1.690000000000000169e+00,1.618470340689481812e-02,7.977807081616106188e-08,8.659528123144266676e-02,2.582125115970845819e-02,-1.564094850006687298e-01
1.691999999999999948e+00,1.603709583101053937e-02,8.225883607604345116e-08,8.687553318154739301e-02,2.582125115970845819e-02,-1.565945849829180336e-01
1.693999999999999950e+00,1.589017404362547126e-02,8.876492962883730797e-08,8.714521501426841787e-02,2.582125115970845819e-02,-1.567796849651673374e-01
1.695999999999999952e+00,1.574397412965622411e-02,9.177614390676325229e-08,8.740374265938755105e-02,2.582125115970845819e-02,-1.569647849474166690e-01
1.698000000000000176e+00,1.559853274128020217e-02,8.502968995571791311e-08,8.765022669588717896e-02,2.582125115970845819e-02,-1.571498849296660005e-01
1.699999999999999956e+00,1.545389855063217244e-02,7.475534558043506195e-08,8.788452483205744237e-02,2.582125115970845819e-02,-1.573349849119153043e-01
1.701999999999999957e+00,1.531012608698711919e-02,7.287988412763013457e-08,8.810760967152952983e-02,2.582125115970845819e-02,-1.575200848941646081e-01
1.703999999999999959e+00,1.516725887455183663e-02,8.042904264815575743e-08,8.831939639234842598e-02,2.582125115970845819e-02,-1.577051848764139119e-01
1.706000000000000183e+00,1.502532731742112215e-02,8.702896658885350689e-08,8.851908065071711906e-02,2.582125115970845819e-02,-1.578902848586632435e-01
1.707999999999999963e+00,1.488436284421434941e-02,8.588117206276280058e-08,8.870655481288691746e-02,2.582125115970845819e-02,-1.580753848409125473e-01
1.709999999999999964e+00,1.474440579503333293e-02,8.016287567080837562e-08,8.888247417447980858e-02,2.582125115970845819e-02,-1.582604848231618511e-01
1.711999999999999966e+00,1.460549903049501719e-02,7.483035313615715722e-08,8.904683903060806038e-02,2.582125115970845819e-02,-1.584455848054111549e-01
1.714000000000000190e+00,1.446768249799368355e-02,7.161104398356599177e-08,8.919866263099540671e-02,2.582125115970845819e-02,-1.586306847876604864e-01
1.715999999999999970e+00,1.433099498776635450e-02,7.253575162735614867e-08,8.933797334104420784e-02,2.582125115970845819e-02,-1.588157847699097902e-01
1.717999999999999972e+00,1.419547254617070653e-02,7.889604680677564374e-08,8.946548962205480571e-02,2.582125115970845819e-02,-1.590008847521590940e-01
1.719999999999999973e+00,1.406114287127746554e-02,8.487189750994161841e-08,8.958159798419140785e-02,2.582125115970845819e-02,-1.591859847344084256e-01
1.722000000000000197e+00,1.392802982679797186e-02,8.161981235321746908e-08,8.968512283322493950e-02,2.582125115970845819e-02,-1.593710847166577294e-01
1.723999999999999977e+00,1.379616663145821764e-02,7.053312345295381647e-08,8.977583762884089325e-02,2.582125115970845819e-02,-1.595561846989070331e-01
1.725999999999999979e+00,1.366559695853031275e-02,6.386927842161327362e-08,8.985417927882533018e-02,2.582125115970845819e-02,-1.597412846811563369e-01
1.727999999999999980e+00,1.353635911225703481e-02,6.857038992169606217e-08,8.992088307965750982e-02,2.582125115970845819e-02,-1.599263846634056685e-01
1.730000000000000204e+00,1.340847611741835532e-02,7.742033181212804038e-08,8.997500170003835951e-02,2.582125115970845819e-02,-1.601114846456549723e-01
1.731999999999999984e+00,1.328196541614368176e-02,8.013788854732695199e-08,9.001639434610003709e-02,2.582125115970845819e-02,-1.602965846279042761e-01
1.733999999999999986e+00,1.315685173550518172e-02,7.564896298273282582e-08,9.004526706458321206e-02,2.582125115970845819e-02,-1.604816846101535799e-01
1.735999999999999988e+00,1.303316601310500200e-02,6.905453686645302014e-08,9.006231449599710892e-02,2.582125115970845819e-02,-1.606667845924029114e-01
1.738000000000000211e+00,1.291093820587496666e-02,6.393952223238130728e-08,9.006651340444182807e-02,2.582125115970845819e-02,-1.608518845746522430e-01
1.739999999999999991e+00,1.279019619506949201e-02,6.283366216219832268e-08,9.005770630633730400e-02,2.582125115970845819e-02,-1.610369845569015468e-01
1.741999999999999993e+00,1.267096552720148317e-02,6.806751007282230148e-08,9.003619165274739933e-02,2.582125115970845819e-02,-1.612220845391508506e-01
1.743999999999999995e+00,1.255326427138458989e-02,7.606214313948811423e-08,9.000293225121164253e-02,2.582125115970845819e-02,-1.614071845214001544e-01
1.745999999999999996e+00,1.243710346171389425e-02,7.704464233260210904e-08,8.995701084438956219e-02,2.582125115970845819e-02,-1.615922845036494859e-01
1.747999999999999998e+00,1.232249930394446746e-02,6.737634938858150235e-08,8.989796856501225397e-02,2.582125115970845819e-02,-1.617773844858987897e-01
1.750000000000000000e+00,1.220948058001192216e-02,5.687853199543013716e-08,8.982584761791240213e-02,2.582125115970845819e-02,-1.619624844681480935e-01
1.752000000000000002e+00,1.209807741178570151e-02,5.699113858614879291e-08,8.974165369831743622e-02,2.582125115970845819e-02,-1.621475844503973973e-01
1.754000000000000004e+00,1.198830608566481271e-02,6.591320023119351390e-08,8.964485668670707508e-02,2.582125115970845819e-02,-1.623326844326467289e-01
1.756000000000000005e+00,1.188017152355924644e-02,7.251440758970773004e-08,8.953506160130375591e-02,2.582125115970845819e-02,-1.625177844148960327e-01
1.758000000000000007e+00,1.177368150763669075e-02,7.090897613526436771e-08,8.941227117834749105e-02,2.582125115970845819e-02,-1.627028843971453365e-01
1.760000000000000009e+00,1.166885204793099984e-02,6.418859188617176414e-08,8.927728246911253995e-02,2.582125115970845819e-02,-1.628879843793946680e-01
1.762000000000000011e+00,1.156570147565993967e-02,5.725270957324113397e-08,8.912962013651054560e-02,2.582125115970845819e-02,-1.630730843616439718e-01
1.764000000000000012e+00,1.146424643139720700e-02,5.373847600242953604e-08,8.896873398918803133e-02,2.582125115970845819e-02,-1.632581843438932756e-01
1.765999999999999792e+00,1.136450125328791749e-02,5.694147853230191458e-08,8.879475750639737042e-02,2.582125115970845819e-02,-1.634432843261425794e-01
1.768000000000000016e+00,1.126647391227819650e-02,6.565917809453480913e-08,8.860859209982629991e-02,2.582125115970845819e-02,-1.636283843083919110e-01
1.770000000000000018e+00,1.117016357943512173e-02,7.078316011099872185e-08,8.841007969711278669e-02,2.582125115970845819e-02,-1.638134842906412147e-01
1.772000000000000020e+00,1.107556993562408554e-02,6.449580258749421091e-08,8.819841948209344862e-02,2.582125115970845819e-02,-1.639985842728905185e-01
1.773999999999999799e+00,1.098270469433670904e-02,5.209545883566590874e-08,8.797353954770531503e-02,2.582125115970845819e-02,-1.641836842551398223e-01
1.776000000000000023e+00,1.089158701244596905e-02,4.694997468579487077e-08,8.773614792871359258e-02,2.582125115970845819e-02,-1.643687842373891539e-01
1.778000000000000025e+00,1.080222681557319042e-02,5.350590903674401488e-08,8.748646888553857082e-02,2.582125115970845819e-02,-1.645538842196384854e-01
1.780000000000000027e+00,1.071461934126471949e-02,6.283445441734869519e-08,8.722381160198533490e-02,2.582125115970845819e-02,-1.647389842018877892e-01
1.781999999999999806e+00,1.062875671677609990e-02,6.522633055894289100e-08,8.694818209250604335e-02,2.582125115970845819e-02,-1.649240841841370930e-01
1.784000000000000030e+00,1.054463862788934669e-02,5.996581076139761990e-08,8.666005024490991415e-02,2.582125115970845819e-02,-1.651091841663863968e-01
1.786000000000000032e+00,1.046227052484527409e-02,5.185947604680052336e-08,8.635968866555154833e-02,2.582125115970845819e-02,-1.652942841486357284e-01
1.788000000000000034e+00,1.038165809658764260e-02,4.581359902555703911e-08,8.604626318585872902e-02,2.582125115970845819e-02,-1.654793841308850322e-01
1.789999999999999813e+00,1.030280509050440774e-02,4.624656402274496259e-08,8.571983891511286702e-02,2.582125115970845819e-02,-1.656644841131343360e-01
1.792000000000000037e+00,1.022570993474658518e-02,5.425758209387510078e-08,8.538093647115946316e-02,2.582125115970845819e-02,-1.658495840953836398e-01
1.794000000000000039e+00,1.015036172039973650e-02,6.265823204731901797e-08,8.503014106456924237e-02,2.582125115970845819e-02,-1.660346840776329713e-01
1.796000000000000041e+00,1.007674580742090598e-02,6.101808591729707132e-08,8.466657051601184092e-02,2.582125115970845819e-02,-1.662197840598822751e-01
1.797999999999999821e+00,1.000485686430430121e-02,4.914281348522564485e-08,8.429007233626789608e-02,2.582125115970845819e-02,-1.664048840421315789e-01
1.800000000000000044e+00,9.934701156234626573e-03,3.934634251745450229e-08,8.390092277667254850e-02,2.582125115970845819e-02,-1.665899840243809105e-01
1.802000000000000046e+00,9.866282237995127602e-03,4.151604571234202012e-08,8.349988710657607616e-02,2.582125115970845819e-02,-1.667750840066302143e-01
1.804000000000000048e+00,9.799589007454256873e-03,5.148629345086419562e-08,8.308632100829482781e-02,2.582125115970845819e-02,-1.669601839888795181e-01
1.805999999999999828e+00,9.734601467842218803e-03,5.800949454126680394e-08,8.266014842006264018e-02,2.582125115970845819e-02,-1.671452839711288219e-01
1.808000000000000052e+00,9.671303798281183361e-03,5.581570017287873497e-08,8.222153387515057643e-02,2.582125115970845819e-02,-1.673303839533781534e-01
1.810000000000000053e+00,9.609688096378410371e-03,4.777596485094903755e-08,8.177116226406772048e-02,2.582125115970845819e-02,-1.675154839356274572e-01
1.812000000000000055e+00,9.549749740916380070e-03,3.950969396093739761e-08,8.130836841770081036e-02,2.582125115970845819e-02,-1.677005839178767610e-01
1.813999999999999835e+00,9.491483467296113474e-03,3.670179238302040403e-08,8.083299853383327238e-02,2.582125115970845819e-02,-1.678856839001260648e-01
1.816000000000000059e+00,9.434879774365745320e-03,4.264686448429699794e-08,8.034530104209783308e-02,2.582125115970845819e-02,-1.680707838823753963e-01
1.818000000000000060e+00,9.379920163053667714e-03,5.288619342458389383e-08,7.984612816749286912e-02,2.582125115970845819e-02,-1.682558838646247279e-01
1.820000000000000062e+00,9.326579131046508486e-03,5.622939436289442483e-08,7.933499737693430753e-02,2.582125115970845819e-02,-1.684409838468740317e-01
1.821999999999999842e+00,9.274836421690690891e-03,4.722158342129745279e-08,7.881153047078062746e-02,2.582125115970845819e-02,-1.686260838291233355e-01
1.824000000000000066e+00,9.224684943702765594e-03,3.451775010265833998e-08,7.827578852376751439e-02,2.582125115970845819e-02,-1.688111838113726393e-01
1.826000000000000068e+00,9.176121658424185590e-03,3.126502678973963611e-08,7.772855772743778036e-02,2.582125115970845819e-02,-1.689962837936219708e-01
1.828000000000000069e+00,9.129132224170444232e-03,3.939951842557576356e-08,7.716966968201383059e-02,2.582125115970845819e-02,-1.691813837758712746e-01
1.829999999999999849e+00,9.083689464958633053e-03,4.904168637853700830e-08,7.659880716661870981e-02,2.582125115970845819e-02,-1.693664837581205784e-01
1.832000000000000073e+00,9.039765193501136942e-03,5.103315570131883305e-08,7.601606226808430011e-02,2.582125115970845819e-02,-1.695515837403698822e-01
1.834000000000000075e+00,8.997338987466130256e-03,4.467954917153349470e-08,7.542204479156880415e-02,2.582125115970845819e-02,-1.697366837226192138e-01
1.836000000000000076e+00,8.956396829207347032e-03,3.506041001966053727e-08,7.481664239298468910e-02,2.582125115970845819e-02,-1.699217837048685176e-01
1.837999999999999856e+00,8.916926485011633652e-03,2.893653805458029638e-08,7.419939752102994168e-02,2.582125115970845819e-02,-1.701068836871178214e-01
1.840000000000000080e+00,8.878913007432487348e-03,3.170316054124100447e-08,7.357048220369591385e-02,2.582125115970845819e-02,-1.702919836693671529e-01
1.842000000000000082e+00,8.842333360362997219e-03,4.204136216934273307e-08,7.293055825236524625e-02,2.582125115970845819e-02,-1.704770836516164567e-01
1.844000000000000306e+00,8.807155421812984386e-03,4.975937484275050338e-08,7.227978712178911858e-02,2.582125115970845819e-02,-1.706621836338657883e-01
1.845999999999999863e+00,8.773347807706333157e-03,4.535611453082566413e-08,7.161758516706098754e-02,2.582125115970845819e-02,-1.708472836161150643e-01
1.848000000000000087e+00,8.740891337775336112e-03,3.219155675360241275e-08,7.094397284798159564e-02,2.582125115970845819e-02,-1.710323835983643959e-01
1.850000000000000089e+00,8.709776372901933961e-03,2.375841245960685910e-08,7.025942394134798707e-02,2.582125115970845819e-02,-1.712174835806136997e-01
1.851999999999999869e+00,8.679987705616287741e-03,2.785669095395348904e-08,6.956433133252595824e-02,2.582125115970845819e-02,-1.714025835628630035e-01
1.853999999999999870e+00,8.651496293554328254e-03,3.863731545816762036e-08,6.885822959535603527e-02,2.582125115970845819e-02,-1.715876835451123072e-01
1.856000000000000094e+00,8.624266622003329275e-03,4.501592421046751724e-08,6.814121569962514058e-02,2.582125115970845819e-02,-1.717727835273616388e-01
1.858000000000000096e+00,8.598268234432882018e-03,4.196283498458797112e-08,6.741362421746766032e-02,2.582125115970845819e-02,-1.719578835096109704e-01
1.860000000000000098e+00,8.573479069728828783e-03,3.239599966065043191e-08,6.667585628220720761e-02,2.582125115970845819e-02,-1.721429834918602741e-01
1.861999999999999877e+00,8.549882005398301565e-03,2.340393090438652735e-08,6.592736890691638929e-02,2.582125115970845819e-02,-1.723280834741095779e-01
1.864000000000000101e+00,8.527459538813508821e-03,2.227648809860482970e-08,6.516825452209368263e-02,2.582125115970845819e-02,-1.725131834563588817e-01
1.866000000000000103e+00,8.506187540655574253e-03,3.095843958966781884e-08,6.439888554282235944e-02,2.582125115970845819e-02,-1.726982834386082133e-01
1.867999999999999883e+00,8.486031839692320666e-03,4.166872114019781748e-08,6.361986063770351529e-02,2.582125115970845819e-02,-1.728833834208574893e-01
1.869999999999999885e+00,8.466954789791203417e-03,4.266486541837366531e-08,6.283068829754777374e-02,2.582125115970845819e-02,-1.730684834031068209e-01
1.872000000000000108e+00,8.448928040326486588e-03,3.159787320683449252e-08,6.203130537113218934e-02,2.582125115970845819e-02,-1.732535833853561247e-01
1.874000000000000110e+00,8.431935991053962631e-03,1.945410088577403940e-08,6.122191516614775009e-02,2.582125115970845819e-02,-1.734386833676054562e-01
1.876000000000000112e+00,8.415964103034023758e-03,1.819305250894132087e-08,6.040315990501983479e-02,2.582125115970845819e-02,-1.736237833498547878e-01
1.877999999999999892e+00,8.400986173503821597e-03,2.764555806500368362e-08,5.957474732396032813e-02,2.582125115970845819e-02,-1.738088833321040638e-01
1.879999999999999893e+00,8.386965404601265384e-03,3.750206289954149952e-08,5.873666772796888591e-02,2.582125115970845819e-02,-1.739939833143533954e-01
1.882000000000000117e+00,8.373865454623041771e-03,3.888927768702643561e-08,5.788909894918774224e-02,2.582125115970845819e-02,-1.741790832966026992e-01
1.883999999999999897e+00,8.361658281444972474e-03,3.111335500349809990e-08,5.703259606779789714e-02,2.582125115970845819e-02,-1.743641832788519752e-01
1.885999999999999899e+00,8.350323770684120461e-03,2.029415469007034289e-08,5.616688436751918201e-02,2.582125115970845819e-02,-1.745492832611013068e-01
1.887999999999999901e+00,8.339844637194948618e-03,1.508482461165527866e-08,5.529186825500424785e-02,2.582125115970845819e-02,-1.747343832433506383e-01
1.890000000000000124e+00,8.330199144372385511e-03,2.060034198780869019e-08,5.440778139315349815e-02,2.582125115970845819e-02,-1.749194832255999421e-01
1.892000000000000126e+00,8.321355578014499876e-03,3.243503621241927704e-08,5.351525268210638453e-02,2.582125115970845819e-02,-1.751045832078492737e-01
1.893999999999999906e+00,8.313275326800595444e-03,3.858302288772819111e-08,5.261418344649683443e-02,2.582125115970845819e-02,-1.752896831900985497e-01
1.895999999999999908e+00,8.305924988921131735e-03,3.170462181678601610e-08,5.170435534230229113e-02,2.582125115970845819e-02,-1.754747831723478813e-01
1.898000000000000131e+00,8.299284567747644559e-03,1.817932593350946036e-08,5.078588953885072865e-02,2.582125115970845819e-02,-1.756598831545972128e-01
1.899999999999999689e+00,8.293341092748596211e-03,1.147281047941817178e-08,4.985931394652036441e-02,2.582125115970845819e-02,-1.758449831368464888e-01
1.901999999999999913e+00,8.288074612852636136e-03,1.729001686268105686e-08,4.892472519762936650e-02,2.582125115970845819e-02,-1.760300831190958204e-01
1.903999999999999915e+00,8.283452972444038664e-03,2.873099513855947862e-08,4.798196009153803815e-02,2.582125115970845819e-02,-1.762151831013451242e-01
1.906000000000000139e+00,8.279439332311677724e-03,3.481485777445669783e-08,4.703118706896176893e-02,2.582125115970845819e-02,-1.764002830835944557e-01
1.908000000000000140e+00,8.276002630403400673e-03,3.053281050213740855e-08,4.607282111444831879e-02,2.582125115970845819e-02,-1.765853830658437595e-01
1.909999999999999920e+00,8.273121513965309148e-03,1.946878869230062037e-08,4.510699417525340649e-02,2.582125115970845819e-02,-1.767704830480930633e-01
1.911999999999999922e+00,8.270781087420742139e-03,1.061951326875032464e-08,4.413346358626408367e-02,2.582125115970845819e-02,-1.769555830303423671e-01
1.914000000000000146e+00,8.268965108146453247e-03,1.191617871043604282e-08,4.315242547225360548e-02,2.582125115970845819e-02,-1.771406830125916987e-01
1.915999999999999703e+00,8.267648383851300409e-03,2.285760725140306704e-08,4.216431062974902028e-02,2.582125115970845819e-02,-1.773257829948409747e-01
1.917999999999999927e+00,8.266796441872337198e-03,3.298766815262865748e-08,4.116941651122790757e-02,2.582125115970845819e-02,-1.775108829770903063e-01
1.919999999999999929e+00,8.266375555741278802e-03,3.150152316777621309e-08,4.016747967372345796e-02,2.582125115970845819e-02,-1.776959829593396378e-01
1.922000000000000153e+00,8.266363785367270012e-03,1.921263093063174665e-08,3.915860680285102036e-02,2.582125115970845819e-02,-1.778810829415889416e-01
1.924000000000000155e+00,8.266750341786810452e-03,8.237034387903463539e-09,3.814310335445868921e-02,2.582125115970845819e-02,-1.780661829238382732e-01
1.925999999999999934e+00,8.267523396578324579e-03,8.886670288532627637e-09,3.712135482979229961e-02,2.582125115970845819e-02,-1.782512829060875492e-01
1.927999999999999936e+00,8.268660184627685261e-03,1.946682426368084862e-08,3.609319684819300988e-02,2.582125115970845819e-02,-1.784363828883368808e-01
1.930000000000000160e+00,8.270129130815817575e-03,2.941456722638235988e-08,3.505878213425626944e-02,2.582125115970845819e-02,-1.786214828705861846e-01
1.931999999999999718e+00,8.271900021393330249e-03,2.984719671417224163e-08,3.401836157087628765e-02,2.582125115970845819e-02,-1.788065828528354884e-01
1.933999999999999941e+00,8.273952036528586795e-03,2.044579427984416498e-08,3.297229997959588016e-02,2.582125115970845819e-02,-1.789916828350847922e-01
1.935999999999999943e+00,8.276274029106245322e-03,9.065844519540178226e-09,3.192042142914448127e-02,2.582125115970845819e-02,-1.791767828173341237e-01
1.938000000000000167e+00,8.278857454378396596e-03,5.709423822608528098e-09,3.086285194464158388e-02,2.582125115970845819e-02,-1.793618827995834553e-01
1.940000000000000169e+00,8.281686919114239487e-03,1.391355342050815125e-08,2.979986217105038207e-02,2.582125115970845819e-02,-1.795469827818327591e-01
1.941999999999999948e+00,8.284736496686373464e-03,2.620990202650830270e-08,2.873189018235973446e-02,2.582125115970845819e-02,-1.797320827640820629e-01
1.943999999999999950e+00,8.287976783639350309e-03,3.025197625738940133e-08,2.765883775775566239e-02,2.582125115970845819e-02,-1.799171827463313666e-01
1.946000000000000174e+00,8.291386944460410469e-03,2.150130817835105290e-08,2.658075756640254639e-02,2.582125115970845819e-02,-1.801022827285806982e-01
1.947999999999999732e+00,8.294959017386416278e-03,8.392557537817424418e-09,2.549784076007118386e-02,2.582125115970845819e-02,-1.802873827108299742e-01
1.949999999999999956e+00,8.298689728962638235e-03,3.522077740569784510e-09,2.441049768589834829e-02,2.582125115970845819e-02,-1.804724826930793058e-01
1.951999999999999957e+00,8.302568587348790885e-03,1.086296341767933882e-08,2.331874596405231551e-02,2.582125115970845819e-02,-1.806575826753286096e-01
1.954000000000000181e+00,8.306574343765027457e-03,2.284398059604342279e-08,2.222266868397868370e-02,2.582125115970845819e-02,-1.808426826575779411e-01
1.956000000000000183e+00,8.310682036332006639e-03,2.833439771698920140e-08,2.112246466706503220e-02,2.582125115970845819e-02,-1.810277826398272727e-01
1.957999999999999963e+00,8.314873392585853118e-03,2.246107599912505748e-08,2.001848178766009803e-02,2.582125115970845819e-02,-1.812128826220765487e-01
1.959999999999999964e+00,8.319141590929945984e-03,1.025090767825531657e-08,1.891076405465411114e-02,2.582125115970845819e-02,-1.813979826043258803e-01
1.962000000000000188e+00,8.323486728755935538e-03,2.528778741961446030e-09,1.779935707990870641e-02,2.582125115970845819e-02,-1.815830825865751841e-01
1.963999999999999746e+00,8.327905321731998711e-03,6.596933443958619137e-09,1.668447962615383917e-02,2.582125115970845819e-02,-1.817681825688244601e-01
1.965999999999999970e+00,8.332383300406420723e-03,1.895016688013839712e-08,1.556648414603955220e-02,2.582125115970845819e-02,-1.819532825510737917e-01
1.967999999999999972e+00,8.336899580805190446e-03,2.765142270710896355e-08,1.444550366180541966e-02,2.582125115970845819e-02,-1.821383825333231232e-01
1.970000000000000195e+00,8.341437547659369400e-03,2.394719034182202222e-08,1.332156064575260208e-02,2.582125115970845819e-02,-1.823234825155724270e-01
1.972000000000000197e+00,8.345992913181166095e-03,1.126667115158852539e-08,1.219483275895888452e-02,2.582125115970845819e-02,-1.825085824978217586e-01
1.973999999999999977e+00,8.350570332216866731e-03,1.787360259797310391e-09,1.106560857424835134e-02,2.582125115970845819e-02,-1.826936824800710346e-01
1.975999999999999979e+00,8.355172324300164099e-03,4.198843051028688933e-09,9.934083909587549180e-03,2.582125115970845819e-02,-1.828787824623203662e-01
1.978000000000000203e+00,8.359791384544235093e-03,1.577652353201841606e-08,8.800323442432563328e-03,2.582125115970845819e-02,-1.830638824445696977e-01
1.979999999999999760e+00,8.364412033370349775e-03,2.557779088530054423e-08,7.664524149769836973e-03,2.582125115970845819e-02,-1.832489824268189738e-01
1.981999999999999984e+00,8.369020858795428452e-03,2.461422099475640834e-08,6.526929597908336447e-03,2.582125115970845819e-02,-1.834340824090683053e-01
1.983999999999999986e+00,8.373615449493221341e-03,1.363923152197799027e-08,5.387737900999280474e-03,2.582125115970845819e-02,-1.836191823913176091e-01
1.986000000000000210e+00,8.378204087333251948e-03,2.587490666172698184e-09,4.247016482357418923e-03,2.582125115970845819e-02,-1.838042823735669407e-01
1.988000000000000211e+00,8.382795812252874512e-03,1.767209933944968725e-09,3.104963783874883053e-03,2.582125115970845819e-02,-1.839893823558162445e-01
1.989999999999999991e+00,8.387390348506329474e-03,1.213196232363600302e-08,1.961816593668060799e-03,2.582125115970845819e-02,-1.841744823380655482e-01
1.991999999999999993e+00,8.391977815231044247e-03,2.386583342062209567e-08,8.177984447622962255e-04,2.582125115970845819e-02,-1.843595823203148520e-01
1.993999999999999995e+00,8.396548479721155367e-03,2.567750001514212954e-08,3.269935933285839959e-04,2.582125115970845819e-02,-1.845446823025641836e-01
1.995999999999999774e+00,8.401102649233438413e-03,1.580558783853547311e-08,1.472380388771842540e-03,2.582125115970845819e-02,-1.847297822848134596e-01
1.997999999999999998e+00,8.405651712411033039e-03,3.644476942454843993e-09,2.618157025647116672e-03,2.582125115970845819e-02,-1.849148822670627912e-01
2.000000000000000000e+00,8.410209991835060350e-03,5.628206789509704322e-10,3.764108263714907067e-03,2.582125115970845819e-02,-1.850999822493121227e-01
2.002000000000000224e+00,8.414784857968315990e-03,9.289451430305462054e-09,4.910089707798744388e-03,2.582125115970845819e-02,-1.852850822315614265e-01
2.004000000000000004e+00,8.419373514110706225e-03,2.162939882754955079e-08,6.055913871468484623e-03,2.582125115970845819e-02,-1.854701822138107581e-01
2.005999999999999783e+00,8.423969827182298253e-03,2.607608196036892423e-08,7.201387639970272155e-03,2.582125115970845819e-02,-1.856552821960600341e-01
2.008000000000000007e+00,8.428575715485386866e-03,1.839695940031305099e-08,8.346324905567824304e-03,2.582125115970845819e-02,-1.858403821783093657e-01
2.010000000000000231e+00,8.433206004160753722e-03,5.717533779758809942e-09,9.490551808402436854e-03,2.582125115970845819e-02,-1.860254821605586695e-01
2.012000000000000011e+00,8.437881165827665342e-03,2.580868851964623900e-11,1.063387297071246435e-02,2.582125115970845819e-02,-1.862105821428079733e-01
2.013999999999999790e+00,8.442615070810122191e-03,6.731702750784052114e-09,1.177609733781496276e-02,2.582125115970845819e-02,-1.863956821250572771e-01
2.016000000000000014e+00,8.447410558355072929e-03,1.946081218395789847e-08,1.291706866747435560e-02,2.582125115970845819e-02,-1.865807821073066086e-01
2.018000000000000238e+00,8.452266533656715986e-03,2.622991579492861547e-08,1.405659374925457422e-02,2.582125115970845819e-02,-1.867658820895559402e-01
2.020000000000000018e+00,8.457188614868882404e-03,2.085558314934843338e-08,1.519446242448428859e-02,2.582125115970845819e-02,-1.869509820718052440e-01
2.021999999999999797e+00,8.462193519644833906e-03,8.458065581251617004e-09,1.633047978584271573e-02,2.582125115970845819e-02,-1.871360820540545478e-01
2.024000000000000021e+00,8.467304763672078849e-03,5.756219945141083372e-10,1.746451102614002965e-02,2.582125115970845819e-02,-1.873211820363038516e-01
2.026000000000000245e+00,8.472543309010149848e-03,4.618750937268600865e-09,1.859635679991272425e-02,2.582125115970845819e-02,-1.875062820185531831e-01
2.027999999999999581e+00,8.477920393957560918e-03,1.705896524040184659e-08,1.972579239216618735e-02,2.582125115970845819e-02,-1.876913820008024592e-01
2.029999999999999805e+00,8.483439253645141953e-03,2.630808371151260872e-08,2.085263562785200780e-02,2.582125115970845819e-02,-1.878764819830517907e-01
2.032000000000000028e+00,8.489106138812374525e-03,2.353317241077235167e-08,2.197677217757268431e-02,2.582125115970845819e-02,-1.880615819653010945e-01
2.034000000000000252e+00,8.494940038756837453e-03,1.137065752665478158e-08,2.309799835355606096e-02,2.582125115970845819e-02,-1.882466819475504261e-01
2.036000000000000032e+00,8.500970125004503331e-03,1.630068080515911788e-09,2.421603812257123664e-02,2.582125115970845819e-02,-1.884317819297997576e-01
2.037999999999999812e+00,8.507223060979507423e-03,3.616329236066917474e-09,2.533071279523486929e-02,2.582125115970845819e-02,-1.886168819120490336e-01
2.040000000000000036e+00,8.513714428307395110e-03,1.525767212573470033e-08,2.644194184011499499e-02,2.582125115970845819e-02,-1.888019818942983652e-01
2.042000000000000259e+00,8.520452388384613940e-03,2.561460987760000307e-08,2.754957384956736172e-02,2.582125115970845819e-02,-1.889870818765476690e-01
2.043999999999999595e+00,8.527448018015193476e-03,2.544448085561867856e-08,2.865329038164005776e-02,2.582125115970845819e-02,-1.891721818587969450e-01
2.045999999999999819e+00,8.534721918304399857e-03,1.517729641964393750e-08,2.975288911518424867e-02,2.582125115970845819e-02,-1.893572818410462766e-01
2.048000000000000043e+00,8.542303445320809097e-03,4.236708317506554522e-09,3.084826619472618575e-02,2.582125115970845819e-02,-1.895423818232956081e-01
2.050000000000000266e+00,8.550223849269511511e-03,2.848063118676691374e-09,3.193931559634910489e-02,2.582125115970845819e-02,-1.897274818055449119e-01
2.052000000000000046e+00,8.558507427831263392e-03,1.285894102309725895e-08,3.302570324093303394e-02,2.582125115970845819e-02,-1.899125817877942435e-01
2.053999999999999826e+00,8.567167892557403519e-03,2.523115838481970741e-08,3.410725602494947550e-02,2.582125115970845819e-02,-1.900976817700435195e-01
2.056000000000000050e+00,8.576215995593106101e-03,2.810233556971297730e-08,3.518387123524030491e-02,2.582125115970845819e-02,-1.902827817522928511e-01
2.058000000000000274e+00,8.585672318522918900e-03,1.868087851075728167e-08,3.625547224812998570e-02,2.582125115970845819e-02,-1.904678817345421826e-01
2.059999999999999609e+00,8.595570727041534909e-03,6.448658940172435905e-09,3.732165050974177445e-02,2.582125115970845819e-02,-1.906529817167914587e-01
2.061999999999999833e+00,8.605947645947020774e-03,3.411367854866398375e-09,3.838220974857031731e-02,2.582125115970845819e-02,-1.908380816990407625e-01
2.064000000000000057e+00,8.616829926978208931e-03,1.216013978400098949e-08,3.943706706114466498e-02,2.582125115970845819e-02,-1.910231816812900940e-01
2.066000000000000281e+00,8.628234394650879935e-03,2.425659639815336277e-08,4.048625289318052295e-02,2.582125115970845819e-02,-1.912082816635394256e-01
2.068000000000000060e+00,8.640176949445077526e-03,2.898668438611196052e-08,4.152935591690528477e-02,2.582125115970845819e-02,-1.913933816457887294e-01
2.069999999999999840e+00,8.652680509028010114e-03,2.261122544755522767e-08,4.256612524395903679e-02,2.582125115970845819e-02,-1.915784816280380332e-01
2.072000000000000064e+00,8.665776803532310169e-03,1.093579826694224266e-08,4.359641532120233504e-02,2.582125115970845819e-02,-1.917635816102873370e-01
2.074000000000000288e+00,8.679502761590462967e-03,4.622733751347141151e-09,4.462028919055240767e-02,2.582125115970845819e-02,-1.919486815925366685e-01
2.075999999999999623e+00,8.693892498128796831e-03,1.021727991101784028e-08,4.563736752348144382e-02,2.582125115970845819e-02,-1.921337815747859445e-01
2.077999999999999847e+00,8.708969705298663655e-03,2.328871595569381725e-08,4.664741669991745443e-02,2.582125115970845819e-02,-1.923188815570352761e-01
2.080000000000000071e+00,8.724749755617544622e-03,3.142423232738167371e-08,4.765031379121986016e-02,2.582125115970845819e-02,-1.925039815392846076e-01
2.082000000000000295e+00,8.741252596887294501e-03,2.659692110995592884e-08,4.864613904545395107e-02,2.582125115970845819e-02,-1.926890815215339114e-01
2.084000000000000075e+00,8.758512133271389999e-03,1.396369464501390212e-08,4.963448288534581115e-02,2.582125115970845819e-02,-1.928741815037832430e-01
2.085999999999999854e+00,8.776570044211173816e-03,6.411305486508922513e-09,5.061501671732326901e-02,2.582125115970845819e-02,-1.930592814860325190e-01
2.088000000000000078e+00,8.795461610038524114e-03,1.098867485893606499e-08,5.158763588140487244e-02,2.582125115970845819e-02,-1.932443814682818506e-01
2.090000000000000302e+00,8.815210606742063248e-03,2.285454614447957056e-08,5.255251233682715906e-02,2.582125115970845819e-02,-1.934294814505311544e-01
2.091999999999999638e+00,8.835836286311127274e-03,3.136485826615853512e-08,5.350934650764509193e-02,2.582125115970845819e-02,-1.936145814327804582e-01
2.093999999999999861e+00,8.857362045299521647e-03,2.971675749918745169e-08,5.445772338038844251e-02,2.582125115970845819e-02,-1.937996814150297620e-01
2.096000000000000085e+00,8.879818782143944489e-03,1.962074580585948524e-08,5.539746936512804365e-02,2.582125115970845819e-02,-1.939847813972790935e-01
2.098000000000000309e+00,8.903244092662299103e-03,9.976195869398907234e-09,5.632870508768475504e-02,2.582125115970845819e-02,-1.941698813795284251e-01
2.100000000000000089e+00,8.927676929993633159e-03,1.021372364462536098e-08,5.725123143412036431e-02,2.582125115970845819e-02,-1.943549813617777289e-01
2.101999999999999869e+00,8.953148534975308159e-03,2.137141674740661301e-08,5.816462838189878637e-02,2.582125115970845819e-02,-1.945400813440270049e-01
2.104000000000000092e+00,8.979678563106774369e-03,3.326238862122465889e-08,5.906879051870224384e-02,2.582125115970845819e-02,-1.947251813262763365e-01
2.106000000000000316e+00,9.007284730094489156e-03,3.407487569884182221e-08,5.996382173134730265e-02,2.582125115970845819e-02,-1.949102813085256680e-01
2.107999999999999652e+00,9.035996476815966183e-03,2.332748738620438189e-08,6.084956168588426251e-02,2.582125115970845819e-02,-1.950953812907749441e-01
2.109999999999999876e+00,9.065855216841112174e-03,1.253529102740458256e-08,6.172544084445541479e-02,2.582125115970845819e-02,-1.952804812730242756e-01
2.112000000000000099e+00,9.096900612476921388e-03,1.234794821947104992e-08,6.259134665299499745e-02,2.582125115970845819e-02,-1.954655812552735794e-01
2.114000000000000323e+00,9.129160800039115564e-03,2.220564654376033786e-08,6.344742690802669671e-02,2.582125115970845819e-02,-1.956506812375229110e-01
2.116000000000000103e+00,9.162656205535579801e-03,3.288329630812825144e-08,6.429372797201751699e-02,2.582125115970845819e-02,-1.958357812197722425e-01
2.117999999999999883e+00,9.197408493785586003e-03,3.581883822878495494e-08,6.512963355609745209e-02,2.582125115970845819e-02,-1.960208812020215186e-01
2.120000000000000107e+00,9.233444918632094378e-03,2.906898699528426278e-08,6.595494914377782181e-02,2.582125115970845819e-02,-1.962059811842708501e-01
2.121999999999999886e+00,9.270799118131223260e-03,1.832040685822988735e-08,6.676969527956486128e-02,2.582125115970845819e-02,-1.963910811665201539e-01
2.123999999999999666e+00,9.309509086908418496e-03,1.352538503418543314e-08,6.757401528006845570e-02,2.582125115970845819e-02,-1.965761811487694299e-01
2.125999999999999890e+00,9.349609372850897770e-03,2.060912140944282100e-08,6.836732171893561416e-02,2.582125115970845819e-02,-1.967612811310187615e-01
2.128000000000000114e+00,9.391122632453341446e-03,3.390536662539744839e-08,6.914949064041542304e-02,2.582125115970845819e-02,-1.969463811132680930e-01
2.129999999999999893e+00,9.434063409844872794e-03,4.029559064200327612e-08,6.992054370422937093e-02,2.582125115970845819e-02,-1.971314810955173968e-01
2.132000000000000117e+00,9.478453036840805979e-03,3.348056110130670504e-08,7.068067287328383408e-02,2.582125115970845819e-02,-1.973165810777667284e-01
2.133999999999999897e+00,9.524326881068079231e-03,2.132855836389779824e-08,7.142918286361985003e-02,2.582125115970845819e-02,-1.975016810600160044e-01
2.136000000000000121e+00,9.571724004928228169e-03,1.654014958329952378e-08,7.216584980911353031e-02,2.582125115970845819e-02,-1.976867810422653360e-01
2.137999999999999901e+00,9.620673676560054233e-03,2.304005441988721259e-08,7.289071992551493517e-02,2.582125115970845819e-02,-1.978718810245146675e-01
2.139999999999999680e+00,9.671194942887262336e-03,3.412701754523794762e-08,7.360418336377627657e-02,2.582125115970845819e-02,-1.980569810067639436e-01
2.141999999999999904e+00,9.723305199404563837e-03,4.070833559133291146e-08,7.430564684755211480e-02,2.582125115970845819e-02,-1.982420809890132474e-01
2.144000000000000128e+00,9.777025548206030869e-03,3.818224969531769375e-08,7.499476468072269197e-02,2.582125115970845819e-02,-1.984271809712625789e-01
2.145999999999999908e+00,9.832381993950534138e-03,2.859987802139585256e-08,7.567144824781141255e-02,2.582125115970845819e-02,-1.986122809535119105e-01
2.148000000000000131e+00,9.889405985468058269e-03,2.023148815144537593e-08,7.633606958928298991e-02,2.582125115970845819e-02,-1.987973809357612143e-01
2.149999999999999911e+00,9.948129935874350238e-03,2.207712379576065587e-08,7.698815819756141265e-02,2.582125115970845819e-02,-1.989824809180105181e-01
2.152000000000000135e+00,1.000857697758494869e-02,3.411556004362381600e-08,7.762738940568961188e-02,2.582125115970845819e-02,-1.991675809002598219e-01
2.153999999999999915e+00,1.007075792075506904e-02,4.485250915120531090e-08,7.825375339582829604e-02,2.582125115970845819e-02,-1.993526808825091534e-01
2.155999999999999694e+00,1.013468371049275341e-02,4.332678171792281319e-08,7.886761722017085474e-02,2.582125115970845819e-02,-1.995377808647584295e-01
2.157999999999999918e+00,1.020037847703803013e-02,3.201140463815477233e-08,7.946852022825603989e-02,2.582125115970845819e-02,-1.997228808470077610e-01
2.160000000000000142e+00,1.026787523756023113e-02,2.352526473625715653e-08,8.005592671024711060e-02,2.582125115970845819e-02,-1.999079808292570926e-01
2.161999999999999922e+00,1.033720075524080517e-02,2.589384595630406238e-08,8.062984099791045689e-02,2.582125115970845819e-02,-2.000930808115063964e-01
2.164000000000000146e+00,1.040837011507733667e-02,3.578168639162271347e-08,8.119073664687154190e-02,2.582125115970845819e-02,-2.002781807937557279e-01
2.165999999999999925e+00,1.048139387202795536e-02,4.460435332198642300e-08,8.173842824040974953e-02,2.582125115970845819e-02,-2.004632807760050039e-01
2.168000000000000149e+00,1.055628465305302743e-02,4.622074201154902084e-08,8.227226302169704519e-02,2.582125115970845819e-02,-2.006483807582543355e-01
2.169999999999999929e+00,1.063305826980498470e-02,3.956069427601960342e-08,8.279213199399118595e-02,2.582125115970845819e-02,-2.008334807405036393e-01
2.171999999999999709e+00,1.071173518741819208e-02,2.977892354927291763e-08,8.329834786274145642e-02,2.582125115970845819e-02,-2.010185807227529431e-01
2.173999999999999932e+00,1.079233999417861245e-02,2.649558439316024305e-08,8.379089735042710707e-02,2.582125115970845819e-02,-2.012036807050022469e-01
2.176000000000000156e+00,1.087489259021645616e-02,3.494442035734124374e-08,8.426913270282831991e-02,2.582125115970845819e-02,-2.013887806872515784e-01
2.177999999999999936e+00,1.095939944656665332e-02,4.785449270183761428e-08,8.473307358173243209e-02,2.582125115970845819e-02,-2.015738806695009100e-01
2.180000000000000160e+00,1.104586034370269587e-02,5.194010999076681401e-08,8.518300518129029442e-02,2.582125115970845819e-02,-2.017589806517502138e-01
2.181999999999999940e+00,1.113428441298003335e-02,4.357874661131688754e-08,8.561900112065207180e-02,2.582125115970845819e-02,-2.019440806339994898e-01
2.184000000000000163e+00,1.122469333618747456e-02,3.292415917677260495e-08,8.604019192141498795e-02,2.582125115970845819e-02,-2.021291806162488214e-01
2.185999999999999943e+00,1.131710757970549874e-02,3.103311385643792164e-08,8.644653143702241138e-02,2.582125115970845819e-02,-2.023142805984981529e-01
2.187999999999999723e+00,1.141153595679011978e-02,3.846636642546030771e-08,8.683833826881232065e-02,2.582125115970845819e-02,-2.024993805807474290e-01
2.189999999999999947e+00,1.150797996558050595e-02,4.801068087534332562e-08,8.721601684262442200e-02,2.582125115970845819e-02,-2.026844805629967605e-01
2.192000000000000171e+00,1.160644166491608953e-02,5.291587590328106216e-08,8.757872005642280966e-02,2.582125115970845819e-02,-2.028695805452460643e-01
2.193999999999999950e+00,1.170692508939674692e-02,5.005436753968695029e-08,8.792626835213129821e-02,2.582125115970845819e-02,-2.030546805274953959e-01
2.196000000000000174e+00,1.180943699268832692e-02,4.111870777201431792e-08,8.825876576487928782e-02,2.582125115970845819e-02,-2.032397805097447274e-01
2.197999999999999954e+00,1.191398931619636059e-02,3.401178372275381889e-08,8.857669258001954482e-02,2.582125115970845819e-02,-2.034248804919940035e-01
2.200000000000000178e+00,1.202059432013935503e-02,3.745321419668101726e-08,8.887929064283306424e-02,2.582125115970845819e-02,-2.036099804742433350e-01
2.201999999999999957e+00,1.212925307061318847e-02,4.990439572694072012e-08,8.916646357736579542e-02,2.582125115970845819e-02,-2.037950804564926388e-01
2.203999999999999737e+00,1.223995471432981486e-02,5.875622477446995617e-08,8.943836374909319709e-02,2.582125115970845819e-02,-2.039801804387419149e-01
2.205999999999999961e+00,1.235269161892893486e-02,5.494965515939753686e-08,8.969552302204553129e-02,2.582125115970845819e-02,-2.041652804209912464e-01
2.208000000000000185e+00,1.246746979608825967e-02,4.406094333830878895e-08,8.993709500917645983e-02,2.582125115970845819e-02,-2.043503804032405780e-01
2.209999999999999964e+00,1.258429969998975384e-02,3.842707785306487267e-08,9.016276378208953890e-02,2.582125115970845819e-02,-2.045354803854898817e-01
2.212000000000000188e+00,1.270318205994303007e-02,4.261325559085094028e-08,9.037269904250211372e-02,2.582125115970845819e-02,-2.047205803677392133e-01
2.213999999999999968e+00,1.282410786045307116e-02,5.152530557772649900e-08,9.056766169972341185e-02,2.582125115970845819e-02,-2.049056803499884893e-01
2.216000000000000192e+00,1.294706693758684857e-02,5.844080219752356697e-08,9.074706706409396695e-02,2.582125115970845819e-02,-2.050907803322378209e-01
2.217999999999999972e+00,1.307205069973116363e-02,5.928860979942385256e-08,9.091043263309411815e-02,2.582125115970845819e-02,-2.052758803144871524e-01
2.219999999999999751e+00,1.319905128087717205e-02,5.297083127686619264e-08,9.105775464989057655e-02,2.582125115970845819e-02,-2.054609802967364285e-01
2.221999999999999975e+00,1.332806492966853718e-02,4.413560272809036178e-08,9.118966984624260474e-02,2.582125115970845819e-02,-2.056460802789857323e-01
2.224000000000000199e+00,1.345909205275597209e-02,4.241102558033560399e-08,9.130579458353010880e-02,2.582125115970845819e-02,-2.058311802612350638e-01
2.225999999999999979e+00,1.359212660777220361e-02,5.194460150903523754e-08,9.140565135780387429e-02,2.582125115970845819e-02,-2.060162802434843954e-01
2.228000000000000203e+00,1.372714843125422135e-02,6.369555627383505225e-08,9.148939166091685227e-02,2.582125115970845819e-02,-2.062013802257336992e-01
2.229999999999999982e+00,1.386413358808247231e-02,6.515211614654958794e-08,9.155763091466145864e-02,2.582125115970845819e-02,-2.063864802079830030e-01
2.232000000000000206e+00,1.400306977871390579e-02,5.604336628106665330e-08,9.161006325366638503e-02,2.582125115970845819e-02,-2.065715801902323068e-01
2.233999999999999986e+00,1.414395421280023601e-02,4.775999651318585393e-08,9.164589085124558165e-02,2.582125115970845819e-02,-2.067566801724816383e-01
2.235999999999999766e+00,1.428677824343638214e-02,4.840779366244163384e-08,9.166524081968679960e-02,2.582125115970845819e-02,-2.069417801547309144e-01
2.237999999999999989e+00,1.443152196633978868e-02,5.566493654907134214e-08,9.166881003735111166e-02,2.582125115970845819e-02,-2.071268801369802459e-01
2.240000000000000213e+00,1.457816213920393178e-02,6.326281043467218979e-08,9.165672294527682507e-02,2.582125115970845819e-02,-2.073119801192295497e-01
2.241999999999999993e+00,1.472667721911735672e-02,6.695684762192399830e-08,9.162809311126157708e-02,2.582125115970845819e-02,-2.074970801014788813e-01
2.244000000000000217e+00,1.487704536621570206e-02,6.413839914731767067e-08,9.158290632273663467e-02,2.582125115970845819e-02,-2.076821800837282128e-01
2.245999999999999996e+00,1.502924637134006591e-02,5.585120732565229673e-08,9.152159047602392850e-02,2.582125115970845819e-02,-2.078672800659774889e-01
2.248000000000000220e+00,1.518326575464334915e-02,5.005647607525531839e-08,9.144445491132541237e-02,2.582125115970845819e-02,-2.080523800482268204e-01
2.250000000000000000e+00,1.533908827603691627e-02,5.499964716992877811e-08,9.135063632603029893e-02,2.582125115970845819e-02,-2.082374800304761242e-01
2.251999999999999780e+00,1.549668595338016264e-02,6.717530487421186081e-08,9.124028451408361384e-02,2.582125115970845819e-02,-2.084225800127254280e-01
2.254000000000000004e+00,1.565602098510165963e-02,7.350739306133391437e-08,9.111382799797096421e-02,2.582125115970845819e-02,-2.086076799949747318e-01
2.255999999999999783e+00,1.581706240862679191e-02,6.788135964441721626e-08,9.097170044297747671e-02,2.582125115970845819e-02,-2.087927799772240633e-01
2.258000000000000007e+00,1.597979191407694621e-02,5.847225592603422228e-08,9.081279858732410615e-02,2.582125115970845819e-02,-2.089778799594733949e-01
2.260000000000000231e+00,1.614419069169448218e-02,5.578340778189527782e-08,9.063710059526508545e-02,2.582125115970845819e-02,-2.091629799417226987e-01
2.262000000000000011e+00,1.631022871580778411e-02,6.074710978687392071e-08,9.044504489711746587e-02,2.582125115970845819e-02,-2.093480799239719747e-01
2.263999999999999790e+00,1.647787000399969504e-02,6.793742368671473741e-08,9.023745692878348823e-02,2.582125115970845819e-02,-2.095331799062213063e-01
2.266000000000000014e+00,1.664708028524641836e-02,7.321861272835405998e-08,9.001338989281593150e-02,2.582125115970845819e-02,-2.097182798884706378e-01
2.267999999999999794e+00,1.681782538125708992e-02,7.377893096460752531e-08,8.977264826885777982e-02,2.582125115970845819e-02,-2.099033798707199139e-01
2.270000000000000018e+00,1.699007016090747779e-02,6.787159856358471188e-08,8.951540819787651149e-02,2.582125115970845819e-02,-2.100884798529692454e-01
2.271999999999999797e+00,1.716378423711872880e-02,5.999933061495710263e-08,8.924248311952098778e-02,2.582125115970845819e-02,-2.102735798352185492e-01
2.274000000000000021e+00,1.733894128909629906e-02,5.988011086976996467e-08,8.895308002985502505e-02,2.582125115970845819e-02,-2.104586798174678808e-01
2.276000000000000245e+00,1.751550671183088603e-02,6.999322577083688657e-08,8.864706243143305464e-02,2.582125115970845819e-02,-2.106437797997172123e-01
2.278000000000000025e+00,1.769343261219091801e-02,7.976576554824532650e-08,8.832473461479173338e-02,2.582125115970845819e-02,-2.108288797819664884e-01
2.279999999999999805e+00,1.787267148298066211e-02,7.863835627119897254e-08,8.798695298808290044e-02,2.582125115970845819e-02,-2.110139797642157922e-01
2.282000000000000028e+00,1.805318876208539258e-02,6.982497124941033917e-08,8.763290582651261929e-02,2.582125115970845819e-02,-2.111990797464651237e-01
2.283999999999999808e+00,1.823495516312256814e-02,6.445291333978531156e-08,8.726210379950072316e-02,2.582125115970845819e-02,-2.113841797287143998e-01
2.286000000000000032e+00,1.841793228181631825e-02,6.684609199503199761e-08,8.687484211789908706e-02,2.582125115970845819e-02,-2.115692797109637313e-01
2.287999999999999812e+00,1.860207317939899241e-02,7.291577230894574768e-08,8.647217639113224941e-02,2.582125115970845819e-02,-2.117543796932130629e-01
2.290000000000000036e+00,1.878733181876646174e-02,7.854897732251231446e-08,8.605373041484476460e-02,2.582125115970845819e-02,-2.119394796754623667e-01
2.292000000000000259e+00,1.897366381800558166e-02,8.155592345904238982e-08,8.561884258243057655e-02,2.582125115970845819e-02,-2.121245796577116982e-01
2.294000000000000039e+00,1.916102242265893540e-02,7.896012932384621763e-08,8.516762771685804090e-02,2.582125115970845819e-02,-2.123096796399609743e-01
2.295999999999999819e+00,1.934936278458387893e-02,7.129861245847024520e-08,8.470089131656410864e-02,2.582125115970845819e-02,-2.124947796222103058e-01
2.298000000000000043e+00,1.953864661348192477e-02,6.692952458919876335e-08,8.421849979410500620e-02,2.582125115970845819e-02,-2.126798796044596374e-01
2.299999999999999822e+00,1.972883341124909151e-02,7.310204641619577615e-08,8.371977184534817873e-02,2.582125115970845819e-02,-2.128649795867089134e-01
2.302000000000000046e+00,1.991986948901081078e-02,8.415018548646457930e-08,8.320504144089690968e-02,2.582125115970845819e-02,-2.130500795689582172e-01
2.303999999999999826e+00,2.011169509942434264e-02,8.759372238653639897e-08,8.267509784441673393e-02,2.582125115970845819e-02,-2.132351795512075487e-01
2.306000000000000050e+00,2.030426067511059696e-02,8.098687376278945749e-08,8.212995962924096727e-02,2.582125115970845819e-02,-2.134202795334568803e-01
2.308000000000000274e+00,2.049752675337213059e-02,7.395819690003690994e-08,8.156855905740578727e-02,2.582125115970845819e-02,-2.136053795157061841e-01
2.310000000000000053e+00,2.069144888892993084e-02,7.381454691923750033e-08,8.099112666087882051e-02,2.582125115970845819e-02,-2.137904794979554879e-01
2.311999999999999833e+00,2.088597237537037632e-02,7.841960680821102869e-08,8.039848334941035457e-02,2.582125115970845819e-02,-2.139755794802047917e-01
2.314000000000000057e+00,2.108104143904243610e-02,8.351510505377746085e-08,7.979117958824522017e-02,2.582125115970845819e-02,-2.141606794624541232e-01
2.315999999999999837e+00,2.127660379488505171e-02,8.763383052556861230e-08,7.916815049920056246e-02,2.582125115970845819e-02,-2.143457794447033993e-01
2.318000000000000060e+00,2.147260532132955202e-02,8.822412023157255589e-08,7.852946791055714915e-02,2.582125115970845819e-02,-2.145308794269527308e-01
2.319999999999999840e+00,2.166899046866865852e-02,8.269689322215612037e-08,7.787561083931182626e-02,2.582125115970845819e-02,-2.147159794092020346e-01
2.322000000000000064e+00,2.186570983055358131e-02,7.589227968285428005e-08,7.720726093414675972e-02,2.582125115970845819e-02,-2.149010793914513662e-01
2.324000000000000288e+00,2.206271751967991968e-02,7.732932616466570153e-08,7.652340613787422807e-02,2.582125115970845819e-02,-2.150861793737006977e-01
2.326000000000000068e+00,2.225995802562907855e-02,8.728346945208187435e-08,7.582427283269344009e-02,2.582125115970845819e-02,-2.152712793559499738e-01
2.327999999999999847e+00,2.245736516710905573e-02,9.437784820320871404e-08,7.511040523057910256e-02,2.582125115970845819e-02,-2.154563793381993053e-01
2.330000000000000071e+00,2.265487775174934715e-02,9.114417343081271383e-08,7.438262691003716398e-02,2.582125115970845819e-02,-2.156414793204486091e-01
2.331999999999999851e+00,2.285244729597324387e-02,8.372680682100508420e-08,7.363973261636269640e-02,2.582125115970845819e-02,-2.158265793026979129e-01
2.334000000000000075e+00,2.305002585971138718e-02,8.134509943413803512e-08,7.288164241247674369e-02,2.582125115970845819e-02,-2.160116792849472167e-01
2.335999999999999854e+00,2.324755519328469688e-02,8.440661636299751081e-08,7.210887814197952661e-02,2.582125115970845819e-02,-2.161967792671965483e-01
2.338000000000000078e+00,2.344497307679149767e-02,8.855839417343247533e-08,7.132263971156482807e-02,2.582125115970845819e-02,-2.163818792494458798e-01
2.340000000000000302e+00,2.364222180637964854e-02,9.252851163044084615e-08,7.052204831523234407e-02,2.582125115970845819e-02,-2.165669792316951836e-01
2.342000000000000082e+00,2.383924422081851180e-02,9.529468703028953769e-08,6.970682974836794887e-02,2.582125115970845819e-02,-2.167520792139444596e-01
2.343999999999999861e+00,2.403597947926816580e-02,9.294127190084822132e-08,6.887724262637895389e-02,2.582125115970845819e-02,-2.169371791961937912e-01
2.346000000000000085e+00,2.423237000667211039e-02,8.595085498885879360e-08,6.803434622220438932e-02,2.582125115970845819e-02,-2.171222791784431227e-01
2.347999999999999865e+00,2.442836536910408807e-02,8.311882360167999195e-08,6.717746827313286762e-02,2.582125115970845819e-02,-2.173073791606923988e-01
2.350000000000000089e+00,2.462391134666186421e-02,9.000504697098676843e-08,6.630633995367818390e-02,2.582125115970845819e-02,-2.174924791429417303e-01
2.351999999999999869e+00,2.481894160449449327e-02,9.903872255634382782e-08,6.542143233083719256e-02,2.582125115970845819e-02,-2.176775791251910341e-01
2.354000000000000092e+00,2.501338861614599285e-02,9.962610736380383969e-08,6.452383829801489057e-02,2.582125115970845819e-02,-2.178626791074403657e-01
2.356000000000000316e+00,2.520719716431230051e-02,9.313178206404870707e-08,6.361296735342003572e-02,2.582125115970845819e-02,-2.180477790896896972e-01
2.358000000000000096e+00,2.540031826917388269e-02,8.904178261381900938e-08,6.268808867518893546e-02,2.582125115970845819e-02,-2.182328790719389733e-01
2.359999999999999876e+00,2.559269480716663825e-02,9.061805994470262249e-08,6.174961212026042201e-02,2.582125115970845819e-02,-2.184179790541882771e-01
2.362000000000000099e+00,2.578426259506017004e-02,9.385031418673861481e-08,6.079875491502806373e-02,2.582125115970845819e-02,-2.186030790364376086e-01
2.363999999999999879e+00,2.597496136714882997e-02,9.686794288921163343e-08,5.983550331015274892e-02,2.597496136714882997e-02,-2.187881790186868847e-01
2.366000000000000103e+00,2.616473472259628341e-02,1.003440809332900585e-07,5.885899802949789983e-02,2.616473472259628341e-02,-2.189732790009362162e-01
2.367999999999999883e+00,2.635352252449885135e-02,1.010961375724761524e-07,5.786948263807123460e-02,2.635352252449885135e-02,-2.191583789831855478e-01
2.370000000000000107e+00,2.654126392792033329e-02,9.592803251745607440e-08,5.686781825365971876e-02,2.654126392792033329e-02,-2.193434789654348516e-01
2.372000000000000330e+00,2.672790572760175287e-02,9.037008474876984110e-08,5.585422223965352817e-02,2.672790572760175287e-02,-2.195285789476841831e-01
2.374000000000000110e+00,2.691339714819374063e-02,9.311926185695540426e-08,5.482779658802128253e-02,2.691339714819374063e-02,-2.197136789299334592e-01
2.375999999999999890e+00,2.709767739595814184e-02,1.020113115091092482e-07,5.378902675807728517e-02,2.709767739595814184e-02,-2.198987789121827907e-01
2.378000000000000114e+00,2.728067910993903222e-02,1.060221367366054324e-07,5.273879159599959010e-02,2.728067910993903222e-02,-2.200838788944320945e-01
2.379999999999999893e+00,2.746234394463631379e-02,1.015580294305706843e-07,5.167751993666014343e-02,2.746234394463631379e-02,-2.202689788766813983e-01
2.382000000000000117e+00,2.764262417695517726e-02,9.648073018286851266e-08,5.060392943744707051e-02,2.764262417695517726e-02,-2.204540788589307021e-01
2.383999999999999897e+00,2.782146818644826158e-02,9.667693634529683777e-08,4.951828959454274148e-02,2.782146818644826158e-02,-2.206391788411800337e-01
2.386000000000000121e+00,2.799881513216084805e-02,9.925552735268183824e-08,4.842145248708484839e-02,2.799881513216084805e-02,-2.208242788234293652e-01
2.388000000000000345e+00,2.817460563398066498e-02,1.011449622945193028e-07,4.731439950969318353e-02,2.817460563398066498e-02,-2.210093788056786690e-01
2.389999999999999680e+00,2.834878708006294268e-02,1.039441404060426066e-07,4.619599125878659507e-02,2.834878708006294268e-02,-2.211944787879279728e-01
2.391999999999999904e+00,2.852130552863274549e-02,1.067547621413922343e-07,4.506632892519213396e-02,2.852130552863274549e-02,-2.213795787701772766e-01
2.394000000000000128e+00,2.869210298272895088e-02,1.045953493816753621e-07,4.392590465535306521e-02,2.869210298272895088e-02,-2.215646787524266081e-01
2.395999999999999908e+00,2.886112658476835957e-02,9.843212311899662836e-08,4.277572312192778892e-02,2.886112658476835957e-02,-2.217497787346758842e-01
2.397999999999999687e+00,2.902833049674513610e-02,9.714343029987304590e-08,4.161473513400859581e-02,2.902833049674513610e-02,-2.219348787169252157e-01
2.399999999999999911e+00,2.919366375420662241e-02,1.039840982208772857e-07,4.044313970685220472e-02,2.919366375420662241e-02,-2.221199786991745195e-01
2.402000000000000135e+00,2.935706586264641427e-02,1.102565051480652869e-07,3.926157777647298897e-02,2.935706586264641427e-02,-2.223050786814238511e-01
2.404000000000000359e+00,2.951848012483515582e-02,1.084797069950127479e-07,3.807119342955522789e-02,2.951848012483515582e-02,-2.224901786636731826e-01
2.405999999999999694e+00,2.967786237015801465e-02,1.032524934441170217e-07,3.687084670767504235e-02,2.967786237015801465e-02,-2.226752786459224587e-01
2.407999999999999918e+00,2.983516997261426162e-02,1.021942732659653075e-07,3.566029875962761775e-02,2.983516997261426162e-02,-2.228603786281717902e-01
2.410000000000000142e+00,2.999035083921153255e-02,1.043978664627687181e-07,3.444012743283086930e-02,2.999035083921153255e-02,-2.230454786104210940e-01
2.411999999999999922e+00,3.014335059731065858e-02,1.055426207541287908e-07,3.321176981240858694e-02,3.014335059731065858e-02,-2.232305785926703978e-01
2.413999999999999702e+00,3.029412280228538368e-02,1.068166473050524701e-07,3.197457627840682992e-02,3.029412280228538368e-02,-2.234156785749197016e-01
2.415999999999999925e+00,3.044262381703644049e-02,1.100876868553868348e-07,3.072812248513812072e-02,3.044262381703644049e-02,-2.236007785571690332e-01
2.418000000000000149e+00,3.058880475604841553e-02,1.109961520473490282e-07,2.947276041850777073e-02,3.058880475604841553e-02,-2.237858785394183370e-01
2.420000000000000373e+00,3.073261750797362524e-02,1.062630038406453536e-07,2.820965529538421723e-02,3.073261750797362524e-02,-2.239709785216676685e-01
2.421999999999999709e+00,3.087402255811766416e-02,1.021293040137649655e-07,2.693838732496367516e-02,3.087402255811766416e-02,-2.241560785039169446e-01
2.423999999999999932e+00,3.101298128648899421e-02,1.056888837558389582e-07,2.565847291730916080e-02,3.101298128648899421e-02,-2.243411784861662761e-01
2.426000000000000156e+00,3.114944583182022164e-02,1.125907954646621079e-07,2.437053377189701830e-02,3.114944583182022164e-02,-2.245262784684156077e-01
2.427999999999999936e+00,3.128336661266206686e-02,1.135417225794910223e-07,2.307577012253381188e-02,3.128336661266206686e-02,-2.247113784506648837e-01
2.429999999999999716e+00,3.141470549259794964e-02,1.089895717010236353e-07,2.177394734583137925e-02,3.141470549259794964e-02,-2.248964784329142153e-01
2.431999999999999940e+00,3.154343115848656787e-02,1.068492752054339689e-07,2.046406903519226717e-02,3.154343115848656787e-02,-2.250815784151635190e-01
2.434000000000000163e+00,3.166950492226916491e-02,1.087944677680141581e-07,1.914661767901648659e-02,3.166950492226916491e-02,-2.252666783974128506e-01
2.436000000000000387e+00,3.179288195050000709e-02,1.098807124177980654e-07,1.782282248297550886e-02,3.179288195050000709e-02,-2.254517783796621822e-01
2.437999999999999723e+00,3.191352405157832361e-02,1.095577223386712262e-07,1.649309546339128296e-02,3.191352405157832361e-02,-2.256368783619114582e-01
2.439999999999999947e+00,3.203140022308104129e-02,1.117189929455975062e-07,1.515640378730831461e-02,3.203140022308104129e-02,-2.258219783441607620e-01
2.442000000000000171e+00,3.214647587256980188e-02,1.146866723811257316e-07,1.381308567546335464e-02,3.214647587256980188e-02,-2.260070783264100935e-01
2.443999999999999950e+00,3.225871279069092434e-02,1.127118819388428506e-07,1.246395938085198551e-02,3.225871279069092434e-02,-2.261921783086593696e-01
2.445999999999999730e+00,3.236807955730347519e-02,1.076169657832082294e-07,1.110960199508148616e-02,3.236807955730347519e-02,-2.263772782909087011e-01
2.447999999999999954e+00,3.247455077600003293e-02,1.076700089086557455e-07,9.748939211605467392e-03,3.247455077600003293e-02,-2.265623782731580327e-01
2.450000000000000178e+00,3.257809514116483118e-02,1.135407926566855963e-07,8.382518549153727960e-03,3.257809514116483118e-02,-2.267474782554073365e-01
2.452000000000000401e+00,3.267867549666714222e-02,1.166233819516193648e-07,7.011234234474583715e-03,3.267867549666714222e-02,-2.269325782376566680e-01
2.453999999999999737e+00,3.277626251462806284e-02,1.133911639028539753e-07,5.635904632685928561e-03,3.277626251462806284e-02,-2.271176782199059441e-01
2.455999999999999961e+00,3.287083736048157512e-02,1.104279395702789657e-07,4.255146236093465539e-03,3.287083736048157512e-02,-2.273027782021552756e-01
2.458000000000000185e+00,3.296237793902767610e-02,1.120055137526776434e-07,2.869165792344086086e-03,3.296237793902767610e-02,-2.274878781844045794e-01
2.459999999999999964e+00,3.305085331101753621e-02,1.136871928819616073e-07,1.478776034054329891e-03,3.305085331101753621e-02,-2.276729781666538832e-01
2.461999999999999744e+00,3.313623562030232339e-02,1.124257120732607973e-07,8.528330391455174464e-05,3.313623562030232339e-02,-2.278580781489031870e-01
2.463999999999999968e+00,3.321850718875651864e-02,1.124749828829152420e-07,1.312394951063944326e-03,3.321850718875651864e-02,-2.280431781311525186e-01
2.466000000000000192e+00,3.329765085487890186e-02,1.158214213425878825e-07,2.714220017447921407e-03,3.329765085487890186e-02,-2.282282781134018501e-01
2.468000000000000416e+00,3.337364323820202205e-02,1.168391600137042019e-07,4.119701648161222529e-03,3.337364323820202205e-02,-2.284133780956511539e-01
2.469999999999999751e+00,3.344646341114121402e-02,1.127459828831334221e-07,5.527643307153273788e-03,3.344646341114121402e-02,-2.285984780779004577e-01
2.471999999999999975e+00,3.351609897319696163e-02,1.101014225346474973e-07,6.939002605723665340e-03,3.351609897319696163e-02,-2.287835780601497615e-01
2.474000000000000199e+00,3.358253674077416040e-02,1.137179223009709972e-07,8.353731929673147150e-03,3.358253674077416040e-02,-2.289686780423990931e-01
2.475999999999999979e+00,3.364575619196485956e-02,1.178584297933937819e-07,9.771116645828303859e-03,3.364575619196485956e-02,-2.291537780246483691e-01
2.477999999999999758e+00,3.370573968331880277e-02,1.162546259259045200e-07,1.118983601645040515e-02,3.370573968331880277e-02,-2.293388780068977006e-01
2.479999999999999982e+00,3.376248117822189254e-02,1.128222443247395290e-07,1.261080664180413979e-02,3.376248117822189254e-02,-2.295239779891470044e-01
2.482000000000000206e+00,3.381597643822165100e-02,1.137493416125678891e-07,1.403451106357211930e-02,3.381597643822165100e-02,-2.297090779713963360e-01
2.483999999999999986e+00,3.386621186456206800e-02,1.163603415843539324e-07,1.546034759776382383e-02,3.386621186456206800e-02,-2.298941779536456675e-01
2.485999999999999766e+00,3.391317207119959320e-02,1.152572666196505224e-07,1.688682778806027684e-02,3.391317207119959320e-02,-2.300792779358949436e-01
2.487999999999999989e+00,3.395685223788902363e-02,1.130862071763161225e-07,1.831426323491402997e-02,3.395685223788902363e-02,-2.302643779181442751e-01
2.490000000000000213e+00,3.399725328715008654e-02,1.150581476760947908e-07,1.974327806416575903e-02,3.399725328715008654e-02,-2.304494779003935789e-01
2.491999999999999993e+00,3.403437024503086494e-02,1.181783085835164115e-07,2.117343901389678873e-02,3.403437024503086494e-02,-2.306345778826428827e-01
2.493999999999999773e+00,3.406819545626327272e-02,1.164982174062245690e-07,2.260362541785065904e-02,3.406819545626327272e-02,-2.308196778648921865e-01
2.495999999999999996e+00,3.409872889499687698e-02,1.127107341902799931e-07,2.403393617943361260e-02,3.409872889499687698e-02,-2.310047778471415181e-01
2.498000000000000220e+00,3.412597477420653558e-02,1.136347368424495130e-07,2.546510827440662261e-02,3.412597477420653558e-02,-2.311898778293908219e-01
2.500000000000000000e+00,3.414993143154654298e-02,1.175941545250580589e-07,2.689643192899493496e-02,3.414993143154654298e-02,-2.313749778116401534e-01
2.501999999999999780e+00,3.417059545924172603e-02,1.175086502547273426e-07,2.832673340921498806e-02,3.417059545924172603e-02,-2.315600777938894295e-01
2.504000000000000004e+00,3.418797342062152023e-02,1.140057240833769470e-07,2.975584746260628854e-02,3.418797342062152023e-02,-2.317451777761387610e-01
2.506000000000000227e+00,3.420207828940879935e-02,1.139543194250691727e-07,3.118499727711732117e-02,3.420207828940879935e-02,-2.319302777583880926e-01
2.508000000000000007e+00,3.421291559712769104e-02,1.173628848549768122e-07,3.261370637541094464e-02,3.421291559712769104e-02,-2.321153777406373686e-01
2.509999999999999787e+00,3.422048439266422992e-02,1.175285654353430687e-07,3.404086301493614020e-02,3.422048439266422992e-02,-2.323004777228867002e-01
2.512000000000000011e+00,3.422479169600722848e-02,1.139371595959559613e-07,3.546567570068925868e-02,3.422479169600722848e-02,-2.324855777051360040e-01
2.514000000000000234e+00,3.422585481818818387e-02,1.133161319222253383e-07,3.688927992573942660e-02,3.422585481818818387e-02,-2.326706776873853355e-01
2.516000000000000014e+00,3.422368852208701462e-02,1.168580566757171368e-07,3.831132293095540486e-02,3.422585481818818387e-02,-2.328557776696346671e-01
2.517999999999999794e+00,3.421830091594268985e-02,1.180001253375806414e-07,3.973109396254437264e-02,3.422585481818818387e-02,-2.330408776518839431e-01
2.520000000000000018e+00,3.420970386182198286e-02,1.148432380304598155e-07,4.114774193659387347e-02,3.422585481818818387e-02,-2.332259776341332469e-01
2.522000000000000242e+00,3.419791655271509079e-02,1.135334978252799942e-07,4.256242786632158381e-02,3.422585481818818387e-02,-2.334110776163825784e-01
2.523999999999999577e+00,3.418295595503983986e-02,1.162876557270209332e-07,4.397467210615868538e-02,3.422585481818818387e-02,-2.335961775986318545e-01
2.525999999999999801e+00,3.416483444461027030e-02,1.172311635544431851e-07,4.538362171543508516e-02,3.422585481818818387e-02,-2.337812775808811860e-01
2.528000000000000025e+00,3.414357073046192514e-02,1.140075541750107391e-07,4.678818770628456747e-02,3.422585481818818387e-02,-2.339663775631305176e-01
2.530000000000000249e+00,3.411919279782371639e-02,1.127446319637570582e-07,4.818970918701337425e-02,3.422585481818818387e-02,-2.341514775453798214e-01
2.532000000000000028e+00,3.409172501045398818e-02,1.163834021378207240e-07,4.958815377626546450e-02,3.422585481818818387e-02,-2.343365775276291529e-01
2.533999999999999808e+00,3.406118212851927396e-02,1.185321907293257482e-07,5.098279495415880547e-02,3.422585481818818387e-02,-2.345216775098784290e-01
2.536000000000000032e+00,3.402758193675947673e-02,1.149421915425108409e-07,5.237218642778351807e-02,3.422585481818818387e-02,-2.347067774921277605e-01
2.538000000000000256e+00,3.399095475536184630e-02,1.114655192591129662e-07,5.375722950834793679e-02,3.422585481818818387e-02,-2.348918774743770643e-01
2.539999999999999591e+00,3.395133369560920933e-02,1.135445920619204685e-07,5.513804457129134473e-02,3.422585481818818387e-02,-2.350769774566263681e-01
2.541999999999999815e+00,3.390874398570242754e-02,1.167918451949745418e-07,5.651415082004451751e-02,3.422585481818818387e-02,-2.352620774388756719e-01
2.544000000000000039e+00,3.386320918497021104e-02,1.156571229898872843e-07,5.788433311596663522e-02,3.422585481818818387e-02,-2.354471774211250035e-01
2.546000000000000263e+00,3.381476021391272013e-02,1.132947510251725021e-07,5.924934858032093743e-02,3.422585481818818387e-02,-2.356322774033743350e-01
2.548000000000000043e+00,3.376343007014936948e-02,1.143602029740620196e-07,6.060940325278285634e-02,3.422585481818818387e-02,-2.358173773856236388e-01
2.549999999999999822e+00,3.370924681595355299e-02,1.156352333886445649e-07,6.196375097924577968e-02,3.422585481818818387e-02,-2.360024773678729426e-01
2.552000000000000046e+00,3.365224056923676876e-02,1.128988137422126670e-07,6.331107001208935436e-02,3.422585481818818387e-02,-2.361875773501222464e-01
2.554000000000000270e+00,3.359245118845233247e-02,1.103771026800259847e-07,6.465194998731504938e-02,3.422585481818818387e-02,-2.363726773323715780e-01
2.555999999999999606e+00,3.352991944601957375e-02,1.134188926110724083e-07,6.598715143403988126e-02,3.422585481818818387e-02,-2.365577773146208540e-01
2.557999999999999829e+00,3.346467582989454126e-02,1.176085248077995971e-07,6.731609791633352824e-02,3.422585481818818387e-02,-2.367428772968701856e-01
2.560000000000000053e+00,3.339674795505376270e-02,1.155813087461154964e-07,6.863743340835370965e-02,3.422585481818818387e-02,-2.369279772791194894e-01
2.562000000000000277e+00,3.332617498020273850e-02,1.100441805457208488e-07,6.995110799781778521e-02,3.422585481818818387e-02,-2.371130772613688209e-01
2.564000000000000057e+00,3.325300446097967377e-02,1.092218816500789558e-07,7.125794778904304128e-02,3.422585481818818387e-02,-2.372981772436181525e-01
2.565999999999999837e+00,3.317727814810733644e-02,1.129787939868620583e-07,7.255748721510757449e-02,3.422585481818818387e-02,-2.374832772258674285e-01
2.568000000000000060e+00,3.309903117729595667e-02,1.143940627779116426e-07,7.384877287058799755e-02,3.422585481818818387e-02,-2.376683772081167600e-01
2.570000000000000284e+00,3.301830293358398727e-02,1.124627870829897347e-07,7.513159885446996089e-02,3.422585481818818387e-02,-2.378534771903660638e-01
2.571999999999999620e+00,3.293513808591919112e-02,1.120537767018703335e-07,7.640692984141372879e-02,3.422585481818818387e-02,-2.380385771726153676e-01
2.573999999999999844e+00,3.284957830973045390e-02,1.130142214256224520e-07,7.767407391838854203e-02,3.422585481818818387e-02,-2.382236771548646714e-01
2.576000000000000068e+00,3.276166384792256192e-02,1.107880711614939173e-07,7.893199298282971288e-02,3.422585481818818387e-02,-2.384087771371140030e-01
2.578000000000000291e+00,3.267144292434998043e-02,1.071592301560286842e-07,8.018018072801091911e-02,3.422585481818818387e-02,-2.385938771193633068e-01
2.580000000000000071e+00,3.257896861032716362e-02,1.087650624009839362e-07,8.141998716879561560e-02,3.422585481818818387e-02,-2.387789771016126383e-01
2.581999999999999851e+00,3.248428547740622729e-02,1.143569571260272255e-07,8.265104398152212095e-02,3.422585481818818387e-02,-2.389640770838619144e-01
2.584000000000000075e+00,3.238743000904265035e-02,1.150758914825189549e-07,8.387244347740718808e-02,3.422585481818818387e-02,-2.391491770661112459e-01
2.586000000000000298e+00,3.228844615128589890e-02,1.090903244405083683e-07,8.508315761362739149e-02,3.422585481818818387e-02,-2.393342770483605775e-01
2.587999999999999634e+00,3.218739021258554267e-02,1.048804431080796462e-07,8.628432074708880517e-02,3.422585481818818387e-02,-2.395193770306098535e-01
2.589999999999999858e+00,3.208431752761808919e-02,1.072136794899591905e-07,8.747567167265413168e-02,3.422585481818818387e-02,-2.397044770128591851e-01
2.592000000000000082e+00,3.197927415175394472e-02,1.106404201589583636e-07,8.865663607821272496e-02,3.422585481818818387e-02,-2.398895769951084889e-01
2.594000000000000306e+00,3.187230525150741567e-02,1.103919423650623344e-07,8.982624332556987667e-02,3.422585481818818387e-02,-2.400746769773578204e-01
2.596000000000000085e+00,3.176346199506796530e-02,1.093408591446021205e-07,9.098562504551488406e-02,3.422585481818818387e-02,-2.402597769596071242e-01
2.597999999999999865e+00,3.165279570434931244e-02,1.096511575982006548e-07,9.213450220850838424e-02,3.422585481818818387e-02,-2.404448769418564280e-01
2.600000000000000089e+00,3.154035460708592975e-02,1.078145601685065458e-07,9.327210646755645929e-02,3.422585481818818387e-02,-2.406299769241057318e-01
2.602000000000000313e+00,3.142619179722039302e-02,1.033787186965895444e-07,9.439725924903352716e-02,3.422585481818818387e-02,-2.408150769063550634e-01
2.603999999999999648e+00,3.131036755049321219e-02,1.029297167498555154e-07,9.551111706650794453e-02,3.422585481818818387e-02,-2.410001768886043394e-01
2.605999999999999872e+00,3.119293718448190589e-02,1.087630684404317094e-07,9.661390550163662105e-02,3.422585481818818387e-02,-2.411852768708536709e-01
2.608000000000000096e+00,3.107394470045299339e-02,1.126444885146682395e-07,9.770501624661753759e-02,3.422585481818818387e-02,-2.413703768531030025e-01
2.610000000000000320e+00,3.095343548608209261e-02,1.081412746017917925e-07,9.878307470287828185e-02,3.422585481818818387e-02,-2.415554768353523063e-01
2.612000000000000099e+00,3.083146825808036340e-02,1.012111211506905306e-07,9.984872002087230580e-02,3.422585481818818387e-02,-2.417405768176016378e-01
2.613999999999999879e+00,3.070810679180679958e-02,1.005094932837735655e-07,1.009022960708596539e-01,3.422585481818818387e-02,-2.419256767998509139e-01
2.616000000000000103e+00,3.058340626194699929e-02,1.044954794915398111e-07,1.019433496918779047e-01,3.422585481818818387e-02,-2.421107767821002454e-01
2.617999999999999883e+00,3.045741558353742828e-02,1.064756645074993457e-07,1.029708142110042912e-01,3.422585481818818387e-02,-2.422958767643495492e-01
2.619999999999999662e+00,3.033018750613236669e-02,1.059252759949558254e-07,1.039851901103375775e-01,3.422585481818818387e-02,-2.424809767465988530e-01
2.621999999999999886e+00,3.020177771430121449e-02,1.057175703644830378e-07,1.049869788763760914e-01,3.422585481818818387e-02,-2.426660767288481568e-01
2.624000000000000110e+00,3.007223919174706328e-02,1.041281489921885850e-07,1.059754717973978577e-01,3.422585481818818387e-02,-2.428511767110974884e-01
2.625999999999999890e+00,2.994162658734844662e-02,9.925943467159470401e-08,1.069495077746115408e-01,3.422585481818818387e-02,-2.430362766933468199e-01
2.628000000000000114e+00,2.981000207036132998e-02,9.650396959326457136e-08,1.079093304748620641e-01,3.422585481818818387e-02,-2.432213766755961237e-01
2.629999999999999893e+00,2.967742701569930919e-02,1.012119440479963828e-07,1.088559414320574570e-01,3.422585481818818387e-02,-2.434064766578454275e-01
2.632000000000000117e+00,2.954395088671746272e-02,1.077587057363160739e-07,1.097888570219374138e-01,3.422585481818818387e-02,-2.435915766400947313e-01
2.633999999999999897e+00,2.940961805775621496e-02,1.063926070576926008e-07,1.107069923771359932e-01,3.422585481818818387e-02,-2.437766766223440629e-01
2.635999999999999677e+00,2.927448378326269474e-02,9.839807280087597974e-08,1.116100062046680996e-01,3.422585481818818387e-02,-2.439617766045933389e-01
2.637999999999999901e+00,2.913861370147319274e-02,9.394083244629314322e-08,1.124988715570383047e-01,3.422585481818818387e-02,-2.441468765868426705e-01
2.640000000000000124e+00,2.900206872271937630e-02,9.658828037384381560e-08,1.133731721207006382e-01,3.422585481818818387e-02,-2.443319765690919743e-01
2.641999999999999904e+00,2.886489986783269401e-02,1.003860162773761999e-07,1.142321935172857517e-01,3.422585481818818387e-02,-2.445170765513413058e-01
2.644000000000000128e+00,2.872715755456334286e-02,1.013459328680355043e-07,1.150755209341642882e-01,3.422585481818818387e-02,-2.447021765335906374e-01
2.645999999999999908e+00,2.858889620804960785e-02,1.012015139467692393e-07,1.159042579229895287e-01,3.422585481818818387e-02,-2.448872765158399134e-01
2.648000000000000131e+00,2.845016933347188637e-02,9.985071813822798958e-08,1.167178554207378705e-01,3.422585481818818387e-02,-2.450723764980892450e-01
2.649999999999999911e+00,2.831102990719636114e-02,9.494197716897190276e-08,1.175154809567588998e-01,3.422585481818818387e-02,-2.452574764803385488e-01
2.651999999999999691e+00,2.817153716110376571e-02,9.003378709238063493e-08,1.182964303516060856e-01,3.422585481818818387e-02,-2.454425764625878525e-01
2.653999999999999915e+00,2.803175313302086469e-02,9.239624165768844932e-08,1.190620426405060162e-01,3.422585481818818387e-02,-2.456276764448371563e-01
2.656000000000000139e+00,2.789172982818932667e-02,1.003214972206123434e-07,1.198121536400373888e-01,3.422585481818818387e-02,-2.458127764270864879e-01
2.657999999999999918e+00,2.775150892457944884e-02,1.029630329885122819e-07,1.205460989408311256e-01,3.422585481818818387e-02,-2.459978764093357917e-01
2.660000000000000142e+00,2.761113769633605219e-02,9.607505668807192478e-08,1.212628123531725999e-01,3.422585481818818387e-02,-2.461829763915851232e-01
2.661999999999999922e+00,2.747067673532443965e-02,8.832679077031002635e-08,1.219633185168249589e-01,3.422585481818818387e-02,-2.463680763738343993e-01
2.664000000000000146e+00,2.733018781998963753e-02,8.792857475459214811e-08,1.226475441495262775e-01,3.422585481818818387e-02,-2.465531763560837308e-01
2.665999999999999925e+00,2.718972225777493978e-02,9.224392971685091425e-08,1.233150566934078096e-01,3.422585481818818387e-02,-2.467382763383330624e-01
2.667999999999999705e+00,2.704932560739869984e-02,9.516101129314336049e-08,1.239649438492805844e-01,3.422585481818818387e-02,-2.469233763205823384e-01
2.669999999999999929e+00,2.690904608300948020e-02,9.590036087470110715e-08,1.245981989164229864e-01,3.422585481818818387e-02,-2.471084763028316700e-01
2.672000000000000153e+00,2.676893296201188210e-02,9.502588294019176374e-08,1.252148336597644906e-01,3.422585481818818387e-02,-2.472935762850809738e-01
2.673999999999999932e+00,2.662903431790697439e-02,9.047981075482880442e-08,1.258142037470409980e-01,3.422585481818818387e-02,-2.474786762673303053e-01
2.676000000000000156e+00,2.648940244352893103e-02,8.392498918041724210e-08,1.263952332069235851e-01,3.422585481818818387e-02,-2.476637762495796091e-01
2.677999999999999936e+00,2.635009476730287847e-02,8.315523225554954934e-08,1.269588047661089902e-01,3.422585481818818387e-02,-2.478488762318289129e-01
2.680000000000000160e+00,2.621116219914310097e-02,9.071919027103803046e-08,1.275054227051038991e-01,3.422585481818818387e-02,-2.480339762140782167e-01
2.681999999999999940e+00,2.607264245793694535e-02,9.718341742459557508e-08,1.280346246505265073e-01,3.422585481818818387e-02,-2.482190761963275483e-01
2.683999999999999719e+00,2.593457216120431674e-02,9.345571183594358899e-08,1.285452901709217555e-01,3.422585481818818387e-02,-2.484041761785768243e-01
2.685999999999999943e+00,2.579700080644320437e-02,8.399302209305403721e-08,1.290377839739756949e-01,3.422585481818818387e-02,-2.485892761608261559e-01
2.688000000000000167e+00,2.565998524232915301e-02,7.963241821506983342e-08,1.295126763948820647e-01,3.422585481818818387e-02,-2.487743761430754874e-01
2.689999999999999947e+00,2.552357464714549717e-02,8.265978423960262944e-08,1.299695807550375060e-01,3.422585481818818387e-02,-2.489594761253247912e-01
2.692000000000000171e+00,2.538780841302035185e-02,8.715576937934343960e-08,1.304076985639581743e-01,3.422585481818818387e-02,-2.491445761075741228e-01
2.693999999999999950e+00,2.525272509898901507e-02,8.949434660010524567e-08,1.308272871349576150e-01,3.422585481818818387e-02,-2.493296760898233988e-01
2.696000000000000174e+00,2.511836528149535841e-02,8.958026453953493728e-08,1.312291037774081515e-01,3.422585481818818387e-02,-2.495147760720727304e-01
2.697999999999999954e+00,2.498476889574241522e-02,8.584090649410569540e-08,1.316125654417924506e-01,3.422585481818818387e-02,-2.496998760543220341e-01
2.699999999999999734e+00,2.485197828023855138e-02,7.839416893418160726e-08,1.319767847412721684e-01,3.422585481818818387e-02,-2.498849760365713379e-01
2.701999999999999957e+00,2.472004176680986376e-02,7.429538007031055713e-08,1.323217295495243695e-01,3.422585481818818387e-02,-2.500700760188206417e-01
2.704000000000000181e+00,2.458900529407859192e-02,7.974283100509182987e-08,1.326485359158594557e-01,3.422585481818818387e-02,-2.502551760010699455e-01
2.705999999999999961e+00,2.445890145047879827e-02,8.882382673824906760e-08,1.329568855129492633e-01,3.422585481818818387e-02,-2.504402759833193048e-01
2.708000000000000185e+00,2.432975532215531089e-02,8.959282959963843496e-08,1.332460346186400413e-01,3.422585481818818387e-02,-2.506253759655686086e-01
2.709999999999999964e+00,2.420160116477054757e-02,8.068683732265213848e-08,1.335154940058095319e-01,3.422585481818818387e-02,-2.508104759478179124e-01
2.712000000000000188e+00,2.407448510636267525e-02,7.260707501899332783e-08,1.337662821479174147e-01,3.422585481818818387e-02,-2.509955759300672162e-01
2.713999999999999968e+00,2.394845102063170028e-02,7.262018786313717555e-08,1.339981227622706328e-01,3.422585481818818387e-02,-2.511806759123165200e-01
2.715999999999999748e+00,2.382353159213224103e-02,7.750173813825256275e-08,1.342105584014673392e-01,3.422585481818818387e-02,-2.513657758945658238e-01
2.717999999999999972e+00,2.369975416822511782e-02,8.168982545964098563e-08,1.344031114374387714e-01,3.422585481818818387e-02,-2.515508758768151276e-01
2.720000000000000195e+00,2.357714727216142503e-02,8.332491585605339424e-08,1.345768953987566685e-01,3.422585481818818387e-02,-2.517359758590644869e-01
2.721999999999999975e+00,2.345573978167225793e-02,8.090832570584183259e-08,1.347316087598250389e-01,3.422585481818818387e-02,-2.519210758413137907e-01
2.724000000000000199e+00,2.333556193960684144e-02,7.346197827828859772e-08,1.348666566530138944e-01,3.422585481818818387e-02,-2.521061758235630945e-01
2.725999999999999979e+00,2.321664978014581493e-02,6.644088323959351783e-08,1.349813218155609396e-01,3.422585481818818387e-02,-2.522912758058123983e-01
2.728000000000000203e+00,2.309904070635127038e-02,6.841245958622010903e-08,1.350767943936465043e-01,3.422585481818818387e-02,-2.524763757880617021e-01
2.729999999999999982e+00,2.298276099941842787e-02,7.819331537817220124e-08,1.351531676353367462e-01,3.422585481818818387e-02,-2.526614757703110614e-01
2.731999999999999762e+00,2.286782475201776244e-02,8.368632276045673279e-08,1.352100222827666287e-01,3.422585481818818387e-02,-2.528465757525603097e-01
2.733999999999999986e+00,2.275424925965563450e-02,7.767159604377127380e-08,1.352464518494482792e-01,3.422585481818818387e-02,-2.530316757348096690e-01
2.736000000000000210e+00,2.264206527252299317e-02,6.729340640276859631e-08,1.352632901474009608e-01,3.422585481818818387e-02,-2.532167757170589728e-01
2.737999999999999989e+00,2.253130769330213834e-02,6.324504131516306416e-08,1.352606999953877009e-01,3.422585481818818387e-02,-2.534018756993082766e-01
2.740000000000000213e+00,2.242200212080902588e-02,6.680764319533238904e-08,1.352383894894940708e-01,3.422585481818818387e-02,-2.535869756815576359e-01
2.741999999999999993e+00,2.231416495055271731e-02,7.239101873501851969e-08,1.351956565315479697e-01,3.422585481818818387e-02,-2.537720756638068842e-01
2.744000000000000217e+00,2.220781107429459222e-02,7.601404405921385887e-08,1.351332863820440267e-01,3.422585481818818387e-02,-2.539571756460561880e-01
2.745999999999999996e+00,2.210295618880575574e-02,7.548468816676034976e-08,1.350515925891681568e-01,3.422585481818818387e-02,-2.541422756283055473e-01
2.747999999999999776e+00,2.199961713209830361e-02,6.897805071570672908e-08,1.349500963227768802e-01,3.422585481818818387e-02,-2.543273756105547956e-01
2.750000000000000000e+00,2.189781586439698557e-02,5.994322216373859646e-08,1.348279782231979751e-01,3.422585481818818387e-02,-2.545124755928041549e-01
2.751999999999999780e+00,2.179757857279174260e-02,5.775957800935316300e-08,1.346858290287570314e-01,3.422585481818818387e-02,-2.546975755750534587e-01
2.754000000000000004e+00,2.169892410638996072e-02,6.609077485286718456e-08,1.345243716713273030e-01,3.422585481818818387e-02,-2.548826755573027625e-01
2.756000000000000227e+00,2.160185701039918360e-02,7.534962576105641574e-08,1.343433168619287965e-01,3.422585481818818387e-02,-2.550677755395521218e-01
2.758000000000000007e+00,2.150637835787505558e-02,7.396852841345946672e-08,1.341419096122435928e-01,3.422585481818818387e-02,-2.552528755218013701e-01
2.759999999999999787e+00,2.141250089368207377e-02,6.354635784244777597e-08,1.339203005334339003e-01,3.422585481818818387e-02,-2.554379755040507294e-01
2.762000000000000011e+00,2.132024708714008732e-02,5.548602521887602279e-08,1.336792180638818883e-01,3.422585481818818387e-02,-2.556230754863000332e-01
2.763999999999999790e+00,2.122963480790784896e-02,5.603334496395717679e-08,1.334183964197402372e-01,3.422585481818818387e-02,-2.558081754685493370e-01
2.766000000000000014e+00,2.114067101997563203e-02,6.183894052380622952e-08,1.331373559581788268e-01,3.422585481818818387e-02,-2.559932754507986408e-01
2.767999999999999794e+00,2.105335749833403547e-02,6.745724201451253066e-08,1.328361879271783841e-01,3.422585481818818387e-02,-2.561783754330479446e-01
2.770000000000000018e+00,2.096769596866465690e-02,6.931678508959038254e-08,1.325157893889585270e-01,3.422585481818818387e-02,-2.563634754152973039e-01
2.772000000000000242e+00,2.088368940267781859e-02,6.466353130729629584e-08,1.321757870003774094e-01,3.422585481818818387e-02,-2.565485753975466077e-01
2.774000000000000021e+00,2.080134528964117102e-02,5.485562459828230431e-08,1.318156166029308407e-01,3.422585481818818387e-02,-2.567336753797959115e-01
2.775999999999999801e+00,2.072067714990444287e-02,4.862753744117043198e-08,1.314351066566039061e-01,3.422585481818818387e-02,-2.569187753620452153e-01
2.778000000000000025e+00,2.064169559092532413e-02,5.363209742981212003e-08,1.310353772289550300e-01,3.422585481818818387e-02,-2.571038753442945191e-01
2.779999999999999805e+00,2.056439746134175461e-02,6.475778147052579925e-08,1.306163267298338093e-01,3.422585481818818387e-02,-2.572889753265438229e-01
2.782000000000000028e+00,2.048877037203067353e-02,6.867025204027044083e-08,1.301775533627133052e-01,3.422585481818818387e-02,-2.574740753087931266e-01
2.783999999999999808e+00,2.041480898240721764e-02,6.069238622785633197e-08,1.297185938362203639e-01,3.422585481818818387e-02,-2.576591752910424304e-01
2.786000000000000032e+00,2.034252088188237551e-02,4.986099688686351783e-08,1.292403920244321047e-01,3.422585481818818387e-02,-2.578442752732917898e-01
2.788000000000000256e+00,2.027191528223137862e-02,4.627878935625773238e-08,1.287428765496672622e-01,3.422585481818818387e-02,-2.580293752555410935e-01
2.790000000000000036e+00,2.020299174344752924e-02,5.066079533655454270e-08,1.282258252903908380e-01,3.422585481818818387e-02,-2.582144752377903973e-01
2.791999999999999815e+00,2.013574129791995126e-02,5.765718158468047250e-08,1.276888495623824671e-01,3.422585481818818387e-02,-2.583995752200397011e-01
2.794000000000000039e+00,2.007015268357037474e-02,6.215483006055677606e-08,1.271329405412978675e-01,3.422585481818818387e-02,-2.585846752022890049e-01
2.795999999999999819e+00,2.000621555089976411e-02,6.016093623273377489e-08,1.265580876339453265e-01,3.422585481818818387e-02,-2.587697751845383087e-01
2.798000000000000043e+00,1.994392367703168301e-02,5.096359134704186999e-08,1.259639385324191618e-01,3.422585481818818387e-02,-2.589548751667876125e-01
2.799999999999999822e+00,1.988327785724686159e-02,4.153485444469140475e-08,1.253499364651649572e-01,3.422585481818818387e-02,-2.591399751490369718e-01
2.802000000000000046e+00,1.982428020034210370e-02,4.201015157967447067e-08,1.247170239475918485e-01,3.422585481818818387e-02,-2.593250751312862756e-01
2.804000000000000270e+00,1.976692182427985944e-02,5.263833258162264883e-08,1.240655329504662951e-01,3.422585481818818387e-02,-2.595101751135355794e-01
2.806000000000000050e+00,1.971118089361023618e-02,6.123403450963849082e-08,1.233952697180064062e-01,3.422585481818818387e-02,-2.596952750957848832e-01
2.807999999999999829e+00,1.965703648030348027e-02,5.774634437294423606e-08,1.227056317067843350e-01,3.422585481818818387e-02,-2.598803750780341870e-01
2.810000000000000053e+00,1.960448058903929702e-02,4.630908667646593813e-08,1.219972328010957563e-01,3.422585481818818387e-02,-2.600654750602835463e-01
2.811999999999999833e+00,1.955351285282114215e-02,3.850386198767097312e-08,1.212704454216818051e-01,3.422585481818818387e-02,-2.602505750425327946e-01
2.814000000000000057e+00,1.950412732013040440e-02,3.979951213040067159e-08,1.205251228362023697e-01,3.422585481818818387e-02,-2.604356750247821539e-01
2.815999999999999837e+00,1.945630788923613519e-02,4.692410759954412924e-08,1.197608614232506252e-01,3.422585481818818387e-02,-2.606207750070314577e-01
2.818000000000000060e+00,1.941003309744182559e-02,5.384671875052760015e-08,1.189782267864353538e-01,3.422585481818818387e-02,-2.608058749892807615e-01
2.820000000000000284e+00,1.936528108844470797e-02,5.509193690134139842e-08,1.181777518954251760e-01,3.422585481818818387e-02,-2.609909749715301208e-01
2.822000000000000064e+00,1.932203363503970373e-02,4.785468787904534338e-08,1.173591630415677378e-01,3.422585481818818387e-02,-2.611760749537793691e-01
2.823999999999999844e+00,1.928028000019299526e-02,3.661983039027205677e-08,1.165219806293426030e-01,3.422585481818818387e-02,-2.613611749360286729e-01
2.826000000000000068e+00,1.924001431580690813e-02,3.225511169269168477e-08,1.156665608949952462e-01,3.422585481818818387e-02,-2.615462749182780322e-01
2.827999999999999847e+00,1.920122388260281365e-02,4.011683141236233041e-08,1.147937120408300815e-01,3.422585481818818387e-02,-2.617313749005272805e-01
2.830000000000000071e+00,1.916388192289508741e-02,5.167142025364057645e-08,1.139033371200742772e-01,3.422585481818818387e-02,-2.619164748827766398e-01
2.831999999999999851e+00,1.912795645612896944e-02,5.372002553905019795e-08,1.129950696745843919e-01,3.422585481818818387e-02,-2.621015748650259436e-01
2.834000000000000075e+00,1.909342536939651058e-02,4.421495192197255619e-08,1.120689593490797609e-01,3.422585481818818387e-02,-2.622866748472752474e-01
2.836000000000000298e+00,1.906027836001200626e-02,3.326508646317449802e-08,1.111257674846936883e-01,3.422585481818818387e-02,-2.624717748295246067e-01
2.838000000000000078e+00,1.902850533458688709e-02,3.032856232820790865e-08,1.101653986420301767e-01,3.422585481818818387e-02,-2.626568748117738550e-01
2.839999999999999858e+00,1.899808704905225909e-02,3.591589237128545165e-08,1.091876757974155066e-01,3.422585481818818387e-02,-2.628419747940232143e-01
2.842000000000000082e+00,1.896899606895841028e-02,4.444894985411451671e-08,1.081926379304430641e-01,3.422585481818818387e-02,-2.630270747762725181e-01
2.843999999999999861e+00,1.894120220963069201e-02,4.913015205776360972e-08,1.071811594792620725e-01,3.422585481818818387e-02,-2.632121747585218219e-01
2.846000000000000085e+00,1.891467783478106846e-02,4.500758377101732322e-08,1.061531235801479178e-01,3.422585481818818387e-02,-2.633972747407711257e-01
2.847999999999999865e+00,1.888940282671569548e-02,3.366218137568210977e-08,1.051082810750804952e-01,3.422585481818818387e-02,-2.635823747230204295e-01
2.850000000000000089e+00,1.886536463922361406e-02,2.505346030634569843e-08,1.040464807350074683e-01,3.422585481818818387e-02,-2.637674747052697888e-01
2.852000000000000313e+00,1.884254863554912784e-02,2.847003233164002722e-08,1.029686733382530750e-01,3.422585481818818387e-02,-2.639525746875190926e-01
2.854000000000000092e+00,1.882092740155738575e-02,4.058202751622275173e-08,1.018749755445054334e-01,3.422585481818818387e-02,-2.641376746697683964e-01
2.855999999999999872e+00,1.880046361475706806e-02,4.793054808605035078e-08,1.007652774482290098e-01,3.422585481818818387e-02,-2.643227746520177002e-01
2.858000000000000096e+00,1.878112465323311664e-02,4.259804553541357564e-08,9.963929432691941146e-02,3.422585481818818387e-02,-2.645078746342670040e-01
2.859999999999999876e+00,1.876289100552852585e-02,3.055476938129686459e-08,9.849779215605460048e-02,3.422585481818818387e-02,-2.646929746165163078e-01
2.862000000000000099e+00,1.874574932878880773e-02,2.319519365467925809e-08,9.734091011666214099e-02,3.422585481818818387e-02,-2.648780745987656116e-01
2.863999999999999879e+00,1.872968074111092118e-02,2.557294831451173422e-08,9.616862246243779166e-02,3.422585481818818387e-02,-2.650631745810149154e-01
2.866000000000000103e+00,1.871465682386541651e-02,3.431779782570032467e-08,9.498074242901130559e-02,3.422585481818818387e-02,-2.652482745632642747e-01
2.868000000000000327e+00,1.870064343765343029e-02,4.209044845993048511e-08,9.377804078998405735e-02,3.422585481818818387e-02,-2.654333745455135785e-01
2.870000000000000107e+00,1.868760696901183849e-02,4.188618674128008479e-08,9.256075263572180467e-02,3.422585481818818387e-02,-2.656184745277628823e-01
2.871999999999999886e+00,1.867552073904310550e-02,3.216430166652628486e-08,9.132875828116397698e-02,3.422585481818818387e-02,-2.658035745100121860e-01
2.874000000000000110e+00,1.866436746504795963e-02,2.065768367476294998e-08,9.008177822421445380e-02,3.422585481818818387e-02,-2.659886744922614898e-01
2.875999999999999890e+00,1.865413238772384297e-02,1.885901423914759789e-08,8.882047498606525371e-02,3.422585481818818387e-02,-2.661737744745107936e-01
2.878000000000000114e+00,1.864479116579531581e-02,2.902806794935486323e-08,8.754531892851762087e-02,3.422585481818818387e-02,-2.663588744567600974e-01
2.879999999999999893e+00,1.863630701298712999e-02,4.022128963221405229e-08,8.625631304378335307e-02,3.422585481818818387e-02,-2.665439744390094567e-01
2.882000000000000117e+00,1.862864201269398556e-02,4.040939560745471226e-08,8.495321606834883854e-02,3.422585481818818387e-02,-2.667290744212587605e-01
2.884000000000000341e+00,1.862176961930905872e-02,2.979838886751906557e-08,8.363645173252298726e-02,3.422585481818818387e-02,-2.669141744035080643e-01
2.885999999999999677e+00,1.861567395200136588e-02,1.896645451804346294e-08,8.230649775997411766e-02,3.422585481818818387e-02,-2.670992743857573681e-01
2.887999999999999901e+00,1.861033897098407497e-02,1.694967355359011663e-08,8.096336274622381590e-02,3.422585481818818387e-02,-2.672843743680066719e-01
2.890000000000000124e+00,1.860574006481718889e-02,2.413706046144881157e-08,7.960695174114862382e-02,3.422585481818818387e-02,-2.674694743502560312e-01
2.891999999999999904e+00,1.860184427323285927e-02,3.402317105827279420e-08,7.823765577464519838e-02,3.422585481818818387e-02,-2.676545743325052795e-01
2.893999999999999684e+00,1.859861617366687092e-02,3.803473613839258860e-08,7.685606704955913471e-02,3.422585481818818387e-02,-2.678396743147546388e-01
2.895999999999999908e+00,1.859602575826924120e-02,3.146739557813305055e-08,7.546213934782697308e-02,3.422585481818818387e-02,-2.680247742970039426e-01
2.898000000000000131e+00,1.859405334451680325e-02,1.888949940909157021e-08,7.405573718642635694e-02,3.422585481818818387e-02,-2.682098742792532464e-01
2.900000000000000355e+00,1.859268575453654204e-02,1.211089895036820963e-08,7.263709399754847418e-02,3.422585481818818387e-02,-2.683949742615026057e-01
2.901999999999999691e+00,1.859190458340509444e-02,1.829435880562613193e-08,7.120692903652617312e-02,3.422585481818818387e-02,-2.685800742437518540e-01
2.903999999999999915e+00,1.859167880086509683e-02,3.103448387165030908e-08,6.976533228193045055e-02,3.422585481818818387e-02,-2.687651742260011578e-01
2.906000000000000139e+00,1.859197112425492460e-02,3.684647398305429533e-08,6.831227118252725106e-02,3.422585481818818387e-02,-2.689502742082505171e-01
2.907999999999999918e+00,1.859275152501416173e-02,3.001742454600275778e-08,6.684782308923833960e-02,3.422585481818818387e-02,-2.691353741904997654e-01
2.909999999999999698e+00,1.859400259599652827e-02,1.766038237871470074e-08,6.537263448042004987e-02,3.422585481818818387e-02,-2.693204741727491247e-01
2.911999999999999922e+00,1.859571242213065023e-02,1.097733437482872887e-08,6.388679635268629253e-02,3.422585481818818387e-02,-2.695055741549984285e-01
2.914000000000000146e+00,1.859786393118934011e-02,1.485235334719448019e-08,6.239037310196471342e-02,3.422585481818818387e-02,-2.696906741372477323e-01
2.916000000000000369e+00,1.860043046129133959e-02,2.528726261719071999e-08,6.088346346296034939e-02,3.422585481818818387e-02,-2.698757741194970916e-01
2.917999999999999705e+00,1.860337946570411738e-02,3.317271723979331455e-08,5.936675596012954553e-02,3.422585481818818387e-02,-2.700608741017463399e-01
2.919999999999999929e+00,1.860668107937746285e-02,3.087771149878903998e-08,5.784036976905844452e-02,3.422585481818818387e-02,-2.702459740839956992e-01
2.922000000000000153e+00,1.861031563730497496e-02,1.921994929876547076e-08,5.630432430567007540e-02,3.422585481818818387e-02,-2.704310740662450030e-01
2.923999999999999932e+00,1.861427307118157515e-02,8.594135847417305740e-09,5.475862339371350557e-02,3.422585481818818387e-02,-2.706161740484943068e-01
2.925999999999999712e+00,1.861854281968977620e-02,9.607079132223361739e-09,5.320393607163451111e-02,3.422585481818818387e-02,-2.708012740307436106e-01
2.927999999999999936e+00,1.862310356244845089e-02,2.131888476863963433e-08,5.164052959408309967e-02,3.422585481818818387e-02,-2.709863740129929144e-01
2.930000000000000160e+00,1.862792430270032717e-02,3.159580397316119615e-08,5.006851174440971053e-02,3.422585481818818387e-02,-2.711714739952422737e-01
2.932000000000000384e+00,1.863297602283364718e-02,3.011130766950032012e-08,4.848786435943227419e-02,3.422585481818818387e-02,-2.713565739774915775e-01
2.933999999999999719e+00,1.863824139621617082e-02,1.872289800974868967e-08,4.689911905189447783e-02,3.422585481818818387e-02,-2.715416739597408813e-01
2.935999999999999943e+00,1.864371300318368174e-02,8.221750391612658859e-09,4.530255402691191896e-02,3.422585481818818387e-02,-2.717267739419901851e-01
2.938000000000000167e+00,1.864938335089660892e-02,7.511088417899713932e-09,4.369830272555816353e-02,3.422585481818818387e-02,-2.719118739242394889e-01
2.939999999999999947e+00,1.865523632959453781e-02,1.656720594045424377e-08,4.208642539233894975e-02,3.422585481818818387e-02,-2.720969739064887927e-01
2.941999999999999726e+00,1.866124695762438890e-02,2.728226777826137095e-08,4.046743397444353685e-02,3.422585481818818387e-02,-2.722820738887380965e-01
2.943999999999999950e+00,1.866738912895204994e-02,2.978681479248734831e-08,3.884167387675385025e-02,3.422585481818818387e-02,-2.724671738709874003e-01
2.946000000000000174e+00,1.867364544829663853e-02,2.089919692860320311e-08,3.720923904626204787e-02,3.422585481818818387e-02,-2.726522738532367596e-01
2.948000000000000398e+00,1.868001013431186408e-02,8.199238621386939485e-09,3.557016273979055065e-02,3.422585481818818387e-02,-2.728373738354860634e-01
2.949999999999999734e+00,1.868648144242213149e-02,3.887671962132799308e-09,3.392486704453863411e-02,3.422585481818818387e-02,-2.730224738177353672e-01
2.951999999999999957e+00,1.869305014370647999e-02,1.230613011493630893e-08,3.227379583109301481e-02,3.422585481818818387e-02,-2.732075737999846710e-01
2.954000000000000181e+00,1.869969599953003048e-02,2.493673456616107842e-08,3.061711404475984943e-02,3.422585481818818387e-02,-2.733926737822339748e-01
2.955999999999999961e+00,1.870639569962628812e-02,2.917366281884881118e-08,2.895490748228998767e-02,3.422585481818818387e-02,-2.735777737644832786e-01
2.957999999999999741e+00,1.871313424648479717e-02,2.116728092804720518e-08,2.728748508606463480e-02,3.422585481818818387e-02,-2.737628737467325823e-01
2.959999999999999964e+00,1.871990862081285290e-02,8.711699139851702967e-09,2.561527120548886052e-02,3.422585481818818387e-02,-2.739479737289819417e-01
2.962000000000000188e+00,1.872672114241380470e-02,3.038252094356153066e-09,2.393843250676334217e-02,3.422585481818818387e-02,-2.741330737112312455e-01
2.964000000000000412e+00,1.873356882316512539e-02,8.805669526879000841e-09,2.225712632675040659e-02,3.422585481818818387e-02,-2.743181736934805492e-01
2.965999999999999748e+00,1.874043827847893251e-02,2.067047477627426133e-08,2.057165051725630411e-02,3.422585481818818387e-02,-2.745032736757298530e-01
2.967999999999999972e+00,1.874731069656698779e-02,2.777864693825904396e-08,1.888245988651990684e-02,3.422585481818818387e-02,-2.746883736579791568e-01
2.970000000000000195e+00,1.875417293510761585e-02,2.310523405935072105e-08,1.718971952991115229e-02,3.422585481818818387e-02,-2.748734736402285161e-01
2.971999999999999975e+00,1.876102418296576868e-02,1.041022779091349548e-08,1.549357968800805369e-02,3.422585481818818387e-02,-2.750585736224777644e-01
2.973999999999999755e+00,1.876787154132530944e-02,1.598263965618684779e-09,1.379427863138684915e-02,3.422585481818818387e-02,-2.752436736047271237e-01
2.975999999999999979e+00,1.877471867540647654e-02,5.226005406200329162e-09,1.209227958053255003e-02,3.422585481818818387e-02,-2.754287735869764275e-01
2.978000000000000203e+00,1.878155879674692219e-02,1.768031332449737647e-08,1.038781136512177683e-02,3.422585481818818387e-02,-2.756138735692257313e-01
2.979999999999999982e+00,1.878837829837598505e-02,2.675024135534442848e-08,8.681073850238989545e-03,3.422585481818818387e-02,-2.757989735514750906e-01
2.981999999999999762e+00,1.879516716579343605e-02,2.384082031792189582e-08,6.972273983035423214e-03,3.422585481818818387e-02,-2.759840735337243389e-01
2.983999999999999986e+00,1.880192665161939392e-02,1.190020015862103264e-08,5.261816242688868023e-03,3.422585481818818387e-02,-2.761691735159736427e-01
2.986000000000000210e+00,1.880866760277144500e-02,2.003449406373647435e-09,3.549936649531770880e-03,3.422585481818818387e-02,-2.763542734982230020e-01
2.987999999999999989e+00,1.881540056600861099e-02,3.048251207005137076e-09,1.836865443102951058e-03,3.422585481818818387e-02,-2.765393734804722503e-01
2.989999999999999769e+00,1.882212639223845851e-02,1.398001092667300327e-08,1.228352578918840213e-04,3.422585481818818387e-02,-2.767244734627216096e-01
2.991999999999999993e+00,1.882883665783507965e-02,2.471750859545096546e-08,1.591769418078226375e-03,3.422585481818818387e-02,-2.769095734449709134e-01
2.994000000000000217e+00,1.883552417387679423e-02,2.508594298955557633e-08,3.306694960279003229e-03,3.422585481818818387e-02,-2.770946734272202172e-01
2.995999999999999996e+00,1.884219317913438108e-02,1.443777053466988036e-08,5.021714991689729506e-03,3.422585481818818387e-02,-2.772797734094695765e-01
2.997999999999999776e+00,1.884885876539688088e-02,2.700361267926609798e-09,6.736598170164241964e-03,3.422585481818818387e-02,-2.774648733917188248e-01
3.000000000000000000e+00,1.885553680569906909e-02,1.041851493965850750e-09,8.450997670821218041e-03,3.422585481818818387e-02,-2.776499733739681841e-01
3.002000000000000224e+00,1.886223470855641349e-02,1.096617596729743127e-08,1.016463143838842662e-02,3.422585481818818387e-02,-2.778350733562174879e-01
3.004000000000000004e+00,1.886895107332664523e-02,2.296682810598582591e-08,1.187724865036000367e-02,3.422585481818818387e-02,-2.780201733384667917e-01
3.005999999999999783e+00,1.887568336325284868e-02,2.574028845625520034e-08,1.358859838395499488e-02,3.422585481818818387e-02,-2.782052733207160955e-01
3.008000000000000007e+00,1.888243722635085664e-02,1.678343919397917716e-08,1.529837921360967766e-02,3.422585481818818387e-02,-2.783903733029653993e-01
3.010000000000000231e+00,1.888922982694418717e-02,4.447987755895610462e-09,1.700631530813975431e-02,3.422585481818818387e-02,-2.785754732852147586e-01
3.012000000000000011e+00,1.889608345460025429e-02,2.265656551259098705e-10,1.871214171154243766e-02,3.422585481818818387e-02,-2.787605732674640624e-01
3.013999999999999790e+00,1.890301384841530652e-02,8.123168360185673009e-09,2.041557880057332311e-02,3.422585481818818387e-02,-2.789456732497133662e-01
3.016000000000000014e+00,1.891002511666295405e-02,2.080601413378957432e-08,2.211634711087434937e-02,3.422585481818818387e-02,-2.791307732319626700e-01
3.018000000000000238e+00,1.891711740093204863e-02,2.627977901958900020e-08,2.381418804203048328e-02,3.422585481818818387e-02,-2.793158732142119738e-01
3.020000000000000018e+00,1.892429954255536728e-02,1.937952409658549868e-08,2.550882587543431765e-02,3.422585481818818387e-02,-2.795009731964612776e-01
3.021999999999999797e+00,1.893159292393653548e-02,6.715446199123675797e-09,2.719995740845932222e-02,3.422585481818818387e-02,-2.796860731787105814e-01
3.024000000000000021e+00,1.893902366652255864e-02,2.722977399116643937e-10,2.888730693817558731e-02,3.422585481818818387e-02,-2.798711731609598852e-01
3.026000000000000245e+00,1.894661227911964563e-02,5.981771078467090774e-09,3.057064581398663897e-02,3.422585481818818387e-02,-2.800562731432092445e-01
3.028000000000000025e+00,1.895437016520129525e-02,1.849426312094948344e-08,3.224969420972365053e-02,3.422585481818818387e-02,-2.802413731254585483e-01
3.029999999999999805e+00,1.896230391168407525e-02,2.628247131042371620e-08,3.392414130209424339e-02,3.422585481818818387e-02,-2.804264731077078521e-01
3.032000000000000028e+00,1.897042388025715898e-02,2.215248950943049522e-08,3.559370090001985620e-02,3.422585481818818387e-02,-2.806115730899571559e-01
3.034000000000000252e+00,1.897875112919655827e-02,9.833029501749024348e-09,3.725817153057713743e-02,3.422585481818818387e-02,-2.807966730722064597e-01
3.035999999999999588e+00,1.898731612474502395e-02,9.300260561673212578e-10,3.891725264998688316e-02,3.422585481818818387e-02,-2.809817730544557635e-01
3.037999999999999812e+00,1.899614783042680166e-02,4.132773234744036017e-09,4.057062667098887410e-02,3.422585481818818387e-02,-2.811668730367050673e-01
3.040000000000000036e+00,1.900526358662413262e-02,1.659469728299001190e-08,4.221800272313945557e-02,3.422585481818818387e-02,-2.813519730189544266e-01
3.042000000000000259e+00,1.901467177646398721e-02,2.640790519592428609e-08,4.385924131175607948e-02,3.422585481818818387e-02,-2.815370730012037304e-01
3.044000000000000039e+00,1.902438501726932962e-02,2.437615653771985080e-08,4.549403782913553906e-02,3.422585481818818387e-02,-2.817221729834530342e-01
3.045999999999999819e+00,1.903442858744963662e-02,1.285645012671920995e-08,4.712204659681254459e-02,3.422585481818818387e-02,-2.819072729657023380e-01
3.048000000000000043e+00,1.904483586602601086e-02,2.931168197051192692e-09,4.874292232985120987e-02,3.422585481818818387e-02,-2.820923729479516417e-01
3.050000000000000266e+00,1.905563786718578179e-02,3.686722926943275525e-09,5.035656929672076287e-02,3.422585481818818387e-02,-2.822774729302010011e-01
3.051999999999999602e+00,1.906685743068048389e-02,1.436516861019754288e-08,5.196271970070369395e-02,3.422585481818818387e-02,-2.824625729124502493e-01
3.053999999999999826e+00,1.907851052069020614e-02,2.545254462749113600e-08,5.356105150768247086e-02,3.422585481818818387e-02,-2.826476728946996086e-01
3.056000000000000050e+00,1.909061239792353426e-02,2.690730904753024788e-08,5.515118502816844515e-02,3.422585481818818387e-02,-2.828327728769489124e-01
3.058000000000000274e+00,1.910318587092740827e-02,1.713915598333670687e-08,5.673302723412096404e-02,3.422585481818818387e-02,-2.830178728591982162e-01
3.060000000000000053e+00,1.911626508894748167e-02,5.229646937721099675e-09,5.830630374934789306e-02,3.422585481818818387e-02,-2.832029728414475200e-01
3.061999999999999833e+00,1.912988836167051065e-02,2.951433319964280599e-09,5.987068165400545594e-02,3.422585481818818387e-02,-2.833880728236968238e-01
3.064000000000000057e+00,1.914408508419074284e-02,1.292256923690615622e-08,6.142577879395613033e-02,3.422585481818818387e-02,-2.835731728059461276e-01
3.066000000000000281e+00,1.915887211264666323e-02,2.553156630558106599e-08,6.297155621035196993e-02,3.422585481818818387e-02,-2.837582727881954869e-01
3.067999999999999616e+00,1.917426483035278295e-02,2.874200122349179765e-08,6.450779708917883659e-02,3.422585481818818387e-02,-2.839433727704447352e-01
3.069999999999999840e+00,1.919028954360768591e-02,2.019206990500066468e-08,6.603412814699349820e-02,3.422585481818818387e-02,-2.841284727526940945e-01
3.072000000000000064e+00,1.920698315673330381e-02,8.578908694545361868e-09,6.755009490203491007e-02,3.422585481818818387e-02,-2.843135727349433983e-01
3.074000000000000288e+00,1.922438349552124670e-02,4.616452109473812015e-09,6.905563259437152990e-02,3.422585481818818387e-02,-2.844986727171927021e-01
3.076000000000000068e+00,1.924252187023023364e-02,1.170027408292639848e-08,7.055062273184806165e-02,3.422585481818818387e-02,-2.846837726994420614e-01
3.077999999999999847e+00,1.926142216977955179e-02,2.379100794147603892e-08,7.203473414837024968e-02,3.422585481818818387e-02,-2.848688726816913097e-01
3.080000000000000071e+00,1.928110419448481050e-02,3.033968609678083794e-08,7.350752178301434014e-02,3.422585481818818387e-02,-2.850539726639406690e-01
3.082000000000000295e+00,1.930159081660232090e-02,2.510249375031747832e-08,7.496885600813889272e-02,3.422585481818818387e-02,-2.852390726461899728e-01
3.083999999999999631e+00,1.932291535477359545e-02,1.261268933738790565e-08,7.641864179002816337e-02,3.422585481818818387e-02,-2.854241726284392766e-01
3.085999999999999854e+00,1.934512000609134308e-02,5.204982889139841973e-09,7.785650638842649129e-02,3.422585481818818387e-02,-2.856092726106885804e-01
3.088000000000000078e+00,1.936824299339734434e-02,1.077956746087238571e-08,7.928203105772146930e-02,3.422585481818818387e-02,-2.857943725929378842e-01
3.090000000000000302e+00,1.939230886247622632e-02,2.406423360579168502e-08,8.069509320978812683e-02,3.422585481818818387e-02,-2.859794725751872435e-01
3.092000000000000082e+00,1.941733475275808640e-02,3.206056997662187769e-08,8.209572855280261594e-02,3.422585481818818387e-02,-2.861645725574365473e-01
3.093999999999999861e+00,1.944334498862354543e-02,2.780826013903947569e-08,8.348353423093603232e-02,3.422585481818818387e-02,-2.863496725396858511e-01
3.096000000000000085e+00,1.947037580737231988e-02,1.645267222460944367e-08,8.485803142837410051e-02,3.422585481818818387e-02,-2.865347725219351549e-01
3.098000000000000309e+00,1.949846751559336511e-02,8.807017115586290856e-09,8.621897616761392547e-02,3.422585481818818387e-02,-2.867198725041844587e-01
3.099999999999999645e+00,1.952765586371085771e-02,1.142634986628365823e-08,8.756651445902492725e-02,3.422585481818818387e-02,-2.869049724864337625e-01
3.101999999999999869e+00,1.955796966455980446e-02,2.222722084166406376e-08,8.890032055774531317e-02,3.422585481818818387e-02,-2.870900724686830663e-01
3.104000000000000092e+00,1.958943190399775602e-02,3.230217293648252053e-08,9.021998681866932879e-02,3.422585481818818387e-02,-2.872751724509323701e-01
3.106000000000000316e+00,1.962206421502143971e-02,3.252605185188883752e-08,9.152517457868261652e-02,3.422585481818818387e-02,-2.874602724331817294e-01
3.108000000000000096e+00,1.965589531380962374e-02,2.206198368437384261e-08,9.281603541613814290e-02,3.422585481818818387e-02,-2.876453724154310332e-01
3.109999999999999876e+00,1.969096518337698498e-02,1.101970714678657259e-08,9.409220188306087473e-02,3.422585481818818387e-02,-2.878304723976803370e-01
3.112000000000000099e+00,1.972731586207232546e-02,1.110615244215296116e-08,9.535328631054236503e-02,3.422585481818818387e-02,-2.880155723799296408e-01
3.114000000000000323e+00,1.976497749767980316e-02,2.272337662478918219e-08,9.659894384451946092e-02,3.422585481818818387e-02,-2.882006723621789446e-01
3.115999999999999659e+00,1.980396795718719627e-02,3.424139938257297899e-08,9.782945807739465427e-02,3.422585481818818387e-02,-2.883857723444282484e-01
3.117999999999999883e+00,1.984430689023608529e-02,3.494181244345639925e-08,9.904451486458899778e-02,3.422585481818818387e-02,-2.885708723266775522e-01
3.120000000000000107e+00,1.988602554890295249e-02,2.563239254183002913e-08,1.002436623426181950e-01,3.422585481818818387e-02,-2.887559723089269115e-01
3.121999999999999886e+00,1.992916211841522234e-02,1.584076436689230150e-08,1.014264014203176273e-01,3.422585481818818387e-02,-2.889410722911762153e-01
3.124000000000000110e+00,1.997375234483755868e-02,1.406530047987075704e-08,1.025930267218934933e-01,3.422585481818818387e-02,-2.891261722734255191e-01
3.125999999999999890e+00,2.001982590187811883e-02,2.181226144148951107e-08,1.037433748143388040e-01,3.422585481818818387e-02,-2.893112722556748229e-01
3.128000000000000114e+00,2.006740645814908408e-02,3.321623820440322561e-08,1.048770889657251459e-01,3.422585481818818387e-02,-2.894963722379241267e-01
3.129999999999999893e+00,2.011651316014606561e-02,3.857546138075207409e-08,1.059936429003775493e-01,3.422585481818818387e-02,-2.896814722201734860e-01
3.131999999999999673e+00,2.016716748627656042e-02,3.227373812642042594e-08,1.070932478020470147e-01,3.422585481818818387e-02,-2.898665722024227343e-01
3.133999999999999897e+00,2.021940158837720602e-02,1.994075893296809454e-08,1.081757472058845759e-01,3.422585481818818387e-02,-2.900516721846720936e-01
3.136000000000000121e+00,2.027325514025335451e-02,1.457006160165974507e-08,1.092407431537422979e-01,3.422585481818818387e-02,-2.902367721669213974e-01
3.137999999999999901e+00,2.032876044530929072e-02,2.241131957791964169e-08,1.102877449434982449e-01,3.422585481818818387e-02,-2.904218721491707011e-01
3.140000000000000124e+00,2.038593489431939076e-02,3.553489869023707115e-08,1.113170163505040888e-01,3.422585481818818387e-02,-2.906069721314200049e-01
3.141999999999999904e+00,2.044479142093624802e-02,4.107434037337043264e-08,1.123285809107249511e-01,3.422585481818818387e-02,-2.907920721136693087e-01
3.144000000000000128e+00,2.050535233066808072e-02,3.520272906509802624e-08,1.133219717183737985e-01,3.422585481818818387e-02,-2.909771720959186125e-01
3.145999999999999908e+00,2.056764913578124077e-02,2.497877227281009027e-08,1.142965802559888777e-01,3.422585481818818387e-02,-2.911622720781679718e-01
3.147999999999999687e+00,2.063171322780521511e-02,1.964613882687871182e-08,1.152525191974229923e-01,3.422585481818818387e-02,-2.913473720604172201e-01
3.149999999999999911e+00,2.069757078736134126e-02,2.343168115093163806e-08,1.161900094577791587e-01,3.422585481818818387e-02,-2.915324720426665794e-01
3.152000000000000135e+00,2.076524268777246718e-02,3.392091219023285475e-08,1.171086906344227518e-01,3.422585481818818387e-02,-2.917175720249158832e-01
3.153999999999999915e+00,2.083474402842655504e-02,4.297086908522373960e-08,1.180080429691160449e-01,3.422585481818818387e-02,-2.919026720071651870e-01
3.156000000000000139e+00,2.090608759112844162e-02,4.196281500057352787e-08,1.188880196458795557e-01,3.422585481818818387e-02,-2.920877719894145463e-01
3.157999999999999918e+00,2.097929347176152870e-02,3.098828793568486617e-08,1.197488720008030305e-01,3.422585481818818387e-02,-2.922728719716637946e-01
3.160000000000000142e+00,2.105439265352881950e-02,2.137582699734963398e-08,1.205901533512644397e-01,3.422585481818818387e-02,-2.924579719539131539e-01
3.161999999999999922e+00,2.113141495876746934e-02,2.403330434663786264e-08,1.214114024589223462e-01,3.422585481818818387e-02,-2.926430719361624577e-01
3.163999999999999702e+00,2.121037573122219744e-02,3.649706348252124144e-08,1.222125578041158567e-01,3.422585481818818387e-02,-2.928281719184117615e-01
3.165999999999999925e+00,2.129127999819324657e-02,4.598490954688116972e-08,1.229941076344429063e-01,3.422585481818818387e-02,-2.930132719006610653e-01
3.168000000000000149e+00,2.137413798596443648e-02,4.438263778716589059e-08,1.237556080158798422e-01,3.422585481818818387e-02,-2.931983718829103691e-01
3.169999999999999929e+00,2.145897039898192471e-02,3.533174386394222211e-08,1.244965112057051237e-01,3.422585481818818387e-02,-2.933834718651597284e-01
3.172000000000000153e+00,2.154580037368325485e-02,2.774744412015195394e-08,1.252165072703001203e-01,3.422585481818818387e-02,-2.935685718474090322e-01
3.173999999999999932e+00,2.163464666040049167e-02,2.758122685797559370e-08,1.259161982469612084e-01,3.422585481818818387e-02,-2.937536718296583360e-01
3.176000000000000156e+00,2.172552349251932746e-02,3.541019844011117357e-08,1.265953077811264316e-01,3.422585481818818387e-02,-2.939387718119076398e-01
3.177999999999999936e+00,2.181843982926245928e-02,4.601945191584633221e-08,1.272534416060335516e-01,3.422585481818818387e-02,-2.941238717941569436e-01
3.179999999999999716e+00,2.191339913911694026e-02,5.016994841788857684e-08,1.278901754655699663e-01,3.422585481818818387e-02,-2.943089717764062474e-01
3.181999999999999940e+00,2.201040720311575605e-02,4.285218824229275469e-08,1.285060645838980720e-01,3.422585481818818387e-02,-2.944940717586555512e-01
3.184000000000000163e+00,2.210948095126075152e-02,3.116390345780928328e-08,1.291007860564524212e-01,3.422585481818818387e-02,-2.946791717409048550e-01
3.185999999999999943e+00,2.221064246828774458e-02,2.828470746507605327e-08,1.296739405602974071e-01,3.422585481818818387e-02,-2.948642717231542143e-01
3.188000000000000167e+00,2.231390292346580040e-02,3.789418323574267333e-08,1.302251108184472317e-01,3.422585481818818387e-02,-2.950493717054035181e-01
3.189999999999999947e+00,2.241925907688002706e-02,4.976380263421731343e-08,1.307550095751129904e-01,3.422585481818818387e-02,-2.952344716876528219e-01
3.192000000000000171e+00,2.252670722767591283e-02,5.261048330318374155e-08,1.312634827746411159e-01,3.422585481818818387e-02,-2.954195716699021257e-01
3.193999999999999950e+00,2.263625390361323486e-02,4.602307990264620230e-08,1.317500376653492622e-01,3.422585481818818387e-02,-2.956046716521514295e-01
3.195999999999999730e+00,2.274791079424653972e-02,3.763682132618129117e-08,1.322140382327463004e-01,3.422585481818818387e-02,-2.957897716344007333e-01
3.197999999999999954e+00,2.286168622679252138e-02,3.426561467900768321e-08,1.326560968601001589e-01,3.422585481818818387e-02,-2.959748716166500371e-01
3.200000000000000178e+00,2.297758433058316729e-02,3.853917884821811413e-08,1.330763132837325391e-01,3.422585481818818387e-02,-2.961599715988993964e-01
3.201999999999999957e+00,2.309560545726996317e-02,4.848136947455117252e-08,1.334743454419162201e-01,3.422585481818818387e-02,-2.963450715811487002e-01
3.204000000000000181e+00,2.321574351166422190e-02,5.647894296689770499e-08,1.338496012077559638e-01,3.422585481818818387e-02,-2.965301715633980040e-01
3.205999999999999961e+00,2.333798968071643110e-02,5.418495330200556737e-08,1.342025169987408617e-01,3.422585481818818387e-02,-2.967152715456473078e-01
3.208000000000000185e+00,2.346234347085052185e-02,4.303923795134778629e-08,1.345332225717087993e-01,3.422585481818818387e-02,-2.969003715278966116e-01
3.209999999999999964e+00,2.358881417698033278e-02,3.545695126394576846e-08,1.348412703685803460e-01,3.422585481818818387e-02,-2.970854715101459709e-01
3.211999999999999744e+00,2.371740614436002037e-02,4.054861491020744779e-08,1.351261357249509687e-01,3.422585481818818387e-02,-2.972705714923952192e-01
3.213999999999999968e+00,2.384810805809800538e-02,5.278736692204688552e-08,1.353882753308799924e-01,3.422585481818818387e-02,-2.974556714746445785e-01
3.216000000000000192e+00,2.398090204667291392e-02,5.958550874929358088e-08,1.356281344177309722e-01,3.422585481818818387e-02,-2.976407714568938823e-01
3.217999999999999972e+00,2.411577826615607378e-02,5.631150068463597336e-08,1.358452039303006398e-01,3.422585481818818387e-02,-2.978258714391431861e-01
3.220000000000000195e+00,2.425273458689158890e-02,4.845287582266877280e-08,1.360388223946805142e-01,3.422585481818818387e-02,-2.980109714213924899e-01
3.221999999999999975e+00,2.439176714393542778e-02,4.303757172863242886e-08,1.362091451678524301e-01,3.422585481818818387e-02,-2.981960714036417937e-01
3.224000000000000199e+00,2.453286762945627864e-02,4.378501983204330372e-08,1.363568540676200480e-01,3.422585481818818387e-02,-2.983811713858910974e-01
3.225999999999999979e+00,2.467602538054403105e-02,5.131172975403330838e-08,1.364816075536743889e-01,3.422585481818818387e-02,-2.985662713681404568e-01
3.227999999999999758e+00,2.482122450906087963e-02,6.107881178607499351e-08,1.365829295312299130e-01,3.422585481818818387e-02,-2.987513713503897050e-01
3.229999999999999982e+00,2.496844287649124805e-02,6.391548923456724651e-08,1.366607675532872657e-01,3.422585481818818387e-02,-2.989364713326390643e-01
3.232000000000000206e+00,2.511766173540741498e-02,5.573676820080919470e-08,1.367158207669231240e-01,3.422585481818818387e-02,-2.991215713148883681e-01
3.233999999999999986e+00,2.526887379552433810e-02,4.531717301414772692e-08,1.367476256759384001e-01,3.422585481818818387e-02,-2.993066712971376719e-01
3.236000000000000210e+00,2.542207365179427470e-02,4.514747919959205547e-08,1.367557532041216994e-01,3.422585481818818387e-02,-2.994917712793870312e-01
3.237999999999999989e+00,2.557724233750435783e-02,5.564785332534682993e-08,1.367401179548811685e-01,3.422585481818818387e-02,-2.996768712616362795e-01
3.240000000000000213e+00,2.573434914085881431e-02,6.527334828199116146e-08,1.367017205094854804e-01,3.422585481818818387e-02,-2.998619712438856388e-01
3.241999999999999993e+00,2.589336725182023180e-02,6.566078103453776293e-08,1.366401919014463839e-01,3.422585481818818387e-02,-3.000470712261349426e-01
3.243999999999999773e+00,2.605427930924963942e-02,5.937535352273926037e-08,1.365549980011831477e-01,3.422585481818818387e-02,-3.002321712083842464e-01
3.245999999999999996e+00,2.621706866874995434e-02,5.314712314685721140e-08,1.364457100664480116e-01,3.422585481818818387e-02,-3.004172711906335502e-01
3.248000000000000220e+00,2.638171388409027429e-02,5.112982526256359961e-08,1.363133609658030432e-01,3.422585481818818387e-02,-3.006023711728828540e-01
3.250000000000000000e+00,2.654819161416133166e-02,5.535799962874676794e-08,1.361578374448538797e-01,3.422585481818818387e-02,-3.007874711551322133e-01
3.252000000000000224e+00,2.671647583304381790e-02,6.465323776350118123e-08,1.359788194194337385e-01,3.422585481818818387e-02,-3.009725711373815171e-01
3.254000000000000004e+00,2.688653325679124517e-02,7.149135217154878319e-08,1.357758134181554777e-01,3.422585481818818387e-02,-3.011576711196308209e-01
3.255999999999999783e+00,2.705832858048962120e-02,6.789311868260483607e-08,1.355497321689391188e-01,3.422585481818818387e-02,-3.013427711018801247e-01
3.258000000000000007e+00,2.723183626601255458e-02,5.710533568237252666e-08,1.353004355546505999e-01,3.422585481818818387e-02,-3.015278710841294285e-01
3.259999999999999787e+00,2.740703855631521080e-02,5.205494635340812692e-08,1.350275271003022470e-01,3.422585481818818387e-02,-3.017129710663787323e-01
3.262000000000000011e+00,2.758390916190933684e-02,5.903401301132760182e-08,1.347305396082506546e-01,3.422585481818818387e-02,-3.018980710486280361e-01
3.263999999999999790e+00,2.776240712627087159e-02,6.988355238934929048e-08,1.344105173432046385e-01,3.422585481818818387e-02,-3.020831710308773399e-01
3.266000000000000014e+00,2.794248996741088842e-02,7.376150268356695960e-08,1.340676374970747320e-01,3.422585481818818387e-02,-3.022682710131266992e-01
3.268000000000000238e+00,2.812412480407788795e-02,6.974402577686333871e-08,1.337014009089851907e-01,3.422585481818818387e-02,-3.024533709953760030e-01
3.270000000000000018e+00,2.830728263678028434e-02,6.374123062702352627e-08,1.333111001886233549e-01,3.422585481818818387e-02,-3.026384709776253068e-01
3.271999999999999797e+00,2.849192987188076120e-02,6.009253183947294019e-08,1.328975184550091893e-01,3.422585481818818387e-02,-3.028235709598746106e-01
3.274000000000000021e+00,2.867803028135307297e-02,6.110311234763798893e-08,1.324611509838095058e-01,3.422585481818818387e-02,-3.030086709421239144e-01
3.275999999999999801e+00,2.886554744951796980e-02,6.813159436624971477e-08,1.320016847686601436e-01,3.422585481818818387e-02,-3.031937709243732182e-01
3.278000000000000025e+00,2.905443934421803043e-02,7.697523984884213633e-08,1.315185629876616247e-01,3.422585481818818387e-02,-3.033788709066225220e-01
3.279999999999999805e+00,2.924465779972251767e-02,7.835788484733541281e-08,1.310123223041341767e-01,3.422585481818818387e-02,-3.035639708888718813e-01
3.282000000000000028e+00,2.943616003235827172e-02,6.966380172723773967e-08,1.304835100489004640e-01,3.422585481818818387e-02,-3.037490708711211851e-01
3.284000000000000252e+00,2.962891436990455762e-02,6.117814477235583581e-08,1.299316376462237299e-01,3.422585481818818387e-02,-3.039341708533704889e-01
3.286000000000000032e+00,2.982288736915184035e-02,6.357309512150521869e-08,1.293562199784132893e-01,3.422585481818818387e-02,-3.041192708356197927e-01
3.287999999999999812e+00,3.001803111468448471e-02,7.381997968458620107e-08,1.287577645376499769e-01,3.422585481818818387e-02,-3.043043708178690965e-01
3.290000000000000036e+00,3.021429061295621832e-02,8.051871069891802790e-08,1.281372422023755453e-01,3.422585481818818387e-02,-3.044894708001184558e-01
3.291999999999999815e+00,3.041161857877672237e-02,7.911115118552913827e-08,1.274941598133694232e-01,3.422585481818818387e-02,-3.046745707823677041e-01
3.294000000000000039e+00,3.060997483508798300e-02,7.404988267012413417e-08,1.268278956190688200e-01,3.422585481818818387e-02,-3.048596707646170634e-01
3.295999999999999819e+00,3.080931605227110737e-02,6.988677292429912313e-08,1.261385230735048157e-01,3.422585481818818387e-02,-3.050447707468663672e-01
3.298000000000000043e+00,3.100959472974096354e-02,6.852790279676668206e-08,1.254272100798844436e-01,3.422585481818818387e-02,-3.052298707291156710e-01
3.300000000000000266e+00,3.121076444377413051e-02,7.237820298655606166e-08,1.246936873384130173e-01,3.422585481818818387e-02,-3.054149707113649748e-01
3.302000000000000046e+00,3.141277656276297847e-02,8.096613857144774329e-08,1.239375982821497857e-01,3.422585481818818387e-02,-3.056000706936142786e-01
3.303999999999999826e+00,3.161557483486687747e-02,8.645596094591923020e-08,1.231588235536336118e-01,3.422585481818818387e-02,-3.057851706758635824e-01
3.306000000000000050e+00,3.181910287210154564e-02,8.167800624736543114e-08,1.223585115563586845e-01,3.422585481818818387e-02,-3.059702706581129417e-01
3.307999999999999829e+00,3.202331528414947837e-02,7.193244511149998743e-08,1.215362653036883289e-01,3.422585481818818387e-02,-3.061553706403621899e-01
3.310000000000000053e+00,3.222817162866165042e-02,6.966343024661370009e-08,1.206917145655153067e-01,3.422585481818818387e-02,-3.063404706226115493e-01
3.311999999999999833e+00,3.243362042285613533e-02,7.759828268838475651e-08,1.198246975057454256e-01,3.422585481818818387e-02,-3.065255706048608531e-01
3.314000000000000057e+00,3.263959881135825025e-02,8.602124135226318913e-08,1.189366656290467006e-01,3.422585481818818387e-02,-3.067106705871101568e-01
3.316000000000000281e+00,3.284604779059996371e-02,8.723635536167506643e-08,1.180274546377635403e-01,3.422585481818818387e-02,-3.068957705693595162e-01
3.318000000000000060e+00,3.305291784710218117e-02,8.350994584738202775e-08,1.170965808447057555e-01,3.422585481818818387e-02,-3.070808705516087644e-01
3.319999999999999840e+00,3.326015916774827108e-02,7.964220904987939775e-08,1.161434975547969151e-01,3.422585481818818387e-02,-3.072659705338581237e-01
3.322000000000000064e+00,3.346771639878443061e-02,7.712931038295067765e-08,1.151695384773027131e-01,3.422585481818818387e-02,-3.074510705161074275e-01
3.323999999999999844e+00,3.367553465919181921e-02,7.791449219141100002e-08,1.141748632846125711e-01,3.422585481818818387e-02,-3.076361704983567313e-01
3.326000000000000068e+00,3.388356057506403118e-02,8.436833320857317631e-08,1.131592280583302301e-01,3.422585481818818387e-02,-3.078212704806060351e-01
3.327999999999999847e+00,3.409173464901027462e-02,9.211988960533545878e-08,1.121221232719065153e-01,3.422585481818818387e-02,-3.080063704628553389e-01
3.330000000000000071e+00,3.429999251836590712e-02,9.197288897144773046e-08,1.110646874357336111e-01,3.429999251836590712e-02,-3.081914704451046982e-01
3.332000000000000295e+00,3.450827752312102259e-02,8.332962142532096550e-08,1.099870935331646038e-01,3.450827752312102259e-02,-3.083765704273540020e-01
3.334000000000000075e+00,3.471654275326063743e-02,7.733879547888733441e-08,1.088889267753415657e-01,3.471654275326063743e-02,-3.085616704096033058e-01
3.335999999999999854e+00,3.492473613903335217e-02,8.173046517345738948e-08,1.077697148235834401e-01,3.492473613903335217e-02,-3.087467703918526096e-01
3.338000000000000078e+00,3.513279244300782089e-02,9.050233562568621437e-08,1.066306593478196785e-01,3.513279244300782089e-02,-3.089318703741019134e-01
3.339999999999999858e+00,3.534064520136381837e-02,9.404605316731817766e-08,1.054723932327731317e-01,3.534064520136381837e-02,-3.091169703563512172e-01
3.342000000000000082e+00,3.554823805041940066e-02,9.180526838736824402e-08,1.042944231272900923e-01,3.554823805041940066e-02,-3.093020703386005210e-01
3.343999999999999861e+00,3.575551822436884297e-02,8.861533973281154886e-08,1.030960527007087624e-01,3.575551822436884297e-02,-3.094871703208498248e-01
3.346000000000000085e+00,3.596242721255205055e-02,8.608084500760782021e-08,1.018780559229219840e-01,3.596242721255205055e-02,-3.096722703030991841e-01
3.348000000000000309e+00,3.616890477469236753e-02,8.475560098197831849e-08,1.006413864953489279e-01,3.616890477469236753e-02,-3.098573702853484879e-01
3.350000000000000089e+00,3.637489461220266840e-02,8.807826501477933334e-08,9.938575585763742559e-02,3.637489461220266840e-02,-3.100424702675977917e-01
3.351999999999999869e+00,3.658033814072358947e-02,9.584992366473699121e-08,9.811072329492587230e-02,3.658033814072358947e-02,-3.102275702498470955e-01
3.354000000000000092e+00,3.678516955255817233e-02,9.978485593364894157e-08,9.681679176667301601e-02,3.678516955255817233e-02,-3.104126702320963993e-01
3.355999999999999872e+00,3.698932556446699049e-02,9.417802004918485181e-08,9.550497561565074456e-02,3.698932556446699049e-02,-3.105977702143457031e-01
3.358000000000000096e+00,3.719275426625845427e-02,8.620800107106418864e-08,9.417476463478313686e-02,3.719275426625845427e-02,-3.107828701965950069e-01
3.359999999999999876e+00,3.739540532258234240e-02,8.659219574713716838e-08,9.282575349434429857e-02,3.739540532258234240e-02,-3.109679701788443662e-01
3.362000000000000099e+00,3.759721656670289569e-02,9.428916381004626146e-08,9.145836567848109055e-02,3.759721656670289569e-02,-3.111530701610936700e-01
3.364000000000000323e+00,3.779811959976353553e-02,9.958192159764678308e-08,9.007408594805343949e-02,3.779811959976353553e-02,-3.113381701433429738e-01
3.366000000000000103e+00,3.799805443457060505e-02,9.883264340260211611e-08,8.867250542647964195e-02,3.799805443457060505e-02,-3.115232701255922776e-01
3.367999999999999883e+00,3.819696868310262783e-02,9.632982533869238750e-08,8.725309363839506283e-02,3.819696868310262783e-02,-3.117083701078415814e-01
3.370000000000000107e+00,3.839480587544374934e-02,9.447473736656775145e-08,8.581575984349176789e-02,3.839480587544374934e-02,-3.118934700900909407e-01
3.371999999999999886e+00,3.859150497299423943e-02,9.240696441370488401e-08,8.436206964507309003e-02,3.859150497299423943e-02,-3.120785700723401890e-01
3.374000000000000110e+00,3.878700901093734554e-02,9.268573786247458202e-08,8.289188509416078876e-02,3.878700901093734554e-02,-3.122636700545894928e-01
3.375999999999999890e+00,3.898126339769136806e-02,9.851204452182571458e-08,8.140497945009350644e-02,3.898126339769136806e-02,-3.124487700368388521e-01
3.378000000000000114e+00,3.917420713094843521e-02,1.049261358909703290e-07,7.990114492190858453e-02,3.917420713094843521e-02,-3.126338700190881559e-01
3.380000000000000338e+00,3.936577653449069292e-02,1.033506276115758737e-07,7.838187277829145039e-02,3.936577653449069292e-02,-3.128189700013374597e-01
3.382000000000000117e+00,3.955591749013787073e-02,9.550014457015976177e-08,7.684692941401560784e-02,3.955591749013787073e-02,-3.130040699835867635e-01
3.383999999999999897e+00,3.974458319049145594e-02,9.230220954226098229e-08,7.529597741934046518e-02,3.974458319049145594e-02,-3.131891699658360673e-01
3.386000000000000121e+00,3.993171915145909967e-02,9.773367271037614046e-08,7.372876401743777564e-02,3.993171915145909967e-02,-3.133742699480854266e-01
3.387999999999999901e+00,4.011726115656000236e-02,1.039574746286575646e-07,7.214702039852194382e-02,4.011726115656000236e-02,-3.135593699303346749e-01
3.389999999999999680e+00,4.030114964973852132e-02,1.046245107216847714e-07,7.055089991538321392e-02,4.030114964973852132e-02,-3.137444699125840342e-01
3.391999999999999904e+00,4.048333552668914592e-02,1.026152285366066508e-07,6.893996014813885687e-02,4.048333552668914592e-02,-3.139295698948333380e-01
3.394000000000000128e+00,4.066376915046587825e-02,1.015632929979304322e-07,6.731357933282167139e-02,4.066376915046587825e-02,-3.141146698770826418e-01
3.396000000000000352e+00,4.084239420106705598e-02,1.000177513033051468e-07,6.567318902148422399e-02,4.084239420106705598e-02,-3.142997698593320011e-01
3.397999999999999687e+00,4.101915613411899475e-02,9.828009117640590375e-08,6.401929603531342217e-02,4.101915613411899475e-02,-3.144848698415812494e-01
3.399999999999999911e+00,4.119400645429749375e-02,1.010333471329616373e-07,6.235168936422708086e-02,4.119400645429749375e-02,-3.146699698238306087e-01
3.402000000000000135e+00,4.136689388256276079e-02,1.077873437171916748e-07,6.066990578192466010e-02,4.136689388256276079e-02,-3.148550698060799125e-01
3.403999999999999915e+00,4.153776111516072067e-02,1.100518799423966243e-07,5.897512767549928370e-02,4.153776111516072067e-02,-3.150401697883292162e-01
3.405999999999999694e+00,4.170655601837391924e-02,1.042168187304071125e-07,5.726792218681231450e-02,4.170655601837391924e-02,-3.152252697705785200e-01
3.407999999999999918e+00,4.187323689994348896e-02,9.864966310502154556e-08,5.554782208620201445e-02,4.187323689994348896e-02,-3.154103697528278238e-01
3.410000000000000142e+00,4.203776023792882288e-02,1.011261369088245488e-07,5.381438986316344764e-02,4.203776023792882288e-02,-3.155954697350771831e-01
3.412000000000000366e+00,4.220007180526830215e-02,1.073278945717959232e-07,5.206878119553737250e-02,4.220007180526830215e-02,-3.157805697173264869e-01
3.413999999999999702e+00,4.236011718029109030e-02,1.092640030675440244e-07,5.031211927798107109e-02,4.236011718029109030e-02,-3.159656696995757352e-01
3.415999999999999925e+00,4.251785310834899079e-02,1.075495461577702372e-07,4.854392259013884381e-02,4.251785310834899079e-02,-3.161507696818250945e-01
3.418000000000000149e+00,4.267324044249543036e-02,1.069266979403238338e-07,4.676357017280197148e-02,4.267324044249543036e-02,-3.163358696640743983e-01
3.419999999999999929e+00,4.282623315128397667e-02,1.066372310454255512e-07,4.497166228181181946e-02,4.282623315128397667e-02,-3.165209696463237021e-01
3.421999999999999709e+00,4.297678311876307333e-02,1.044172431852175009e-07,4.316957496516671267e-02,4.297678311876307333e-02,-3.167060696285730059e-01
3.423999999999999932e+00,4.312484948504047289e-02,1.040880970304414177e-07,4.135703952068003897e-02,4.312484948504047289e-02,-3.168911696108223097e-01
3.426000000000000156e+00,4.327039371105934062e-02,1.091742763970060537e-07,3.953376022033261439e-02,4.327039371105934062e-02,-3.170762695930716690e-01
3.428000000000000380e+00,4.341337092122277141e-02,1.140038098368378883e-07,3.770009833894327755e-02,4.341337092122277141e-02,-3.172613695753209728e-01
3.429999999999999716e+00,4.355373612816049178e-02,1.113593424140191246e-07,3.585747774943648380e-02,4.355373612816049178e-02,-3.174464695575702766e-01
3.431999999999999940e+00,4.369145456790224369e-02,1.051019337117153896e-07,3.400540684168029681e-02,4.369145456790224369e-02,-3.176315695398195804e-01
3.434000000000000163e+00,4.382649546571981691e-02,1.046066419041480344e-07,3.214354989888279501e-02,4.382649546571981691e-02,-3.178166695220688842e-01
3.435999999999999943e+00,4.395881922391642327e-02,1.098634013763089001e-07,3.027215028011831510e-02,4.395881922391642327e-02,-3.180017695043181880e-01
3.437999999999999723e+00,4.408838143238258400e-02,1.128218120038937400e-07,2.839307178875427606e-02,4.408838143238258400e-02,-3.181868694865674918e-01
3.439999999999999947e+00,4.421514706995599564e-02,1.113420438070278351e-07,2.650606153721513092e-02,4.421514706995599564e-02,-3.183719694688168511e-01
3.442000000000000171e+00,4.433908968270494633e-02,1.105244067378663431e-07,2.461067710619813109e-02,4.433908968270494633e-02,-3.185570694510661549e-01
3.444000000000000394e+00,4.446017812073843611e-02,1.114872412166789672e-07,2.270663811656881137e-02,4.446017812073843611e-02,-3.187421694333154587e-01
3.445999999999999730e+00,4.457837524111007976e-02,1.102550403198065965e-07,2.079572071543911438e-02,4.457837524111007976e-02,-3.189272694155647625e-01
3.447999999999999954e+00,4.469364936141295708e-02,1.078722371428142424e-07,1.887797192332762997e-02,4.469364936141295708e-02,-3.191123693978140663e-01
3.450000000000000178e+00,4.480597575219757989e-02,1.100253529395800456e-07,1.695324239040796321e-02,4.480597575219757989e-02,-3.192974693800634256e-01
3.451999999999999957e+00,4.491532618450289061e-02,1.154890989507606491e-07,1.502124965158824210e-02,4.491532618450289061e-02,-3.194825693623126739e-01
3.453999999999999737e+00,4.502166811849062089e-02,1.161739113797466416e-07,1.308363680767388182e-02,4.502166811849062089e-02,-3.196676693445619777e-01
3.455999999999999961e+00,4.512497600754150628e-02,1.109057989889805640e-07,1.114041764113493649e-02,4.512497600754150628e-02,-3.198527693268113370e-01
3.458000000000000185e+00,4.522523237437581223e-02,1.080988547563777047e-07,9.191226400504293181e-03,4.522523237437581223e-02,-3.200378693090606408e-01
3.460000000000000409e+00,4.532241502489597895e-02,1.117148535900724937e-07,7.235732817132856098e-03,4.532241502489597895e-02,-3.202229692913099446e-01
3.461999999999999744e+00,4.541649395206981410e-02,1.153297446432333118e-07,5.275708989469496402e-03,4.541649395206981410e-02,-3.204080692735592484e-01
3.463999999999999968e+00,4.550744466163525459e-02,1.142048123847771990e-07,3.311686615212305895e-03,4.550744466163525459e-02,-3.205931692558085522e-01
3.466000000000000192e+00,4.559525417166643280e-02,1.126266729878366846e-07,1.343227218409848156e-03,4.559525417166643280e-02,-3.207782692380579115e-01
3.467999999999999972e+00,4.567990903333107866e-02,1.141652826719408154e-07,6.303069866772093022e-04,4.567990903333107866e-02,-3.209633692203071598e-01
3.469999999999999751e+00,4.576138738301904763e-02,1.148125627903340273e-07,2.607610242181701565e-03,4.576138738301904763e-02,-3.211484692025565191e-01
3.471999999999999975e+00,4.583966858051913285e-02,1.120345718419457626e-07,4.587820342719650668e-03,4.583966858051913285e-02,-3.213335691848058229e-01
3.474000000000000199e+00,4.591474133690132131e-02,1.110943812498987882e-07,6.571175621352787211e-03,4.591474133690132131e-02,-3.215186691670551267e-01
3.476000000000000423e+00,4.598659576489227963e-02,1.152323978459435239e-07,8.558051970799396280e-03,4.598659576489227963e-02,-3.217037691493044860e-01
3.477999999999999758e+00,4.605521610889684592e-02,1.183439810592545882e-07,1.054740726443603727e-02,4.605521610889684592e-02,-3.218888691315537343e-01
3.479999999999999982e+00,4.612058873161772876e-02,1.152642912227719307e-07,1.253828237578002991e-02,4.612058873161772876e-02,-3.220739691138030936e-01
3.482000000000000206e+00,4.618270923418177354e-02,1.112938989855649652e-07,1.453121792198630580e-02,4.618270923418177354e-02,-3.222590690960523974e-01
3.483999999999999986e+00,4.624157350841229253e-02,1.129711130198884916e-07,1.652660439630315725e-02,4.624157350841229253e-02,-3.224441690783017012e-01
3.485999999999999766e+00,4.629716904458847093e-02,1.167851949590570371e-07,1.852351323189838084e-02,4.629716904458847093e-02,-3.226292690605510050e-01
3.487999999999999989e+00,4.634948403102945313e-02,1.162551099831432566e-07,2.052040873034932655e-02,4.634948403102945313e-02,-3.228143690428003088e-01
3.490000000000000213e+00,4.639851861965149649e-02,1.136624049324908015e-07,2.251774652501337126e-02,4.639851861965149649e-02,-3.229994690250496681e-01
3.491999999999999993e+00,4.644427767346070990e-02,1.147218449126796713e-07,2.451605077721608072e-02,4.644427767346070990e-02,-3.231845690072989719e-01
3.493999999999999773e+00,4.648675778347233223e-02,1.172680575978191087e-07,2.651500470567902390e-02,4.648675778347233223e-02,-3.233696689895482201e-01
3.495999999999999996e+00,4.652595147826976696e-02,1.157836386767030490e-07,2.851294845285223811e-02,4.652595147826976696e-02,-3.235547689717975794e-01
3.498000000000000220e+00,4.656185981244231886e-02,1.126982384080932320e-07,3.051012327873992014e-02,4.656185981244231886e-02,-3.237398689540468832e-01
3.500000000000000000e+00,4.659449040116858676e-02,1.141520916680960340e-07,3.250671370682889361e-02,4.659449040116858676e-02,-3.239249689362961870e-01
3.501999999999999780e+00,4.662384659979179613e-02,1.180651433285717644e-07,3.450256009664887102e-02,4.662384659979179613e-02,-3.241100689185454908e-01
3.504000000000000004e+00,4.664992926562672171e-02,1.175449869661449043e-07,3.649598827094602260e-02,4.664992926562672171e-02,-3.242951689007947946e-01
3.506000000000000227e+00,4.667274663074971741e-02,1.137045503307732019e-07,3.848741465947658202e-02,4.667274663074971741e-02,-3.244802688830441539e-01
3.508000000000000007e+00,4.669231144012031542e-02,1.136186981165465681e-07,4.047716088504982324e-02,4.669231144012031542e-02,-3.246653688652934577e-01
3.509999999999999787e+00,4.670862988056878606e-02,1.171670670485625010e-07,4.246520625397554038e-02,4.670862988056878606e-02,-3.248504688475427615e-01
3.512000000000000011e+00,4.672170445611811829e-02,1.174745000165344777e-07,4.444953832477815947e-02,4.672170445611811829e-02,-3.250355688297920653e-01
3.514000000000000234e+00,4.673154750472385821e-02,1.140425690548951820e-07,4.643019717363128240e-02,4.673154750472385821e-02,-3.252206688120413691e-01
3.516000000000000014e+00,4.673818065004564648e-02,1.135970125742957748e-07,4.840758548367785075e-02,4.673818065004564648e-02,-3.254057687942906729e-01
3.517999999999999794e+00,4.674162013936833393e-02,1.171999096660769624e-07,5.038214782376582157e-02,4.674162013936833393e-02,-3.255908687765399767e-01
3.520000000000000018e+00,4.674187366106652419e-02,1.181367045299808183e-07,5.235213954146766824e-02,4.674187366106652419e-02,-3.257759687587893360e-01
3.522000000000000242e+00,4.673895344454759293e-02,1.146095434112481826e-07,5.431730010187507673e-02,4.674187366106652419e-02,-3.259610687410386398e-01
3.524000000000000021e+00,4.673288176224288382e-02,1.130551038341920389e-07,5.627779037930835671e-02,4.674187366106652419e-02,-3.261461687232879436e-01
3.525999999999999801e+00,4.672368080162958570e-02,1.159710170117733696e-07,5.823393645258123641e-02,4.674187366106652419e-02,-3.263312687055372474e-01
3.528000000000000025e+00,4.671136760321947801e-02,1.174604898901421279e-07,6.018417120425123557e-02,4.674187366106652419e-02,-3.265163686877865512e-01
3.530000000000000249e+00,4.669596261114339342e-02,1.147870305473475128e-07,6.212819370638889005e-02,4.674187366106652419e-02,-3.267014686700359105e-01
3.531999999999999584e+00,4.667749289409151014e-02,1.135214552361318852e-07,6.406646288697159797e-02,4.674187366106652419e-02,-3.268865686522851588e-01
3.533999999999999808e+00,4.665598234513157472e-02,1.164469437542337005e-07,6.599936372247694472e-02,4.674187366106652419e-02,-3.270716686345344626e-01
3.536000000000000032e+00,4.663144844908817532e-02,1.177272385133321109e-07,6.792532900590686484e-02,4.674187366106652419e-02,-3.272567686167838219e-01
3.538000000000000256e+00,4.660391445908951269e-02,1.140163626844881151e-07,6.984346890682491260e-02,4.674187366106652419e-02,-3.274418685990331257e-01
3.540000000000000036e+00,4.657341557205807447e-02,1.114460532747330035e-07,7.175425670096224895e-02,4.674187366106652419e-02,-3.276269685812824295e-01
3.541999999999999815e+00,4.653998649812585153e-02,1.146996726486548823e-07,7.365829903119402999e-02,4.674187366106652419e-02,-3.278120685635317333e-01
3.544000000000000039e+00,4.650365120842381295e-02,1.182320749082421685e-07,7.555460381710632500e-02,4.674187366106652419e-02,-3.279971685457810371e-01
3.546000000000000263e+00,4.646443229073116132e-02,1.161270584137952255e-07,7.744202791647225581e-02,4.674187366106652419e-02,-3.281822685280303964e-01
3.547999999999999599e+00,4.642236271450117524e-02,1.123693311733120481e-07,7.932088351088406597e-02,4.674187366106652419e-02,-3.283673685102796447e-01
3.549999999999999822e+00,4.637748057407764524e-02,1.129272569899697487e-07,8.119145992294984904e-02,4.674187366106652419e-02,-3.285524684925290040e-01
3.552000000000000046e+00,4.632981913174671895e-02,1.151605355520501917e-07,8.305299681697864145e-02,4.674187366106652419e-02,-3.287375684747783078e-01
3.554000000000000270e+00,4.627941055885731458e-02,1.141009314808982822e-07,8.490424117551409466e-02,4.674187366106652419e-02,-3.289226684570276116e-01
3.556000000000000050e+00,4.622629312238468735e-02,1.124402768670762498e-07,8.674579713786612079e-02,4.674187366106652419e-02,-3.291077684392769709e-01
3.557999999999999829e+00,4.617050549225631961e-02,1.145906878274871588e-07,8.857803239182804322e-02,4.674187366106652419e-02,-3.292928684215262192e-01
3.560000000000000053e+00,4.611207935051231388e-02,1.168168696219495928e-07,9.040036357173186765e-02,4.674187366106652419e-02,-3.294779684037755785e-01
3.562000000000000277e+00,4.605104739587395635e-02,1.135991681833203870e-07,9.221102445264006686e-02,4.674187366106652419e-02,-3.296630683860248823e-01
3.563999999999999613e+00,4.598745432127915311e-02,1.089180862168248609e-07,9.401041881129623690e-02,4.674187366106652419e-02,-3.298481683682741861e-01
3.565999999999999837e+00,4.592134977096606896e-02,1.103292041060299766e-07,9.579900009659303439e-02,4.674187366106652419e-02,-3.300332683505234899e-01
3.568000000000000060e+00,4.585277358138806214e-02,1.156043429872966044e-07,9.757677019263200080e-02,4.674187366106652419e-02,-3.302183683327727937e-01
3.570000000000000284e+00,4.578175814192519955e-02,1.163020093564171020e-07,9.934199992521064448e-02,4.674187366106652419e-02,-3.304034683150221530e-01
3.572000000000000064e+00,4.570834311478100265e-02,1.120011237087936706e-07,1.010948840570113916e-01,4.674187366106652419e-02,-3.305885682972714568e-01
3.573999999999999844e+00,4.563257749124138840e-02,1.097528542493009240e-07,1.028355775941262040e-01,4.674187366106652419e-02,-3.307736682795207050e-01
3.576000000000000068e+00,4.555450860184007134e-02,1.111960399313716152e-07,1.045641305653539632e-01,4.674187366106652419e-02,-3.309587682617700644e-01
3.578000000000000291e+00,4.547417945324272459e-02,1.114606729135658725e-07,1.062788440565166637e-01,4.674187366106652419e-02,-3.311438682440193682e-01
3.579999999999999627e+00,4.539163636792742373e-02,1.101022192306899683e-07,1.079800045229440952e-01,4.674187366106652419e-02,-3.313289682262686719e-01
3.581999999999999851e+00,4.530692852572282270e-02,1.115552263897257035e-07,1.096679950717297514e-01,4.674187366106652419e-02,-3.315140682085179757e-01
3.584000000000000075e+00,4.522009941885318796e-02,1.145518091494324153e-07,1.113430099906429493e-01,4.674187366106652419e-02,-3.316991681907672795e-01
3.586000000000000298e+00,4.513118939153526465e-02,1.125853935635134917e-07,1.130031584542824374e-01,4.674187366106652419e-02,-3.318842681730166388e-01
3.588000000000000078e+00,4.504024836794018327e-02,1.064599051137093966e-07,1.146482490364647555e-01,4.674187366106652419e-02,-3.320693681552659426e-01
3.589999999999999858e+00,4.494733568792896872e-02,1.049412589049225630e-07,1.162787107223668404e-01,4.674187366106652419e-02,-3.322544681375152464e-01
3.592000000000000082e+00,4.485250463009959887e-02,1.103377588185239233e-07,1.178950967636576141e-01,4.674187366106652419e-02,-3.324395681197645502e-01
3.594000000000000306e+00,4.475579673290941418e-02,1.142508671003739096e-07,1.194959303567829645e-01,4.674187366106652419e-02,-3.326246681020138540e-01
3.595999999999999641e+00,4.465725500143546967e-02,1.113652445816626368e-07,1.210807540263507676e-01,4.674187366106652419e-02,-3.328097680842631578e-01
3.597999999999999865e+00,4.455693333919852339e-02,1.069533221986773697e-07,1.226498267753967086e-01,4.674187366106652419e-02,-3.329948680665124616e-01
3.600000000000000089e+00,4.445488876520486965e-02,1.063573550341700980e-07,1.242034914863126005e-01,4.674187366106652419e-02,-3.331799680487618209e-01
3.602000000000000313e+00,4.435117328672710801e-02,1.070268185188183452e-07,1.257404642143544748e-01,4.674187366106652419e-02,-3.333650680310111247e-01
3.604000000000000092e+00,4.424583846972618417e-02,1.063059215100636834e-07,1.272601853565321628e-01,4.674187366106652419e-02,-3.335501680132604285e-01
3.605999999999999872e+00,4.413893919161371304e-02,1.072933166756939727e-07,1.287632430407799067e-01,4.674187366106652419e-02,-3.337352679955097323e-01
3.608000000000000096e+00,4.403052693609099677e-02,1.107987985804470554e-07,1.302500618329229809e-01,4.674187366106652419e-02,-3.339203679777590361e-01
3.610000000000000320e+00,4.392064740951517887e-02,1.106297284891866184e-07,1.317194719673226988e-01,4.674187366106652419e-02,-3.341054679600083954e-01
3.611999999999999655e+00,4.380935180378808802e-02,1.041996793293975543e-07,1.331703356435280927e-01,4.674187366106652419e-02,-3.342905679422576437e-01
3.613999999999999879e+00,4.369670308578610385e-02,9.942515832861431591e-08,1.346031777487304293e-01,4.674187366106652419e-02,-3.344756679245069475e-01
3.616000000000000103e+00,4.358276362620372435e-02,1.030555030201441014e-07,1.360185568229436148e-01,4.674187366106652419e-02,-3.346607679067563068e-01
3.617999999999999883e+00,4.346758277427231754e-02,1.094555664993279720e-07,1.374159028612669253e-01,4.674187366106652419e-02,-3.348458678890056106e-01
3.620000000000000107e+00,4.335120453837015830e-02,1.095790959082520999e-07,1.387939425994016984e-01,4.674187366106652419e-02,-3.350309678712549144e-01
3.621999999999999886e+00,4.323368193777177293e-02,1.045532190824260965e-07,1.401530745767064490e-01,4.674187366106652419e-02,-3.352160678535042182e-01
3.624000000000000110e+00,4.311507569512729177e-02,1.014319869208080149e-07,1.414935452401855365e-01,4.674187366106652419e-02,-3.354011678357535220e-01
3.625999999999999890e+00,4.299544362307128331e-02,1.012959059965012898e-07,1.428149460120974323e-01,4.674187366106652419e-02,-3.355862678180028813e-01
3.627999999999999670e+00,4.287483996476626480e-02,1.010309232940542756e-07,1.441159084978635985e-01,4.674187366106652419e-02,-3.357713678002521296e-01
3.629999999999999893e+00,4.275332079822058429e-02,1.017806988690139747e-07,1.453970585369108726e-01,4.674187366106652419e-02,-3.359564677825014889e-01
3.632000000000000117e+00,4.263094086871166422e-02,1.055148438622310891e-07,1.466587909426821934e-01,4.674187366106652419e-02,-3.361415677647507927e-01
3.633999999999999897e+00,4.250774833739912051e-02,1.073600965906251758e-07,1.479009032837164117e-01,4.674187366106652419e-02,-3.363266677470000965e-01
3.636000000000000121e+00,4.238379228879041172e-02,1.019361460796730512e-07,1.491216454716379758e-01,4.674187366106652419e-02,-3.365117677292494558e-01
3.637999999999999901e+00,4.225913335025932582e-02,9.445978510491670477e-08,1.503213402424120604e-01,4.674187366106652419e-02,-3.366968677114987041e-01
3.640000000000000124e+00,4.213383721441921193e-02,9.475237550127246777e-08,1.515004270978439482e-01,4.674187366106652419e-02,-3.368819676937480634e-01
3.641999999999999904e+00,4.200795861477157889e-02,1.019560514903261605e-07,1.526591908655308139e-01,4.674187366106652419e-02,-3.370670676759973672e-01
3.643999999999999684e+00,4.188154107102959323e-02,1.057625417244523192e-07,1.537960725602852685e-01,4.674187366106652419e-02,-3.372521676582466710e-01
3.645999999999999908e+00,4.175463214655672495e-02,1.020873402479693937e-07,1.549112024069950744e-01,4.674187366106652419e-02,-3.374372676404959748e-01
3.648000000000000131e+00,4.162728968152218378e-02,9.695439306955933034e-08,1.560048010590994183e-01,4.674187366106652419e-02,-3.376223676227452786e-01
3.649999999999999911e+00,4.149957274578441879e-02,9.497878350472888087e-08,1.570770963640297779e-01,4.674187366106652419e-02,-3.378074676049946379e-01
3.652000000000000135e+00,4.137153565059625837e-02,9.451045435149296736e-08,1.581266004080491561e-01,4.674187366106652419e-02,-3.379925675872439417e-01
3.653999999999999915e+00,4.124323195826240518e-02,9.506781406543041157e-08,1.591534416731051893e-01,4.674187366106652419e-02,-3.381776675694931900e-01
3.656000000000000139e+00,4.111471487575590888e-02,9.875909290357753889e-08,1.601581247825670795e-01,4.674187366106652419e-02,-3.383627675517425493e-01
3.657999999999999918e+00,4.098603156890967547e-02,1.024856506326443650e-07,1.611410170127515196e-01,4.674187366106652419e-02,-3.385478675339918531e-01
3.659999999999999698e+00,4.085722623140952692e-02,9.922536015061211856e-08,1.621005915113812312e-01,4.674187366106652419e-02,-3.387329675162411569e-01
3.661999999999999922e+00,4.072835211905401209e-02,9.034551662345791101e-08,1.630364632468102037e-01,4.674187366106652419e-02,-3.389180674984904607e-01
3.664000000000000146e+00,4.059947189299573100e-02,8.652463312497360448e-08,1.639491377699802133e-01,4.674187366106652419e-02,-3.391031674807397644e-01
3.665999999999999925e+00,4.047064202504513375e-02,9.237801601447159783e-08,1.648392167518637486e-01,4.674187366106652419e-02,-3.392882674629891238e-01
3.668000000000000149e+00,4.034190451170660552e-02,9.935027001084506537e-08,1.657056628709571156e-01,4.674187366106652419e-02,-3.394733674452384276e-01
3.669999999999999929e+00,4.021329863943201577e-02,9.875774265033498978e-08,1.665478934744973882e-01,4.674187366106652419e-02,-3.396584674274877313e-01
3.672000000000000153e+00,4.008487343929256763e-02,9.302882497674858087e-08,1.673663138508836301e-01,4.674187366106652419e-02,-3.398435674097370351e-01
3.673999999999999488e+00,3.995668374636529574e-02,8.879838864217504124e-08,1.681612757041867079e-01,4.674187366106652419e-02,-3.400286673919863389e-01
3.675999999999999712e+00,3.982878099407394235e-02,8.723076272421081967e-08,1.689319149941591602e-01,4.674187366106652419e-02,-3.402137673742356427e-01
3.677999999999999936e+00,3.970121345651922429e-02,8.733960610296520599e-08,1.696775154967369303e-01,4.674187366106652419e-02,-3.403988673564849465e-01
3.680000000000000160e+00,3.957402865810732973e-02,9.069608764011860558e-08,1.703987817625851608e-01,4.674187366106652419e-02,-3.405839673387343058e-01
3.681999999999999940e+00,3.944726920961116878e-02,9.587545013456377774e-08,1.710961768773763270e-01,4.674187366106652419e-02,-3.407690673209836096e-01
3.684000000000000163e+00,3.932097211812524140e-02,9.552747781693682327e-08,1.717690249949448411e-01,4.674187366106652419e-02,-3.409541673032329134e-01
3.686000000000000387e+00,3.919517960384044652e-02,8.695557751625671017e-08,1.724161230797648381e-01,4.674187366106652419e-02,-3.411392672854822727e-01
3.688000000000000611e+00,3.906994543349029403e-02,7.928188860972795737e-08,1.730380326166066629e-01,4.674187366106652419e-02,-3.413243672677315765e-01
3.689999999999999503e+00,3.894532322576271799e-02,8.179079424852631064e-08,1.736352779913586941e-01,4.674187366106652419e-02,-3.415094672499808248e-01
3.691999999999999726e+00,3.882135233068839675e-02,9.031688308347440852e-08,1.742077212366857086e-01,4.674187366106652419e-02,-3.416945672322301286e-01
3.693999999999999950e+00,3.869806276332299344e-02,9.371020959214604318e-08,1.747541550525593124e-01,4.674187366106652419e-02,-3.418796672144794324e-01
3.696000000000000174e+00,3.857549050450137518e-02,8.928994965629044600e-08,1.752750400399299968e-01,4.674187366106652419e-02,-3.420647671967287917e-01
3.697999999999999954e+00,3.845368064234533367e-02,8.326757305887610983e-08,1.757706467424098307e-01,4.674187366106652419e-02,-3.422498671789780955e-01
3.700000000000000178e+00,3.833267829954445371e-02,7.983980920833744221e-08,1.762409105056652603e-01,4.674187366106652419e-02,-3.424349671612273993e-01
3.702000000000000401e+00,3.821252445807321596e-02,7.895574638538960244e-08,1.766845648250118250e-01,4.674187366106652419e-02,-3.426200671434767586e-01
3.703999999999999737e+00,3.809325804452234898e-02,8.160235764886891729e-08,1.771021992960474245e-01,4.674187366106652419e-02,-3.428051671257260069e-01
3.705999999999999517e+00,3.797491394039387291e-02,8.759672065483670167e-08,1.774942853623442396e-01,4.674187366106652419e-02,-3.429902671079753107e-01
3.707999999999999741e+00,3.785752019320320905e-02,9.036485071334254826e-08,1.778609592470737355e-01,4.674187366106652419e-02,-3.431753670902246145e-01
3.709999999999999964e+00,3.774110584807210955e-02,8.380983640421391101e-08,1.782007374671128463e-01,4.674187366106652419e-02,-3.433604670724739738e-01
3.712000000000000188e+00,3.762571118833357708e-02,7.352685749140164262e-08,1.785138466980277228e-01,4.674187366106652419e-02,-3.435455670547232776e-01
3.713999999999999968e+00,3.751138215603111448e-02,7.143905034201480930e-08,1.788007688373232096e-01,4.674187366106652419e-02,-3.437306670369725814e-01
3.716000000000000192e+00,3.739815389276457402e-02,7.924404665793360891e-08,1.790619871825809839e-01,4.674187366106652419e-02,-3.439157670192219407e-01
3.718000000000000416e+00,3.728604753235387204e-02,8.634561565745713096e-08,1.792963165260461622e-01,4.674187366106652419e-02,-3.441008670014712445e-01
3.720000000000000195e+00,3.717508415180847958e-02,8.502282766720270502e-08,1.795038230087515618e-01,4.674187366106652419e-02,-3.442859669837205483e-01
3.721999999999999531e+00,3.706529455117069105e-02,7.851822547699782717e-08,1.796848604255052995e-01,4.674187366106652419e-02,-3.444710669659697966e-01
3.723999999999999755e+00,3.695671391366905922e-02,7.298267568067728917e-08,1.798397827119307402e-01,4.674187366106652419e-02,-3.446561669482191559e-01
3.725999999999999979e+00,3.684937433657298200e-02,7.044264649369580411e-08,1.799674987621457944e-01,4.674187366106652419e-02,-3.448412669304684597e-01
3.728000000000000203e+00,3.674330463750452580e-02,7.187610862047222327e-08,1.800679984763912667e-01,4.674187366106652419e-02,-3.450263669127177635e-01
3.729999999999999982e+00,3.663852976848902543e-02,7.791556888570028150e-08,1.801419210313643382e-01,4.674187366106652419e-02,-3.452114668949670673e-01
3.732000000000000206e+00,3.653506763171343596e-02,8.345166224721367598e-08,1.801897495285000317e-01,4.674187366106652419e-02,-3.453965668772164266e-01
3.734000000000000430e+00,3.643293338564268513e-02,8.023812236856997515e-08,1.802104756224056636e-01,4.674187366106652419e-02,-3.455816668594657304e-01
3.735999999999999766e+00,3.633215115288890296e-02,6.926021278719218799e-08,1.802036188310426335e-01,4.674187366106652419e-02,-3.457667668417149787e-01
3.737999999999999545e+00,3.623275488568156177e-02,6.242920036481081070e-08,1.801697701244132643e-01,4.674187366106652419e-02,-3.459518668239642825e-01
3.739999999999999769e+00,3.613477351860494569e-02,6.721109024887539363e-08,1.801095330464819733e-01,4.674187366106652419e-02,-3.461369668062136418e-01
3.741999999999999993e+00,3.603822043344251380e-02,7.656714895443172963e-08,1.800223767359978577e-01,4.674187366106652419e-02,-3.463220667884629456e-01
3.744000000000000217e+00,3.594310236518916124e-02,7.941002011513376146e-08,1.799077128629508193e-01,4.674187366106652419e-02,-3.465071667707122494e-01
3.745999999999999996e+00,3.584943326463618796e-02,7.424462644678442302e-08,1.797660827834888231e-01,4.674187366106652419e-02,-3.466922667529616087e-01
3.748000000000000220e+00,3.575723507816752633e-02,6.711221312016846241e-08,1.795978580390588109e-01,4.674187366106652419e-02,-3.468773667352109125e-01
3.750000000000000444e+00,3.566652966914274359e-02,6.241895678105180423e-08,1.794026329049970836e-01,4.674187366106652419e-02,-3.470624667174602163e-01
3.752000000000000224e+00,3.557733534558171762e-02,6.203660862791338104e-08,1.791796914588140166e-01,4.674187366106652419e-02,-3.472475666997095756e-01
3.753999999999999559e+00,3.548966635280048632e-02,6.727408408124802008e-08,1.789297938280687839e-01,4.674187366106652419e-02,-3.474326666819588239e-01
3.755999999999999783e+00,3.540353001519380705e-02,7.477126884314344579e-08,1.786534467826221828e-01,4.674187366106652419e-02,-3.476177666642081276e-01
3.758000000000000007e+00,3.531892818929260880e-02,7.557787917722436077e-08,1.783504544375444922e-01,4.674187366106652419e-02,-3.478028666464574314e-01
3.759999999999999787e+00,3.523586812969248250e-02,6.602665125754469955e-08,1.780197617755239214e-01,4.674187366106652419e-02,-3.479879666287067908e-01
3.762000000000000011e+00,3.515436891755130411e-02,5.546409964640730550e-08,1.776619272639325953e-01,4.674187366106652419e-02,-3.481730666109560945e-01
3.764000000000000234e+00,3.507445102091366618e-02,5.554241877536725269e-08,1.772774690576147671e-01,4.674187366106652419e-02,-3.483581665932053983e-01
3.766000000000000458e+00,3.499612138346142043e-02,6.488297266127318608e-08,1.768666019653876154e-01,4.674187366106652419e-02,-3.485432665754547576e-01
3.767999999999999794e+00,3.491937486511187405e-02,7.183134553834236158e-08,1.764283771150836899e-01,4.674187366106652419e-02,-3.487283665577039504e-01
3.769999999999999574e+00,3.484420858021353151e-02,6.979227096248763473e-08,1.759632706856311679e-01,4.674187366106652419e-02,-3.489134665399533097e-01
3.771999999999999797e+00,3.477062903548455708e-02,6.233639526787015939e-08,1.754716340710384959e-01,4.674187366106652419e-02,-3.490985665222026135e-01
3.774000000000000021e+00,3.469864667505562217e-02,5.546118353461082506e-08,1.749536758530410574e-01,4.674187366106652419e-02,-3.492836665044519173e-01
3.775999999999999801e+00,3.462826975105526284e-02,5.269500680249450397e-08,1.744084310336249666e-01,4.674187366106652419e-02,-3.494687664867012766e-01
3.778000000000000025e+00,3.455950234370586127e-02,5.625638255235543284e-08,1.738364050018918472e-01,4.674187366106652419e-02,-3.496538664689505804e-01
3.780000000000000249e+00,3.449234184475846732e-02,6.459365875510769683e-08,1.732381636870085617e-01,4.674187366106652419e-02,-3.498389664511998842e-01
3.782000000000000473e+00,3.442677840985319815e-02,6.935229002191789505e-08,1.726140843847030482e-01,4.674187366106652419e-02,-3.500240664334492435e-01
3.784000000000000252e+00,3.436280364318544667e-02,6.307728062093787003e-08,1.719631395271102314e-01,4.674187366106652419e-02,-3.502091664156985473e-01
3.785999999999999588e+00,3.430042067648941817e-02,5.069921704681235042e-08,1.712854762781647056e-01,4.674187366106652419e-02,-3.503942663979477956e-01
3.787999999999999812e+00,3.423963967277654508e-02,4.548531695736102165e-08,1.705816424826720468e-01,4.674187366106652419e-02,-3.505793663801970994e-01
3.790000000000000036e+00,3.418046210024661136e-02,5.233184352526620842e-08,1.698522168133143051e-01,4.674187366106652419e-02,-3.507644663624464587e-01
3.791999999999999815e+00,3.412287459052865124e-02,6.212181535847349778e-08,1.690965027630892958e-01,4.674187366106652419e-02,-3.509495663446957625e-01
3.794000000000000039e+00,3.406685994797975514e-02,6.437449606710998751e-08,1.683145344337338145e-01,4.674187366106652419e-02,-3.511346663269450663e-01
3.796000000000000263e+00,3.401240889830459135e-02,5.835895944272806446e-08,1.675068064660084899e-01,4.674187366106652419e-02,-3.513197663091944256e-01
3.798000000000000487e+00,3.395951971161070837e-02,4.994574132055618065e-08,1.666737451838390671e-01,4.674187366106652419e-02,-3.515048662914437294e-01
3.799999999999999378e+00,3.390819138758549567e-02,4.448207691076788706e-08,1.658147464625362444e-01,4.674187366106652419e-02,-3.516899662736929777e-01
3.801999999999999602e+00,3.385841954977675261e-02,4.554539889678466125e-08,1.649297340978094495e-01,4.674187366106652419e-02,-3.518750662559422815e-01
3.803999999999999826e+00,3.381019335525692338e-02,5.344230480375244952e-08,1.640194336759724647e-01,4.674187366106652419e-02,-3.520601662381916408e-01
3.806000000000000050e+00,3.376349379052689947e-02,6.139180430686508316e-08,1.630843850711954646e-01,4.674187366106652419e-02,-3.522452662204409446e-01
3.807999999999999829e+00,3.371829956924288219e-02,5.959245963360615406e-08,1.621241307512873431e-01,4.674187366106652419e-02,-3.524303662026902484e-01
3.810000000000000053e+00,3.367459875083955723e-02,4.775148620961289225e-08,1.611382363191528333e-01,4.674187366106652419e-02,-3.526154661849395522e-01
3.812000000000000277e+00,3.363239030232711979e-02,3.791245417605892953e-08,1.601273384266629352e-01,4.674187366106652419e-02,-3.528005661671889115e-01
3.814000000000000501e+00,3.359167080169234154e-02,4.025430522247575027e-08,1.590920140338655808e-01,4.674187366106652419e-02,-3.529856661494382153e-01
3.816000000000000281e+00,3.355242255234425208e-02,5.070249153860117985e-08,1.580321913669256728e-01,4.674187366106652419e-02,-3.531707661316875191e-01
3.817999999999999616e+00,3.351461852244175255e-02,5.735414265739535722e-08,1.569474173823869612e-01,4.674187366106652419e-02,-3.533558661139367674e-01
3.819999999999999840e+00,3.347823560862683845e-02,5.454757212586258674e-08,1.558383046264536775e-01,4.674187366106652419e-02,-3.535409660961861267e-01
3.822000000000000064e+00,3.344325999975983343e-02,4.591979274604085504e-08,1.547052591709194014e-01,4.674187366106652419e-02,-3.537260660784354305e-01
3.823999999999999844e+00,3.340968242914232889e-02,3.793340608293505056e-08,1.535482743933752336e-01,4.674187366106652419e-02,-3.539111660606847343e-01
3.826000000000000068e+00,3.337749229944264595e-02,3.586395436183664742e-08,1.523668071899582088e-01,4.674187366106652419e-02,-3.540962660429340936e-01
3.828000000000000291e+00,3.334667328898355265e-02,4.202932180064067325e-08,1.511615854781747925e-01,4.674187366106652419e-02,-3.542813660251833974e-01
3.830000000000000515e+00,3.331720040606311883e-02,5.188127283339838414e-08,1.499331527133140607e-01,4.674187366106652419e-02,-3.544664660074327012e-01
3.831999999999999407e+00,3.328904338428340104e-02,5.490060950297248610e-08,1.486816838721818079e-01,4.674187366106652419e-02,-3.546515659896819495e-01
3.833999999999999631e+00,3.326217787588825470e-02,4.584626733805663434e-08,1.474064599330935921e-01,4.674187366106652419e-02,-3.548366659719313088e-01
3.835999999999999854e+00,3.323659206469087302e-02,3.313382035408096726e-08,1.461079926765130321e-01,4.674187366106652419e-02,-3.550217659541806126e-01
3.838000000000000078e+00,3.321227803825332892e-02,2.997538173232783265e-08,1.447868093331926287e-01,4.674187366106652419e-02,-3.552068659364299164e-01
3.839999999999999858e+00,3.318921722845769029e-02,3.853932206698829077e-08,1.434433400687334381e-01,4.674187366106652419e-02,-3.553919659186792757e-01
3.842000000000000082e+00,3.316737824086324338e-02,4.850256896116178496e-08,1.420770309631513018e-01,4.674187366106652419e-02,-3.555770659009285795e-01
3.844000000000000306e+00,3.314672825752229546e-02,5.012370540846688982e-08,1.406883295594068828e-01,4.674187366106652419e-02,-3.557621658831778833e-01
3.846000000000000085e+00,3.312724284452084333e-02,4.305032597073932266e-08,1.392776808153282364e-01,4.674187366106652419e-02,-3.559472658654272426e-01
3.848000000000000309e+00,3.310890558291490482e-02,3.335693510297943476e-08,1.378454604129446259e-01,4.674187366106652419e-02,-3.561323658476765464e-01
3.849999999999999645e+00,3.309170196878141734e-02,2.789235775679799190e-08,1.363911332020624756e-01,4.674187366106652419e-02,-3.563174658299257946e-01
3.851999999999999869e+00,3.307561347140053343e-02,3.117428537535715805e-08,1.349151072193024992e-01,4.674187366106652419e-02,-3.565025658121750984e-01
3.854000000000000092e+00,3.306061292728357248e-02,4.133440612008598691e-08,1.334180065029534346e-01,4.674187366106652419e-02,-3.566876657944244022e-01
3.855999999999999872e+00,3.304666559699787065e-02,4.864257296954832555e-08,1.319003266398716123e-01,4.674187366106652419e-02,-3.568727657766737615e-01
3.858000000000000096e+00,3.303373875290271933e-02,4.405025211262625362e-08,1.303615751168419046e-01,4.674187366106652419e-02,-3.570578657589230653e-01
3.860000000000000320e+00,3.302181164137962810e-02,3.086472188940092565e-08,1.288018749864602852e-01,4.674187366106652419e-02,-3.572429657411723691e-01
3.862000000000000099e+00,3.301087241667544081e-02,2.248951680439148504e-08,1.272218114892111895e-01,4.674187366106652419e-02,-3.574280657234217284e-01
3.863999999999999435e+00,3.300090420131840396e-02,2.694098899524988155e-08,1.256219627669106775e-01,4.674187366106652419e-02,-3.576131657056709767e-01
3.865999999999999659e+00,3.299187674298842410e-02,3.815012938890305350e-08,1.240021194182984732e-01,4.674187366106652419e-02,-3.577982656879202805e-01
3.867999999999999883e+00,3.298375305991929629e-02,4.442417034233869799e-08,1.223623470950803288e-01,4.674187366106652419e-02,-3.579833656701695843e-01
3.870000000000000107e+00,3.297650124304685182e-02,4.068356518338589467e-08,1.207032194751994914e-01,4.674187366106652419e-02,-3.581684656524189436e-01
3.871999999999999886e+00,3.297009913654991298e-02,3.072614118693195451e-08,1.190251873970870206e-01,4.674187366106652419e-02,-3.583535656346682474e-01
3.874000000000000110e+00,3.296453038033719807e-02,2.216167083179954034e-08,1.173281103073512688e-01,4.674187366106652419e-02,-3.585386656169175512e-01
3.876000000000000334e+00,3.295977742858668957e-02,2.171308077780764734e-08,1.156119576293934831e-01,4.674187366106652419e-02,-3.587237655991669105e-01
3.878000000000000114e+00,3.295581500105715378e-02,3.051421515465335688e-08,1.138774416971733983e-01,4.674187366106652419e-02,-3.589088655814162143e-01
3.880000000000000338e+00,3.295260862956861381e-02,4.085370575168667528e-08,1.121251011558656863e-01,4.674187366106652419e-02,-3.590939655636655181e-01
3.881999999999999673e+00,3.295012201795466389e-02,4.151985910638700261e-08,1.103549391289962156e-01,4.674187366106652419e-02,-3.592790655459147664e-01
3.883999999999999897e+00,3.294832851104256832e-02,3.034760864828456306e-08,1.085667173234885485e-01,4.674187366106652419e-02,-3.594641655281641257e-01
3.885999999999999677e+00,3.294721340857120762e-02,1.823783490895181103e-08,1.067610435814714265e-01,4.674187366106652419e-02,-3.596492655104134295e-01
3.887999999999999901e+00,3.294676311002364688e-02,1.725431075794148228e-08,1.049384483669617424e-01,4.674187366106652419e-02,-3.598343654926627333e-01
3.890000000000000124e+00,3.294695307406247942e-02,2.717390601425506702e-08,1.030991789779110990e-01,4.674187366106652419e-02,-3.600194654749120371e-01
3.892000000000000348e+00,3.294774829582691744e-02,3.715503760215455031e-08,1.012430413198451007e-01,4.674187366106652419e-02,-3.602045654571613964e-01
3.894000000000000128e+00,3.294911392456167931e-02,3.801558012828110122e-08,9.937062457119524850e-02,4.674187366106652419e-02,-3.603896654394107002e-01
3.895999999999999464e+00,3.295102418803197430e-02,2.964233192237486492e-08,9.748236427210349442e-02,4.674187366106652419e-02,-3.605747654216599485e-01
3.897999999999999687e+00,3.295346245481955982e-02,1.893850820611220342e-08,9.557852187771645469e-02,4.674187366106652419e-02,-3.607598654039092523e-01
3.899999999999999911e+00,3.295641477558008958e-02,1.439755514809348824e-08,9.365886651988365730e-02,4.674187366106652419e-02,-3.609449653861586116e-01
3.901999999999999691e+00,3.295986154914409827e-02,2.032383872307974571e-08,9.172401310275447861e-02,4.674187366106652419e-02,-3.611300653684079154e-01
3.903999999999999915e+00,3.296377316325849183e-02,3.195798781163716740e-08,8.977450267956900432e-02,4.674187366106652419e-02,-3.613151653506572192e-01
3.906000000000000139e+00,3.296811474888994287e-02,3.770259715540902334e-08,8.781071388717753834e-02,4.674187366106652419e-02,-3.615002653329065785e-01
3.908000000000000362e+00,3.297285759581902731e-02,3.058206887729397749e-08,8.583237366675269819e-02,4.674187366106652419e-02,-3.616853653151558823e-01
3.910000000000000142e+00,3.297798582027755554e-02,1.703732654956269243e-08,8.383992358138020462e-02,4.674187366106652419e-02,-3.618704652974051861e-01
3.912000000000000366e+00,3.298348996721012227e-02,1.054350518003843717e-08,8.183387852716933475e-02,4.674187366106652419e-02,-3.620555652796545454e-01
3.913999999999999702e+00,3.298935426328952758e-02,1.682163863758745492e-08,7.981472958700387699e-02,4.674187366106652419e-02,-3.622406652619037937e-01
3.915999999999999925e+00,3.299555122457153988e-02,2.855438552273881214e-08,7.778235916171376274e-02,4.674187366106652419e-02,-3.624257652441530975e-01
3.917999999999999705e+00,3.300204851204224799e-02,3.433567086208455521e-08,7.573716711976435922e-02,4.674187366106652419e-02,-3.626108652264024013e-01
3.919999999999999929e+00,3.300881963923785190e-02,2.939434651239025698e-08,7.367964105233792971e-02,4.674187366106652419e-02,-3.627959652086517606e-01
3.922000000000000153e+00,3.301584901450482779e-02,1.813528449634560502e-08,7.161021081133503441e-02,4.674187366106652419e-02,-3.629810651909010644e-01
3.924000000000000377e+00,3.302312791005523884e-02,9.787181287634894034e-09,6.952879396581565508e-02,4.674187366106652419e-02,-3.631661651731503682e-01
3.926000000000000156e+00,3.303064534300415023e-02,1.168640406667975640e-08,6.743573518880224826e-02,4.674187366106652419e-02,-3.633512651553997275e-01
3.927999999999999492e+00,3.303838062357999927e-02,2.268894772061713638e-08,6.533162362894265329e-02,4.674187366106652419e-02,-3.635363651376489202e-01
3.929999999999999716e+00,3.304630495693450243e-02,3.245309643240545938e-08,6.321695164960776381e-02,4.674187366106652419e-02,-3.637214651198982795e-01
3.931999999999999940e+00,3.305439167619683705e-02,3.059098352409250765e-08,6.109171231164905319e-02,4.674187366106652419e-02,-3.639065651021475833e-01
3.933999999999999719e+00,3.306262585091002126e-02,1.817299966067054129e-08,5.895609073851964393e-02,4.674187366106652419e-02,-3.640916650843968871e-01
3.935999999999999943e+00,3.307100267507345759e-02,7.344138630571706017e-09,5.681063061858674518e-02,4.674187366106652419e-02,-3.642767650666462464e-01
3.938000000000000167e+00,3.307951647546270024e-02,8.422534003571513495e-09,5.465583471344554606e-02,4.674187366106652419e-02,-3.644618650488955502e-01
3.940000000000000391e+00,3.308815138696352687e-02,1.940379934506353266e-08,5.249186771536102497e-02,4.674187366106652419e-02,-3.646469650311448540e-01
3.942000000000000171e+00,3.309688288985401794e-02,2.927288833554086978e-08,5.031890692687013278e-02,4.674187366106652419e-02,-3.648320650133942133e-01
3.944000000000000394e+00,3.310568752941434045e-02,2.911849317221992806e-08,4.813749008213465824e-02,4.674187366106652419e-02,-3.650171649956435171e-01
3.945999999999999730e+00,3.311455192943268955e-02,1.928416037966229624e-08,4.594804706187289450e-02,4.674187366106652419e-02,-3.652022649778927654e-01
3.947999999999999954e+00,3.312347318187691680e-02,8.142817309320093955e-09,4.375077788855676053e-02,4.674187366106652419e-02,-3.653873649601420692e-01
3.949999999999999734e+00,3.313245053440228016e-02,5.424355187244600529e-09,4.154581731236214187e-02,4.674187366106652419e-02,-3.655724649423914285e-01
3.951999999999999957e+00,3.314147527399757820e-02,1.396532689490470602e-08,3.933374472468154082e-02,4.674187366106652419e-02,-3.657575649246407323e-01
3.954000000000000181e+00,3.315052855413980204e-02,2.605152515933184532e-08,3.711503494358685262e-02,4.674187366106652419e-02,-3.659426649068900361e-01
3.956000000000000405e+00,3.315958958425302416e-02,2.965077050554043581e-08,3.488997131514871841e-02,4.674187366106652419e-02,-3.661277648891393954e-01
3.958000000000000185e+00,3.316864666768160053e-02,2.061601034331062010e-08,3.265862657601241448e-02,4.674187366106652419e-02,-3.663128648713886992e-01
3.959999999999999520e+00,3.317770000621633741e-02,7.559837200687979930e-09,3.042150036015900394e-02,4.674187366106652419e-02,-3.664979648536379475e-01
3.961999999999999744e+00,3.318675388722869268e-02,3.067501141984507740e-09,2.817904779162187096e-02,4.674187366106652419e-02,-3.666830648358872513e-01
3.963999999999999968e+00,3.319580609091132839e-02,1.087637402363839101e-08,2.593164714583734085e-02,4.674187366106652419e-02,-3.668681648181366106e-01
3.965999999999999748e+00,3.320484414939384177e-02,2.296641488097606043e-08,2.367943088422064940e-02,4.674187366106652419e-02,-3.670532648003859144e-01
3.967999999999999972e+00,3.321385163378942629e-02,2.802858345418712815e-08,2.142287719337256785e-02,4.674187366106652419e-02,-3.672383647826352182e-01
3.970000000000000195e+00,3.322281883591859941e-02,2.160025369679630103e-08,1.916240541141528766e-02,4.674187366106652419e-02,-3.674234647648845220e-01
3.972000000000000419e+00,3.323174832303510406e-02,9.347361995537539769e-09,1.689838292102251865e-02,4.674187366106652419e-02,-3.676085647471338813e-01
3.974000000000000199e+00,3.324064959919392770e-02,2.143768718099181569e-09,1.463095530839480726e-02,4.674187366106652419e-02,-3.677936647293831851e-01
3.976000000000000423e+00,3.324952754792309673e-02,6.749635739211612417e-09,1.236058342813070067e-02,4.674187366106652419e-02,-3.679787647116324889e-01
3.977999999999999758e+00,3.325837602482717426e-02,1.913504077410976834e-08,1.008772489851102183e-02,4.674187366106652419e-02,-3.681638646938817372e-01
3.979999999999999982e+00,3.326718318184584966e-02,2.743660809656489619e-08,7.812782040349477986e-03,4.674187366106652419e-02,-3.683489646761310965e-01
3.981999999999999762e+00,3.327594267044486909e-02,2.329744785978249411e-08,5.535926934530204999e-03,4.674187366106652419e-02,-3.685340646583804003e-01
3.983999999999999986e+00,3.328465987537720938e-02,1.052498110887256644e-08,3.257544323238425847e-03,4.674187366106652419e-02,-3.687191646406297041e-01
3.986000000000000210e+00,3.329334793940663673e-02,1.348962497260686177e-09,9.780694869986009815e-04,4.674187366106652419e-02,-3.689042646228790634e-01
3.987999999999999989e+00,3.330201808528887586e-02,4.262772579366469472e-09,1.302080612680287311e-03,4.674187366106652419e-02,-3.690893646051283672e-01
3.990000000000000213e+00,3.331067226899608880e-02,1.609683575320985938e-08,3.582653656561416225e-03,4.674187366106652419e-02,-3.692744645873776710e-01
3.991999999999999549e+00,3.331930455948384218e-02,2.565593726355785975e-08,5.863279506503539518e-03,4.674187366106652419e-02,-3.694595645696269193e-01
3.993999999999999773e+00,3.332791067960660936e-02,2.413693145353335012e-08,8.143538594183218765e-03,4.674187366106652419e-02,-3.696446645518762786e-01
3.995999999999999996e+00,3.333649783251535492e-02,1.288596718218570913e-08,1.042304616136245816e-02,4.674187366106652419e-02,-3.698297645341255824e-01
3.997999999999999776e+00,3.334508424086324307e-02,2.130859044768840249e-09,1.270151840020769182e-02,4.674187366106652419e-02,-3.700148645163748862e-01
4.000000000000000000e+00,3.335368819360262638e-02,1.909724600679396644e-09,1.497859883702012083e-02,4.674187366106652419e-02,-3.701999644986242455e-01
4.001999999999999780e+00,3.336231764664909782e-02,1.257017578915053946e-08,1.725386200028601602e-02,4.674187366106652419e-02,-3.703850644808735493e-01
4.004000000000000448e+00,3.337097164709457164e-02,2.406380017472287136e-08,1.952692281861394610e-02,4.674187366106652419e-02,-3.705701644631228531e-01
4.006000000000000227e+00,3.337965071469106704e-02,2.535922993818218174e-08,2.179746291018317891e-02,4.674187366106652419e-02,-3.707552644453722124e-01
4.008000000000000007e+00,3.338836543956258396e-02,1.520640113827909090e-08,2.406514189766712636e-02,4.674187366106652419e-02,-3.709403644276215162e-01
4.009999999999999787e+00,3.339713605194349899e-02,3.232891954141337010e-09,2.632956254258330200e-02,4.674187366106652419e-02,-3.711254644098707645e-01
4.011999999999999567e+00,3.340598521251159081e-02,6.542475450288520733e-10,2.859035171017876298e-02,4.674187366106652419e-02,-3.713105643921200683e-01
4.014000000000000234e+00,3.341492930581324572e-02,9.756435881413949573e-09,3.084715890505292102e-02,4.674187366106652419e-02,-3.714956643743693721e-01
4.016000000000000014e+00,3.342397507684602420e-02,2.202583282429060318e-08,3.309962504557069363e-02,4.674187366106652419e-02,-3.716807643566187314e-01
4.017999999999999794e+00,3.343312548197818757e-02,2.600780768524657560e-08,3.534737812330109724e-02,4.674187366106652419e-02,-3.718658643388680352e-01
4.020000000000000462e+00,3.344239145140914804e-02,1.790999781814406333e-08,3.759006325298638873e-02,4.674187366106652419e-02,-3.720509643211173390e-01
4.022000000000000242e+00,3.345179724003322086e-02,5.277449588447780116e-09,3.982732232293854924e-02,4.674187366106652419e-02,-3.722360643033666983e-01
4.024000000000000021e+00,3.346137239879076741e-02,9.465250805362757092e-11,4.205876602827027244e-02,4.674187366106652419e-02,-3.724211642856159465e-01
4.025999999999999801e+00,3.347113877074470167e-02,7.299891580103690103e-09,4.428404507856937428e-02,4.674187366106652419e-02,-3.726062642678652503e-01
4.027999999999999581e+00,3.348110700617967783e-02,2.003290189289685941e-08,4.650282369864139342e-02,4.674187366106652419e-02,-3.727913642501145541e-01
4.030000000000000249e+00,3.349128515309551801e-02,2.632264628488201197e-08,4.871475568910301618e-02,4.674187366106652419e-02,-3.729764642323639134e-01
4.032000000000000028e+00,3.350168858799995597e-02,2.047788327796951080e-08,5.091941537049291672e-02,4.674187366106652419e-02,-3.731615642146132172e-01
4.033999999999999808e+00,3.351234264499480808e-02,8.095684567166472334e-09,5.311646198679335212e-02,4.674187366106652419e-02,-3.733466641968625210e-01
4.036000000000000476e+00,3.352327812201227886e-02,6.728189116955718418e-10,5.530556771842882330e-02,4.674187366106652419e-02,-3.735317641791118803e-01
4.038000000000000256e+00,3.353452359149766693e-02,5.189941365557615427e-09,5.748640740868003751e-02,4.674187366106652419e-02,-3.737168641613611841e-01
4.040000000000000036e+00,3.354609866389213213e-02,1.770676683054972500e-08,5.965853569829501074e-02,4.674187366106652419e-02,-3.739019641436104879e-01
4.041999999999999815e+00,3.355801488782084174e-02,2.662301823441737270e-08,6.182163206126674998e-02,4.674187366106652419e-02,-3.740870641258597362e-01
4.043999999999999595e+00,3.357028627074043481e-02,2.338838667181875053e-08,6.397538567511358576e-02,4.674187366106652419e-02,-3.742721641081090955e-01
4.046000000000000263e+00,3.358293975457016245e-02,1.106150837593133929e-08,6.611947544821474010e-02,4.674187366106652419e-02,-3.744572640903583993e-01
4.048000000000000043e+00,3.359601242132725929e-02,1.631407675617424502e-09,6.825341152636013597e-02,4.674187366106652419e-02,-3.746423640726077031e-01
4.049999999999999822e+00,3.360953790934617658e-02,4.193507097127735506e-09,7.037686887237945554e-02,4.674187366106652419e-02,-3.748274640548570069e-01
4.052000000000000490e+00,3.362353795360084607e-02,1.610600841583931242e-08,7.248958824308252002e-02,4.674187366106652419e-02,-3.750125640371063662e-01
4.054000000000000270e+00,3.363802776135871309e-02,2.614822713908893093e-08,7.459129707447598179e-02,4.674187366106652419e-02,-3.751976640193556700e-01
4.055999999999999162e+00,3.365302655103508123e-02,2.538531973517166307e-08,7.668149105777045949e-02,4.674187366106652419e-02,-3.753827640016049183e-01
4.057999999999999829e+00,3.366856253550865041e-02,1.490862289177385946e-08,7.875979039633813905e-02,4.674187366106652419e-02,-3.755678639838542221e-01
4.059999999999999609e+00,3.368467091129678792e-02,4.324479219164345523e-09,8.082594086282467172e-02,4.674187366106652419e-02,-3.757529639661035814e-01
4.062000000000000277e+00,3.370138832584501642e-02,3.479844634668438630e-09,8.287969296797023655e-02,4.674187366106652419e-02,-3.759380639483528852e-01
4.064000000000000057e+00,3.371874528496898726e-02,1.370288416069342929e-08,8.492057975217938426e-02,4.674187366106652419e-02,-3.761231639306021890e-01
4.065999999999999837e+00,3.373676214725096489e-02,2.587241376694748851e-08,8.694821106746111750e-02,4.674187366106652419e-02,-3.763082639128515483e-01
4.068000000000000504e+00,3.375545567514670608e-02,2.832428758203775487e-08,8.896237635378133335e-02,4.674187366106652419e-02,-3.764933638951008521e-01
4.070000000000000284e+00,3.377485222777287799e-02,1.860569487366348085e-08,9.096281381823609347e-02,4.674187366106652419e-02,-3.766784638773501559e-01
4.072000000000000064e+00,3.379499149837228433e-02,6.452514966781563999e-09,9.294904144074343788e-02,4.674187366106652419e-02,-3.768635638595995152e-01
4.073999999999999844e+00,3.381591516750870330e-02,3.917031810019011573e-09,9.492059838214406131e-02,4.674187366106652419e-02,-3.770486638418487635e-01
4.075999999999999623e+00,3.383765416535400306e-02,1.315089126485702309e-08,9.687734750429739805e-02,4.674187366106652419e-02,-3.772337638240980673e-01
4.078000000000000291e+00,3.386022961065204839e-02,2.519212449758612138e-08,9.881909329335993031e-02,4.674187366106652419e-02,-3.774188638063473711e-01
4.080000000000000071e+00,3.388366296923761567e-02,2.933360954138208854e-08,1.007454151650286206e-01,4.674187366106652419e-02,-3.776039637885967304e-01
4.081999999999999851e+00,3.390798292729013674e-02,2.250963937466821108e-08,1.026557487726119378e-01,4.674187366106652419e-02,-3.777890637708460342e-01
4.084000000000000519e+00,3.393322532831433147e-02,1.101478908083208808e-08,1.045499357115093897e-01,4.674187366106652419e-02,-3.779741637530953380e-01
4.086000000000000298e+00,3.395942988669475859e-02,5.267120073426667659e-09,1.064277758260858964e-01,4.674187366106652419e-02,-3.781592637353446418e-01
4.087999999999999190e+00,3.398663397129864094e-02,1.121030401840528157e-08,1.082889410465356916e-01,4.674187366106652419e-02,-3.783443637175938901e-01
4.089999999999999858e+00,3.401486539977682799e-02,2.419325684233086804e-08,1.101328582108282161e-01,4.674187366106652419e-02,-3.785294636998432494e-01
4.091999999999999638e+00,3.404414340094452651e-02,3.199016385124764383e-08,1.119594192162773894e-01,4.674187366106652419e-02,-3.787145636820925532e-01
4.094000000000000306e+00,3.407449110026483652e-02,2.681996602582614742e-08,1.137684160706467218e-01,4.674187366106652419e-02,-3.788996636643418570e-01
4.096000000000000085e+00,3.410594554027879255e-02,1.407315641799300465e-08,1.155595221772184739e-01,4.674187366106652419e-02,-3.790847636465912163e-01
4.097999999999999865e+00,3.413855123751963205e-02,6.831567089804480020e-09,1.173320670374085328e-01,4.674187366106652419e-02,-3.792698636288405201e-01
4.100000000000000533e+00,3.417234524259515904e-02,1.198670185331707216e-08,1.190859678413247469e-01,4.674187366106652419e-02,-3.794549636110898239e-01
4.102000000000000313e+00,3.420735253911000306e-02,2.408710930712487652e-08,1.208211168648914979e-01,4.674187366106652419e-02,-3.796400635933391832e-01
4.104000000000000092e+00,3.424359469864179939e-02,3.216049693222089445e-08,1.225373026335736804e-01,4.674187366106652419e-02,-3.798251635755884870e-01
4.105999999999999872e+00,3.428109829368941597e-02,2.987908342966250075e-08,1.242337960496568416e-01,4.674187366106652419e-02,-3.800102635578377352e-01
4.107999999999999652e+00,3.431989633586662869e-02,1.971775442921597232e-08,1.259104126110597854e-01,4.674187366106652419e-02,-3.801953635400870390e-01
4.110000000000000320e+00,3.436002657230186053e-02,1.058718246405021546e-08,1.275670285888337863e-01,4.674187366106652419e-02,-3.803804635223363984e-01
4.112000000000000099e+00,3.440152787442074533e-02,1.130477600419510509e-08,1.292035084520579968e-01,4.674187366106652419e-02,-3.805655635045857021e-01
4.113999999999999879e+00,3.444443240076378032e-02,2.248680697203297996e-08,1.308191902240480597e-01,4.674187366106652419e-02,-3.807506634868350059e-01
4.116000000000000547e+00,3.448876111110077414e-02,3.411930127317219785e-08,1.324138977329683553e-01,4.674187366106652419e-02,-3.809357634690843653e-01
4.118000000000000327e+00,3.453453221404967355e-02,3.461050124275999451e-08,1.339875529461519998e-01,4.674187366106652419e-02,-3.811208634513336690e-01
4.119999999999999218e+00,3.458177528474459805e-02,2.363829343376977477e-08,1.355399936345734191e-01,4.674187366106652419e-02,-3.813059634335829173e-01
4.121999999999999886e+00,3.463053172968810767e-02,1.292432272315124919e-08,1.370705064843446563e-01,4.674187366106652419e-02,-3.814910634158322211e-01
4.123999999999999666e+00,3.468084045372177293e-02,1.325417686715013588e-08,1.385788268768032017e-01,4.674187366106652419e-02,-3.816761633980815249e-01
4.126000000000000334e+00,3.473272780144820437e-02,2.358777073663276269e-08,1.400650151398869225e-01,4.674187366106652419e-02,-3.818612633803308842e-01
4.128000000000000114e+00,3.478621296607697921e-02,3.409934057341246216e-08,1.415290317272076548e-01,4.674187366106652419e-02,-3.820463633625801880e-01
4.129999999999999893e+00,3.484131765651443668e-02,3.634244161165867126e-08,1.429702335442872563e-01,4.674187366106652419e-02,-3.822314633448294918e-01
4.132000000000000561e+00,3.489806897333536106e-02,2.924404229887045403e-08,1.443881709447251693e-01,4.674187366106652419e-02,-3.824165633270788511e-01
4.134000000000000341e+00,3.495649833304914633e-02,1.886664946493255002e-08,1.457828750206599799e-01,4.674187366106652419e-02,-3.826016633093281549e-01
4.136000000000000121e+00,3.501664037214147207e-02,1.465137144940342750e-08,1.471543113754432142e-01,4.674187366106652419e-02,-3.827867632915774587e-01
4.137999999999999901e+00,3.507852704973357660e-02,2.189363346172257252e-08,1.485019972522515774e-01,4.674187366106652419e-02,-3.829718632738267070e-01
4.139999999999999680e+00,3.514217939257979761e-02,3.499353040670172277e-08,1.498254605273271201e-01,4.674187366106652419e-02,-3.831569632560760663e-01
4.141999999999999460e+00,3.520760990005089575e-02,4.111319129584956045e-08,1.511248248753048751e-01,4.674187366106652419e-02,-3.833420632383253701e-01
4.144000000000000128e+00,3.527483709544698698e-02,3.404880832835743831e-08,1.524000108030818812e-01,4.674187366106652419e-02,-3.835271632205746739e-01
4.145999999999999908e+00,3.534389338144794390e-02,2.178254965290449263e-08,1.536505375028794640e-01,4.674187366106652419e-02,-3.837122632028240332e-01
4.148000000000000576e+00,3.541481444126459710e-02,1.732020205036377547e-08,1.548757625164813578e-01,4.674187366106652419e-02,-3.838973631850733370e-01
4.150000000000000355e+00,3.548762508121316994e-02,2.441771529415603936e-08,1.560759120529849331e-01,4.674187366106652419e-02,-3.840824631673226408e-01
4.151999999999999247e+00,3.556233971608524502e-02,3.566053863313101147e-08,1.572510431921660679e-01,4.674187366106652419e-02,-3.842675631495718891e-01
4.153999999999999915e+00,3.563897245160618787e-02,4.165562583757775883e-08,1.584008561363659806e-01,4.674187366106652419e-02,-3.844526631318212484e-01
4.155999999999999694e+00,3.571754174088936917e-02,3.852625674038989700e-08,1.595245463366482819e-01,4.674187366106652419e-02,-3.846377631140705522e-01
4.157999999999999474e+00,3.579806940391694337e-02,2.907854712574931000e-08,1.606222353150245641e-01,4.674187366106652419e-02,-3.848228630963198560e-01
4.160000000000000142e+00,3.588058076494771154e-02,2.132090581863366197e-08,1.616939384757691556e-01,4.674187366106652419e-02,-3.850079630785692153e-01
4.161999999999999922e+00,3.596510223748927704e-02,2.348621641612425037e-08,1.627395214650303179e-01,4.674187366106652419e-02,-3.851930630608185191e-01
4.164000000000000590e+00,3.605165226789175392e-02,3.538758985843770688e-08,1.637582205128933210e-01,4.674187366106652419e-02,-3.853781630430678229e-01
4.166000000000000369e+00,3.614023724743498089e-02,4.589397006871109852e-08,1.647502195610437148e-01,4.674187366106652419e-02,-3.855632630253171267e-01
4.168000000000000149e+00,3.623086283005327868e-02,4.415511756228340801e-08,1.657155462819197844e-01,4.674187366106652419e-02,-3.857483630075664860e-01
4.169999999999999929e+00,3.632354744165999794e-02,3.262641223855666794e-08,1.666540543845205224e-01,4.674187366106652419e-02,-3.859334629898157343e-01
4.171999999999999709e+00,3.641831822108976269e-02,2.421721390089004444e-08,1.675648415973949590e-01,4.674187366106652419e-02,-3.861185629720650381e-01
4.173999999999999488e+00,3.651519524542934381e-02,2.714544700133103561e-08,1.684480473211793505e-01,4.674187366106652419e-02,-3.863036629543143419e-01
4.176000000000000156e+00,3.661418616459288788e-02,3.747564292222449467e-08,1.693038834001244219e-01,4.674187366106652419e-02,-3.864887629365637012e-01
4.177999999999999936e+00,3.671529506236137497e-02,4.597004898965195707e-08,1.701324067553853792e-01,4.674187366106652419e-02,-3.866738629188130050e-01
4.180000000000000604e+00,3.681852941297580895e-02,4.683773446867434131e-08,1.709327168154905763e-01,4.674187366106652419e-02,-3.868589629010623088e-01
4.182000000000000384e+00,3.692389924693639802e-02,4.000747577670438204e-08,1.717047241427336057e-01,4.674187366106652419e-02,-3.870440628833116681e-01
4.183999999999999275e+00,3.703141699227574524e-02,3.076617360875388840e-08,1.724485949266752471e-01,4.674187366106652419e-02,-3.872291628655609164e-01
4.185999999999999943e+00,3.714109841981227955e-02,2.796739906330003578e-08,1.731644490526814684e-01,4.674187366106652419e-02,-3.874142628478102202e-01
4.187999999999999723e+00,3.725295581303200709e-02,3.636944800877728312e-08,1.738515618094356729e-01,4.674187366106652419e-02,-3.875993628300595240e-01
4.189999999999999503e+00,3.736698911334479511e-02,4.905782458042295957e-08,1.745098310569637157e-01,4.674187366106652419e-02,-3.877844628123088833e-01
4.192000000000000171e+00,3.748319096053542854e-02,5.298348182414258645e-08,1.751395334078077459e-01,4.674187366106652419e-02,-3.879695627945581871e-01
4.193999999999999950e+00,3.760156264785585734e-02,4.441179779490767032e-08,1.757407266523526301e-01,4.674187366106652419e-02,-3.881546627768074909e-01
4.196000000000000618e+00,3.772211786614232398e-02,3.361879652441501776e-08,1.763126484032259134e-01,4.674187366106652419e-02,-3.883397627590568502e-01
4.198000000000000398e+00,3.784486866438052655e-02,3.210080756765876231e-08,1.768549848813533720e-01,4.674187366106652419e-02,-3.885248627413061540e-01
4.200000000000000178e+00,3.796981450836822702e-02,4.014702104093714752e-08,1.773682035588841077e-01,4.674187366106652419e-02,-3.887099627235554578e-01
4.201999999999999957e+00,3.809694784886041852e-02,4.970837519380211234e-08,1.778525455722643200e-01,4.674187366106652419e-02,-3.888950627058047060e-01
4.203999999999999737e+00,3.822626328370648530e-02,5.389000523603471038e-08,1.783074477041358685e-01,4.674187366106652419e-02,-3.890801626880540098e-01
4.205999999999999517e+00,3.835775782634942566e-02,5.054468665832700935e-08,1.787323196351756072e-01,4.674187366106652419e-02,-3.892652626703033691e-01
4.208000000000000185e+00,3.849142927534798808e-02,4.196295932956672914e-08,1.791275445000228284e-01,4.674187366106652419e-02,-3.894503626525526729e-01
4.209999999999999964e+00,3.862727890997352809e-02,3.546380999974729775e-08,1.794933147204908486e-01,4.674187366106652419e-02,-3.896354626348019767e-01
4.212000000000000632e+00,3.876530899896590832e-02,3.900393574784999373e-08,1.798293166307699531e-01,4.674187366106652419e-02,-3.898205626170513360e-01
4.214000000000000412e+00,3.890551224021421284e-02,5.122463253570685993e-08,1.801349479493411510e-01,4.674187366106652419e-02,-3.900056625993006398e-01
4.215999999999999304e+00,3.904786956003547527e-02,5.994222318506103875e-08,1.804107283500168135e-01,4.674187366106652419e-02,-3.901907625815498881e-01
4.217999999999999972e+00,3.919236419446059383e-02,5.599849706161563745e-08,1.806568080350656191e-01,4.674187366106652419e-02,-3.903758625637991919e-01
4.219999999999999751e+00,3.933899271700436184e-02,4.486042504137088827e-08,1.808728818021152485e-01,4.674187366106652419e-02,-3.905609625460485512e-01
4.221999999999999531e+00,3.948775603680287904e-02,3.932994141475631977e-08,1.810580931977596730e-01,4.674187366106652419e-02,-3.907460625282978550e-01
4.224000000000000199e+00,3.963864457248222894e-02,4.413291576632616398e-08,1.812130218872313736e-01,4.674187366106652419e-02,-3.909311625105471588e-01
4.225999999999999979e+00,3.979163867238677543e-02,5.340062769754183591e-08,1.813380239253192805e-01,4.674187366106652419e-02,-3.911162624927965181e-01
4.228000000000000647e+00,3.994671892684709125e-02,5.979905681741115586e-08,1.814330844824029731e-01,4.674187366106652419e-02,-3.913013624750458219e-01
4.230000000000000426e+00,4.010386880996807957e-02,5.992518059549922782e-08,1.814972078162161440e-01,4.674187366106652419e-02,-3.914864624572951257e-01
4.232000000000000206e+00,4.026307150679808711e-02,5.367210653695053679e-08,1.815307610307262953e-01,4.674187366106652419e-02,-3.916715624395444850e-01
4.233999999999999986e+00,4.042431203530139072e-02,4.547617382666402364e-08,1.815340187654725934e-01,4.674187366106652419e-02,-3.918566624217937333e-01
4.235999999999999766e+00,4.058757932952161696e-02,4.404330167240289029e-08,1.815071335193168545e-01,4.674187366106652419e-02,-3.920417624040430371e-01
4.237999999999999545e+00,4.075285761248559346e-02,5.336194885963152501e-08,1.814492297312268465e-01,4.674187366106652419e-02,-3.922268623862923409e-01
4.240000000000000213e+00,4.092011805765283228e-02,6.495121385174940087e-08,1.813607250830054363e-01,4.674187366106652419e-02,-3.924119623685417002e-01
4.241999999999999993e+00,4.108932735733050734e-02,6.635859817194500465e-08,1.812419724488063544e-01,4.674187366106652419e-02,-3.925970623507910040e-01
4.243999999999999773e+00,4.126046321282106355e-02,5.701610372721432896e-08,1.810930839513630874e-01,4.674187366106652419e-02,-3.927821623330403078e-01
4.246000000000000441e+00,4.143351285000207440e-02,4.858130153717610256e-08,1.809130397956619229e-01,4.674187366106652419e-02,-3.929672623152896116e-01
4.247999999999999332e+00,4.160845727451023546e-02,4.968074862610194486e-08,1.807020831554993490e-01,4.674187366106652419e-02,-3.931523622975388599e-01
4.250000000000000000e+00,4.178526553167227764e-02,5.753109733053207719e-08,1.804608152963817491e-01,4.674187366106652419e-02,-3.933374622797882192e-01
4.251999999999999780e+00,4.196390417591344679e-02,6.495091142699749298e-08,1.801896110014543639e-01,4.674187366106652419e-02,-3.935225622620375230e-01
4.253999999999999559e+00,4.214434327249405587e-02,6.784129991110887659e-08,1.798875770095358928e-01,4.674187366106652419e-02,-3.937076622442868268e-01
4.256000000000000227e+00,4.232655268911011959e-02,6.474468039474601255e-08,1.795546153657051058e-01,4.674187366106652419e-02,-3.938927622265361861e-01
4.258000000000000007e+00,4.251050178614967923e-02,5.700131822106158097e-08,1.791912474737790140e-01,4.674187366106652419e-02,-3.940778622087854899e-01
4.259999999999999787e+00,4.269616432410994200e-02,5.169628525258929130e-08,1.787978442343787777e-01,4.674187366106652419e-02,-3.942629621910347937e-01
4.262000000000000455e+00,4.288351464370632193e-02,5.650907730636589577e-08,1.783737852975455507e-01,4.674187366106652419e-02,-3.944480621732841530e-01
4.264000000000000234e+00,4.307251618761753775e-02,6.845118771803271329e-08,1.779189384470601376e-01,4.674187366106652419e-02,-3.946331621555334568e-01
4.266000000000000014e+00,4.326312254121544854e-02,7.478020547235786353e-08,1.774340106917711712e-01,4.674187366106652419e-02,-3.948182621377827051e-01
4.267999999999999794e+00,4.345529324214558731e-02,6.903252425249917223e-08,1.769192942056947437e-01,4.674187366106652419e-02,-3.950033621200320089e-01
4.269999999999999574e+00,4.364900035253427291e-02,5.932179059087161477e-08,1.763741541135392943e-01,4.674187366106652419e-02,-3.951884621022813682e-01
4.272000000000000242e+00,4.384421546933725544e-02,5.680479342462518844e-08,1.757981196725876272e-01,4.674187366106652419e-02,-3.953735620845306720e-01
4.274000000000000021e+00,4.404089830861612764e-02,6.243107619763321736e-08,1.751920803211652888e-01,4.674187366106652419e-02,-3.955586620667799758e-01
4.275999999999999801e+00,4.423900278159864641e-02,6.982153355483688983e-08,1.745565585800271657e-01,4.674187366106652419e-02,-3.957437620490293351e-01
4.278000000000000469e+00,4.443848630603719485e-02,7.441309968214682158e-08,1.738912531904527325e-01,4.674187366106652419e-02,-3.959288620312786389e-01
4.279999999999999361e+00,4.463930759662448899e-02,7.437988314151766644e-08,1.731953939783078544e-01,4.674187366106652419e-02,-3.961139620135278872e-01
4.282000000000000028e+00,4.484142296403481609e-02,6.878829472700687120e-08,1.724697103990384672e-01,4.674187366106652419e-02,-3.962990619957771909e-01
4.283999999999999808e+00,4.504479139304617963e-02,6.154634857313823204e-08,1.717146127920540222e-01,4.674187366106652419e-02,-3.964841619780264947e-01
4.285999999999999588e+00,4.524937633429526596e-02,6.146738840140386628e-08,1.709300759136069825e-01,4.674187366106652419e-02,-3.966692619602758541e-01
4.288000000000000256e+00,4.545513517034072137e-02,7.127576984178318753e-08,1.701153540505569994e-01,4.674187366106652419e-02,-3.968543619425251578e-01
4.290000000000000036e+00,4.566201292263594169e-02,8.101264492577087140e-08,1.692713294793787293e-01,4.674187366106652419e-02,-3.970394619247744616e-01
4.291999999999999815e+00,4.586995416631090006e-02,7.990636330390543662e-08,1.683984197174295261e-01,4.674187366106652419e-02,-3.972245619070238210e-01
4.294000000000000483e+00,4.607891595550017705e-02,7.079018160549566119e-08,1.674965995283304032e-01,4.674187366106652419e-02,-3.974096618892731247e-01
4.296000000000000263e+00,4.628886083097250026e-02,6.529318241632608988e-08,1.665648255402379929e-01,4.674187366106652419e-02,-3.975947618715224285e-01
4.298000000000000043e+00,4.649974191867478623e-02,6.823100906494516948e-08,1.656039252365011372e-01,4.674187366106652419e-02,-3.977798618537716768e-01
4.299999999999999822e+00,4.671150342207619488e-02,7.481096886419180692e-08,1.646145794160812637e-01,4.674187366106652419e-02,-3.979649618360210361e-01
4.301999999999999602e+00,4.692409178862777530e-02,8.004306462083832230e-08,1.635971265657052420e-01,4.692409178862777530e-02,-3.981500618182703399e-01
4.304000000000000270e+00,4.713745701919980213e-02,8.226066816607868759e-08,1.625504850935716172e-01,4.713745701919980213e-02,-3.983351618005196437e-01
4.306000000000000050e+00,4.735154645563799392e-02,7.965238113527561836e-08,1.614751579357975864e-01,4.735154645563799392e-02,-3.985202617827690030e-01
4.307999999999999829e+00,4.756630701667252659e-02,7.264601098455614192e-08,1.603717134405500122e-01,4.756630701667252659e-02,-3.987053617650183068e-01
4.310000000000000497e+00,4.778169147699817820e-02,6.854818523915895412e-08,1.592405914884051921e-01,4.778169147699817820e-02,-3.988904617472676106e-01
4.311999999999999389e+00,4.799765235531738838e-02,7.440715865669744744e-08,1.580809182528106760e-01,4.799765235531738838e-02,-3.990755617295168589e-01
4.314000000000000057e+00,4.821413084602110821e-02,8.530796669070639382e-08,1.568932119571021522e-01,4.821413084602110821e-02,-3.992606617117662182e-01
4.315999999999999837e+00,4.843106179978995396e-02,8.887174773875017308e-08,1.556782126982385606e-01,4.843106179978995396e-02,-3.994457616940155220e-01
4.317999999999999616e+00,4.864838938533655455e-02,8.209352742039044415e-08,1.544362926905283873e-01,4.864838938533655455e-02,-3.996308616762648258e-01
4.320000000000000284e+00,4.886606800778769966e-02,7.473140517522125492e-08,1.531664604700201382e-01,4.886606800778769966e-02,-3.998159616585141851e-01
4.322000000000000064e+00,4.908404718071468498e-02,7.486599507000590847e-08,1.518689017462718782e-01,4.908404718071468498e-02,-4.000010616407634889e-01
4.323999999999999844e+00,4.930226566380735420e-02,8.013587660116172628e-08,1.505446254674720485e-01,4.930226566380735420e-02,-4.001861616230127927e-01
4.326000000000000512e+00,4.952066173684477324e-02,8.521402738992378545e-08,1.491942943255214482e-01,4.952066173684477324e-02,-4.003712616052620965e-01
4.328000000000000291e+00,4.973917926838411496e-02,8.853500554906190700e-08,1.478171966244371527e-01,4.973917926838411496e-02,-4.005563615875114558e-01
4.330000000000000071e+00,4.995776117394346016e-02,8.875493917592791604e-08,1.464131120593655799e-01,4.995776117394346016e-02,-4.007414615697607041e-01
4.331999999999999851e+00,5.017634710628371408e-02,8.375971405349957877e-08,1.449829284091687098e-01,5.017634710628371408e-02,-4.009265615520100079e-01
4.333999999999999631e+00,5.039488108356671159e-02,7.745552976778924403e-08,1.435272126645559254e-01,5.039488108356671159e-02,-4.011116615342593117e-01
4.336000000000000298e+00,5.061331180517203432e-02,7.867789575399797286e-08,1.420455793128138078e-01,5.061331180517203432e-02,-4.012967615165086710e-01
4.338000000000000078e+00,5.083158079631677762e-02,8.833605846803038730e-08,1.405377626341876018e-01,5.083158079631677762e-02,-4.014818614987579748e-01
4.339999999999999858e+00,5.104961952596431818e-02,9.555073388067825135e-08,1.390048916387189859e-01,5.104961952596431818e-02,-4.016669614810072786e-01
4.342000000000000526e+00,5.126736347873117605e-02,9.234222042575623846e-08,1.374474748826821635e-01,5.126736347873117605e-02,-4.018520614632566379e-01
4.343999999999999417e+00,5.148476057142714613e-02,8.454156907866661186e-08,1.358651328973071726e-01,5.148476057142714613e-02,-4.020371614455058862e-01
4.346000000000000085e+00,5.170175964400158808e-02,8.211342328312554173e-08,1.342571671692930346e-01,5.170175964400158808e-02,-4.022222614277551900e-01
4.347999999999999865e+00,5.191829892597454865e-02,8.579729582347539463e-08,1.326248085296185542e-01,5.191829892597454865e-02,-4.024073614100044938e-01
4.349999999999999645e+00,5.213431263487589007e-02,9.029953895733910940e-08,1.309688286763661669e-01,5.213431263487589007e-02,-4.025924613922538531e-01
4.352000000000000313e+00,5.234974121428070948e-02,9.366374542629785083e-08,1.292892845961950421e-01,5.234974121428070948e-02,-4.027775613745031569e-01
4.354000000000000092e+00,5.256452745095707701e-02,9.576662785004685929e-08,1.275852360449635237e-01,5.256452745095707701e-02,-4.029626613567524607e-01
4.355999999999999872e+00,5.277860961261282569e-02,9.368221709493695926e-08,1.258576657055017201e-01,5.277860961261282569e-02,-4.031477613390018200e-01
4.358000000000000540e+00,5.299192690440124309e-02,8.734354561834578590e-08,1.241071831672663217e-01,5.299192690440124309e-02,-4.033328613212511238e-01
4.360000000000000320e+00,5.320442559840588004e-02,8.450576771679152444e-08,1.223340758033975018e-01,5.320442559840588004e-02,-4.035179613035004276e-01
4.362000000000000099e+00,5.341605065705323785e-02,9.098228781478923111e-08,1.205374838160391260e-01,5.341605065705323785e-02,-4.037030612857496759e-01
4.363999999999999879e+00,5.362673655553040764e-02,1.000211208301848842e-07,1.187185196289692879e-01,5.362673655553040764e-02,-4.038881612679989797e-01
4.365999999999999659e+00,5.383641591103160984e-02,1.008048128303684621e-07,1.168778891452929569e-01,5.383641591103160984e-02,-4.040732612502483390e-01
4.368000000000000327e+00,5.404503288163575725e-02,9.404393441769798301e-08,1.150158608831246543e-01,5.404503288163575725e-02,-4.042583612324976428e-01
4.370000000000000107e+00,5.425253819267128463e-02,8.963785780302657713e-08,1.131312848919898695e-01,5.425253819267128463e-02,-4.044434612147469466e-01
4.371999999999999886e+00,5.445887450558384302e-02,9.161522618317263777e-08,1.112250539637832381e-01,5.445887450558384302e-02,-4.046285611969963059e-01
4.374000000000000554e+00,5.466397705245173988e-02,9.544327206345570858e-08,1.092981677780451299e-01,5.466397705245173988e-02,-4.048136611792456097e-01
4.375999999999999446e+00,5.486778596271002506e-02,9.819545332412360494e-08,1.073512837653927132e-01,5.486778596271002506e-02,-4.049987611614948579e-01
4.378000000000000114e+00,5.507024740926536044e-02,1.008687066095248497e-07,1.053833670193503602e-01,5.507024740926536044e-02,-4.051838611437441617e-01
4.379999999999999893e+00,5.527130418945669366e-02,1.015388521041771241e-07,1.033948969973061960e-01,5.527130418945669366e-02,-4.053689611259935210e-01
4.381999999999999673e+00,5.547089620370704299e-02,9.703460357446402895e-08,1.013867411664737261e-01,5.547089620370704299e-02,-4.055540611082428248e-01
4.384000000000000341e+00,5.566896965252066121e-02,9.174331794259416029e-08,9.935954833550952880e-02,5.566896965252066121e-02,-4.057391610904921286e-01
4.386000000000000121e+00,5.586547497131555406e-02,9.407479351075664908e-08,9.731256000015908736e-02,5.586547497131555406e-02,-4.059242610727414879e-01
4.387999999999999901e+00,5.606035501578976454e-02,1.027739489067869272e-07,9.524622319174103069e-02,5.606035501578976454e-02,-4.061093610549907917e-01
4.390000000000000568e+00,5.625354617803546287e-02,1.070477007036885198e-07,9.316166782640966648e-02,5.625354617803546287e-02,-4.062944610372400955e-01
4.392000000000000348e+00,5.644499273173297915e-02,1.025443323587893474e-07,9.105946761755068231e-02,5.644499273173297915e-02,-4.064795610194894548e-01
4.394000000000000128e+00,5.663464950937380227e-02,9.703026127017011504e-08,8.893879268692195250e-02,5.663464950937380227e-02,-4.066646610017387031e-01
4.395999999999999908e+00,5.682246785579059267e-02,9.730325267742756523e-08,8.679961349791165404e-02,5.682246785579059267e-02,-4.068497609839880069e-01
4.397999999999999687e+00,5.700838956895259990e-02,1.005326958347652067e-07,8.464328873494431082e-02,5.700838956895259990e-02,-4.070348609662373107e-01
4.400000000000000355e+00,5.719235811141298864e-02,1.025451592528980882e-07,8.247068361170362127e-02,5.719235811141298864e-02,-4.072199609484866700e-01
4.402000000000000135e+00,5.737432567353462076e-02,1.046024861173222575e-07,8.028138676556284548e-02,5.737432567353462076e-02,-4.074050609307359738e-01
4.403999999999999915e+00,5.755424451831281374e-02,1.069794193231388135e-07,7.807496739496544436e-02,5.755424451831281374e-02,-4.075901609129852776e-01
4.406000000000000583e+00,5.773206142464792912e-02,1.053331663003476137e-07,7.585261375695051544e-02,5.773206142464792912e-02,-4.077752608952345814e-01
4.407999999999999474e+00,5.790772608007599409e-02,9.969216141492154293e-08,7.361501089359800964e-02,5.790772608007599409e-02,-4.079603608774838297e-01
4.409999999999999254e+00,5.808119579931347864e-02,9.811924805980254405e-08,7.136206350577578572e-02,5.808119579931347864e-02,-4.081454608597331890e-01
4.411999999999999922e+00,5.825242546165521063e-02,1.045597420867849792e-07,6.909330236484645393e-02,5.825242546165521063e-02,-4.083305608419824928e-01
4.413999999999999702e+00,5.842136156998034568e-02,1.110176266472251427e-07,6.681016940882711364e-02,5.842136156998034568e-02,-4.085156608242317966e-01
4.416000000000000369e+00,5.858795333002753125e-02,1.094421385738897357e-07,6.451335339723762718e-02,5.858795333002753125e-02,-4.087007608064811559e-01
4.418000000000000149e+00,5.875216179601749911e-02,1.038442154488450342e-07,6.220277530957174505e-02,5.875216179601749911e-02,-4.088858607887304597e-01
4.419999999999999929e+00,5.891395001066868087e-02,1.025476210614328920e-07,5.987749780111306652e-02,5.891395001066868087e-02,-4.090709607709797635e-01
4.422000000000000597e+00,5.907327154276398318e-02,1.052585917316051223e-07,5.753892137405647311e-02,5.907327154276398318e-02,-4.092560607532291228e-01
4.424000000000000377e+00,5.923007736755236952e-02,1.068466224385389296e-07,5.518801336851242301e-02,5.923007736755236952e-02,-4.094411607354784266e-01
4.425999999999999268e+00,5.938432764468815073e-02,1.076253159926210401e-07,5.282517782793927363e-02,5.938432764468815073e-02,-4.096262607177276749e-01
4.427999999999999936e+00,5.953598735811671538e-02,1.102084300486083634e-07,5.044936278489720038e-02,5.953598735811671538e-02,-4.098113606999769787e-01
4.429999999999999716e+00,5.968501589077679359e-02,1.113412158026960697e-07,4.806163613323100048e-02,5.968501589077679359e-02,-4.099964606822263380e-01
4.432000000000000384e+00,5.983137097158952589e-02,1.072840711824341042e-07,4.566278001798529385e-02,5.983137097158952589e-02,-4.101815606644756418e-01
4.434000000000000163e+00,5.997501809389571559e-02,1.031231249282171802e-07,4.325332404882498150e-02,5.997501809389571559e-02,-4.103666606467249456e-01
4.435999999999999943e+00,6.011592594863024441e-02,1.061550046754788923e-07,4.083235698910814282e-02,6.011592594863024441e-02,-4.105517606289743049e-01
4.438000000000000611e+00,6.025405604466183007e-02,1.130354171374747807e-07,3.840101755207603329e-02,6.025405604466183007e-02,-4.107368606112236087e-01
4.439999999999999503e+00,6.038936769148350869e-02,1.143401023862011812e-07,3.596028987713839609e-02,6.038936769148350869e-02,-4.109219605934728570e-01
4.441999999999999282e+00,6.052183035637848096e-02,1.096378020593036240e-07,3.351066712328165664e-02,6.052183035637848096e-02,-4.111070605757221608e-01
4.443999999999999950e+00,6.065142044791960174e-02,1.070632040800489904e-07,3.105100112245673394e-02,6.065142044791960174e-02,-4.112921605579714646e-01
4.445999999999999730e+00,6.077810732062438603e-02,1.092281648462645194e-07,2.858203575809292740e-02,6.077810732062438603e-02,-4.114772605402208239e-01
4.448000000000000398e+00,6.090185377101497988e-02,1.109168892288181496e-07,2.610503773720862508e-02,6.090185377101497988e-02,-4.116623605224701277e-01
4.450000000000000178e+00,6.102262963216975589e-02,1.104555230613257777e-07,2.362086884232705852e-02,6.102262963216975589e-02,-4.118474605047194315e-01
4.451999999999999957e+00,6.114041391569480233e-02,1.118475425609943841e-07,2.112866042778993592e-02,6.114041391569480233e-02,-4.120325604869687908e-01
4.454000000000000625e+00,6.125518281400810228e-02,1.146820944875059922e-07,1.862870305647168490e-02,6.125518281400810228e-02,-4.122176604692180946e-01
4.456000000000000405e+00,6.136690691387525209e-02,1.133771011518902583e-07,1.612211872590285644e-02,6.136690691387525209e-02,-4.124027604514673984e-01
4.457999999999999297e+00,6.147556160357159349e-02,1.085673838607803532e-07,1.360964210405679609e-02,6.147556160357159349e-02,-4.125878604337166466e-01
4.459999999999999964e+00,6.158112951169047999e-02,1.081126523860831412e-07,1.109070722880434179e-02,6.158112951169047999e-02,-4.127729604159660060e-01
4.461999999999999744e+00,6.168358997110490183e-02,1.136918755806348713e-07,8.565528032122071700e-03,6.168358997110490183e-02,-4.129580603982153097e-01
4.464000000000000412e+00,6.178291690741144482e-02,1.171242204334177472e-07,6.035545921035279093e-03,6.178291690741144482e-02,-4.131431603804646135e-01
4.466000000000000192e+00,6.187909060763430169e-02,1.140269995092424438e-07,3.501445422981475097e-03,6.187909060763430169e-02,-4.133282603627139729e-01
4.467999999999999972e+00,6.197210128082464298e-02,1.106195623989947308e-07,9.626389005877866722e-04,6.197210128082464298e-02,-4.135133603449632766e-01
4.470000000000000639e+00,6.206193633328116466e-02,1.120870090076664383e-07,1.581227346471147932e-03,6.206193633328116466e-02,-4.136984603272125804e-01
4.471999999999999531e+00,6.214857414249896905e-02,1.143302345019137078e-07,4.128585240111837251e-03,6.214857414249896905e-02,-4.138835603094618287e-01
4.473999999999999311e+00,6.223199589937666865e-02,1.132871033648896741e-07,6.678476849484416000e-03,6.223199589937666865e-02,-4.140686602917111880e-01
4.475999999999999979e+00,6.231219436813917323e-02,1.126817726904150163e-07,9.230983677421145117e-03,6.231219436813917323e-02,-4.142537602739604918e-01
4.477999999999999758e+00,6.238916440537400909e-02,1.155655924289789027e-07,1.178678193974924682e-02,6.238916440537400909e-02,-4.144388602562097956e-01
4.480000000000000426e+00,6.246289358474099718e-02,1.170765525637662563e-07,1.434452756428361564e-02,6.246289358474099718e-02,-4.146239602384590994e-01
4.482000000000000206e+00,6.253336935654352224e-02,1.135416060060734367e-07,1.690349443777450222e-02,6.253336935654352224e-02,-4.148090602207084587e-01
4.483999999999999986e+00,6.260058749262487066e-02,1.105741480600386240e-07,1.946352161813236226e-02,6.260058749262487066e-02,-4.149941602029577625e-01
4.486000000000000654e+00,6.266454548769129218e-02,1.136634143472647906e-07,2.202529846097989186e-02,6.266454548769129218e-02,-4.151792601852070663e-01
4.488000000000000433e+00,6.272523495164061824e-02,1.179817895602397471e-07,2.458726658178223001e-02,6.272523495164061824e-02,-4.153643601674564256e-01
4.489999999999999325e+00,6.278264925134413588e-02,1.167485198516615696e-07,2.714860357531989621e-02,6.278264925134413588e-02,-4.155494601497056739e-01
4.491999999999999993e+00,6.283679204998193768e-02,1.130466235066407421e-07,2.970913272147857054e-02,6.283679204998193768e-02,-4.157345601319549777e-01
4.493999999999999773e+00,6.288766903793097107e-02,1.136078028318721067e-07,3.226997952295518335e-02,6.288766903793097107e-02,-4.159196601142042815e-01
4.496000000000000441e+00,6.293527668396425856e-02,1.165655679757904295e-07,3.482980280207403911e-02,6.293527668396425856e-02,-4.161047600964536408e-01
4.498000000000000220e+00,6.297960917085765331e-02,1.159286555640903771e-07,3.738750929989842486e-02,6.297960917085765331e-02,-4.162898600787029446e-01
4.500000000000000000e+00,6.302067176508829860e-02,1.133744783610168838e-07,3.994245543089935957e-02,6.302067176508829860e-02,-4.164749600609522484e-01
4.502000000000000668e+00,6.305847726655311458e-02,1.146751278380264694e-07,4.249571632877735539e-02,6.305847726655311458e-02,-4.166600600432016077e-01
4.503999999999999559e+00,6.309303263508725390e-02,1.179836964793068432e-07,4.504634307008459349e-02,6.309303263508725390e-02,-4.168451600254508560e-01
4.505999999999999339e+00,6.312433969980846271e-02,1.170077977841188499e-07,4.759342338091709923e-02,6.312433969980846271e-02,-4.170302600077001598e-01
4.508000000000000007e+00,6.315240633285412741e-02,1.132058474739849885e-07,5.013632127626277413e-02,6.315240633285412741e-02,-4.172153599899494636e-01
4.509999999999999787e+00,6.317724635859967020e-02,1.134942936298344307e-07,5.267592574832824504e-02,6.317724635859967020e-02,-4.174004599721988229e-01
4.511999999999999567e+00,6.319886995148693565e-02,1.173416138700034139e-07,5.521129527440638007e-02,6.319886995148693565e-02,-4.175855599544481267e-01
4.514000000000000234e+00,6.321728522925018634e-02,1.177164222765370027e-07,5.774122504928280719e-02,6.321728522925018634e-02,-4.177706599366974305e-01
4.516000000000000014e+00,6.323250850789430277e-02,1.142342614945945911e-07,6.026511851228233407e-02,6.323250850789430277e-02,-4.179557599189467898e-01
4.518000000000000682e+00,6.324456213940743421e-02,1.137246207205677706e-07,6.278402020768558689e-02,6.324456213940743421e-02,-4.181408599011960936e-01
4.520000000000000462e+00,6.325346139413590141e-02,1.171741940142467797e-07,6.529752402482880136e-02,6.325346139413590141e-02,-4.183259598834453974e-01
4.521999999999999353e+00,6.325921468688355809e-02,1.178758372022414846e-07,6.780420255864261225e-02,6.325921468688355809e-02,-4.185110598656946457e-01
4.524000000000000021e+00,6.326183817885100424e-02,1.142406124143846569e-07,7.030314325698594491e-02,6.326183817885100424e-02,-4.186961598479439495e-01
4.525999999999999801e+00,6.326135973397717382e-02,1.129166412594528879e-07,7.279497892029973549e-02,6.326183817885100424e-02,-4.188812598301933088e-01
4.527999999999999581e+00,6.325780562038052501e-02,1.162969247570089237e-07,7.527973256301168092e-02,6.326183817885100424e-02,-4.190663598124426126e-01
4.530000000000000249e+00,6.325119377373678020e-02,1.181131740191077029e-07,7.775613249469837118e-02,6.326183817885100424e-02,-4.192514597946919164e-01
4.532000000000000028e+00,6.324154337589360519e-02,1.152863478015575538e-07,8.022348529891765168e-02,6.326183817885100424e-02,-4.194365597769412757e-01
4.534000000000000696e+00,6.322888135633975004e-02,1.134130388491527697e-07,8.268214843034926709e-02,6.326183817885100424e-02,-4.196216597591905795e-01
4.535999999999999588e+00,6.321323486870833452e-02,1.157425366660191912e-07,8.513224764856142102e-02,6.326183817885100424e-02,-4.198067597414398278e-01
4.537999999999999368e+00,6.319462721564728103e-02,1.170470568245818299e-07,8.757218962291235531e-02,6.326183817885100424e-02,-4.199918597236891316e-01
4.540000000000000036e+00,6.317308633764651127e-02,1.141377733437920483e-07,9.000127321957063220e-02,6.326183817885100424e-02,-4.201769597059384909e-01
4.541999999999999815e+00,6.314864826244948048e-02,1.125176277705364214e-07,9.241983779366902407e-02,6.326183817885100424e-02,-4.203620596881877947e-01
4.543999999999999595e+00,6.312134570964678115e-02,1.159129519034962641e-07,9.482859082088956892e-02,6.326183817885100424e-02,-4.205471596704370985e-01
4.546000000000000263e+00,6.309120171479887240e-02,1.184827584932435229e-07,9.722595908318654168e-02,6.326183817885100424e-02,-4.207322596526864578e-01
4.548000000000000043e+00,6.305824178411867376e-02,1.151470230276174789e-07,9.961099903619885509e-02,6.326183817885100424e-02,-4.209173596349357616e-01
4.550000000000000711e+00,6.302250457186997501e-02,1.111125855768335668e-07,1.019835271907839624e-01,6.326183817885100424e-02,-4.211024596171850654e-01
4.552000000000000490e+00,6.298403297578802906e-02,1.127326446637155755e-07,1.043444376410995744e-01,6.326183817885100424e-02,-4.212875595994344247e-01
4.553999999999999382e+00,6.294286131072213131e-02,1.164543451670496665e-07,1.066924289017158189e-01,6.326183817885100424e-02,-4.214726595816836729e-01
4.556000000000000050e+00,6.289901961198307578e-02,1.159265838879264265e-07,1.090267969793095038e-01,6.326183817885100424e-02,-4.216577595639329767e-01
4.557999999999999829e+00,6.285254419839614304e-02,1.132462833508540712e-07,1.113472334923528706e-01,6.326183817885100424e-02,-4.218428595461822805e-01
4.559999999999999609e+00,6.280347550859499695e-02,1.136604391716034002e-07,1.136546100052218122e-01,6.326183817885100424e-02,-4.220279595284315843e-01
4.562000000000000277e+00,6.275185070771394091e-02,1.150322044285445600e-07,1.159474925446817295e-01,6.326183817885100424e-02,-4.222130595106809436e-01
4.564000000000000057e+00,6.269770798942664314e-02,1.127919696530810256e-07,1.182249829002289809e-01,6.326183817885100424e-02,-4.223981594929302474e-01
4.566000000000000725e+00,6.264109343828416776e-02,1.101675030090731866e-07,1.204867618275682339e-01,6.326183817885100424e-02,-4.225832594751795512e-01
4.567999999999999616e+00,6.258205387916404572e-02,1.128051677623531646e-07,1.227340486131686115e-01,6.326183817885100424e-02,-4.227683594574287995e-01
4.569999999999999396e+00,6.252062612945319398e-02,1.171722116000140090e-07,1.249657918954706348e-01,6.326183817885100424e-02,-4.229534594396781588e-01
4.572000000000000064e+00,6.245684359545344844e-02,1.155655255935528203e-07,1.271808589966856307e-01,6.326183817885100424e-02,-4.231385594219274626e-01
4.573999999999999844e+00,6.239075109340885827e-02,1.097367398061876997e-07,1.293785319124821642e-01,6.326183817885100424e-02,-4.233236594041767664e-01
4.575999999999999623e+00,6.232240315158044108e-02,1.082903529070478044e-07,1.315598190803615175e-01,6.326183817885100424e-02,-4.235087593864261257e-01
4.578000000000000291e+00,6.225184881539835846e-02,1.122106523254728927e-07,1.337240774700582113e-01,6.326183817885100424e-02,-4.236938593686754295e-01
4.580000000000000071e+00,6.217912836521333197e-02,1.143589752894413891e-07,1.358703328155818069e-01,6.326183817885100424e-02,-4.238789593509247333e-01
4.582000000000000739e+00,6.210428420525426763e-02,1.124643265182356799e-07,1.379979981319560123e-01,6.326183817885100424e-02,-4.240640593331740926e-01
4.584000000000000519e+00,6.202736497925254167e-02,1.113462460011760413e-07,1.401078813775755716e-01,6.326183817885100424e-02,-4.242491593154233964e-01
4.585999999999999410e+00,6.194841854836530270e-02,1.120570956025801479e-07,1.421994212447840189e-01,6.326183817885100424e-02,-4.244342592976726447e-01
4.588000000000000078e+00,6.186749134002800243e-02,1.103221268783372011e-07,1.442713045405381589e-01,6.326183817885100424e-02,-4.246193592799219485e-01
4.589999999999999858e+00,6.178463573166803613e-02,1.069024497812876007e-07,1.463229638009732048e-01,6.326183817885100424e-02,-4.248044592621713078e-01
4.591999999999999638e+00,6.169990803465552620e-02,1.081231926214343275e-07,1.483552758758390766e-01,6.326183817885100424e-02,-4.249895592444206116e-01
4.594000000000000306e+00,6.161335639397202968e-02,1.136185888706009450e-07,1.503682837641994174e-01,6.326183817885100424e-02,-4.251746592266699154e-01
4.596000000000000085e+00,6.152502070444876292e-02,1.147527144418347689e-07,1.523605546968462843e-01,6.326183817885100424e-02,-4.253597592089192747e-01
4.597999999999999865e+00,6.143494770196133992e-02,1.087699416091325588e-07,1.543312731107588931e-01,6.326183817885100424e-02,-4.255448591911685785e-01
4.599999999999999645e+00,6.134319724141468200e-02,1.039380759237928942e-07,1.562808368059643849e-01,6.326183817885100424e-02,-4.257299591734178268e-01
4.601999999999999424e+00,6.124982919760624256e-02,1.061027229409816641e-07,1.582096311641476571e-01,6.326183817885100424e-02,-4.259150591556671306e-01
4.604000000000000092e+00,6.115489291904330216e-02,1.102038630351742654e-07,1.601163912666281330e-01,6.326183817885100424e-02,-4.261001591379164344e-01
4.605999999999999872e+00,6.105843429651713894e-02,1.103533516788601787e-07,1.620005628585129420e-01,6.326183817885100424e-02,-4.262852591201657937e-01
4.607999999999999652e+00,6.096050485020021448e-02,1.087334463578670807e-07,1.638623436681032608e-01,6.326183817885100424e-02,-4.264703591024150975e-01
4.610000000000000320e+00,6.086115839246253323e-02,1.084790137717561720e-07,1.657022226904297790e-01,6.326183817885100424e-02,-4.266554590846644013e-01
4.612000000000000099e+00,6.076044668270541571e-02,1.069334540915178877e-07,1.675186688531207224e-01,6.326183817885100424e-02,-4.268405590669137606e-01
4.613999999999999879e+00,6.065842479527772113e-02,1.029569647315042857e-07,1.693110430610182959e-01,6.326183817885100424e-02,-4.270256590491630644e-01
4.616000000000000547e+00,6.055515328578375822e-02,1.023122790932973203e-07,1.710795014282295856e-01,6.326183817885100424e-02,-4.272107590314123682e-01
4.617999999999999439e+00,6.045068784917306814e-02,1.078501044027291300e-07,1.728250495356666860e-01,6.326183817885100424e-02,-4.273958590136616165e-01
4.620000000000000107e+00,6.034507304892811064e-02,1.119933825677321693e-07,1.745463343551099111e-01,6.326183817885100424e-02,-4.275809589959109758e-01
4.621999999999999886e+00,6.023835425871115756e-02,1.077187841147519975e-07,1.762425154050422105e-01,6.326183817885100424e-02,-4.277660589781602796e-01
4.623999999999999666e+00,6.013059017072630574e-02,1.003171087310406051e-07,1.779132788891124584e-01,6.326183817885100424e-02,-4.279511589604095834e-01
4.626000000000000334e+00,6.002184571230595456e-02,9.918513721451915899e-08,1.795596576896169028e-01,6.326183817885100424e-02,-4.281362589426589427e-01
4.628000000000000114e+00,5.991217697157236177e-02,1.036266343845682059e-07,1.811805982725110953e-01,6.326183817885100424e-02,-4.283213589249082465e-01
4.629999999999999893e+00,5.980163147398831480e-02,1.062679731989035758e-07,1.827754683478699516e-01,6.326183817885100424e-02,-4.285064589071575503e-01
4.631999999999999673e+00,5.969025898926860751e-02,1.054539610079174849e-07,1.843439574677625536e-01,6.326183817885100424e-02,-4.286915588894067985e-01
4.633999999999999453e+00,5.957811370219379121e-02,1.045017939960146691e-07,1.858870428459673541e-01,6.326183817885100424e-02,-4.288766588716561579e-01
4.636000000000000121e+00,5.946524889399740221e-02,1.028686278381485408e-07,1.874036390603287527e-01,6.326183817885100424e-02,-4.290617588539054617e-01
4.637999999999999901e+00,5.935171889215806740e-02,9.854863036729000214e-08,1.888928464508300431e-01,6.326183817885100424e-02,-4.292468588361547654e-01
4.639999999999999680e+00,5.923758347364438404e-02,9.588664540149949289e-08,1.903543443527473400e-01,6.326183817885100424e-02,-4.294319588184040692e-01
4.642000000000000348e+00,5.912290108847395587e-02,1.002486048617967640e-07,1.917893380724164931e-01,6.326183817885100424e-02,-4.296170588006534286e-01
4.644000000000000128e+00,5.900771870709986544e-02,1.068316928254375853e-07,1.931972365507423905e-01,6.326183817885100424e-02,-4.298021587829027323e-01
4.645999999999999908e+00,5.889207795569972870e-02,1.057858997066674078e-07,1.945769711173855887e-01,6.326183817885100424e-02,-4.299872587651520361e-01
4.648000000000000576e+00,5.877603084412252876e-02,9.755481922280040408e-08,1.959279199864649712e-01,6.326183817885100424e-02,-4.301723587474013955e-01
4.649999999999999467e+00,5.865964059223827132e-02,9.253715183010768897e-08,1.972509623254903310e-01,6.326183817885100424e-02,-4.303574587296506437e-01
4.652000000000000135e+00,5.854296626904209599e-02,9.533215861168287120e-08,1.985458784776568120e-01,6.326183817885100424e-02,-4.305425587118999475e-01
4.653999999999999915e+00,5.842605551752866333e-02,9.988491966872459216e-08,1.998117300407524777e-01,6.326183817885100424e-02,-4.307276586941492513e-01
4.655999999999999694e+00,5.830895313059580864e-02,1.009667299767258442e-07,2.010481069867271486e-01,6.326183817885100424e-02,-4.309127586763986106e-01
4.658000000000000362e+00,5.819170824060337921e-02,1.000941921569520332e-07,2.022557110121957491e-01,6.326183817885100424e-02,-4.310978586586479144e-01
4.660000000000000142e+00,5.807437118290936784e-02,9.833724123886611324e-08,2.034344534805861970e-01,6.326183817885100424e-02,-4.312829586408972182e-01
4.661999999999999922e+00,5.795699219777272759e-02,9.386396349064796141e-08,2.045830704442915815e-01,6.326183817885100424e-02,-4.314680586231465775e-01
4.663999999999999702e+00,5.783962595120262229e-02,8.932963369012725252e-08,2.057011306588111266e-01,6.326183817885100424e-02,-4.316531586053958258e-01
4.665999999999999481e+00,5.772232861739146070e-02,9.146106794144515106e-08,2.067893329708763162e-01,6.326183817885100424e-02,-4.318382585876451296e-01
4.668000000000000149e+00,5.760514671165528622e-02,9.922285126862107063e-08,2.078481727883806363e-01,6.326183817885100424e-02,-4.320233585698944334e-01
4.669999999999999929e+00,5.748811661173292009e-02,1.021323160488307735e-07,2.088763920503303728e-01,6.326183817885100424e-02,-4.322084585521437927e-01
4.671999999999999709e+00,5.737127972358024852e-02,9.524090383017380645e-08,2.098733799542553680e-01,6.326183817885100424e-02,-4.323935585343930965e-01
4.674000000000000377e+00,5.725469098499735843e-02,8.694896458383283289e-08,2.108393666867280913e-01,6.326183817885100424e-02,-4.325786585166424003e-01
4.676000000000000156e+00,5.713840750369292287e-02,8.639171655833166596e-08,2.117750604677721693e-01,6.326183817885100424e-02,-4.327637584988917596e-01
4.677999999999999936e+00,5.702247532642557015e-02,9.137201184561405398e-08,2.126793813256725452e-01,6.326183817885100424e-02,-4.329488584811410634e-01
4.680000000000000604e+00,5.690693255425149921e-02,9.476745788106200052e-08,2.135519668719042530e-01,6.326183817885100424e-02,-4.331339584633903672e-01
4.681999999999999496e+00,5.679181908364583364e-02,9.499140141144835070e-08,2.143929488005115180e-01,6.326183817885100424e-02,-4.333190584456396155e-01
4.684000000000000163e+00,5.667717766515445454e-02,9.343621854007722050e-08,2.152031169568203728e-01,6.326183817885100424e-02,-4.335041584278889193e-01
4.685999999999999943e+00,5.656305126015959139e-02,8.904032200440781253e-08,2.159812221309288516e-01,6.326183817885100424e-02,-4.336892584101382786e-01
4.687999999999999723e+00,5.644948595939125457e-02,8.302185405817397168e-08,2.167267447320274654e-01,6.326183817885100424e-02,-4.338743583923875824e-01
4.690000000000000391e+00,5.633653116106462910e-02,8.225824499330514072e-08,2.174397664224310134e-01,6.326183817885100424e-02,-4.340594583746368862e-01
4.692000000000000171e+00,5.622422968721840775e-02,8.956673180904317633e-08,2.181214687755258508e-01,6.326183817885100424e-02,-4.342445583568862455e-01
4.693999999999999950e+00,5.611261171650916424e-02,9.614925444711985847e-08,2.187709085960496402e-01,6.326183817885100424e-02,-4.344296583391355493e-01
4.695999999999999730e+00,5.600170607973598003e-02,9.257225552783410194e-08,2.193874151582564935e-01,6.326183817885100424e-02,-4.346147583213847976e-01
4.697999999999999510e+00,5.589155415743451982e-02,8.269888362999466835e-08,2.199707029655832424e-01,6.326183817885100424e-02,-4.347998583036341014e-01
4.700000000000000178e+00,5.578220559436586345e-02,7.795148460054690531e-08,2.205218390642954551e-01,6.326183817885100424e-02,-4.349849582858834607e-01
4.701999999999999957e+00,5.567370262042536933e-02,8.141180585230500810e-08,2.210401746322819827e-01,6.326183817885100424e-02,-4.351700582681327645e-01
4.703999999999999737e+00,5.556607609144759152e-02,8.661629091744060815e-08,2.215251933083573488e-01,6.326183817885100424e-02,-4.353551582503820683e-01
4.706000000000000405e+00,5.545935434480775417e-02,8.879087864954726683e-08,2.219767161109749143e-01,6.326183817885100424e-02,-4.355402582326314276e-01
4.708000000000000185e+00,5.535356871272512080e-02,8.809432194833988206e-08,2.223957359265621991e-01,6.326183817885100424e-02,-4.357253582148807314e-01
4.709999999999999964e+00,5.524875181313626538e-02,8.413836849463507406e-08,2.227816617224239182e-01,6.326183817885100424e-02,-4.359104581971300352e-01
4.712000000000000632e+00,5.514493867659375770e-02,7.720363159879894965e-08,2.231336857680163432e-01,6.326183817885100424e-02,-4.360955581793793945e-01
4.713999999999999524e+00,5.504216842744791283e-02,7.338206442497607895e-08,2.234516097169625959e-01,6.326183817885100424e-02,-4.362806581616286428e-01
4.716000000000000192e+00,5.494047708125027185e-02,7.862593820462393523e-08,2.237365344778578513e-01,6.326183817885100424e-02,-4.364657581438779466e-01
4.717999999999999972e+00,5.483988796240935049e-02,8.766019676809122529e-08,2.239883913528966652e-01,6.326183817885100424e-02,-4.366508581261272504e-01
4.719999999999999751e+00,5.474041711904209517e-02,8.861743272525757220e-08,2.242062893697133741e-01,6.326183817885100424e-02,-4.368359581083765542e-01
4.722000000000000419e+00,5.464208930109526463e-02,7.948700142534903534e-08,2.243898310806939356e-01,6.326183817885100424e-02,-4.370210580906259135e-01
4.724000000000000199e+00,5.454494156690914419e-02,7.091314235818657608e-08,2.245397476842780349e-01,6.326183817885100424e-02,-4.372061580728752173e-01
4.725999999999999979e+00,5.444900953086184714e-02,7.106352784003178158e-08,2.246562571112384887e-01,6.326183817885100424e-02,-4.373912580551245211e-01
4.727999999999999758e+00,5.435431687726355321e-02,7.670505752788159270e-08,2.247385748284511098e-01,6.326183817885100424e-02,-4.375763580373737693e-01
4.729999999999999538e+00,5.426088010999652322e-02,8.112155425177292045e-08,2.247865362440990555e-01,6.326183817885100424e-02,-4.377614580196231286e-01
4.732000000000000206e+00,5.416871678960355485e-02,8.207528645609585283e-08,2.248007484148009660e-01,6.326183817885100424e-02,-4.379465580018724324e-01
4.733999999999999986e+00,5.407784680168814528e-02,7.911036092878021009e-08,2.247815723991180570e-01,6.326183817885100424e-02,-4.381316579841217362e-01
4.735999999999999766e+00,5.398829237795788050e-02,7.196304330214786660e-08,2.247279675736538196e-01,6.326183817885100424e-02,-4.383167579663710955e-01
4.738000000000000433e+00,5.390008023161141359e-02,6.541973318618943267e-08,2.246396996860118844e-01,6.326183817885100424e-02,-4.385018579486203993e-01
4.740000000000000213e+00,5.381323705327156759e-02,6.736371838123034195e-08,2.245173281917683394e-01,6.326183817885100424e-02,-4.386869579308697031e-01
4.741999999999999993e+00,5.372777883050039449e-02,7.699894288837327849e-08,2.243616960700896557e-01,6.326183817885100424e-02,-4.388720579131190624e-01
4.744000000000000661e+00,5.364371006285040266e-02,8.261674866449908450e-08,2.241718848025543442e-01,6.326183817885100424e-02,-4.390571578953683662e-01
4.745999999999999552e+00,5.356103822228064359e-02,7.654488431985129182e-08,2.239475411430581486e-01,6.326183817885100424e-02,-4.392422578776176145e-01
4.748000000000000220e+00,5.347978413674048248e-02,6.568559784980720906e-08,2.236888341141098913e-01,6.326183817885100424e-02,-4.394273578598669183e-01
4.750000000000000000e+00,5.339997372368032735e-02,6.149778453146126367e-08,2.233966804499143977e-01,6.326183817885100424e-02,-4.396124578421162776e-01
4.751999999999999780e+00,5.332162367085580001e-02,6.569998189931425259e-08,2.230703398728641207e-01,6.326183817885100424e-02,-4.397975578243655814e-01
4.754000000000000448e+00,5.324474001897083753e-02,7.183805350585714677e-08,2.227096525657309423e-01,6.326183817885100424e-02,-4.399826578066148852e-01
4.756000000000000227e+00,5.316932631321502623e-02,7.505491261827756944e-08,2.223147864126386319e-01,6.326183817885100424e-02,-4.401677577888641890e-01
4.758000000000000007e+00,5.309538833482174702e-02,7.378141764213808074e-08,2.218867048950734500e-01,6.326183817885100424e-02,-4.403528577711135483e-01
4.759999999999999787e+00,5.302293470627417182e-02,6.723822254528499798e-08,2.214246065641370387e-01,6.326183817885100424e-02,-4.405379577533627966e-01
4.761999999999999567e+00,5.295197877198443148e-02,5.872767205872264640e-08,2.209281329379402248e-01,6.326183817885100424e-02,-4.407230577356121004e-01
4.764000000000000234e+00,5.288253645117035884e-02,5.675061298671124632e-08,2.203974029332920193e-01,6.326183817885100424e-02,-4.409081577178614042e-01
4.766000000000000014e+00,5.281461617967331268e-02,6.495102466974600475e-08,2.198336213416584584e-01,6.326183817885100424e-02,-4.410932577001107635e-01
4.767999999999999794e+00,5.274821300755894171e-02,7.422928427480712799e-08,2.192363544674681419e-01,6.326183817885100424e-02,-4.412783576823600673e-01
4.770000000000000462e+00,5.268331881752996715e-02,7.288657277726429129e-08,2.186051501358991511e-01,6.326183817885100424e-02,-4.414634576646093711e-01
4.772000000000000242e+00,5.261993677606646713e-02,6.208181779765453712e-08,2.179398824588920647e-01,6.326183817885100424e-02,-4.416485576468587304e-01
4.774000000000000021e+00,5.255808038778120306e-02,5.368336353228642110e-08,2.172415527471056595e-01,6.326183817885100424e-02,-4.418336576291080342e-01
4.776000000000000689e+00,5.249775926674604687e-02,5.463414332051996780e-08,2.165099783563352864e-01,6.326183817885100424e-02,-4.420187576113573380e-01
4.777999999999999581e+00,5.243897135244013352e-02,6.117388151594127521e-08,2.157448054435926466e-01,6.326183817885100424e-02,-4.422038575936065863e-01
4.779999999999999361e+00,5.238170804590558394e-02,6.675889929752543139e-08,2.149460664802058663e-01,6.326183817885100424e-02,-4.423889575758559456e-01
4.782000000000000028e+00,5.232596124536725846e-02,6.786839246153419936e-08,2.141146906432406238e-01,6.326183817885100424e-02,-4.425740575581052494e-01
4.783999999999999808e+00,5.227172604665464295e-02,6.282817077707392173e-08,2.132506062155724857e-01,6.326183817885100424e-02,-4.427591575403545532e-01
4.786000000000000476e+00,5.221900265080570147e-02,5.340735476089264466e-08,2.123532021604590536e-01,6.326183817885100424e-02,-4.429442575226039125e-01
4.788000000000000256e+00,5.216779588867392903e-02,4.758830784989953600e-08,2.114224747529218351e-01,6.326183817885100424e-02,-4.431293575048532163e-01
4.790000000000000036e+00,5.211810686648854496e-02,5.258805924057696757e-08,2.104593673250853003e-01,6.326183817885100424e-02,-4.433144574871025201e-01
4.791999999999999815e+00,5.206992375276320306e-02,6.365885230064094458e-08,2.094642671874970830e-01,6.326183817885100424e-02,-4.434995574693517684e-01
4.793999999999999595e+00,5.202322628557698447e-02,6.762211257616002058e-08,2.084365676525351263e-01,6.326183817885100424e-02,-4.436846574516010722e-01
4.795999999999999375e+00,5.197800103806982097e-02,5.939123992604322666e-08,2.073761523355048819e-01,6.326183817885100424e-02,-4.438697574338504315e-01
4.798000000000000043e+00,5.193424760147458130e-02,4.812432685685763545e-08,2.062836277148246134e-01,6.326183817885100424e-02,-4.440548574160997353e-01
4.799999999999999822e+00,5.189196807218565688e-02,4.467136527352977282e-08,2.051595553088811641e-01,6.326183817885100424e-02,-4.442399573983490391e-01
4.802000000000000490e+00,5.185115494874237285e-02,4.979160039830787809e-08,2.040034183611841578e-01,6.326183817885100424e-02,-4.444250573805983984e-01
4.804000000000000270e+00,5.181179097525212551e-02,5.712407868951885348e-08,2.028152981678134625e-01,6.326183817885100424e-02,-4.446101573628477022e-01
4.806000000000000050e+00,5.177385629203612449e-02,6.105228345099078524e-08,2.015957420571795333e-01,6.326183817885100424e-02,-4.447952573450970060e-01
4.808000000000000718e+00,5.173733363321619816e-02,5.841467731748650749e-08,2.003454301782557623e-01,6.326183817885100424e-02,-4.449803573273463653e-01
4.809999999999999609e+00,5.170221123095708471e-02,4.932133845780839465e-08,1.990636921437036466e-01,6.326183817885100424e-02,-4.451654573095956136e-01
4.811999999999999389e+00,5.166848363769960262e-02,4.038814349627273259e-08,1.977505041580589207e-01,6.326183817885100424e-02,-4.453505572918449174e-01
4.814000000000000057e+00,5.163614540743299841e-02,4.104832695972504553e-08,1.964063503007671685e-01,6.326183817885100424e-02,-4.455356572740942211e-01
4.815999999999999837e+00,5.160518050559104175e-02,5.163057648083224649e-08,1.950322381688573137e-01,6.326183817885100424e-02,-4.457207572563435805e-01
4.818000000000000504e+00,5.157556106078042824e-02,6.023944321142948866e-08,1.936276921172847831e-01,6.326183817885100424e-02,-4.459058572385928843e-01
4.820000000000000284e+00,5.154726037058188215e-02,5.660677959706816864e-08,1.921926192808228462e-01,6.326183817885100424e-02,-4.460909572208421880e-01
4.822000000000000064e+00,5.152026437971690687e-02,4.472833980972978907e-08,1.907272319585742171e-01,6.326183817885100424e-02,-4.462760572030915474e-01
4.823999999999999844e+00,5.149456734192170426e-02,3.680789351090396622e-08,1.892324995646580688e-01,6.326183817885100424e-02,-4.464611571853407956e-01
4.825999999999999623e+00,5.147015849673441945e-02,3.869784104271190017e-08,1.877081059943238595e-01,6.326183817885100424e-02,-4.466462571675900994e-01
4.827999999999999403e+00,5.144701632970805072e-02,4.642997575299290247e-08,1.861540794672673083e-01,6.326183817885100424e-02,-4.468313571498394032e-01
4.830000000000000071e+00,5.142511305342134520e-02,5.309699457889394125e-08,1.845706950995205098e-01,6.326183817885100424e-02,-4.470164571320887625e-01
4.831999999999999851e+00,5.140442153156443705e-02,5.360699795176060434e-08,1.829589339355896516e-01,6.326183817885100424e-02,-4.472015571143380663e-01
4.834000000000000519e+00,5.138492002494754463e-02,4.613575288470173064e-08,1.813185040400103754e-01,6.326183817885100424e-02,-4.473866570965873701e-01
4.836000000000000298e+00,5.136659444843727496e-02,3.532020687035952733e-08,1.796492424090714302e-01,6.326183817885100424e-02,-4.475717570788366739e-01
4.838000000000000078e+00,5.134943424332527595e-02,3.132042980524829545e-08,1.779513806171333923e-01,6.326183817885100424e-02,-4.477568570610860332e-01
4.840000000000000746e+00,5.133342172258215097e-02,3.923700042651745434e-08,1.762260030000041555e-01,6.326183817885100424e-02,-4.479419570433353370e-01
4.841999999999999638e+00,5.131852629066746552e-02,5.077529885433307300e-08,1.744731611649653069e-01,6.326183817885100424e-02,-4.481270570255845853e-01
4.843999999999999417e+00,5.130471293164773350e-02,5.273762626600841941e-08,1.726926562667327469e-01,6.326183817885100424e-02,-4.483121570078338891e-01
4.846000000000000085e+00,5.129195623830995476e-02,4.284562171719130674e-08,1.708845869924290883e-01,6.326183817885100424e-02,-4.484972569900832484e-01
4.847999999999999865e+00,5.128024278757137289e-02,3.160456563122693296e-08,1.690498173439587415e-01,6.326183817885100424e-02,-4.486823569723325522e-01
4.850000000000000533e+00,5.126956017319184156e-02,2.903418994115725127e-08,1.671885743594236085e-01,6.326183817885100424e-02,-4.488674569545818560e-01
4.852000000000000313e+00,5.125988684160975861e-02,3.534595383047900441e-08,1.653007155527458361e-01,6.326183817885100424e-02,-4.490525569368312153e-01
4.854000000000000092e+00,5.125119215550100193e-02,4.398481512346563704e-08,1.633864903883819331e-01,6.326183817885100424e-02,-4.492376569190805191e-01
4.855999999999999872e+00,5.124344290972637772e-02,4.802136210901863933e-08,1.614467094433983674e-01,6.326183817885100424e-02,-4.494227569013297674e-01
4.857999999999999652e+00,5.123661015645120109e-02,4.337978931623354129e-08,1.594817141399280935e-01,6.326183817885100424e-02,-4.496078568835790712e-01
4.859999999999999432e+00,5.123067343991916101e-02,3.222690758697410729e-08,1.574911865276867884e-01,6.326183817885100424e-02,-4.497929568658284305e-01
4.862000000000000099e+00,5.122561891124932654e-02,2.407817334404427356e-08,1.554753257552646817e-01,6.326183817885100424e-02,-4.499780568480777343e-01
4.863999999999999879e+00,5.122142972319676524e-02,2.770715346045449223e-08,1.534349043590686468e-01,6.326183817885100424e-02,-4.501631568303270381e-01
4.865999999999999659e+00,5.121807703596137351e-02,3.983232477189346810e-08,1.513705866697531155e-01,6.326183817885100424e-02,-4.503482568125763974e-01
4.868000000000000327e+00,5.121552334147072560e-02,4.711361756282173019e-08,1.492821230352262274e-01,6.326183817885100424e-02,-4.505333567948257012e-01
4.870000000000000107e+00,5.121373591128475233e-02,4.146831122930905167e-08,1.471696608620318703e-01,6.326183817885100424e-02,-4.507184567770750050e-01
4.872000000000000774e+00,5.121269487133228715e-02,2.903489226824262914e-08,1.450337277228290200e-01,6.326183817885100424e-02,-4.509035567593243643e-01
4.873999999999999666e+00,5.121238712187636821e-02,2.179782521150031016e-08,1.428750522662109168e-01,6.326183817885100424e-02,-4.510886567415735571e-01
4.875999999999999446e+00,5.121279453510863000e-02,2.485954098130349621e-08,1.406934611835568560e-01,6.326183817885100424e-02,-4.512737567238229164e-01
4.878000000000000114e+00,5.121388889250244603e-02,3.402575721178635604e-08,1.384892298557483525e-01,6.326183817885100424e-02,-4.514588567060722202e-01
4.879999999999999893e+00,5.121563584274568814e-02,4.139241505107804642e-08,1.362628793191314192e-01,6.326183817885100424e-02,-4.516439566883215240e-01
4.881999999999999673e+00,5.121800276685062325e-02,4.052054047853914653e-08,1.340152070336692869e-01,6.326183817885100424e-02,-4.518290566705708833e-01
4.884000000000000341e+00,5.122096542720977475e-02,3.068345777457182066e-08,1.317459869057575061e-01,6.326183817885100424e-02,-4.520141566528201871e-01
4.886000000000000121e+00,5.122450874349604444e-02,1.959547268892691818e-08,1.294553870982023125e-01,6.326183817885100424e-02,-4.521992566350694909e-01
4.887999999999999901e+00,5.122861887611729337e-02,1.816238304197526077e-08,1.271438736099503308e-01,6.326183817885100424e-02,-4.523843566173187392e-01
4.889999999999999680e+00,5.123327257908083521e-02,2.844826130221633775e-08,1.248124068184196800e-01,6.326183817885100424e-02,-4.525694565995680985e-01
4.891999999999999460e+00,5.123843549238560335e-02,3.959356531524349521e-08,1.224609585705418446e-01,6.326183817885100424e-02,-4.527545565818174023e-01
4.894000000000000128e+00,5.124407277903741953e-02,3.953237359688444030e-08,1.200896672720434266e-01,6.326183817885100424e-02,-4.529396565640667061e-01
4.895999999999999908e+00,5.125016055626008260e-02,2.849677271932193889e-08,1.176988509919529857e-01,6.326183817885100424e-02,-4.531247565463160654e-01
4.897999999999999687e+00,5.125668574130270994e-02,1.757593792728329163e-08,1.152893760681000246e-01,6.326183817885100424e-02,-4.533098565285653692e-01
4.900000000000000355e+00,5.126363577494197354e-02,1.608873756442363856e-08,1.128613320450709695e-01,6.326183817885100424e-02,-4.534949565108146730e-01
4.902000000000000135e+00,5.127098950184116877e-02,2.389515685319310023e-08,1.104149152197622247e-01,6.326183817885100424e-02,-4.536800564930640323e-01
4.904000000000000803e+00,5.127871675543682617e-02,3.369328294144935398e-08,1.079505200497429540e-01,6.326183817885100424e-02,-4.538651564753133361e-01
4.905999999999999694e+00,5.128678544744480483e-02,3.705756113081548619e-08,1.054689985317365519e-01,6.326183817885100424e-02,-4.540502564575625843e-01
4.907999999999999474e+00,5.129517039871267503e-02,3.008652771363529155e-08,1.029705004176333233e-01,6.326183817885100424e-02,-4.542353564398118881e-01
4.910000000000000142e+00,5.130385724441366424e-02,1.774454305714101565e-08,1.004550894735915245e-01,6.326183817885100424e-02,-4.544204564220612474e-01
4.911999999999999922e+00,5.131283695473898288e-02,1.141556027484114111e-08,9.792312581574995345e-02,6.326183817885100424e-02,-4.546055564043105512e-01
4.913999999999999702e+00,5.132209469234283450e-02,1.786603653908258593e-08,9.537546967136065201e-02,6.326183817885100424e-02,-4.547906563865598550e-01
4.916000000000000369e+00,5.133160406917125496e-02,3.062230691242007197e-08,9.281250836213435218e-02,6.326183817885100424e-02,-4.549757563688091588e-01
4.918000000000000149e+00,5.134133360373938082e-02,3.623256328300072937e-08,9.023431548447240214e-02,6.326183817885100424e-02,-4.551608563510585181e-01
4.919999999999999929e+00,5.135125889840796987e-02,2.898612927459964794e-08,8.764119873168779717e-02,6.326183817885100424e-02,-4.553459563333077664e-01
4.921999999999999709e+00,5.136136779751310222e-02,1.638020286076624643e-08,8.503385014150362242e-02,6.326183817885100424e-02,-4.555310563155570702e-01
4.923999999999999488e+00,5.137165410969146695e-02,1.002126670535119501e-08,8.241274286376777669e-02,6.326183817885100424e-02,-4.557161562978063740e-01
4.926000000000000156e+00,5.138210689507127782e-02,1.456724829651534492e-08,7.977798500799430925e-02,6.326183817885100424e-02,-4.559012562800557333e-01
4.927999999999999936e+00,5.139270513487081971e-02,2.522830244711116165e-08,7.712998078647469169e-02,6.326183817885100424e-02,-4.560863562623050371e-01
4.929999999999999716e+00,5.140342180145218709e-02,3.263582248891339077e-08,7.446939181411407760e-02,6.326183817885100424e-02,-4.562714562445543409e-01
4.932000000000000384e+00,5.141423376619114194e-02,2.975759860746052254e-08,7.179676206483935619e-02,6.326183817885100424e-02,-4.564565562268037002e-01
4.934000000000000163e+00,5.142512908209107003e-02,1.806076321830829556e-08,6.911212543268531461e-02,6.326183817885100424e-02,-4.566416562090530040e-01
4.936000000000000831e+00,5.143610470496184917e-02,7.852245298423099484e-09,6.641583978590820392e-02,6.326183817885100424e-02,-4.568267561913023078e-01
4.937999999999999723e+00,5.144715595229421012e-02,9.273392942432678865e-09,6.370852047692560083e-02,6.326183817885100424e-02,-4.570118561735515561e-01
4.939999999999999503e+00,5.145826785378471158e-02,2.112898778161564906e-08,6.099086403974509490e-02,6.326183817885100424e-02,-4.571969561558009154e-01
4.942000000000000171e+00,5.146941715788166949e-02,3.125856951058381128e-08,5.826298849886969722e-02,6.326183817885100424e-02,-4.573820561380502192e-01
4.943999999999999950e+00,5.148058295163293607e-02,2.938368126592649787e-08,5.552523520431828369e-02,6.326183817885100424e-02,-4.575671561202995230e-01
4.945999999999999730e+00,5.149175535881955756e-02,1.763677215382841723e-08,5.277809250769817384e-02,6.326183817885100424e-02,-4.577522561025488823e-01
4.948000000000000398e+00,5.150293438939390622e-02,7.254945977308580041e-09,5.002224485465663062e-02,6.326183817885100424e-02,-4.579373560847981861e-01
4.950000000000000178e+00,5.151412053255277623e-02,7.142299862650247633e-09,4.725786810595884041e-02,6.326183817885100424e-02,-4.581224560670474899e-01
4.951999999999999957e+00,5.152530554978851374e-02,1.666055660098919589e-08,4.448535849306679835e-02,6.326183817885100424e-02,-4.583075560492967382e-01
4.953999999999999737e+00,5.153647187876519986e-02,2.715972802214139392e-08,4.170521782360849666e-02,6.326183817885100424e-02,-4.584926560315460420e-01
4.955999999999999517e+00,5.154760144295444935e-02,2.905573937006522556e-08,3.891814112893807187e-02,6.326183817885100424e-02,-4.586777560137954013e-01
4.958000000000000185e+00,5.155868609826441684e-02,1.984949971056693130e-08,3.612431560154466537e-02,6.326183817885100424e-02,-4.588628559960447051e-01
4.959999999999999964e+00,5.156972921094760132e-02,7.406732560610862492e-09,3.332407258197982863e-02,6.326183817885100424e-02,-4.590479559782940089e-01
4.961999999999999744e+00,5.158073685729003266e-02,3.576380303016435391e-09,3.051788314185383336e-02,6.326183817885100424e-02,-4.592330559605433682e-01
4.964000000000000412e+00,5.159170731457340953e-02,1.230741353275277561e-08,2.770647301120352651e-02,6.326183817885100424e-02,-4.594181559427926720e-01
4.966000000000000192e+00,5.160262909729518288e-02,2.488720973747859944e-08,2.489015292232879886e-02,6.326183817885100424e-02,-4.596032559250419758e-01
4.967999999999999972e+00,5.161348859856551563e-02,2.877186910943407838e-08,2.206925231062401363e-02,6.326183817885100424e-02,-4.597883559072913351e-01
4.969999999999999751e+00,5.162427997960306048e-02,2.033825918790199694e-08,1.924419204430744684e-02,6.326183817885100424e-02,-4.599734558895405834e-01
4.971999999999999531e+00,5.163500881244398322e-02,7.822851033623123840e-09,1.641561552713319619e-02,6.326183817885100424e-02,-4.601585558717898872e-01
4.974000000000000199e+00,5.164568630028820717e-02,2.601279192049332778e-09,1.358389053148692169e-02,6.326183817885100424e-02,-4.603436558540391910e-01
4.975999999999999979e+00,5.165631864245801008e-02,8.946198226666979281e-09,1.074936944156450712e-02,6.326183817885100424e-02,-4.605287558362885503e-01
4.977999999999999758e+00,5.166690117084127287e-02,2.087770656356013887e-08,7.912513992166933172e-03,6.326183817885100424e-02,-4.607138558185378541e-01
4.980000000000000426e+00,5.167742384056939198e-02,2.749691896397621349e-08,5.073938671314224755e-03,6.326183817885100424e-02,-4.608989558007871579e-01
4.982000000000000206e+00,5.168788328320106373e-02,2.231170792565961847e-08,2.234047957910741469e-03,6.326183817885100424e-02,-4.610840557830365172e-01
4.983999999999999986e+00,5.169828896823169817e-02,9.620764185314101269e-09,6.068450400428266472e-04,6.326183817885100424e-02,-4.612691557652857655e-01
4.985999999999999766e+00,5.170865712327465946e-02,1.252966175258052317e-09,3.448294400450659797e-03,6.326183817885100424e-02,-4.614542557475350693e-01
4.987999999999999545e+00,5.171899952339575890e-02,5.348604004140611323e-09,6.289714316580865758e-03,6.326183817885100424e-02,-4.616393557297843731e-01
4.990000000000000213e+00,5.172931819920101315e-02,1.791090953329188551e-08,9.130622152013325235e-03,6.326183817885100424e-02,-4.618244557120337324e-01
4.991999999999999993e+00,5.173960970590485431e-02,2.668975174202614653e-08,1.197067779997590051e-02,6.326183817885100424e-02,-4.620095556942830362e-01
4.993999999999999773e+00,5.174987414522114193e-02,2.331602277916289268e-08,1.480944597330575638e-02,6.326183817885100424e-02,-4.621946556765323399e-01
4.996000000000000441e+00,5.176012192419954250e-02,1.116483216989649918e-08,1.764641132430511822e-02,6.326183817885100424e-02,-4.623797556587816437e-01
4.998000000000000220e+00,5.177037284451557753e-02,1.552646899938281422e-09,2.048108387375487116e-02,6.326183817885100424e-02,-4.625648556410310031e-01
5.000000000000000000e+00,5.178064681287397608e-02,3.171213736052891363e-09,2.331309491130684891e-02,6.326183817885100424e-02,-4.627499556232803068e-01
5.001999999999999780e+00,5.179095388748489182e-02,1.440456998125227983e-08,2.614198495821064977e-02,6.326183817885100424e-02,-4.629350556055295551e-01
5.003999999999999559e+00,5.180129447861026026e-02,2.486774930421375984e-08,2.896725766803010318e-02,6.326183817885100424e-02,-4.631201555877788589e-01
5.006000000000000227e+00,5.181167083116233751e-02,2.467336612799186923e-08,3.178842644337507434e-02,6.326183817885100424e-02,-4.633052555700282182e-01
5.008000000000000007e+00,5.182209741773713407e-02,1.375781266688136384e-08,3.460511259172910359e-02,6.326183817885100424e-02,-4.634903555522775220e-01
5.009999999999999787e+00,5.183259891944214104e-02,2.307133595280674854e-09,3.741686739507581183e-02,6.326183817885100424e-02,-4.636754555345268258e-01
5.012000000000000455e+00,5.184319935134262813e-02,1.197258292506830912e-09,4.022321359243861277e-02,6.326183817885100424e-02,-4.638605555167761851e-01
5.014000000000000234e+00,5.185391417298979011e-02,1.143349481758093589e-08,4.302366914903758138e-02,6.326183817885100424e-02,-4.640456554990254889e-01
5.016000000000000014e+00,5.186475142095470225e-02,2.325381076584420725e-08,4.581781835837799716e-02,6.326183817885100424e-02,-4.642307554812747372e-01
5.017999999999999794e+00,5.187571859550821340e-02,2.555538858306505290e-08,4.860521362105876819e-02,6.326183817885100424e-02,-4.644158554635240410e-01
5.019999999999999574e+00,5.188683045729236554e-02,1.626071954863306246e-08,5.138539763362817703e-02,6.326183817885100424e-02,-4.646009554457734003e-01
5.022000000000000242e+00,5.189811246047704163e-02,4.050004998035205972e-09,5.415792166508907185e-02,6.326183817885100424e-02,-4.647860554280227041e-01
5.024000000000000021e+00,5.190959536314254663e-02,3.177382801311523508e-10,5.692234213530254772e-02,6.326183817885100424e-02,-4.649711554102720079e-01
5.025999999999999801e+00,5.192130356405144642e-02,8.657339956030796202e-09,5.967820358771169786e-02,6.326183817885100424e-02,-4.651562553925213672e-01
5.028000000000000469e+00,5.193324940311228044e-02,2.130908238751061390e-08,6.242505599584401849e-02,6.326183817885100424e-02,-4.653413553747706710e-01
5.030000000000000249e+00,5.194544132904321820e-02,2.631178519507670899e-08,6.516249104328872277e-02,6.326183817885100424e-02,-4.655264553570199748e-01
5.032000000000000028e+00,5.195789727617716736e-02,1.894265777568904241e-08,6.789005017557835087e-02,6.326183817885100424e-02,-4.657115553392693341e-01
5.033999999999999808e+00,5.197064766218506549e-02,6.316432266117999461e-09,7.060726021254098983e-02,6.326183817885100424e-02,-4.658966553215185269e-01
5.035999999999999588e+00,5.198372617523605577e-02,3.856368557819678244e-10,7.331366718289013262e-02,6.326183817885100424e-02,-4.660817553037678862e-01
5.038000000000000256e+00,5.199715999336951278e-02,6.601728941291185038e-09,7.600890200074267300e-02,6.326183817885100424e-02,-4.662668552860171900e-01
5.040000000000000036e+00,5.201096813606143066e-02,1.911437086388190210e-08,7.869251993462336725e-02,6.326183817885100424e-02,-4.664519552682664938e-01
5.041999999999999815e+00,5.202516602624085440e-02,2.646313879139938763e-08,8.136403789464098646e-02,6.326183817885100424e-02,-4.666370552505158531e-01
5.044000000000000483e+00,5.203977235766976683e-02,2.189044356892821952e-08,8.402299858243747477e-02,6.326183817885100424e-02,-4.668221552327651569e-01
5.046000000000000263e+00,5.205481525263444542e-02,9.545863877136184783e-09,8.666904565631762536e-02,6.326183817885100424e-02,-4.670072552150144607e-01
5.047999999999999154e+00,5.207033190634668962e-02,1.015939776749519297e-09,8.930174312315125595e-02,6.326183817885100424e-02,-4.671923551972637090e-01
5.049999999999999822e+00,5.208635834777652907e-02,4.699840738808802598e-09,9.192058632221360159e-02,6.326183817885100424e-02,-4.673774551795130683e-01
5.051999999999999602e+00,5.210291877645301106e-02,1.734039878353854647e-08,9.452514192016155115e-02,6.326183817885100424e-02,-4.675625551617623721e-01
5.054000000000000270e+00,5.212002815068428330e-02,2.687045208560334686e-08,9.711509062929306324e-02,6.326183817885100424e-02,-4.677476551440116759e-01
5.056000000000000050e+00,5.213770614695356631e-02,2.430252321605763655e-08,9.969003448236779530e-02,6.326183817885100424e-02,-4.679327551262610352e-01
5.057999999999999829e+00,5.215598549818512009e-02,1.254609305334497549e-08,1.022494112623461987e-01,6.326183817885100424e-02,-4.681178551085103390e-01
5.060000000000000497e+00,5.217490591348528106e-02,2.970947710068116976e-09,1.047927667689367015e-01,6.326183817885100424e-02,-4.683029550907596428e-01
5.062000000000000277e+00,5.219450326087293757e-02,4.350407145636836503e-09,1.073197911685087047e-01,6.326183817885100424e-02,-4.684880550730090021e-01
5.064000000000000057e+00,5.221480541842260514e-02,1.526844861654552687e-08,1.098301766855558220e-01,6.326183817885100424e-02,-4.686731550552583059e-01
5.065999999999999837e+00,5.223583486763228034e-02,2.601104731603243181e-08,1.123233599440854186e-01,6.326183817885100424e-02,-4.688582550375075542e-01
5.067999999999999616e+00,5.225761361443292952e-02,2.694800183000722882e-08,1.147988884940437521e-01,6.326183817885100424e-02,-4.690433550197568580e-01
5.070000000000000284e+00,5.228016990431094690e-02,1.700601204301932512e-08,1.172564154279812088e-01,6.326183817885100424e-02,-4.692284550020062173e-01
5.072000000000000064e+00,5.230354228320832632e-02,5.354055199191520842e-09,1.196956685142780696e-01,6.326183817885100424e-02,-4.694135549842555211e-01
5.073999999999999844e+00,5.232777368949892427e-02,3.518591862317066443e-09,1.221160567692084059e-01,6.326183817885100424e-02,-4.695986549665048249e-01
5.076000000000000512e+00,5.235289822831268314e-02,1.380248515481241611e-08,1.245171599447384148e-01,6.326183817885100424e-02,-4.697837549487541287e-01
5.078000000000000291e+00,5.237893711493357696e-02,2.634456053307587808e-08,1.268986624725104428e-01,6.326183817885100424e-02,-4.699688549310034880e-01
5.079999999999999183e+00,5.240591016295970128e-02,2.909745799861696014e-08,1.292603767904424994e-01,6.326183817885100424e-02,-4.701539549132527362e-01
5.081999999999999851e+00,5.243384867330735943e-02,2.009497068744536818e-08,1.316016679653591037e-01,6.326183817885100424e-02,-4.703390548955020400e-01
5.083999999999999631e+00,5.246279399355402440e-02,8.572905052517398872e-09,1.339220546723312866e-01,6.326183817885100424e-02,-4.705241548777513438e-01
5.086000000000000298e+00,5.249278670370383093e-02,5.222497101442513667e-09,1.362211915829814601e-01,6.326183817885100424e-02,-4.707092548600007031e-01
5.088000000000000078e+00,5.252386020436994318e-02,1.279324091107980621e-08,1.384989975889551750e-01,6.326183817885100424e-02,-4.708943548422500069e-01
5.089999999999999858e+00,5.255604170067385006e-02,2.471685955907076959e-08,1.407549089727951064e-01,6.326183817885100424e-02,-4.710794548244993107e-01
5.092000000000000526e+00,5.258935534905129217e-02,3.071957421774129671e-08,1.429884432564596797e-01,6.326183817885100424e-02,-4.712645548067486700e-01
5.094000000000000306e+00,5.262382745778770854e-02,2.515805175296037532e-08,1.451992079835422167e-01,6.326183817885100424e-02,-4.714496547889979738e-01
5.096000000000000085e+00,5.265949325450625107e-02,1.281316075463223569e-08,1.473871167856371511e-01,6.326183817885100424e-02,-4.716347547712472776e-01
5.097999999999999865e+00,5.269639650149327004e-02,5.778728384697728870e-09,1.495516194812478994e-01,6.326183817885100424e-02,-4.718198547534965259e-01
5.099999999999999645e+00,5.273457738652898019e-02,1.171278496414629444e-08,1.516922293986228965e-01,6.326183817885100424e-02,-4.720049547357458852e-01
5.102000000000000313e+00,5.277406219408697918e-02,2.511278818229101262e-08,1.538086146219903583e-01,6.326183817885100424e-02,-4.721900547179951890e-01
5.104000000000000092e+00,5.281486959341730181e-02,3.283360028305537526e-08,1.559007639538912415e-01,6.326183817885100424e-02,-4.723751547002444928e-01
5.105999999999999872e+00,5.285702586210450082e-02,2.804242926757183341e-08,1.579681735602003201e-01,6.326183817885100424e-02,-4.725602546824938521e-01
5.108000000000000540e+00,5.290056921421659730e-02,1.648513869856316205e-08,1.600102367413711590e-01,6.326183817885100424e-02,-4.727453546647431559e-01
5.110000000000000320e+00,5.294554046059152252e-02,9.296143632653297573e-09,1.620265737270863426e-01,6.326183817885100424e-02,-4.729304546469924597e-01
5.111999999999999211e+00,5.299197446465198080e-02,1.258228210510026202e-08,1.640172099501707170e-01,6.326183817885100424e-02,-4.731155546292417080e-01
5.113999999999999879e+00,5.303989973961975579e-02,2.347372951572168631e-08,1.659818211879748595e-01,6.326183817885100424e-02,-4.733006546114910118e-01
5.115999999999999659e+00,5.308934051128588738e-02,3.304662055114704344e-08,1.679198025172065623e-01,6.326183817885100424e-02,-4.734857545937403711e-01
5.118000000000000327e+00,5.314031954897879828e-02,3.280551563733524745e-08,1.698307628445668294e-01,6.326183817885100424e-02,-4.736708545759896749e-01
5.120000000000000107e+00,5.319286503078579642e-02,2.235972995645596484e-08,1.717146403444203273e-01,6.326183817885100424e-02,-4.738559545582389787e-01
5.121999999999999886e+00,5.324701537297593656e-02,1.162589780001610507e-08,1.735711711460925510e-01,6.326183817885100424e-02,-4.740410545404883380e-01
5.124000000000000554e+00,5.330281134515713060e-02,1.205218858046919195e-08,1.753997050565644922e-01,6.326183817885100424e-02,-4.742261545227376418e-01
5.126000000000000334e+00,5.336028201535036875e-02,2.389378572775768816e-08,1.771999375359527562e-01,6.326183817885100424e-02,-4.744112545049869456e-01
5.128000000000000114e+00,5.341944385349151059e-02,3.534862591525467224e-08,1.789718546372561225e-01,6.326183817885100424e-02,-4.745963544872363049e-01
5.129999999999999893e+00,5.348031522153029460e-02,3.557783434526839983e-08,1.807153328204376130e-01,6.326183817885100424e-02,-4.747814544694855532e-01
5.131999999999999673e+00,5.354292650774727935e-02,2.582304992060358018e-08,1.824295999213503827e-01,6.326183817885100424e-02,-4.749665544517348570e-01
5.134000000000000341e+00,5.360731406489838147e-02,1.621765910453376591e-08,1.841142686534378015e-01,6.326183817885100424e-02,-4.751516544339841608e-01
5.136000000000000121e+00,5.367351008973142434e-02,1.515423997400233702e-08,1.857692748378219905e-01,6.326183817885100424e-02,-4.753367544162335201e-01
5.137999999999999901e+00,5.374154036640643728e-02,2.328636206083700699e-08,1.873947146756719806e-01,6.326183817885100424e-02,-4.755218543984828239e-01
5.140000000000000568e+00,5.381142629195800886e-02,3.432893558308336424e-08,1.889898897428511082e-01,6.326183817885100424e-02,-4.757069543807321277e-01
5.142000000000000348e+00,5.388318555295101842e-02,3.911799983935537739e-08,1.905544251557394486e-01,6.326183817885100424e-02,-4.758920543629814870e-01
5.143999999999999240e+00,5.395683689937658123e-02,3.267952353169789603e-08,1.920881382537482363e-01,6.326183817885100424e-02,-4.760771543452307353e-01
5.145999999999999908e+00,5.403240808073217494e-02,2.059995762859756496e-08,1.935911531386224627e-01,6.326183817885100424e-02,-4.762622543274800391e-01
5.147999999999999687e+00,5.410993425571786197e-02,1.552608919208608995e-08,1.950627514114259831e-01,6.326183817885100424e-02,-4.764473543097293429e-01
5.149999999999999467e+00,5.418944368933775735e-02,2.361916473514469317e-08,1.965026033788067616e-01,6.326183817885100424e-02,-4.766324542919786467e-01
5.152000000000000135e+00,5.427094964796508325e-02,3.685140159692679163e-08,1.979105959971571571e-01,6.326183817885100424e-02,-4.768175542742280060e-01
5.153999999999999915e+00,5.435446077616479243e-02,4.210674831028882181e-08,1.992870041731485964e-01,6.326183817885100424e-02,-4.770026542564773098e-01
5.156000000000000583e+00,5.443999554580369882e-02,3.567182849106842468e-08,2.006311001486441592e-01,6.326183817885100424e-02,-4.771877542387266136e-01
5.158000000000000362e+00,5.452758136630242447e-02,2.531325538068784908e-08,2.019423941008478829e-01,6.326183817885100424e-02,-4.773728542209759729e-01
5.160000000000000142e+00,5.461724385387123348e-02,2.057332937344114043e-08,2.032206855881593388e-01,6.326183817885100424e-02,-4.775579542032252767e-01
5.161999999999999922e+00,5.470900228553021716e-02,2.499806617262123609e-08,2.044663780521079610e-01,6.326183817885100424e-02,-4.777430541854745250e-01
5.163999999999999702e+00,5.480287170840825173e-02,3.537003923081982748e-08,2.056789634406989697e-01,6.326183817885100424e-02,-4.779281541677238287e-01
5.165999999999999481e+00,5.489886303936808432e-02,4.381430884770054490e-08,2.068579583332761929e-01,6.326183817885100424e-02,-4.781132541499731881e-01
5.168000000000000149e+00,5.499698440556566315e-02,4.249077956153257674e-08,2.080031006841018548e-01,6.326183817885100424e-02,-4.782983541322224919e-01
5.169999999999999929e+00,5.509724935600091023e-02,3.170088502812973275e-08,2.091147048403814435e-01,6.326183817885100424e-02,-4.784834541144717956e-01
5.172000000000000597e+00,5.519968147178455631e-02,2.235908092007576897e-08,2.101923213054153472e-01,6.326183817885100424e-02,-4.786685540967211550e-01
5.174000000000000377e+00,5.530430374661032822e-02,2.523680120436466723e-08,2.112354227039731080e-01,6.326183817885100424e-02,-4.788536540789704588e-01
5.175999999999999268e+00,5.541112496589417624e-02,3.789664504427747715e-08,2.122438706541527054e-01,6.326183817885100424e-02,-4.790387540612197070e-01
5.177999999999999936e+00,5.552014341385813623e-02,4.733008174273578561e-08,2.132180725715188130e-01,6.326183817885100424e-02,-4.792238540434690108e-01
5.179999999999999716e+00,5.563136280627511976e-02,4.521038776683639071e-08,2.141577355565468799e-01,6.326183817885100424e-02,-4.794089540257183701e-01
5.181999999999999496e+00,5.574479761499984143e-02,3.573912354948305392e-08,2.150621220363398145e-01,6.326183817885100424e-02,-4.795940540079676739e-01
5.184000000000000163e+00,5.586046355889917603e-02,2.848350466599924857e-08,2.159309903582443679e-01,6.326183817885100424e-02,-4.797791539902169777e-01
5.185999999999999943e+00,5.597837033530950190e-02,2.908704943571649437e-08,2.167647199143198644e-01,6.326183817885100424e-02,-4.799642539724663370e-01
5.188000000000000611e+00,5.609852331252440649e-02,3.711600771172385294e-08,2.175633460836015609e-01,6.326183817885100424e-02,-4.801493539547156408e-01
5.190000000000000391e+00,5.622092457364957774e-02,4.718760127087051615e-08,2.183261753493284663e-01,6.326183817885100424e-02,-4.803344539369649446e-01
5.192000000000000171e+00,5.634557131622419668e-02,5.084794474363718564e-08,2.190529790253284426e-01,6.326183817885100424e-02,-4.805195539192142484e-01
5.193999999999999950e+00,5.647246145618289859e-02,4.360151595328431995e-08,2.197439549806372572e-01,6.326183817885100424e-02,-4.807046539014634967e-01
5.195999999999999730e+00,5.660160245947309932e-02,3.218643174207613811e-08,2.203992181665885286e-01,6.326183817885100424e-02,-4.808897538837128560e-01
5.197999999999999510e+00,5.673300721130236646e-02,2.948156074822350092e-08,2.210179985507016442e-01,6.326183817885100424e-02,-4.810748538659621598e-01
5.200000000000000178e+00,5.686667835422598571e-02,3.928336089753514671e-08,2.216001821171866837e-01,6.326183817885100424e-02,-4.812599538482114636e-01
5.201999999999999957e+00,5.700260413219959688e-02,5.128650126806633125e-08,2.221460356076080389e-01,6.326183817885100424e-02,-4.814450538304608229e-01
5.204000000000000625e+00,5.714077234005732198e-02,5.380411860489431319e-08,2.226559138318827125e-01,6.326183817885100424e-02,-4.816301538127101267e-01
5.206000000000000405e+00,5.728118150632888206e-02,4.662929364851464697e-08,2.231289214905928797e-01,6.326183817885100424e-02,-4.818152537949594305e-01
5.207999999999999297e+00,5.742383483499668984e-02,3.822715710644075671e-08,2.235647753538284044e-01,6.326183817885100424e-02,-4.820003537772086788e-01
5.209999999999999964e+00,5.756873047000798937e-02,3.557974170842470585e-08,2.239636139127476055e-01,6.326183817885100424e-02,-4.821854537594580381e-01
5.211999999999999744e+00,5.771586163281816617e-02,4.037192691264124278e-08,2.243260657473412634e-01,6.326183817885100424e-02,-4.823705537417073419e-01
5.213999999999999524e+00,5.786521945744615980e-02,4.996751745700578340e-08,2.246514257521822211e-01,6.326183817885100424e-02,-4.825556537239566457e-01
5.216000000000000192e+00,5.801679026426409536e-02,5.734805819113120151e-08,2.249394392486511740e-01,6.326183817885100424e-02,-4.827407537062060050e-01
5.217999999999999972e+00,5.817055687169248035e-02,5.495426036450368201e-08,2.251900955566911167e-01,6.326183817885100424e-02,-4.829258536884553088e-01
5.220000000000000639e+00,5.832650840499808975e-02,4.408827591895203568e-08,2.254039934736108419e-01,6.326183817885100424e-02,-4.831109536707046126e-01
5.222000000000000419e+00,5.848464333992897668e-02,3.666671932744947071e-08,2.255804285097998685e-01,6.326183817885100424e-02,-4.832960536529539719e-01
5.224000000000000199e+00,5.864495609492370587e-02,4.188370961166754114e-08,2.257191495353774724e-01,6.326183817885100424e-02,-4.834811536352032757e-01
5.225999999999999979e+00,5.880742585380815957e-02,5.434391170400232340e-08,2.258202691116264482e-01,6.326183817885100424e-02,-4.836662536174525240e-01
5.227999999999999758e+00,5.897202514804478213e-02,6.106899208546678892e-08,2.258845737522217623e-01,6.326183817885100424e-02,-4.838513535997018278e-01
5.229999999999999538e+00,5.913873499284405533e-02,5.721176210560230402e-08,2.259114497262683652e-01,6.326183817885100424e-02,-4.840364535819511316e-01
5.232000000000000206e+00,5.930754428801809919e-02,4.900275796249076166e-08,2.259003818907470151e-01,6.326183817885100424e-02,-4.842215535642004909e-01
5.233999999999999986e+00,5.947843887620518633e-02,4.408854592519162452e-08,2.258513371721260765e-01,6.326183817885100424e-02,-4.844066535464497947e-01
5.235999999999999766e+00,5.965139876107206085e-02,4.558202693072388456e-08,2.257651720789290439e-01,6.326183817885100424e-02,-4.845917535286990985e-01
5.238000000000000433e+00,5.982640247682668999e-02,5.306282768735570698e-08,2.256416454476742328e-01,6.326183817885100424e-02,-4.847768535109484578e-01
5.239999999999999325e+00,6.000342559269311593e-02,6.218119164014268563e-08,2.254802671215912491e-01,6.326183817885100424e-02,-4.849619534931977061e-01
5.241999999999999993e+00,6.018243777262632932e-02,6.470659641433229581e-08,2.252809745153608878e-01,6.326183817885100424e-02,-4.851470534754470099e-01
5.243999999999999773e+00,6.036341022535018919e-02,5.677270797921352141e-08,2.250444352155138161e-01,6.326183817885100424e-02,-4.853321534576963137e-01
5.245999999999999552e+00,6.054632428025130686e-02,4.655488206051217048e-08,2.247705015754495883e-01,6.326183817885100424e-02,-4.855172534399456730e-01
5.248000000000000220e+00,6.073116392126232110e-02,4.643185647079661749e-08,2.244585727766422178e-01,6.326183817885100424e-02,-4.857023534221949768e-01
5.250000000000000000e+00,6.091790042900979696e-02,5.712774753252602977e-08,2.241087531133554855e-01,6.326183817885100424e-02,-4.858874534044442806e-01
5.251999999999999780e+00,6.110649346075891497e-02,6.690711096268842084e-08,2.237218099927005821e-01,6.326183817885100424e-02,-4.860725533866936399e-01
5.254000000000000448e+00,6.129690673782106636e-02,6.688295095536034296e-08,2.232978804689382257e-01,6.326183817885100424e-02,-4.862576533689429437e-01
5.256000000000000227e+00,6.148911406630075405e-02,6.001576369207839434e-08,2.228361085349486181e-01,6.326183817885100424e-02,-4.864427533511922475e-01
5.258000000000000007e+00,6.168308927855892243e-02,5.394380109269292234e-08,2.223364263855873157e-01,6.326183817885100424e-02,-4.866278533334414957e-01
5.259999999999999787e+00,6.187879979621402349e-02,5.273141567840866628e-08,2.217994721921602297e-01,6.326183817885100424e-02,-4.868129533156908550e-01
5.261999999999999567e+00,6.207621099637261608e-02,5.726631202573884138e-08,2.212258000514038536e-01,6.326183817885100424e-02,-4.869980532979401588e-01
5.264000000000000234e+00,6.227528783099511855e-02,6.601251012483544400e-08,2.206146722604388488e-01,6.326183817885100424e-02,-4.871831532801894626e-01
5.266000000000000014e+00,6.247598952048671883e-02,7.233347676383061753e-08,2.199660699529786823e-01,6.326183817885100424e-02,-4.873682532624388219e-01
5.267999999999999794e+00,6.267827209649190490e-02,6.886634540403946403e-08,2.192803940657052642e-01,6.326183817885100424e-02,-4.875533532446881257e-01
5.270000000000000462e+00,6.288209942996525470e-02,5.835726968328458497e-08,2.185582550702912519e-01,6.326183817885100424e-02,-4.877384532269374295e-01
5.271999999999999353e+00,6.308744326820381332e-02,5.331971575373017913e-08,2.177988185804932142e-01,6.326183817885100424e-02,-4.879235532091866778e-01
5.274000000000000021e+00,6.329426805510829368e-02,6.038490218962522249e-08,2.170021530237546958e-01,6.329426805510829368e-02,-4.881086531914359816e-01
5.275999999999999801e+00,6.350252407308876190e-02,7.150725300775206961e-08,2.161687603488962051e-01,6.350252407308876190e-02,-4.882937531736853409e-01
5.277999999999999581e+00,6.371216009987967777e-02,7.524784495505087989e-08,2.152995601295337735e-01,6.371216009987967777e-02,-4.884788531559346447e-01
5.280000000000000249e+00,6.392313515013015035e-02,7.058848738861200900e-08,2.143936620841284668e-01,6.392313515013015035e-02,-4.886639531381839485e-01
5.282000000000000028e+00,6.413541221118690405e-02,6.436746058380293789e-08,2.134508656918784331e-01,6.413541221118690405e-02,-4.888490531204333078e-01
5.283999999999999808e+00,6.434894826506554200e-02,6.138458785720501965e-08,2.124714690298831199e-01,6.434894826506554200e-02,-4.890341531026826116e-01
5.286000000000000476e+00,6.456369664601624425e-02,6.301422483812046949e-08,2.114566291693339428e-01,6.456369664601624425e-02,-4.892192530849319154e-01
5.288000000000000256e+00,6.477961210173832640e-02,6.973215016525813326e-08,2.104057820924104538e-01,6.477961210173832640e-02,-4.894043530671812747e-01
5.290000000000000036e+00,6.499664615877842611e-02,7.791847078664204673e-08,2.093187686296349437e-01,6.499664615877842611e-02,-4.895894530494305230e-01
5.291999999999999815e+00,6.521474417447570282e-02,7.923429001799320304e-08,2.081957635106415072e-01,6.521474417447570282e-02,-4.897745530316798268e-01
5.293999999999999595e+00,6.543385482843511181e-02,7.087868614252812449e-08,2.070378034143207646e-01,6.543385482843511181e-02,-4.899596530139291306e-01
5.296000000000000263e+00,6.565393707786582045e-02,6.245310280039717554e-08,2.058443561855858306e-01,6.565393707786582045e-02,-4.901447529961784899e-01
5.298000000000000043e+00,6.587494931066251169e-02,6.480213976534088260e-08,2.046151787031725844e-01,6.587494931066251169e-02,-4.903298529784277937e-01
5.299999999999999822e+00,6.609683648076913887e-02,7.530072976269508445e-08,2.033506173767932745e-01,6.609683648076913887e-02,-4.905149529606770975e-01
5.302000000000000490e+00,6.631953656982514378e-02,8.213658697631132100e-08,2.020519013809601860e-01,6.631953656982514378e-02,-4.907000529429264568e-01
5.303999999999999382e+00,6.654299563147991758e-02,8.021512076794579116e-08,2.007187309409736997e-01,6.654299563147991758e-02,-4.908851529251757051e-01
5.306000000000000050e+00,6.676716747613875569e-02,7.463477247338090592e-08,1.993505203975363127e-01,6.676716747613875569e-02,-4.910702529074250089e-01
5.307999999999999829e+00,6.699200192954646305e-02,7.083262276719182182e-08,1.979474145698330023e-01,6.699200192954646305e-02,-4.912553528896743127e-01
5.309999999999999609e+00,6.721744318066413815e-02,7.026943127375062659e-08,1.965105949904404348e-01,6.721744318066413815e-02,-4.914404528719236165e-01
5.312000000000000277e+00,6.744343700789245943e-02,7.414996661125883293e-08,1.950402504647075208e-01,6.744343700789245943e-02,-4.916255528541729758e-01
5.314000000000000057e+00,6.766992967861429342e-02,8.206165180713043128e-08,1.935358536569437016e-01,6.766992967861429342e-02,-4.918106528364222796e-01
5.315999999999999837e+00,6.789686104649028664e-02,8.723710009927998499e-08,1.919975779917338921e-01,6.789686104649028664e-02,-4.919957528186715834e-01
5.318000000000000504e+00,6.812416926299358355e-02,8.278003649220266880e-08,1.904263344875456454e-01,6.812416926299358355e-02,-4.921808528009209427e-01
5.320000000000000284e+00,6.835180178047828292e-02,7.321698669571219398e-08,1.888224167886309868e-01,6.835180178047828292e-02,-4.923659527831702465e-01
5.322000000000000064e+00,6.857971167471665908e-02,7.081735320380033727e-08,1.871851187457214127e-01,6.857971167471665908e-02,-4.925510527654194948e-01
5.323999999999999844e+00,6.880784244305448993e-02,7.886589314942682449e-08,1.855147780915169520e-01,6.880784244305448993e-02,-4.927361527476687986e-01
5.325999999999999623e+00,6.903612668676262221e-02,8.760141712027547101e-08,1.838124089683935702e-01,6.903612668676262221e-02,-4.929212527299181579e-01
5.328000000000000291e+00,6.926450094470726349e-02,8.857147282270716460e-08,1.820786995845615763e-01,6.926450094470726349e-02,-4.931063527121674617e-01
5.330000000000000071e+00,6.949291202722918115e-02,8.418382257957546244e-08,1.803127116140440522e-01,6.949291202722918115e-02,-4.932914526944167655e-01
5.331999999999999851e+00,6.972130634826723128e-02,8.029061915326707322e-08,1.785145314224070301e-01,6.972130634826723128e-02,-4.934765526766661248e-01
5.334000000000000519e+00,6.994962335380028318e-02,7.855327988082194679e-08,1.766849374440587761e-01,6.994962335380028318e-02,-4.936616526589154286e-01
5.335999999999999410e+00,7.017780240366877642e-02,7.973114102277634174e-08,1.748250362957632920e-01,7.017780240366877642e-02,-4.938467526411646769e-01
5.338000000000000078e+00,7.040578659144192120e-02,8.564278586309370667e-08,1.729341064220472068e-01,7.040578659144192120e-02,-4.940318526234139807e-01
5.339999999999999858e+00,7.063351518556471031e-02,9.284728774705541809e-08,1.710123113439725451e-01,7.063351518556471031e-02,-4.942169526056633400e-01
5.341999999999999638e+00,7.086092201891092124e-02,9.289050317828895231e-08,1.690601938526785641e-01,7.086092201891092124e-02,-4.944020525879126438e-01
5.344000000000000306e+00,7.108794645001748069e-02,8.457626243796312338e-08,1.670788544043702029e-01,7.108794645001748069e-02,-4.945871525701619476e-01
5.346000000000000085e+00,7.131453736305815028e-02,7.847110872205576015e-08,1.650674780528333940e-01,7.131453736305815028e-02,-4.947722525524113069e-01
5.347999999999999865e+00,7.154064002538129685e-02,8.278770347036612520e-08,1.630262306093672731e-01,7.154064002538129685e-02,-4.949573525346606107e-01
5.350000000000000533e+00,7.176618756216890382e-02,9.189043226331961023e-08,1.609557912234805821e-01,7.176618756216890382e-02,-4.951424525169099145e-01
5.352000000000000313e+00,7.199111188340112655e-02,9.550063817531651011e-08,1.588575925785900012e-01,7.199111188340112655e-02,-4.953275524991592182e-01
5.354000000000000092e+00,7.221535554298719184e-02,9.265474065767165257e-08,1.567308948470691465e-01,7.221535554298719184e-02,-4.955126524814084665e-01
5.355999999999999872e+00,7.243886520556908071e-02,8.908066329027519714e-08,1.545755032714396515e-01,7.243886520556908071e-02,-4.956977524636578258e-01
5.357999999999999652e+00,7.266158079599804864e-02,8.710382715104714180e-08,1.523918337097941444e-01,7.266158079599804864e-02,-4.958828524459071296e-01
5.360000000000000320e+00,7.288343926454965427e-02,8.645307059129692107e-08,1.501814407339916446e-01,7.288343926454965427e-02,-4.960679524281564334e-01
5.362000000000000099e+00,7.310438265338981001e-02,8.951087693276349455e-08,1.479440342979895240e-01,7.310438265338981001e-02,-4.962530524104057927e-01
5.363999999999999879e+00,7.332435359108024908e-02,9.659067845557700593e-08,1.456794692788824230e-01,7.332435359108024908e-02,-4.964381523926550965e-01
5.366000000000000547e+00,7.354328816386235257e-02,1.004811077676137643e-07,1.433881072650762256e-01,7.354328816386235257e-02,-4.966232523749044003e-01
5.367999999999999439e+00,7.376112299903658798e-02,9.529845312883367114e-08,1.410712872456397760e-01,7.376112299903658798e-02,-4.968083523571536486e-01
5.370000000000000107e+00,7.397780474705861753e-02,8.734417467071153851e-08,1.387287833700611150e-01,7.397780474705861753e-02,-4.969934523394030079e-01
5.371999999999999886e+00,7.419328287554283197e-02,8.749824453868626506e-08,1.363602588033008267e-01,7.419328287554283197e-02,-4.971785523216523117e-01
5.373999999999999666e+00,7.440749649136590982e-02,9.539062584273949597e-08,1.339662662816769600e-01,7.440749649136590982e-02,-4.973636523039016155e-01
5.376000000000000334e+00,7.462037876604199482e-02,1.009912128369094830e-07,1.315483168175768380e-01,7.462037876604199482e-02,-4.975487522861509748e-01
5.378000000000000114e+00,7.483187140832348039e-02,9.986749005541639690e-08,1.291065629151643135e-01,7.483187140832348039e-02,-4.977338522684002786e-01
5.379999999999999893e+00,7.504192450023527972e-02,9.675102552453296312e-08,1.266402999321547540e-01,7.504192450023527972e-02,-4.979189522506495824e-01
5.382000000000000561e+00,7.525048370723830260e-02,9.509980536392959038e-08,1.241498258109288155e-01,7.525048370723830260e-02,-4.981040522328989417e-01
5.384000000000000341e+00,7.545748864733747840e-02,9.382064569685155675e-08,1.216364630582272843e-01,7.545748864733747840e-02,-4.982891522151482455e-01
5.386000000000000121e+00,7.566288300046519755e-02,9.419619972916848383e-08,1.191008976042330358e-01,7.566288300046519755e-02,-4.984742521973974938e-01
5.387999999999999901e+00,7.586661544162320858e-02,9.933135891593281031e-08,1.165425330583794716e-01,7.586661544162320858e-02,-4.986593521796467976e-01
5.389999999999999680e+00,7.606863014205855755e-02,1.054165571501286536e-07,1.139617538949686537e-01,7.606863014205855755e-02,-4.988444521618961014e-01
5.392000000000000348e+00,7.626886738783145159e-02,1.042433241948970135e-07,1.113595771193316430e-01,7.626886738783145159e-02,-4.990295521441454607e-01
5.394000000000000128e+00,7.646727488661320127e-02,9.661286604067953476e-08,1.087367729396911953e-01,7.646727488661320127e-02,-4.992146521263947645e-01
5.395999999999999908e+00,7.666380797512650780e-02,9.313740001459791529e-08,1.060925222113242583e-01,7.666380797512650780e-02,-4.993997521086440683e-01
5.398000000000000576e+00,7.685841609905585958e-02,9.853604931997494987e-08,1.034273132315385313e-01,7.685841609905585958e-02,-4.995848520908934276e-01
5.399999999999999467e+00,7.705103972384130806e-02,1.051538341956259615e-07,1.007422702975071527e-01,7.705103972384130806e-02,-4.997699520731426759e-01
5.402000000000000135e+00,7.724162385410515697e-02,1.057676631832649150e-07,9.803862030888821355e-02,7.724162385410515697e-02,-4.999550520553919797e-01
5.403999999999999915e+00,7.743012454015352208e-02,1.031078551427810908e-07,9.531540688642514692e-02,7.743012454015352208e-02,-5.001401520376412835e-01
5.405999999999999694e+00,7.761649757963418050e-02,1.018745375835905520e-07,9.257278775887967104e-02,7.761649757963418050e-02,-5.003252520198906428e-01
5.408000000000000362e+00,7.780069088880203765e-02,1.010259712552752376e-07,8.981156679741608695e-02,7.780069088880203765e-02,-5.005103520021398911e-01
5.410000000000000142e+00,7.798265314066910037e-02,9.973499315307776669e-08,8.703330031866163274e-02,7.798265314066910037e-02,-5.006954519843892504e-01
5.411999999999999922e+00,7.816234082971051933e-02,1.019643479649445794e-07,8.423735310762625605e-02,7.816234082971051933e-02,-5.008805519666386097e-01
5.414000000000000590e+00,7.833971031086428560e-02,1.081368399269422298e-07,8.142396937827744985e-02,7.833971031086428560e-02,-5.010656519488878580e-01
5.416000000000000369e+00,7.851471191507408687e-02,1.106391396277217609e-07,7.859377530697175818e-02,7.851471191507408687e-02,-5.012507519311372173e-01
5.417999999999999261e+00,7.868729879290692342e-02,1.052228607578697961e-07,7.574823588868162538e-02,7.868729879290692342e-02,-5.014358519133864656e-01
5.419999999999999929e+00,7.885743365442432484e-02,9.947439427726578742e-08,7.288665055483745103e-02,7.885743365442432484e-02,-5.016209518956358249e-01
5.421999999999999709e+00,7.902507897212673882e-02,1.016913154794352181e-07,7.000914178677175581e-02,7.902507897212673882e-02,-5.018060518778850732e-01
5.424000000000000377e+00,7.919018785027343021e-02,1.081923064472078977e-07,6.711649613687176164e-02,7.919018785027343021e-02,-5.019911518601344325e-01
5.426000000000000156e+00,7.935271313866187892e-02,1.103711725347622519e-07,6.421048643682247814e-02,7.935271313866187892e-02,-5.021762518423837918e-01
5.427999999999999936e+00,7.951261897338091078e-02,1.081654630308293008e-07,6.129064926137295366e-02,7.951261897338091078e-02,-5.023613518246330401e-01
5.430000000000000604e+00,7.966987424078220137e-02,1.070572528405477897e-07,5.835668883476674562e-02,7.966987424078220137e-02,-5.025464518068823994e-01
5.431999999999999496e+00,7.982444027337776138e-02,1.071945237018923081e-07,5.540909037936203596e-02,7.982444027337776138e-02,-5.027315517891316476e-01
5.433999999999999275e+00,7.997627485520397705e-02,1.056578039504429967e-07,5.244958617430783843e-02,7.997627485520397705e-02,-5.029166517713810070e-01
5.435999999999999943e+00,8.012534350525768456e-02,1.051090757764328032e-07,4.947824038466741570e-02,8.012534350525768456e-02,-5.031017517536302552e-01
5.437999999999999723e+00,8.027161684033612410e-02,1.094736846729560398e-07,4.649481505770125533e-02,8.027161684033612410e-02,-5.032868517358796145e-01
5.440000000000000391e+00,8.041506036218493136e-02,1.142625259964447082e-07,4.349982706242083719e-02,8.041506036218493136e-02,-5.034719517181289739e-01
5.442000000000000171e+00,8.055563760053574551e-02,1.121417625427056919e-07,4.049472416464106050e-02,8.055563760053574551e-02,-5.036570517003782221e-01
5.443999999999999950e+00,8.069332034994891600e-02,1.059230915201325729e-07,3.747965557992583019e-02,8.069332034994891600e-02,-5.038421516826275814e-01
5.446000000000000618e+00,8.082808522569595588e-02,1.050372916422404046e-07,3.445409669552623733e-02,8.082808522569595588e-02,-5.040272516648769408e-01
5.448000000000000398e+00,8.095990174780687276e-02,1.103597720986115860e-07,3.141872878431950511e-02,8.095990174780687276e-02,-5.042123516471261890e-01
5.449999999999999289e+00,8.108873501058588840e-02,1.137260369210579825e-07,2.837513791932821938e-02,8.108873501058588840e-02,-5.043974516293754373e-01
5.451999999999999957e+00,8.121455916179853851e-02,1.120490116246486423e-07,2.532396268354519808e-02,8.121455916179853851e-02,-5.045825516116247966e-01
5.453999999999999737e+00,8.133735745668457806e-02,1.106093390212947725e-07,2.226435473009014121e-02,8.133735745668457806e-02,-5.047676515938741559e-01
5.456000000000000405e+00,8.145710842022879650e-02,1.116345988982914150e-07,1.919669177295724172e-02,8.145710842022879650e-02,-5.049527515761234042e-01
5.458000000000000185e+00,8.157378315185204176e-02,1.111384562157979872e-07,1.612224574308751546e-02,8.157378315185204176e-02,-5.051378515583727635e-01
5.459999999999999964e+00,8.168735753960942869e-02,1.089000153386976422e-07,1.304214612573495469e-02,8.168735753960942869e-02,-5.053229515406221228e-01
5.462000000000000632e+00,8.179781652703710382e-02,1.103570891336502768e-07,9.955715430048250880e-03,8.179781652703710382e-02,-5.055080515228713711e-01
5.463999999999999524e+00,8.190514377449709116e-02,1.154624631460876572e-07,6.863453634359584221e-03,8.190514377449709116e-02,-5.056931515051206194e-01
5.465999999999999304e+00,8.200931777535580558e-02,1.166211486269830289e-07,3.766351171690773825e-03,8.200931777535580558e-02,-5.058782514873699787e-01
5.467999999999999972e+00,8.211032146929397868e-02,1.116630503616988790e-07,6.655719855878095004e-04,8.211032146929397868e-02,-5.060633514696193380e-01
5.469999999999999751e+00,8.220814552648891826e-02,1.084924839966916466e-07,2.439787998160025673e-03,8.220814552648891826e-02,-5.062484514518685863e-01
5.472000000000000419e+00,8.230277763045945605e-02,1.118949588541084950e-07,5.549235842322475243e-03,8.230277763045945605e-02,-5.064335514341179456e-01
5.474000000000000199e+00,8.239419861672336864e-02,1.158949358703864618e-07,8.661670166516977076e-03,8.239419861672336864e-02,-5.066186514163673049e-01
5.475999999999999979e+00,8.248239443498284196e-02,1.148940893536121166e-07,1.177547055756289485e-02,8.248239443498284196e-02,-5.068037513986165532e-01
5.478000000000000647e+00,8.256736256090757564e-02,1.127570693482127240e-07,1.489152955801409384e-02,8.256736256090757564e-02,-5.069888513808659125e-01
5.480000000000000426e+00,8.264910042281681246e-02,1.140124611387349773e-07,1.800974667542731833e-02,8.264910042281681246e-02,-5.071739513631152718e-01
5.481999999999999318e+00,8.272759602165469239e-02,1.152518454006212778e-07,2.112938774380268558e-02,8.272759602165469239e-02,-5.073590513453645201e-01
5.483999999999999986e+00,8.280283718874870136e-02,1.129396430821216768e-07,2.424866003614079002e-02,8.280283718874870136e-02,-5.075441513276137684e-01
5.485999999999999766e+00,8.287482204234186689e-02,1.114997816298313182e-07,2.736804943484394403e-02,8.287482204234186689e-02,-5.077292513098631277e-01
5.488000000000000433e+00,8.294355269649900109e-02,1.150170478858569822e-07,3.048737862917516583e-02,8.294355269649900109e-02,-5.079143512921123760e-01
5.490000000000000213e+00,8.300902579889346544e-02,1.183902178514273373e-07,3.360599627589344607e-02,8.300902579889346544e-02,-5.080994512743617353e-01
5.491999999999999993e+00,8.307123768672886044e-02,1.158434599357605066e-07,3.672228370401264819e-02,8.307123768672886044e-02,-5.082845512566110946e-01
5.494000000000000661e+00,8.313019233826013377e-02,1.117003531891924695e-07,3.983674815116500234e-02,8.313019233826013377e-02,-5.084696512388603429e-01
5.495999999999999552e+00,8.318589522456198981e-02,1.129485648343475646e-07,4.294946394582666027e-02,8.318589522456198981e-02,-5.086547512211095912e-01
5.497999999999999332e+00,8.323834491698123283e-02,1.169495696951017294e-07,4.605962207335700942e-02,8.323834491698123283e-02,-5.088398512033589505e-01
5.500000000000000000e+00,8.328754053757014830e-02,1.167767770260397242e-07,4.916535605301108891e-02,8.328754053757014830e-02,-5.090249511856083098e-01
5.501999999999999780e+00,8.333349273066203988e-02,1.138550723700504363e-07,5.226678443629806381e-02,8.333349273066203988e-02,-5.092100511678575581e-01
5.503999999999999559e+00,8.337621720641585910e-02,1.144073534797840352e-07,5.536440216446636420e-02,8.337621720641585910e-02,-5.093951511501069174e-01
5.506000000000000227e+00,8.341572102391836552e-02,1.172558289352920724e-07,5.845771945951205861e-02,8.341572102391836552e-02,-5.095802511323562767e-01
5.508000000000000007e+00,8.345200560262289180e-02,1.164243491613703441e-07,6.154507575110823581e-02,8.345200560262289180e-02,-5.097653511146055250e-01
5.510000000000000675e+00,8.348508058766690443e-02,1.131575949608887299e-07,6.462605415863353908e-02,8.348508058766690443e-02,-5.099504510968548843e-01
5.512000000000000455e+00,8.351496442840111722e-02,1.138655471022431698e-07,6.770107753102394543e-02,8.351496442840111722e-02,-5.101355510791042436e-01
5.513999999999999346e+00,8.354167283021296520e-02,1.177167442412141440e-07,7.076955112513827473e-02,8.354167283021296520e-02,-5.103206510613534919e-01
5.516000000000000014e+00,8.356521736466249184e-02,1.178145309088662884e-07,7.383011913487202982e-02,8.356521736466249184e-02,-5.105057510436027401e-01
5.517999999999999794e+00,8.358561446444356946e-02,1.141009499106004910e-07,7.688227971971139940e-02,8.358561446444356946e-02,-5.106908510258520995e-01
5.519999999999999574e+00,8.360288525147119287e-02,1.135223269832508208e-07,7.992679513506728561e-02,8.360288525147119287e-02,-5.108759510081014588e-01
5.522000000000000242e+00,8.361704600398744969e-02,1.169614770590854391e-07,8.296298216051156693e-02,8.361704600398744969e-02,-5.110610509903507070e-01
5.524000000000000021e+00,8.362810978107271254e-02,1.176884788511856073e-07,8.598938244295162292e-02,8.362810978107271254e-02,-5.112461509726000664e-01
5.526000000000000689e+00,8.363609870446464534e-02,1.142351774285899069e-07,8.900495743200864673e-02,8.363609870446464534e-02,-5.114312509548494257e-01
5.527999999999999581e+00,8.364104421061935302e-02,1.132405370585232163e-07,9.201068326240557926e-02,8.364104421061935302e-02,-5.116163509370986739e-01
5.529999999999999361e+00,8.364297241137641503e-02,1.168071718238294920e-07,9.500621859708346939e-02,8.364297241137641503e-02,-5.118014509193479222e-01
5.532000000000000028e+00,8.364189960561607684e-02,1.184002336174216907e-07,9.799049984858942963e-02,8.364297241137641503e-02,-5.119865509015972815e-01
5.533999999999999808e+00,8.363784543249130898e-02,1.150427779705864850e-07,1.009621195915748615e-01,8.364297241137641503e-02,-5.121716508838466408e-01
5.535999999999999588e+00,8.363084083046024020e-02,1.127963186187130873e-07,1.039218192068194213e-01,8.364297241137641503e-02,-5.123567508660958891e-01
5.538000000000000256e+00,8.362091887524036871e-02,1.153086528482560880e-07,1.068691318910847121e-01,8.364297241137641503e-02,-5.125418508483452484e-01
5.540000000000000036e+00,8.360810698254084183e-02,1.173169915658078821e-07,1.098031995754998880e-01,8.364297241137641503e-02,-5.127269508305946077e-01
5.542000000000000703e+00,8.359243327042964467e-02,1.150799326943285905e-07,1.127226464320532084e-01,8.364297241137641503e-02,-5.129120508128438560e-01
5.544000000000000483e+00,8.357393134507173915e-02,1.134454165052645180e-07,1.156284026683455091e-01,8.364297241137641503e-02,-5.130971507950932153e-01
5.545999999999999375e+00,8.355263311505578550e-02,1.159810973927477562e-07,1.185201435110976309e-01,8.364297241137641503e-02,-5.132822507773424636e-01
5.548000000000000043e+00,8.352856516793794039e-02,1.175515612628075246e-07,1.213969033845292422e-01,8.364297241137641503e-02,-5.134673507595918229e-01
5.549999999999999822e+00,8.350175925924629983e-02,1.140911013441936461e-07,1.242569089581746500e-01,8.364297241137641503e-02,-5.136524507418410712e-01
5.551999999999999602e+00,8.347225852408768354e-02,1.111099927619818573e-07,1.271009118914698810e-01,8.364297241137641503e-02,-5.138375507240904305e-01
5.554000000000000270e+00,8.344010585162431326e-02,1.140488640194448067e-07,1.299290054632633584e-01,8.364297241137641503e-02,-5.140226507063397898e-01
5.556000000000000050e+00,8.340533266457239581e-02,1.180672896117229698e-07,1.327405969687022180e-01,8.364297241137641503e-02,-5.142077506885890381e-01
5.558000000000000718e+00,8.336796742442276198e-02,1.164167012790429112e-07,1.355339251492448938e-01,8.364297241137641503e-02,-5.143928506708383974e-01
5.559999999999999609e+00,8.332804909150226536e-02,1.121863333342076885e-07,1.383092925531270723e-01,8.364297241137641503e-02,-5.145779506530876457e-01
5.561999999999999389e+00,8.328562391115956753e-02,1.120821460087739752e-07,1.410667355827731617e-01,8.364297241137641503e-02,-5.147630506353370050e-01
5.564000000000000057e+00,8.324073404383003361e-02,1.145668855340176151e-07,1.438056428127771902e-01,8.364297241137641503e-02,-5.149481506175862533e-01
5.565999999999999837e+00,8.319341829033988223e-02,1.141560829198695615e-07,1.465244818656838977e-01,8.364297241137641503e-02,-5.151332505998356126e-01
5.567999999999999616e+00,8.314371937449804850e-02,1.124076758340919469e-07,1.492235319591113107e-01,8.364297241137641503e-02,-5.153183505820848609e-01
5.570000000000000284e+00,8.309168105235809065e-02,1.140118789377808639e-07,1.519031797656631433e-01,8.364297241137641503e-02,-5.155034505643342202e-01
5.572000000000000064e+00,8.303734166740728284e-02,1.162568785684214845e-07,1.545626944451595763e-01,8.364297241137641503e-02,-5.156885505465835795e-01
5.574000000000000732e+00,8.298074048662740232e-02,1.134272803460234513e-07,1.572003724383777001e-01,8.364297241137641503e-02,-5.158736505288328278e-01
5.576000000000000512e+00,8.292192782709895127e-02,1.085906772280154087e-07,1.598160025699545406e-01,8.364297241137641503e-02,-5.160587505110821871e-01
5.577999999999999403e+00,8.286095891697786708e-02,1.095511462656517665e-07,1.624103307460654788e-01,8.364297241137641503e-02,-5.162438504933314354e-01
5.580000000000000071e+00,8.279787902103297181e-02,1.150354127510411217e-07,1.649829465855994215e-01,8.364297241137641503e-02,-5.164289504755807947e-01
5.581999999999999851e+00,8.273272452465341154e-02,1.163301939222094461e-07,1.675324793147608959e-01,8.364297241137641503e-02,-5.166140504578300430e-01
5.583999999999999631e+00,8.266553819893163180e-02,1.118765866614523929e-07,1.700582505206521544e-01,8.364297241137641503e-02,-5.167991504400794023e-01
5.586000000000000298e+00,8.259637367887484594e-02,1.088663622583752044e-07,1.725609111905196391e-01,8.364297241137641503e-02,-5.169842504223287616e-01
5.588000000000000078e+00,8.252528455540597552e-02,1.101991701224491749e-07,1.750399070297511406e-01,8.364297241137641503e-02,-5.171693504045780099e-01
5.590000000000000746e+00,8.245231886365345098e-02,1.111491023664257227e-07,1.774941371117904065e-01,8.364297241137641503e-02,-5.173544503868273692e-01
5.591999999999999638e+00,8.237752526083630400e-02,1.100546472843078050e-07,1.799228608214662462e-01,8.364297241137641503e-02,-5.175395503690766175e-01
5.593999999999999417e+00,8.230095468623432886e-02,1.109950897859590668e-07,1.823270636208812467e-01,8.364297241137641503e-02,-5.177246503513259768e-01
5.596000000000000085e+00,8.222265403668849171e-02,1.137001005568905043e-07,1.847062130824375092e-01,8.364297241137641503e-02,-5.179097503335752251e-01
5.597999999999999865e+00,8.214266767821065685e-02,1.120759620665268130e-07,1.870591370363405836e-01,8.364297241137641503e-02,-5.180948503158245844e-01
5.599999999999999645e+00,8.206104861314345023e-02,1.060659492457816100e-07,1.893845846887234341e-01,8.364297241137641503e-02,-5.182799502980739437e-01
5.602000000000000313e+00,8.197785871260965251e-02,1.041323933748117270e-07,1.916836035061344479e-01,8.364297241137641503e-02,-5.184650502803231920e-01
5.604000000000000092e+00,8.189315390878892931e-02,1.094533282897103277e-07,1.939560207050994300e-01,8.364297241137641503e-02,-5.186501502625725513e-01
5.605999999999999872e+00,8.180697748233511923e-02,1.139361268664984550e-07,1.962010806474083768e-01,8.364297241137641503e-02,-5.188352502448219106e-01
5.608000000000000540e+00,8.171937276713825415e-02,1.112254333079931712e-07,1.984173349285071053e-01,8.364297241137641503e-02,-5.190203502270711589e-01
5.609999999999999432e+00,8.163039450715015022e-02,1.061352631337442176e-07,2.006055476493594503e-01,8.364297241137641503e-02,-5.192054502093204071e-01
5.612000000000000099e+00,8.154010252656140878e-02,1.050784977918439722e-07,2.027654462482082476e-01,8.364297241137641503e-02,-5.193905501915697664e-01
5.613999999999999879e+00,8.144855161633590690e-02,1.062705737853164578e-07,2.048963763761546542e-01,8.364297241137641503e-02,-5.195756501738191258e-01
5.615999999999999659e+00,8.135579357290612101e-02,1.061232720589444511e-07,2.069969836946026209e-01,8.364297241137641503e-02,-5.197607501560683740e-01
5.618000000000000327e+00,8.126188187476779401e-02,1.068217032607066130e-07,2.090681544033643480e-01,8.364297241137641503e-02,-5.199458501383177333e-01
5.620000000000000107e+00,8.116686765256087011e-02,1.098046674696817604e-07,2.111098801797255398e-01,8.364297241137641503e-02,-5.201309501205670927e-01
5.621999999999999886e+00,8.107079758539204040e-02,1.097656762150123200e-07,2.131214172430921927e-01,8.364297241137641503e-02,-5.203160501028163409e-01
5.623999999999999666e+00,8.097372330535290708e-02,1.036355388173149095e-07,2.151011124876776037e-01,8.364297241137641503e-02,-5.205011500850655892e-01
5.625999999999999446e+00,8.087570723364156944e-02,9.862038563568376048e-08,2.170495312017894918e-01,8.364297241137641503e-02,-5.206862500673149485e-01
5.628000000000000114e+00,8.077681120459390129e-02,1.019765373255765439e-07,2.189670587427590132e-01,8.364297241137641503e-02,-5.208713500495643078e-01
5.629999999999999893e+00,8.067708371413717661e-02,1.087771096530687487e-07,2.208532958422348980e-01,8.364297241137641503e-02,-5.210564500318135561e-01
5.631999999999999673e+00,8.057656653447664574e-02,1.093225140413878194e-07,2.227067662656719849e-01,8.364297241137641503e-02,-5.212415500140629154e-01
5.634000000000000341e+00,8.047530997946561460e-02,1.038531109998075408e-07,2.245276018576571886e-01,8.364297241137641503e-02,-5.214266499963122747e-01
5.636000000000000121e+00,8.037337370604880071e-02,1.000324961752951936e-07,2.263161492316417833e-01,8.364297241137641503e-02,-5.216117499785615230e-01
5.637999999999999901e+00,8.027081552695114475e-02,1.000987962518351537e-07,2.280719121422085660e-01,8.364297241137641503e-02,-5.217968499608108823e-01
5.640000000000000568e+00,8.016768792068484917e-02,1.005739730386423503e-07,2.297936537053016925e-01,8.364297241137641503e-02,-5.219819499430602416e-01
5.641999999999999460e+00,8.006404280495282855e-02,1.013823512918676784e-07,2.314814515112645354e-01,8.364297241137641503e-02,-5.221670499253093789e-01
5.644000000000000128e+00,7.995993091953956800e-02,1.045336398552976220e-07,2.331360415060763636e-01,8.364297241137641503e-02,-5.223521499075587382e-01
5.645999999999999908e+00,7.985539800867025306e-02,1.062098221593643643e-07,2.347568782286635347e-01,8.364297241137641503e-02,-5.225372498898080975e-01
5.647999999999999687e+00,7.975049096920394653e-02,1.011153375474194149e-07,2.363426277396144526e-01,8.364297241137641503e-02,-5.227223498720573458e-01
5.650000000000000355e+00,7.964526714191111356e-02,9.363019781716275247e-08,2.378928506978027491e-01,8.364297241137641503e-02,-5.229074498543067051e-01
5.652000000000000135e+00,7.953978848683485037e-02,9.359108532613902298e-08,2.394085269948987849e-01,8.364297241137641503e-02,-5.230925498365560644e-01
5.653999999999999915e+00,7.943410615348600601e-02,1.009580953281741245e-07,2.408894179018461479e-01,8.364297241137641503e-02,-5.232776498188053127e-01
5.655999999999999694e+00,7.932825907850638014e-02,1.052959740510672759e-07,2.423345832475570782e-01,8.364297241137641503e-02,-5.234627498010545610e-01
5.657999999999999474e+00,7.922228921589768991e-02,1.014879363880893948e-07,2.437432454836975237e-01,8.364297241137641503e-02,-5.236478497833039203e-01
5.660000000000000142e+00,7.911624962397056926e-02,9.559025271332899365e-08,2.451162621567751776e-01,8.364297241137641503e-02,-5.238329497655532796e-01
5.661999999999999922e+00,7.901019628650229887e-02,9.343208584589035581e-08,2.464532532121260777e-01,8.364297241137641503e-02,-5.240180497478025279e-01
5.663999999999999702e+00,7.890417979320130115e-02,9.367008302341162107e-08,2.477534700472338036e-01,8.364297241137641503e-02,-5.242031497300518872e-01
5.666000000000000369e+00,7.879824750962360902e-02,9.465001649111570714e-08,2.490161109327790889e-01,8.364297241137641503e-02,-5.243882497123012465e-01
5.668000000000000149e+00,7.869244546455589351e-02,9.790015020882947283e-08,2.502423083988757346e-01,8.364297241137641503e-02,-5.245733496945504948e-01
5.669999999999999929e+00,7.858681511407394904e-02,1.011854636745468383e-07,2.514318195434325220e-01,8.364297241137641503e-02,-5.247584496767998541e-01
5.672000000000000597e+00,7.848139590835079282e-02,9.811741064069678941e-08,2.525838506330758682e-01,8.364297241137641503e-02,-5.249435496590492134e-01
5.673999999999999488e+00,7.837623556437667283e-02,8.942183504778711267e-08,2.536971796825364667e-01,8.364297241137641503e-02,-5.251286496412984617e-01
5.676000000000000156e+00,7.827139034901087200e-02,8.535067941295437777e-08,2.547728455690568827e-01,8.364297241137641503e-02,-5.253137496235477100e-01
5.677999999999999936e+00,7.816691047726531671e-02,9.115236287993155884e-08,2.558109513993053197e-01,8.364297241137641503e-02,-5.254988496057970693e-01
5.679999999999999716e+00,7.806283136325775640e-02,9.861891214768547798e-08,2.568110861302186354e-01,8.364297241137641503e-02,-5.256839495880464286e-01
5.682000000000000384e+00,7.795918450963779112e-02,9.819191526538872949e-08,2.577720067655575598e-01,8.364297241137641503e-02,-5.258690495702956769e-01
5.684000000000000163e+00,7.785601118724705394e-02,9.181041826789027027e-08,2.586944518351834699e-01,8.364297241137641503e-02,-5.260541495525450362e-01
5.685999999999999943e+00,7.775336011455180607e-02,8.705871168412926409e-08,2.595784648870912426e-01,8.364297241137641503e-02,-5.262392495347943955e-01
5.687999999999999723e+00,7.765127714702213524e-02,8.596775813440871161e-08,2.604236353173062235e-01,8.364297241137641503e-02,-5.264243495170436438e-01
5.689999999999999503e+00,7.754980300689495731e-02,8.676774465588010798e-08,2.612288538336297039e-01,8.364297241137641503e-02,-5.266094494992928920e-01
5.692000000000000171e+00,7.744897588224530782e-02,8.998785672176268235e-08,2.619949065211133465e-01,8.364297241137641503e-02,-5.267945494815422514e-01
5.693999999999999950e+00,7.734882975868639932e-02,9.458724115063432691e-08,2.627221749274067375e-01,8.364297241137641503e-02,-5.269796494637916107e-01
5.695999999999999730e+00,7.724939463426550024e-02,9.417739077477449428e-08,2.634101947384377973e-01,8.364297241137641503e-02,-5.271647494460408589e-01
5.698000000000000398e+00,7.715070553354641536e-02,8.586753963424342828e-08,2.640576696045754401e-01,8.364297241137641503e-02,-5.273498494282902183e-01
5.700000000000000178e+00,7.705280795306312935e-02,7.810851077039160373e-08,2.646649839110903901e-01,8.364297241137641503e-02,-5.275349494105395776e-01
5.701999999999999957e+00,7.695574708424668398e-02,8.044389410155616815e-08,2.652328372469144324e-01,8.364297241137641503e-02,-5.277200493927888258e-01
5.704000000000000625e+00,7.685955403799971108e-02,8.931997674821445798e-08,2.657610592277034889e-01,8.364297241137641503e-02,-5.279051493750381852e-01
5.705999999999999517e+00,7.676424972336115538e-02,9.309221504771869604e-08,2.662486365900011420e-01,8.364297241137641503e-02,-5.280902493572874334e-01
5.708000000000000185e+00,7.666986041083456715e-02,8.826043007559292164e-08,2.666955936285644313e-01,8.364297241137641503e-02,-5.282753493395367927e-01
5.709999999999999964e+00,7.657642257885943771e-02,8.151458363858665734e-08,2.671025983701270090e-01,8.364297241137641503e-02,-5.284604493217860410e-01
5.711999999999999744e+00,7.648397413238294806e-02,7.820389669177529868e-08,2.674693477869730107e-01,8.364297241137641503e-02,-5.286455493040354003e-01
5.714000000000000412e+00,7.639254777440540600e-02,7.810246782646856900e-08,2.677950326455650343e-01,8.364297241137641503e-02,-5.288306492862847596e-01
5.716000000000000192e+00,7.630217208542511287e-02,8.098699366687611700e-08,2.680796140590340215e-01,8.364297241137641503e-02,-5.290157492685340079e-01
5.717999999999999972e+00,7.621287132942500264e-02,8.645558768893835122e-08,2.683241186530120337e-01,8.364297241137641503e-02,-5.292008492507833672e-01
5.719999999999999751e+00,7.612466466142320254e-02,8.888707681009577755e-08,2.685282788011036925e-01,8.364297241137641503e-02,-5.293859492330326155e-01
5.721999999999999531e+00,7.603757289542312225e-02,8.252483441051339241e-08,2.686912465682600448e-01,8.364297241137641503e-02,-5.295710492152818638e-01
5.724000000000000199e+00,7.595162717271475294e-02,7.232193199868675038e-08,2.688125184230863440e-01,8.364297241137641503e-02,-5.297561491975312231e-01
5.725999999999999979e+00,7.586686364334405130e-02,7.005717328478766603e-08,2.688932233756572421e-01,8.364297241137641503e-02,-5.299412491797805824e-01
5.727999999999999758e+00,7.578330807261435265e-02,7.803195645195160068e-08,2.689333703402632669e-01,8.364297241137641503e-02,-5.301263491620298307e-01
5.730000000000000426e+00,7.570097192381231022e-02,8.560298059290261108e-08,2.689324934305858394e-01,8.364297241137641503e-02,-5.303114491442791900e-01
5.732000000000000206e+00,7.561986578293222738e-02,8.416106545006130091e-08,2.688899075408903161e-01,8.364297241137641503e-02,-5.304965491265285493e-01
5.733999999999999986e+00,7.554001032924462233e-02,7.690805980953285825e-08,2.688065971896106410e-01,8.364297241137641503e-02,-5.306816491087777976e-01
5.736000000000000654e+00,7.546143226380030988e-02,7.110461741621776355e-08,2.686824653458360079e-01,8.364297241137641503e-02,-5.308667490910271569e-01
5.737999999999999545e+00,7.538415528391517739e-02,6.923313333739855580e-08,2.685171417809797401e-01,8.364297241137641503e-02,-5.310518490732764052e-01
5.740000000000000213e+00,7.530819791291409881e-02,7.123518497298420016e-08,2.683099571124002991e-01,8.364297241137641503e-02,-5.312369490555257645e-01
5.741999999999999993e+00,7.523357375136796588e-02,7.698681103729398956e-08,2.680620766208019479e-01,8.364297241137641503e-02,-5.314220490377750128e-01
5.743999999999999773e+00,7.516029059194395678e-02,8.199902856720342470e-08,2.677736254200354105e-01,8.364297241137641503e-02,-5.316071490200243721e-01
5.746000000000000441e+00,7.508835491538601303e-02,7.878483754275578121e-08,2.674442114636759182e-01,8.364297241137641503e-02,-5.317922490022737314e-01
5.748000000000000220e+00,7.501778175907525270e-02,6.797709195538459426e-08,2.670728719134075058e-01,8.364297241137641503e-02,-5.319773489845229797e-01
5.750000000000000000e+00,7.494859506728068776e-02,6.105618965968062639e-08,2.666605604406104835e-01,8.364297241137641503e-02,-5.321624489667723390e-01
5.751999999999999780e+00,7.488081389508627339e-02,6.586484246895452088e-08,2.662076971761226374e-01,8.364297241137641503e-02,-5.323475489490215873e-01
5.753999999999999559e+00,7.481444210147958351e-02,7.566303616979297431e-08,2.657141995130385403e-01,8.364297241137641503e-02,-5.325326489312709466e-01
5.756000000000000227e+00,7.474947623789296447e-02,7.865368689685681147e-08,2.651792211715504055e-01,8.364297241137641503e-02,-5.327177489135201949e-01
5.758000000000000007e+00,7.468591988145611982e-02,7.287538594802356329e-08,2.646034394754319119e-01,8.364297241137641503e-02,-5.329028488957695542e-01
5.759999999999999787e+00,7.462378587043028144e-02,6.517085182622395223e-08,2.639872517176923283e-01,8.364297241137641503e-02,-5.330879488780189135e-01
5.762000000000000455e+00,7.456308801911371020e-02,6.085952608536615571e-08,2.633305064293808839e-01,8.364297241137641503e-02,-5.332730488602681618e-01
5.764000000000000234e+00,7.450383538585536591e-02,6.123706408622808794e-08,2.626324965400511635e-01,8.364297241137641503e-02,-5.334581488425175211e-01
5.766000000000000014e+00,7.444603140906469463e-02,6.653544581958215076e-08,2.618938865374907943e-01,8.364297241137641503e-02,-5.336432488247668804e-01
5.768000000000000682e+00,7.438967303871868442e-02,7.348800656892251482e-08,2.611154147037904050e-01,8.364297241137641503e-02,-5.338283488070161287e-01
5.769999999999999574e+00,7.433475360447872049e-02,7.404814916789348445e-08,2.602969233152157003e-01,8.364297241137641503e-02,-5.340134487892653770e-01
5.771999999999999353e+00,7.428127212646384869e-02,6.464022928032164828e-08,2.594376172657290036e-01,8.364297241137641503e-02,-5.341985487715147363e-01
5.774000000000000021e+00,7.422923859456331819e-02,5.410073000700066359e-08,2.585377596779018239e-01,8.364297241137641503e-02,-5.343836487537640956e-01
5.775999999999999801e+00,7.417866402047312846e-02,5.414405779280428987e-08,2.575982944426237209e-01,8.364297241137641503e-02,-5.345687487360133439e-01
5.778000000000000469e+00,7.412954655155234995e-02,6.382425665751867427e-08,2.566192959318561728e-01,8.364297241137641503e-02,-5.347538487182627032e-01
5.780000000000000249e+00,7.408187209505789905e-02,7.110736033322240246e-08,2.556002798189520586e-01,8.364297241137641503e-02,-5.349389487005120625e-01
5.782000000000000028e+00,7.403562836103994016e-02,6.869244717488953711e-08,2.545412622231069677e-01,8.364297241137641503e-02,-5.351240486827613108e-01
5.783999999999999808e+00,7.399081309572153042e-02,6.051228296222177505e-08,2.534431500877955545e-01,8.364297241137641503e-02,-5.353091486650105590e-01
5.785999999999999588e+00,7.394742945928189926e-02,5.364402966279158136e-08,2.523058943712340185e-01,8.364297241137641503e-02,-5.354942486472599184e-01
5.787999999999999368e+00,7.390547820292836523e-02,5.163719007938993855e-08,2.511291482439911293e-01,8.364297241137641503e-02,-5.356793486295092777e-01
5.790000000000000036e+00,7.386495432643791492e-02,5.561219429406349946e-08,2.499128767653489291e-01,8.364297241137641503e-02,-5.358644486117585259e-01
5.791999999999999815e+00,7.382584572157202540e-02,6.356939474816414304e-08,2.486582565377540577e-01,8.364297241137641503e-02,-5.360495485940078852e-01
5.794000000000000483e+00,7.378813473071310636e-02,6.788043327432546903e-08,2.473653455085909891e-01,8.364297241137641503e-02,-5.362346485762572446e-01
5.796000000000000263e+00,7.375180627068189665e-02,6.160941479205206406e-08,2.460337952798374583e-01,8.364297241137641503e-02,-5.364197485585064928e-01
5.798000000000000043e+00,7.371685619214540797e-02,4.932400299306749503e-08,2.446632195249625885e-01,8.364297241137641503e-02,-5.366048485407558521e-01
5.800000000000000711e+00,7.368328669091561700e-02,4.409231468827101708e-08,2.432547673578964176e-01,8.364297241137641503e-02,-5.367899485230052115e-01
5.801999999999999602e+00,7.365109172420414296e-02,5.116155055162607823e-08,2.418087238427673036e-01,8.364297241137641503e-02,-5.369750485052543487e-01
5.803999999999999382e+00,7.362025088000212492e-02,6.137186137067374148e-08,2.403250512285708684e-01,8.364297241137641503e-02,-5.371601484875037080e-01
5.806000000000000050e+00,7.359073952111161443e-02,6.351526360415249428e-08,2.388033244570455516e-01,8.364297241137641503e-02,-5.373452484697530673e-01
5.807999999999999829e+00,7.356254105033777080e-02,5.679146986015126686e-08,2.372445429501383596e-01,8.364297241137641503e-02,-5.375303484520023156e-01
5.810000000000000497e+00,7.353564771005605127e-02,4.802807496151473288e-08,2.356489340212245820e-01,8.364297241137641503e-02,-5.377154484342516749e-01
5.812000000000000277e+00,7.351005316842029735e-02,4.313464962990565255e-08,2.340164726024241970e-01,8.364297241137641503e-02,-5.379005484165010342e-01
5.814000000000000057e+00,7.348574656611250866e-02,4.486644489265501079e-08,2.323467770981449687e-01,8.364297241137641503e-02,-5.380856483987502825e-01
5.815999999999999837e+00,7.346270957879563746e-02,5.268468883379284762e-08,2.306409281524810506e-01,8.364297241137641503e-02,-5.382707483809995308e-01
5.817999999999999616e+00,7.344091672168817642e-02,6.011638853387069048e-08,2.288994009049908906e-01,8.364297241137641503e-02,-5.384558483632488901e-01
5.819999999999999396e+00,7.342034197387059535e-02,5.811821734980071597e-08,2.271221702389785435e-01,8.364297241137641503e-02,-5.386409483454982494e-01
5.822000000000000064e+00,7.340096867074463738e-02,4.635215933301850555e-08,2.253086913411827541e-01,8.364297241137641503e-02,-5.388260483277474977e-01
5.823999999999999844e+00,7.338279018429172407e-02,3.654786928652953293e-08,2.234597850468170721e-01,8.364297241137641503e-02,-5.390111483099968570e-01
5.826000000000000512e+00,7.336579748717297900e-02,3.903164536023240316e-08,2.215761370972118005e-01,8.364297241137641503e-02,-5.391962482922462163e-01
5.828000000000000291e+00,7.334996815208638665e-02,4.989764601504020902e-08,2.196579406530250189e-01,8.364297241137641503e-02,-5.393813482744954646e-01
5.830000000000000071e+00,7.333527035342324307e-02,5.667565095013316068e-08,2.177048345928460082e-01,8.364297241137641503e-02,-5.395664482567448239e-01
5.832000000000000739e+00,7.332167604868222721e-02,5.331021557530846167e-08,2.157174257991394395e-01,8.364297241137641503e-02,-5.397515482389941832e-01
5.833999999999999631e+00,7.330916723352798314e-02,4.408368448061139588e-08,2.136963963791568277e-01,8.364297241137641503e-02,-5.399366482212434315e-01
5.835999999999999410e+00,7.329773170609188426e-02,3.634716605471766115e-08,2.116418477325761882e-01,8.364297241137641503e-02,-5.401217482034926798e-01
5.838000000000000078e+00,7.328735544283049297e-02,3.503606016419524849e-08,2.095535310773883886e-01,8.364297241137641503e-02,-5.403068481857420391e-01
5.839999999999999858e+00,7.327801754817697688e-02,4.146640875113405400e-08,2.074320089414254942e-01,8.364297241137641503e-02,-5.404919481679913984e-01
5.842000000000000526e+00,7.326968861538141198e-02,5.090149057807025201e-08,2.052782359562477787e-01,8.364297241137641503e-02,-5.406770481502406467e-01
5.844000000000000306e+00,7.326233580420171698e-02,5.353459053836218118e-08,2.030923510337311333e-01,8.364297241137641503e-02,-5.408621481324900060e-01
5.846000000000000085e+00,7.325593295198551402e-02,4.444566159556018192e-08,2.008740863672257571e-01,8.364297241137641503e-02,-5.410472481147393653e-01
5.847999999999999865e+00,7.325046570559634596e-02,3.179684315846031950e-08,1.986236807426891848e-01,8.364297241137641503e-02,-5.412323480969886136e-01
5.849999999999999645e+00,7.324592304851884617e-02,2.875255589174230408e-08,1.963421736890371694e-01,8.364297241137641503e-02,-5.414174480792378619e-01
5.851999999999999424e+00,7.324228414586253511e-02,3.768228917788718491e-08,1.940298698151615986e-01,8.364297241137641503e-02,-5.416025480614872212e-01
5.854000000000000092e+00,7.323951582971222063e-02,4.794037289368446864e-08,1.916867646196937780e-01,8.364297241137641503e-02,-5.417876480437365805e-01
5.855999999999999872e+00,7.323758329793461641e-02,4.922421303898971701e-08,1.893129719770432207e-01,8.364297241137641503e-02,-5.419727480259858288e-01
5.858000000000000540e+00,7.323646039812947706e-02,4.145738574656832043e-08,1.869094826520907304e-01,8.364297241137641503e-02,-5.421578480082351881e-01
5.860000000000000320e+00,7.323613017473096232e-02,3.165495621182401464e-08,1.844765178810594264e-01,8.364297241137641503e-02,-5.423429479904845474e-01
5.862000000000000099e+00,7.323657792918936149e-02,2.685570366089962135e-08,1.820141380775466555e-01,8.364297241137641503e-02,-5.425280479727337957e-01
5.864000000000000767e+00,7.323778389574409076e-02,3.068601439615292747e-08,1.795224309355630543e-01,8.364297241137641503e-02,-5.427131479549831550e-01
5.865999999999999659e+00,7.323971919052607582e-02,4.067750536407288564e-08,1.770025387558433749e-01,8.364297241137641503e-02,-5.428982479372324033e-01
5.867999999999999439e+00,7.324234875126012234e-02,4.750906368311547112e-08,1.744548196937442397e-01,8.364297241137641503e-02,-5.430833479194817626e-01
5.870000000000000107e+00,7.324564095996832780e-02,4.271505704700473416e-08,1.718793499097531763e-01,8.364297241137641503e-02,-5.432684479017310109e-01
5.871999999999999886e+00,7.324957586414748700e-02,2.955588640496387143e-08,1.692760065088001753e-01,8.364297241137641503e-02,-5.434535478839803702e-01
5.873999999999999666e+00,7.325414153128773087e-02,2.129690634955494488e-08,1.666458235762508233e-01,8.364297241137641503e-02,-5.436386478662297295e-01
5.876000000000000334e+00,7.325932128980616742e-02,2.605668059096899469e-08,1.639893173620153854e-01,8.364297241137641503e-02,-5.438237478484789778e-01
5.878000000000000114e+00,7.326508607042137022e-02,3.765311762382594907e-08,1.613067699382772224e-01,8.364297241137641503e-02,-5.440088478307283371e-01
5.879999999999999893e+00,7.327140012417976411e-02,4.382420470960823877e-08,1.585981116145327718e-01,8.364297241137641503e-02,-5.441939478129775853e-01
5.881999999999999673e+00,7.327823268948319146e-02,3.944070647854402978e-08,1.558642464772378999e-01,8.364297241137641503e-02,-5.443790477952268336e-01
5.883999999999999453e+00,7.328556348492376582e-02,2.907292273590655896e-08,1.531056714605747437e-01,8.364297241137641503e-02,-5.445641477774761929e-01
5.886000000000000121e+00,7.329337895066012631e-02,2.093058493191080061e-08,1.503226354928532960e-01,8.364297241137641503e-02,-5.447492477597255522e-01
5.887999999999999901e+00,7.330166368132895460e-02,2.117815822710866769e-08,1.475151196799601716e-01,8.364297241137641503e-02,-5.449343477419748005e-01
5.889999999999999680e+00,7.331039375170123051e-02,3.012785909639603688e-08,1.446840335311772030e-01,8.364297241137641503e-02,-5.451194477242241598e-01
5.892000000000000348e+00,7.331953664194090781e-02,4.004883824570981687e-08,1.418300756825504605e-01,8.364297241137641503e-02,-5.453045477064735191e-01
5.894000000000000128e+00,7.332905978992176887e-02,4.035048717376810146e-08,1.389535115985014446e-01,8.364297241137641503e-02,-5.454896476887227674e-01
5.896000000000000796e+00,7.333894056713863296e-02,2.909406804363356969e-08,1.360542634021454922e-01,8.364297241137641503e-02,-5.456747476709721267e-01
5.897999999999999687e+00,7.334916739327712598e-02,1.708574848269250879e-08,1.331330143020705847e-01,8.364297241137641503e-02,-5.458598476532213750e-01
5.899999999999999467e+00,7.335972937982160325e-02,1.637339253068859080e-08,1.301905721137602834e-01,8.364297241137641503e-02,-5.460449476354707343e-01
5.902000000000000135e+00,7.337060571184983448e-02,2.671196575043666144e-08,1.272273305059952175e-01,8.364297241137641503e-02,-5.462300476177199826e-01
5.903999999999999915e+00,7.338176563249754203e-02,3.679599147599077469e-08,1.242433826618529469e-01,8.364297241137641503e-02,-5.464151475999693419e-01
5.905999999999999694e+00,7.339317840109160773e-02,3.716321461677551952e-08,1.212392827305031479e-01,8.364297241137641503e-02,-5.466002475822187012e-01
5.908000000000000362e+00,7.340482251312996365e-02,2.820164701766714188e-08,1.182158321813375074e-01,8.364297241137641503e-02,-5.467853475644679495e-01
5.910000000000000142e+00,7.341668661269373786e-02,1.759924395106082784e-08,1.151733533073286964e-01,8.364297241137641503e-02,-5.469704475467173088e-01
5.911999999999999922e+00,7.342876197834891094e-02,1.373615798883065509e-08,1.121120068184953134e-01,8.364297241137641503e-02,-5.471555475289665571e-01
5.913999999999999702e+00,7.344103332576634724e-02,2.009802513303071692e-08,1.090323038283723400e-01,8.364297241137641503e-02,-5.473406475112159164e-01
5.915999999999999481e+00,7.345347530405510472e-02,3.151680871837925224e-08,1.059351999851987913e-01,8.364297241137641503e-02,-5.475257474934651647e-01
5.918000000000000149e+00,7.346605883412049565e-02,3.680857363352885159e-08,1.028210741539908046e-01,8.364297241137641503e-02,-5.477108474757145240e-01
5.919999999999999929e+00,7.347876199525615881e-02,2.944861177134328045e-08,9.969010083126696176e-02,8.364297241137641503e-02,-5.478959474579638833e-01
5.921999999999999709e+00,7.349157500992642422e-02,1.593397003230023756e-08,9.654259715865823321e-02,8.364297241137641503e-02,-5.480810474402131316e-01
5.924000000000000377e+00,7.350449360104971408e-02,9.687652902101717700e-09,9.337950964915209262e-02,8.364297241137641503e-02,-5.482661474224624909e-01
5.926000000000000156e+00,7.351750770269627200e-02,1.638403601678106725e-08,9.020131448391535689e-02,8.364297241137641503e-02,-5.484512474047118502e-01
5.928000000000000824e+00,7.353059649575466317e-02,2.837721391202308041e-08,8.700835066244964888e-02,8.364297241137641503e-02,-5.486363473869610985e-01
5.929999999999999716e+00,7.354373438992356515e-02,3.385898861285596695e-08,8.380090662061294438e-02,8.364297241137641503e-02,-5.488214473692103468e-01
5.931999999999999496e+00,7.355690144749782444e-02,2.829054279729348309e-08,8.057987276994717230e-02,8.364297241137641503e-02,-5.490065473514597061e-01
5.934000000000000163e+00,7.357008920920249384e-02,1.682376826739329090e-08,7.734568821463493060e-02,8.364297241137641503e-02,-5.491916473337090654e-01
5.935999999999999943e+00,7.358329656522955009e-02,8.985418409324097411e-09,7.409870533949915183e-02,8.364297241137641503e-02,-5.493767473159583137e-01
5.937999999999999723e+00,7.359651943500489235e-02,1.149634654140641032e-08,7.083921249953373245e-02,8.364297241137641503e-02,-5.495618472982076730e-01
5.940000000000000391e+00,7.360974345680992847e-02,2.257119591231315781e-08,6.756814161499151428e-02,8.364297241137641503e-02,-5.497469472804570323e-01
5.942000000000000171e+00,7.362294708585548353e-02,3.192095521242777068e-08,6.428603775552867161e-02,8.364297241137641503e-02,-5.499320472627062806e-01
5.943999999999999950e+00,7.363611241361733839e-02,2.967186385482989408e-08,6.099327014271356540e-02,8.364297241137641503e-02,-5.501171472449555289e-01
5.945999999999999730e+00,7.364923302391501725e-02,1.714793984586293618e-08,5.769004723855675199e-02,8.364297241137641503e-02,-5.503022472272048882e-01
5.947999999999999510e+00,7.366231150090318813e-02,6.522154594179596643e-09,5.437718608189843345e-02,8.364297241137641503e-02,-5.504873472094542475e-01
5.950000000000000178e+00,7.367534928272378991e-02,8.009257479457687623e-09,5.105530729299043169e-02,8.364297241137641503e-02,-5.506724471917034958e-01
5.951999999999999957e+00,7.368833873863234185e-02,1.935898585880835299e-08,4.772487766159792116e-02,8.364297241137641503e-02,-5.508575471739528551e-01
5.953999999999999737e+00,7.370126400111209897e-02,2.912547270028653656e-08,4.438617895859323786e-02,8.364297241137641503e-02,-5.510426471562022144e-01
5.956000000000000405e+00,7.371411007183126252e-02,2.841515311935438604e-08,4.103994189234871220e-02,8.364297241137641503e-02,-5.512277471384514627e-01
5.958000000000000185e+00,7.372687200466376822e-02,1.815010153283225236e-08,3.768678025535510817e-02,8.364297241137641503e-02,-5.514128471207008220e-01
5.959999999999999964e+00,7.373955597036230269e-02,7.255086753588102511e-09,3.432712809437596380e-02,8.364297241137641503e-02,-5.515979471029501813e-01
5.961999999999999744e+00,7.375216994670041881e-02,5.175526673895092244e-09,3.096130683996776642e-02,8.364297241137641503e-02,-5.517830470851993185e-01
5.963999999999999524e+00,7.376471317525046256e-02,1.406831007244591092e-08,2.759001972331362809e-02,8.364297241137641503e-02,-5.519681470674486778e-01
5.966000000000000192e+00,7.377717491941193639e-02,2.591471659485478085e-08,2.421397440884861391e-02,8.364297241137641503e-02,-5.521532470496980372e-01
5.967999999999999972e+00,7.378954407861992859e-02,2.904687712579345771e-08,2.083362348030860095e-02,8.364297241137641503e-02,-5.523383470319472854e-01
5.969999999999999751e+00,7.380181906351390708e-02,1.973372365515757565e-08,1.744928943632985396e-02,8.364297241137641503e-02,-5.525234470141966447e-01
5.972000000000000419e+00,7.381400909014446121e-02,6.778696715059595590e-09,1.406155295481598295e-02,8.364297241137641503e-02,-5.527085469964460041e-01
5.974000000000000199e+00,7.382612649614128664e-02,2.678538946199182647e-09,1.067113850461632284e-02,8.364297241137641503e-02,-5.528936469786952523e-01
5.975999999999999979e+00,7.383817781363777311e-02,1.092582957440413338e-08,7.278549800556819230e-03,8.364297241137641503e-02,-5.530787469609445006e-01
5.977999999999999758e+00,7.385016022780532818e-02,2.309174995662743868e-08,3.884202338395665449e-03,8.364297241137641503e-02,-5.532638469431938599e-01
5.979999999999999538e+00,7.386206690164442978e-02,2.773071372530466761e-08,4.886301048096473865e-04,8.364297241137641503e-02,-5.534489469254432192e-01
5.982000000000000206e+00,7.387389734858018642e-02,2.076898975023055982e-08,2.907467285037018678e-03,8.364297241137641503e-02,-5.536340469076924675e-01
5.983999999999999986e+00,7.388566367964377601e-02,8.479503987857128777e-09,6.303613234101980434e-03,8.364297241137641503e-02,-5.538191468899418268e-01
5.985999999999999766e+00,7.389738499798526039e-02,1.801179649874029565e-09,9.699365197999656324e-03,8.364297241137641503e-02,-5.540042468721911861e-01
5.988000000000000433e+00,7.390907503032007053e-02,6.945278352432637803e-09,1.309420473325479360e-02,8.364297241137641503e-02,-5.541893468544404344e-01
5.990000000000000213e+00,7.392073606612414860e-02,1.935717730550123861e-08,1.648740870605145542e-02,8.364297241137641503e-02,-5.543744468366897937e-01
5.991999999999999993e+00,7.393236579139739195e-02,2.722616665451482731e-08,1.987846882323003952e-02,8.364297241137641503e-02,-5.545595468189391530e-01
5.993999999999999773e+00,7.394396847076445400e-02,2.265173015825183711e-08,2.326692810650365928e-02,8.364297241137641503e-02,-5.547446468011884013e-01
5.995999999999999552e+00,7.395555937842035465e-02,9.810291690115491292e-09,2.665231897304439976e-02,8.364297241137641503e-02,-5.549297467834376496e-01
5.998000000000000220e+00,7.396716011354775855e-02,9.788856392134448470e-10,3.003396377771119785e-02,8.364297241137641503e-02,-5.551148467656870089e-01
6.000000000000000000e+00,7.397879025837506006e-02,4.376454976195987001e-09,3.341132584069886335e-02,8.364297241137641503e-02,-5.552999467479363682e-01
6.001999999999999780e+00,7.399046127639063997e-02,1.643977454168776831e-08,3.678389895079009486e-02,8.364297241137641503e-02,-5.554850467301856165e-01
6.004000000000000448e+00,7.400217705189149342e-02,2.572977242376595086e-08,4.015120139585467984e-02,8.364297241137641503e-02,-5.556701467124349758e-01
6.006000000000000227e+00,7.401394266674821143e-02,2.368251317275138490e-08,4.351260451950998698e-02,8.364297241137641503e-02,-5.558552466946843351e-01
6.008000000000000007e+00,7.402577447378311248e-02,1.216513512147798792e-08,4.686758130751427637e-02,8.364297241137641503e-02,-5.560403466769335834e-01
6.009999999999999787e+00,7.403770011520394156e-02,1.725035447819323053e-09,5.021562423782140877e-02,8.364297241137641503e-02,-5.562254466591828317e-01
6.011999999999999567e+00,7.404974669260289133e-02,2.090370987417600190e-09,5.355623277620749634e-02,8.364297241137641503e-02,-5.564105466414321910e-01
6.014000000000000234e+00,7.406193030075425288e-02,1.305106267501798811e-08,5.688880550415232468e-02,8.364297241137641503e-02,-5.565956466236815503e-01
6.016000000000000014e+00,7.407425850322868488e-02,2.427514889102866391e-08,6.021280270325995998e-02,8.364297241137641503e-02,-5.567807466059307986e-01
6.017999999999999794e+00,7.408674171564866295e-02,2.505068763536399956e-08,6.352771311563679135e-02,8.364297241137641503e-02,-5.569658465881801579e-01
6.020000000000000462e+00,7.409940032498185669e-02,1.461837806360222203e-08,6.683302612132953346e-02,8.364297241137641503e-02,-5.571509465704295172e-01
6.022000000000000242e+00,7.411226286298921995e-02,2.876854310329690634e-09,7.012818412860311046e-02,8.364297241137641503e-02,-5.573360465526787655e-01
6.024000000000000021e+00,7.412535927876773290e-02,8.044864774348070569e-10,7.341265353546601313e-02,8.364297241137641503e-02,-5.575211465349281248e-01
6.025999999999999801e+00,7.413871416418449378e-02,1.026548113181036115e-08,7.668591370497580828e-02,8.364297241137641503e-02,-5.577062465171773731e-01
6.027999999999999581e+00,7.415234324617914208e-02,2.242182872702613849e-08,7.994743093028869318e-02,8.364297241137641503e-02,-5.578913464994267324e-01
6.030000000000000249e+00,7.416625824429246006e-02,2.594712733561266305e-08,8.319667710212687306e-02,8.364297241137641503e-02,-5.580764464816759807e-01
6.032000000000000028e+00,7.418047816142825379e-02,1.744992428331926249e-08,8.643314306988557350e-02,8.364297241137641503e-02,-5.582615464639253400e-01
6.033999999999999808e+00,7.419503543983108074e-02,4.889924687390134750e-09,8.965630329005253030e-02,8.364297241137641503e-02,-5.584466464461746993e-01
6.036000000000000476e+00,7.420996753002007118e-02,2.075886129659920698e-10,9.286560262922144426e-02,8.364297241137641503e-02,-5.586317464284239476e-01
6.038000000000000256e+00,7.422530336510402282e-02,7.906080456976383175e-09,9.606052569257687856e-02,8.364297241137641503e-02,-5.588168464106733069e-01
6.040000000000000036e+00,7.424106047416434428e-02,2.062800208424420134e-08,9.924060826297186055e-02,8.364297241137641503e-02,-5.590019463929225552e-01
6.041999999999999815e+00,7.425725495969415224e-02,2.642871455016404525e-08,1.024053314460873221e-01,8.364297241137641503e-02,-5.591870463751718034e-01
6.043999999999999595e+00,7.427391084788481646e-02,2.011002309121323606e-08,1.055541262124757435e-01,8.364297241137641503e-02,-5.593721463574211628e-01
6.046000000000000263e+00,7.429106094560633533e-02,7.766305820666730142e-09,1.086864577842269197e-01,8.364297241137641503e-02,-5.595572463396705221e-01
6.048000000000000043e+00,7.430874186194369457e-02,8.307372567628590332e-10,1.118018993244686149e-01,8.364297241137641503e-02,-5.597423463219197703e-01
6.049999999999999822e+00,7.432698812676408195e-02,5.814900783107646021e-09,1.148999413033704869e-01,8.364297241137641503e-02,-5.599274463041691297e-01
6.052000000000000490e+00,7.434582644280873787e-02,1.837353658107332421e-08,1.179800325362729690e-01,8.364297241137641503e-02,-5.601125462864184890e-01
6.054000000000000270e+00,7.436527566035944226e-02,2.693061129654950037e-08,1.210416316205618764e-01,8.364297241137641503e-02,-5.602976462686677372e-01
6.056000000000000050e+00,7.438535632420650856e-02,2.326108206052168725e-08,1.240843575242539937e-01,8.364297241137641503e-02,-5.604827462509170966e-01
6.057999999999999829e+00,7.440610148365223164e-02,1.079736122733265802e-08,1.271076875028754605e-01,8.364297241137641503e-02,-5.606678462331663448e-01
6.059999999999999609e+00,7.442755432584491349e-02,1.689556272665981851e-09,1.301110581437917302e-01,8.364297241137641503e-02,-5.608529462154157041e-01
6.062000000000000277e+00,7.444975385146812563e-02,4.802994668651194843e-09,1.330939028853953821e-01,8.364297241137641503e-02,-5.610380461976649524e-01
6.064000000000000057e+00,7.447272655260073204e-02,1.698265872374093988e-08,1.360559182508133125e-01,8.364297241137641503e-02,-5.612231461799143117e-01
6.065999999999999837e+00,7.449649300992411405e-02,2.669597387594535576e-08,1.389966275537251883e-01,8.364297241137641503e-02,-5.614082461621636710e-01
6.068000000000000504e+00,7.452107896435455903e-02,2.534342680160506234e-08,1.419154752121489782e-01,8.364297241137641503e-02,-5.615933461444129193e-01
6.070000000000000284e+00,7.454651851374560767e-02,1.465367516217952470e-08,1.448118286838434299e-01,8.364297241137641503e-02,-5.617784461266622786e-01
6.071999999999999176e+00,7.457285092546606098e-02,4.463860836523281250e-09,1.476853924680612828e-01,8.364297241137641503e-02,-5.619635461089115269e-01
6.073999999999999844e+00,7.460011604047001033e-02,4.168768885648432843e-09,1.505357270424023397e-01,8.364297241137641503e-02,-5.621486460911608862e-01
6.075999999999999623e+00,7.462834863536915719e-02,1.458940079857029559e-08,1.533623252026571904e-01,8.364297241137641503e-02,-5.623337460734101345e-01
6.078000000000000291e+00,7.465757408130246908e-02,2.650423658323575182e-08,1.561645615206385396e-01,8.364297241137641503e-02,-5.625188460556594938e-01
6.080000000000000071e+00,7.468781366607801786e-02,2.854870362334338552e-08,1.589421643117667482e-01,8.364297241137641503e-02,-5.627039460379088531e-01
6.081999999999999851e+00,7.471909738449900029e-02,1.856175180225960730e-08,1.616947112166638445e-01,8.364297241137641503e-02,-5.628890460201581014e-01
6.084000000000000519e+00,7.475146845712432597e-02,6.521446271889885793e-09,1.644216635683130590e-01,8.364297241137641503e-02,-5.630741460024074607e-01
6.086000000000000298e+00,7.478497162309061252e-02,4.458723612543735726e-09,1.671223671859924931e-01,8.364297241137641503e-02,-5.632592459846568200e-01
6.088000000000000078e+00,7.481964011540176429e-02,1.416757200445317721e-08,1.697965857596945016e-01,8.364297241137641503e-02,-5.634443459669060683e-01
6.089999999999999858e+00,7.485549731611873536e-02,2.614197391892503219e-08,1.724440204630628415e-01,8.364297241137641503e-02,-5.636294459491553166e-01
6.091999999999999638e+00,7.489256820944034665e-02,2.970364421095439411e-08,1.750641579088738908e-01,8.364297241137641503e-02,-5.638145459314046759e-01
6.094000000000000306e+00,7.493088517444412844e-02,2.241636620770037780e-08,1.776562999273562093e-01,8.364297241137641503e-02,-5.639996459136540352e-01
6.096000000000000085e+00,7.497048609339018732e-02,1.112593284169349772e-08,1.802201246933753664e-01,8.364297241137641503e-02,-5.641847458959032835e-01
6.097999999999999865e+00,7.501141106881004106e-02,5.965384408668228389e-09,1.827553997207231329e-01,8.364297241137641503e-02,-5.643698458781526428e-01
6.100000000000000533e+00,7.505369830363384231e-02,1.226135615262080591e-08,1.852616584316240100e-01,8.364297241137641503e-02,-5.645549458604020021e-01
6.102000000000000313e+00,7.509737764165036467e-02,2.510442087544362266e-08,1.877382767543045450e-01,8.364297241137641503e-02,-5.647400458426512504e-01
6.103999999999999204e+00,7.514247040316401893e-02,3.254189029355814000e-08,1.901849105845132004e-01,8.364297241137641503e-02,-5.649251458249004987e-01
6.105999999999999872e+00,7.518900075648982106e-02,2.705760926424716217e-08,1.926013905574230911e-01,8.364297241137641503e-02,-5.651102458071498580e-01
6.107999999999999652e+00,7.523700630476581885e-02,1.424313400555377029e-08,1.949871941086178118e-01,8.364297241137641503e-02,-5.652953457893992173e-01
6.110000000000000320e+00,7.528653185789946356e-02,7.302567883726851505e-09,1.973416842284862749e-01,8.364297241137641503e-02,-5.654804457716484656e-01
6.112000000000000099e+00,7.533761409345551829e-02,1.300470509058015978e-08,1.996644769409709752e-01,8.364297241137641503e-02,-5.656655457538978249e-01
6.113999999999999879e+00,7.539027714257318102e-02,2.533342124966253550e-08,2.019555748944860396e-01,8.364297241137641503e-02,-5.658506457361471842e-01
6.116000000000000547e+00,7.544454257208632608e-02,3.297781692168655354e-08,2.042145244436334717e-01,8.364297241137641503e-02,-5.660357457183964325e-01
6.118000000000000327e+00,7.550043789650073833e-02,3.005764326324822378e-08,2.064406995735050265e-01,8.364297241137641503e-02,-5.662208457006457918e-01
6.120000000000000107e+00,7.555799599287582602e-02,1.982598030192406213e-08,2.086335589133269108e-01,8.364297241137641503e-02,-5.664059456828950401e-01
6.121999999999999886e+00,7.561725240444883145e-02,1.124177639866275058e-08,2.107931359241190239e-01,8.364297241137641503e-02,-5.665910456651442884e-01
6.123999999999999666e+00,7.567824328328087713e-02,1.245621183976197699e-08,2.129190319966058897e-01,8.364297241137641503e-02,-5.667761456473936477e-01
6.126000000000000334e+00,7.574099939198053466e-02,2.363557405349325791e-08,2.150107432409777142e-01,8.364297241137641503e-02,-5.669612456296430070e-01
6.128000000000000114e+00,7.580554098096659033e-02,3.495408373854758111e-08,2.170677159750250551e-01,8.364297241137641503e-02,-5.671463456118922553e-01
6.129999999999999893e+00,7.587188481704154608e-02,3.514197921550277215e-08,2.190900385993722055e-01,8.364297241137641503e-02,-5.673314455941416146e-01
6.132000000000000561e+00,7.594005805136583298e-02,2.399229248606360443e-08,2.210772885079362315e-01,8.364297241137641503e-02,-5.675165455763909739e-01
6.134000000000000341e+00,7.601009947441506043e-02,1.338019872676454725e-08,2.230289268928521695e-01,8.364297241137641503e-02,-5.677016455586402222e-01
6.135999999999999233e+00,7.608204485016489826e-02,1.418083339643771978e-08,2.249443340899187072e-01,8.364297241137641503e-02,-5.678867455408894704e-01
6.137999999999999901e+00,7.615591676368416163e-02,2.497972040327312016e-08,2.268237147304318357e-01,8.364297241137641503e-02,-5.680718455231388297e-01
6.139999999999999680e+00,7.623173091911961130e-02,3.532975456632669875e-08,2.286668154117178220e-01,8.364297241137641503e-02,-5.682569455053881891e-01
6.141999999999999460e+00,7.630950682650872174e-02,3.689314775900953691e-08,2.304731411219312631e-01,8.364297241137641503e-02,-5.684420454876374373e-01
6.144000000000000128e+00,7.638926919507471602e-02,2.942002330641457775e-08,2.322419444927717458e-01,8.364297241137641503e-02,-5.686271454698867966e-01
6.145999999999999908e+00,7.647104508603108641e-02,1.943853822350405380e-08,2.339733315834395533e-01,8.364297241137641503e-02,-5.688122454521361560e-01
6.148000000000000576e+00,7.655486325519045288e-02,1.582937902977477052e-08,2.356671396880842262e-01,8.364297241137641503e-02,-5.689973454343854042e-01
6.150000000000000355e+00,7.664075071055354016e-02,2.323433079265413426e-08,2.373229790432597464e-01,8.364297241137641503e-02,-5.691824454166347635e-01
6.152000000000000135e+00,7.672872484633386225e-02,3.606947041046026925e-08,2.389401847264467360e-01,8.364297241137641503e-02,-5.693675453988841229e-01
6.153999999999999915e+00,7.681879436897942615e-02,4.190737379339282143e-08,2.405188486205579179e-01,8.364297241137641503e-02,-5.695526453811333711e-01
6.155999999999999694e+00,7.691097283717429622e-02,3.463585473983954444e-08,2.420588687364062519e-01,8.364297241137641503e-02,-5.697377453633826194e-01
6.157999999999999474e+00,7.700528721063304438e-02,2.230804174718770128e-08,2.435597659786452041e-01,8.364297241137641503e-02,-5.699228453456319787e-01
6.160000000000000142e+00,7.710176746303720741e-02,1.813399908012769401e-08,2.450208397749110145e-01,8.364297241137641503e-02,-5.701079453278813380e-01
6.161999999999999922e+00,7.720043210487947949e-02,2.579834068594522023e-08,2.464421648303223578e-01,8.364297241137641503e-02,-5.702930453101305863e-01
6.164000000000000590e+00,7.730128902559152415e-02,3.719898378218289281e-08,2.478239057234686848e-01,8.364297241137641503e-02,-5.704781452923799456e-01
6.166000000000000369e+00,7.740434698336939867e-02,4.263297359585749291e-08,2.491656580334431770e-01,8.364297241137641503e-02,-5.706632452746293049e-01
6.167999999999999261e+00,7.750961978787540563e-02,3.887679900227425378e-08,2.504666969438426039e-01,8.364297241137641503e-02,-5.708483452568785532e-01
6.169999999999999929e+00,7.761712321314040430e-02,2.956152567179515245e-08,2.517268611756289243e-01,8.364297241137641503e-02,-5.710334452391278015e-01
6.171999999999999709e+00,7.772687442345627140e-02,2.244719332633593467e-08,2.529463993541506417e-01,8.364297241137641503e-02,-5.712185452213771608e-01
6.173999999999999488e+00,7.783889163244228637e-02,2.495933359991653333e-08,2.541249787006302219e-01,8.364297241137641503e-02,-5.714036452036265201e-01
6.176000000000000156e+00,7.795318678462037632e-02,3.667364667503392184e-08,2.552620555490406895e-01,8.364297241137641503e-02,-5.715887451858757684e-01
6.177999999999999936e+00,7.806976039112034638e-02,4.689885912956270886e-08,2.563574188988693159e-01,8.364297241137641503e-02,-5.717738451681251277e-01
6.180000000000000604e+00,7.818861124954579189e-02,4.497615091469953086e-08,2.574114223953988256e-01,8.364297241137641503e-02,-5.719589451503744870e-01
6.182000000000000384e+00,7.830975001643747380e-02,3.329989284317491638e-08,2.584236423162596941e-01,8.364297241137641503e-02,-5.721440451326237353e-01
6.184000000000000163e+00,7.843319592968900356e-02,2.496437889742963989e-08,2.593935060438256057e-01,8.364297241137641503e-02,-5.723291451148730946e-01
6.185999999999999943e+00,7.855896073501622556e-02,2.839701607193489963e-08,2.603206912892859215e-01,8.364297241137641503e-02,-5.725142450971223429e-01
6.187999999999999723e+00,7.868704332261100554e-02,3.916443469531571964e-08,2.612057975544765931e-01,8.364297241137641503e-02,-5.726993450793717022e-01
6.189999999999999503e+00,7.881743969006660411e-02,4.735728731386501522e-08,2.620485704512802716e-01,8.364297241137641503e-02,-5.728844450616209505e-01
6.192000000000000171e+00,7.895015056236598383e-02,4.747617998734909861e-08,2.628484945135825535e-01,8.364297241137641503e-02,-5.730695450438703098e-01
6.193999999999999950e+00,7.908517871955034195e-02,4.044398260738546469e-08,2.636049954568245868e-01,8.364297241137641503e-02,-5.732546450261196691e-01
6.196000000000000618e+00,7.922252715455746497e-02,3.177032303902649346e-08,2.643186288388910676e-01,8.364297241137641503e-02,-5.734397450083689174e-01
6.198000000000000398e+00,7.936220110235892022e-02,2.949459787515706921e-08,2.649892286437967592e-01,8.364297241137641503e-02,-5.736248449906182767e-01
6.199999999999999289e+00,7.950420375100353265e-02,3.783828128600674745e-08,2.656164660003842437e-01,8.364297241137641503e-02,-5.738099449728675250e-01
6.201999999999999957e+00,7.964852740960493005e-02,5.022697768808370711e-08,2.661997996842715986e-01,8.364297241137641503e-02,-5.739950449551167733e-01
6.203999999999999737e+00,7.979515672384529523e-02,5.399498570479721593e-08,2.667398288404145834e-01,8.364297241137641503e-02,-5.741801449373661326e-01
6.205999999999999517e+00,7.994408374560135755e-02,4.527588914893243555e-08,2.672363958667996475e-01,8.364297241137641503e-02,-5.743652449196154919e-01
6.208000000000000185e+00,8.009531263070912566e-02,3.438476914308097321e-08,2.676890801352390659e-01,8.364297241137641503e-02,-5.745503449018647402e-01
6.209999999999999964e+00,8.024884576630031408e-02,3.317777497180429691e-08,2.680972415363989669e-01,8.364297241137641503e-02,-5.747354448841140995e-01
6.212000000000000632e+00,8.040467247416349661e-02,4.181212531761957507e-08,2.684615578498046884e-01,8.364297241137641503e-02,-5.749205448663634588e-01
6.214000000000000412e+00,8.056277525761323943e-02,5.141127612517948364e-08,2.687821846154994643e-01,8.364297241137641503e-02,-5.751056448486127071e-01
6.216000000000000192e+00,8.072314021182458443e-02,5.489671084379921240e-08,2.690587891894670736e-01,8.364297241137641503e-02,-5.752907448308620664e-01
6.217999999999999972e+00,8.088575636122252721e-02,5.102570144188689483e-08,2.692906073380612053e-01,8.364297241137641503e-02,-5.754758448131113147e-01
6.219999999999999751e+00,8.105061181484329857e-02,4.280177456905676081e-08,2.694780688755176179e-01,8.364297241137641503e-02,-5.756609447953606740e-01
6.221999999999999531e+00,8.121769622159213942e-02,3.695142181125987690e-08,2.696214488438847812e-01,8.364297241137641503e-02,-5.758460447776099222e-01
6.224000000000000199e+00,8.138700087489403323e-02,4.061642955299760160e-08,2.697205294283078203e-01,8.364297241137641503e-02,-5.760311447598592816e-01
6.225999999999999979e+00,8.155850945977638489e-02,5.253232626678538963e-08,2.697747304182407935e-01,8.364297241137641503e-02,-5.762162447421086409e-01
6.228000000000000647e+00,8.173219446810076061e-02,6.107766070684306214e-08,2.697844293001251392e-01,8.364297241137641503e-02,-5.764013447243578891e-01
6.230000000000000426e+00,8.190802950745146305e-02,5.704472882950284429e-08,2.697500276766486849e-01,8.364297241137641503e-02,-5.765864447066072485e-01
6.231999999999999318e+00,8.208600081018779804e-02,4.572969192206954858e-08,2.696711596180631498e-01,8.364297241137641503e-02,-5.767715446888564967e-01
6.233999999999999986e+00,8.226609900605741377e-02,4.026455879824197837e-08,2.695471952992401499e-01,8.364297241137641503e-02,-5.769566446711058560e-01
6.235999999999999766e+00,8.244830395612234852e-02,4.563006006375047718e-08,2.693783991789364118e-01,8.364297241137641503e-02,-5.771417446533551043e-01
6.237999999999999545e+00,8.263258526941308357e-02,5.526247692788643917e-08,2.691655466275945097e-01,8.364297241137641503e-02,-5.773268446356044636e-01
6.240000000000000213e+00,8.281891393401907830e-02,6.118750417449803081e-08,2.689084194076254986e-01,8.364297241137641503e-02,-5.775119446178538229e-01
6.241999999999999993e+00,8.300726517236023394e-02,6.056801771237019238e-08,2.686064200715824191e-01,8.364297241137641503e-02,-5.776970446001030712e-01
6.243999999999999773e+00,8.319761307454764943e-02,5.435000149933699731e-08,2.682594492188254964e-01,8.364297241137641503e-02,-5.778821445823524305e-01
6.246000000000000441e+00,8.338993134239147675e-02,4.682746046480446012e-08,2.678683275426861354e-01,8.364297241137641503e-02,-5.780672445646017898e-01
6.248000000000000220e+00,8.358419709515096940e-02,4.573546863451127820e-08,2.674329113241249445e-01,8.364297241137641503e-02,-5.782523445468510381e-01
6.250000000000000000e+00,8.378038474470639319e-02,5.479972953192913110e-08,2.669528624073237988e-01,8.378038474470639319e-02,-5.784374445291002864e-01
6.251999999999999780e+00,8.397845712246199135e-02,6.615096781459328668e-08,2.664280414569685229e-01,8.397845712246199135e-02,-5.786225445113496457e-01
6.253999999999999559e+00,8.417837199391386971e-02,6.752997139258809511e-08,2.658594000938074853e-01,8.417837199391386971e-02,-5.788076444935990050e-01
6.256000000000000227e+00,8.438009696772674761e-02,5.803637526113902823e-08,2.652467089713686499e-01,8.438009696772674761e-02,-5.789927444758482533e-01
6.258000000000000007e+00,8.458360913644258350e-02,4.945977183368199803e-08,2.645895548951140985e-01,8.458360913644258350e-02,-5.791778444580976126e-01
6.259999999999999787e+00,8.478887942682211687e-02,5.093510924147892638e-08,2.638876178341520440e-01,8.478887942682211687e-02,-5.793629444403469719e-01
6.262000000000000455e+00,8.499586653192758856e-02,5.936641445103418846e-08,2.631420886753782495e-01,8.499586653192758856e-02,-5.795480444225962202e-01
6.263999999999999346e+00,8.520452721794613549e-02,6.665243890147110051e-08,2.623530337862371997e-01,8.520452721794613549e-02,-5.797331444048454685e-01
6.266000000000000014e+00,8.541482348892737164e-02,6.875090663438498950e-08,2.615201485847407081e-01,8.541482348892737164e-02,-5.799182443870948278e-01
6.267999999999999794e+00,8.562671742974836686e-02,6.532309182460949160e-08,2.606428344287813337e-01,8.562671742974836686e-02,-5.801033443693441871e-01
6.269999999999999574e+00,8.584016862282672911e-02,5.813652514952138972e-08,2.597221077118824217e-01,8.584016862282672911e-02,-5.802884443515934354e-01
6.272000000000000242e+00,8.605513954647259212e-02,5.337641262315173663e-08,2.587581438232562925e-01,8.605513954647259212e-02,-5.804735443338427947e-01
6.274000000000000021e+00,8.627159460463973417e-02,5.806749503456387629e-08,2.577508322204153934e-01,8.627159460463973417e-02,-5.806586443160921540e-01
6.275999999999999801e+00,8.648948953378021720e-02,6.968532406670391310e-08,2.566996897396902622e-01,8.648948953378021720e-02,-5.808437442983414023e-01
6.278000000000000469e+00,8.670877048262548570e-02,7.599201568009306129e-08,2.556057452578620603e-01,8.670877048262548570e-02,-5.810288442805907616e-01
6.280000000000000249e+00,8.692938831877483619e-02,7.019477588077194241e-08,2.544692547465082777e-01,8.692938831877483619e-02,-5.812139442628400099e-01
6.282000000000000028e+00,8.715130598088161040e-02,6.024167453766438030e-08,2.532899432383673988e-01,8.715130598088161040e-02,-5.813990442450892582e-01
6.283999999999999808e+00,8.737448621434584783e-02,5.782702561241137573e-08,2.520672047613591316e-01,8.737448621434584783e-02,-5.815841442273386175e-01
6.285999999999999588e+00,8.759887979700131666e-02,6.407146824205511848e-08,2.508020420273977535e-01,8.759887979700131666e-02,-5.817692442095879768e-01
6.288000000000000256e+00,8.782443178423449126e-02,7.169389615313548347e-08,2.494951523406127025e-01,8.782443178423449126e-02,-5.819543441918372251e-01
6.290000000000000036e+00,8.805109226364993269e-02,7.564121828895764565e-08,2.481463999163311396e-01,8.805109226364993269e-02,-5.821394441740865844e-01
6.291999999999999815e+00,8.827881391174208225e-02,7.496563758646601627e-08,2.467551140933458287e-01,8.827881391174208225e-02,-5.823245441563359437e-01
6.294000000000000483e+00,8.850754578720088084e-02,6.966870291780224989e-08,2.453218974480027015e-01,8.850754578720088084e-02,-5.825096441385851920e-01
6.295999999999999375e+00,8.873723749163497931e-02,6.310440359147406753e-08,2.438475584157328013e-01,8.873723749163497931e-02,-5.826947441208344403e-01
6.298000000000000043e+00,8.896784332565987885e-02,6.311404876502280104e-08,2.423320476632139231e-01,8.896784332565987885e-02,-5.828798441030837996e-01
6.299999999999999822e+00,8.919931400337988148e-02,7.254774869736024812e-08,2.407749697125948218e-01,8.919931400337988148e-02,-5.830649440853331589e-01
6.301999999999999602e+00,8.943158918551252778e-02,8.218515767932643712e-08,2.391768515555431351e-01,8.943158918551252778e-02,-5.832500440675824072e-01
6.304000000000000270e+00,8.966460718729551971e-02,8.114525618108103799e-08,2.375386932918247540e-01,8.966460718729551971e-02,-5.834351440498317665e-01
6.306000000000000050e+00,8.989831784819191096e-02,7.181662220467899260e-08,2.358602671087354219e-01,8.989831784819191096e-02,-5.836202440320811258e-01
6.307999999999999829e+00,9.013267675593106265e-02,6.616414882643084638e-08,2.341410979010710713e-01,9.013267675593106265e-02,-5.838053440143303741e-01
6.310000000000000497e+00,9.036763026198979532e-02,6.956995124429710131e-08,2.323814891430645568e-01,9.036763026198979532e-02,-5.839904439965797334e-01
6.312000000000000277e+00,9.060311570664791869e-02,7.666831225439096897e-08,2.305828498825714945e-01,9.060311570664791869e-02,-5.841755439788290927e-01
6.314000000000000057e+00,9.083907363292897941e-02,8.156143438409202417e-08,2.287451938893942938e-01,9.083907363292897941e-02,-5.843606439610783410e-01
6.315999999999999837e+00,9.107544995484884165e-02,8.297331399731433521e-08,2.268681485917725116e-01,9.107544995484884165e-02,-5.845457439433275892e-01
6.317999999999999616e+00,9.131218786455141956e-02,8.029855946833919234e-08,2.249515849842580462e-01,9.131218786455141956e-02,-5.847308439255769485e-01
6.320000000000000284e+00,9.154922797133291379e-02,7.397352463911488485e-08,2.229968624401232891e-01,9.154922797133291379e-02,-5.849159439078263079e-01
6.322000000000000064e+00,9.178651573812302011e-02,7.021422654407416530e-08,2.210040616904385136e-01,9.178651573812302011e-02,-5.851010438900755561e-01
6.323999999999999844e+00,9.202399841337627340e-02,7.573731741761235980e-08,2.189730914237887349e-01,9.202399841337627340e-02,-5.852861438723249154e-01
6.326000000000000512e+00,9.226161417896672212e-02,8.639670323606907232e-08,2.169038300900008043e-01,9.226161417896672212e-02,-5.854712438545742748e-01
6.327999999999999403e+00,9.249929472857876256e-02,9.008584522796070360e-08,2.147977650514921732e-01,9.249929472857876256e-02,-5.856563438368235230e-01
6.330000000000000071e+00,9.273697978269246356e-02,8.323056244208260068e-08,2.126549466133589306e-01,9.273697978269246356e-02,-5.858414438190727713e-01
6.331999999999999851e+00,9.297461919174310196e-02,7.556162839872371251e-08,2.104751396984656520e-01,9.297461919174310196e-02,-5.860265438013221306e-01
6.333999999999999631e+00,9.321215839694141359e-02,7.588516115486498848e-08,2.082579902948336059e-01,9.321215839694141359e-02,-5.862116437835714899e-01
6.336000000000000298e+00,9.344953202349914889e-02,8.179331267843537034e-08,2.060051341394404378e-01,9.344953202349914889e-02,-5.863967437658207382e-01
6.338000000000000078e+00,9.368667462365154464e-02,8.691207009636769953e-08,2.037170448038474468e-01,9.368667462365154464e-02,-5.865818437480700975e-01
6.339999999999999858e+00,9.392352810909476712e-02,8.946370000373349285e-08,2.013936417361256170e-01,9.392352810909476712e-02,-5.867669437303194568e-01
6.342000000000000526e+00,9.416003443578924159e-02,8.924727046277780573e-08,1.990343373137193339e-01,9.416003443578924159e-02,-5.869520437125687051e-01
6.344000000000000306e+00,9.439613076042807638e-02,8.477645407900524788e-08,1.966404366140912519e-01,9.439613076042807638e-02,-5.871371436948180644e-01
6.346000000000000085e+00,9.463175667096324073e-02,7.903731957803472596e-08,1.942125258953680822e-01,9.463175667096324073e-02,-5.873222436770673127e-01
6.347999999999999865e+00,9.486685741783196235e-02,8.007547824817606852e-08,1.917506719338061272e-01,9.486685741783196235e-02,-5.875073436593166720e-01
6.349999999999999645e+00,9.510137383196248795e-02,8.934486017686538162e-08,1.892544947410413902e-01,9.510137383196248795e-02,-5.876924436415659203e-01
6.352000000000000313e+00,9.533523757747575100e-02,9.663723588015926680e-08,1.867252706604007884e-01,9.533523757747575100e-02,-5.878775436238152796e-01
6.354000000000000092e+00,9.556838315234028602e-02,9.352751151325833234e-08,1.841637592110523247e-01,9.556838315234028602e-02,-5.880626436060645279e-01
6.355999999999999872e+00,9.580075671464372000e-02,8.542152296620031393e-08,1.815698017008430254e-01,9.580075671464372000e-02,-5.882477435883138872e-01
6.358000000000000540e+00,9.603230593447542596e-02,8.287862163225412360e-08,1.789428759528205459e-01,9.603230593447542596e-02,-5.884328435705632465e-01
6.359999999999999432e+00,9.626296806536704942e-02,8.711892107715613065e-08,1.762840883339394926e-01,9.626296806536704942e-02,-5.886179435528124948e-01
6.362000000000000099e+00,9.649267636885361377e-02,9.200721506896769597e-08,1.735947146332539326e-01,9.649267636885361377e-02,-5.888030435350617431e-01
6.363999999999999879e+00,9.672137159782234761e-02,9.483004825838747820e-08,1.708747939305448327e-01,9.672137159782234761e-02,-5.889881435173111024e-01
6.365999999999999659e+00,9.694899858380079394e-02,9.622301233580543567e-08,1.681238302670337026e-01,9.694899858380079394e-02,-5.891732434995604617e-01
6.368000000000000327e+00,9.717549705262418236e-02,9.436191161782403469e-08,1.653424176828772740e-01,9.717549705262418236e-02,-5.893583434818097100e-01
6.370000000000000107e+00,9.740080545532125988e-02,8.871934165100014980e-08,1.625318906429564780e-01,9.740080545532125988e-02,-5.895434434640590693e-01
6.371999999999999886e+00,9.762486892358412938e-02,8.594342293388734788e-08,1.596923276400059599e-01,9.762486892358412938e-02,-5.897285434463084286e-01
6.374000000000000554e+00,9.784763381993055731e-02,9.195297179243056007e-08,1.568235554377497287e-01,9.784763381993055731e-02,-5.899136434285576769e-01
6.376000000000000334e+00,9.806903799009347722e-02,1.009128786089164009e-07,1.539260952812820937e-01,9.806903799009347722e-02,-5.900987434108070362e-01
6.378000000000000114e+00,9.828901678811341469e-02,1.019276719693706923e-07,1.510015140541318690e-01,9.828901678811341469e-02,-5.902838433930562845e-01
6.379999999999999893e+00,9.850751580138650265e-02,9.500449693611301427e-08,1.480497305646883976e-01,9.850751580138650265e-02,-5.904689433753056438e-01
6.381999999999999673e+00,9.872448737303152200e-02,9.026529723676901540e-08,1.450704443336167104e-01,9.872448737303152200e-02,-5.906540433575548921e-01
6.384000000000000341e+00,9.893987638664725193e-02,9.254952015869122306e-08,1.420638572303339897e-01,9.893987638664725193e-02,-5.908391433398042514e-01
6.386000000000000121e+00,9.915362019213957989e-02,9.697239555794823218e-08,1.390318910024911370e-01,9.915362019213957989e-02,-5.910242433220536107e-01
6.387999999999999901e+00,9.936566164644877741e-02,9.953701951559423833e-08,1.359748089756135370e-01,9.936566164644877741e-02,-5.912093433043028590e-01
6.390000000000000568e+00,9.957595149527453948e-02,1.014050939884825198e-07,1.328924753689236793e-01,9.957595149527453948e-02,-5.913944432865522183e-01
6.391999999999999460e+00,9.978443766891542666e-02,1.019219652009795141e-07,1.297846689427100131e-01,9.978443766891542666e-02,-5.915795432688014666e-01
6.394000000000000128e+00,9.999106322442996575e-02,9.809199341681562601e-08,1.266531273234470234e-01,9.999106322442996575e-02,-5.917646432510508259e-01
6.395999999999999908e+00,1.001957760123776131e-01,9.314629934031870562e-08,1.234981710372305974e-01,1.001957760123776131e-01,-5.919497432333000742e-01
6.397999999999999687e+00,1.003985297317119274e-01,9.505817977206731939e-08,1.203199034461949202e-01,1.003985297317119274e-01,-5.921348432155494335e-01
6.400000000000000355e+00,1.005992731796239159e-01,1.034627505891450028e-07,1.171181826863841868e-01,1.005992731796239159e-01,-5.923199431977987928e-01
6.402000000000000135e+00,1.007979490135539891e-01,1.079847984364334934e-07,1.138948409541723494e-01,1.007979490135539891e-01,-5.925050431800480411e-01
6.403999999999999915e+00,1.009945062574226782e-01,1.035413699224108086e-07,1.106502643939084596e-01,1.009945062574226782e-01,-5.926901431622974004e-01
6.406000000000000583e+00,1.011889040186579880e-01,9.763565922416006515e-08,1.073843405191020617e-01,1.011889040186579880e-01,-5.928752431445467597e-01
6.408000000000000362e+00,1.013810986291819871e-01,9.789122445980069642e-08,1.040966678355993436e-01,1.013810986291819871e-01,-5.930603431267960080e-01
6.409999999999999254e+00,1.015710370020938003e-01,1.017260816693621450e-07,1.007890721546752522e-01,1.015710370020938003e-01,-5.932454431090452562e-01
6.411999999999999922e+00,1.017586678049503535e-01,1.039267940594612583e-07,9.746245985171053672e-02,1.017586678049503535e-01,-5.934305430912946155e-01
6.413999999999999702e+00,1.019439498051935011e-01,1.052899459841327712e-07,9.411690976246389617e-02,1.019439498051935011e-01,-5.936156430735439749e-01
6.416000000000000369e+00,1.021268432979244301e-01,1.071639272876012683e-07,9.075188612328188853e-02,1.021268432979244301e-01,-5.938007430557932231e-01
6.418000000000000149e+00,1.023073019151130580e-01,1.060003264052866712e-07,8.736874241916492423e-02,1.023073019151130580e-01,-5.939858430380425824e-01
6.419999999999999929e+00,1.024852799939351966e-01,1.009467677226538740e-07,8.396847857709888174e-02,1.024852799939351966e-01,-5.941709430202919417e-01
6.422000000000000597e+00,1.026607397827777879e-01,9.914027643276313029e-08,8.055123972159350387e-02,1.026607397827777879e-01,-5.943560430025411900e-01
6.423999999999999488e+00,1.028336438782437856e-01,1.050953631898110530e-07,7.711676762774966054e-02,1.028336438782437856e-01,-5.945411429847904383e-01
6.425999999999999268e+00,1.030039478652843288e-01,1.116754562158206454e-07,7.366635044504810104e-02,1.030039478652843288e-01,-5.947262429670397976e-01
6.427999999999999936e+00,1.031716088650075358e-01,1.103686598780129202e-07,7.020124641590841374e-02,1.031716088650075358e-01,-5.949113429492891569e-01
6.429999999999999716e+00,1.033365945916159268e-01,1.044939513805687170e-07,6.672135245417065708e-02,1.033365945916159268e-01,-5.950964429315384052e-01
6.432000000000000384e+00,1.034988752143283230e-01,1.028994642826575046e-07,6.322624773340845827e-02,1.034988752143283230e-01,-5.952815429137877645e-01
6.434000000000000163e+00,1.036584119141458205e-01,1.060324777979460009e-07,5.971690586156463976e-02,1.036584119141458205e-01,-5.954666428960370128e-01
6.435999999999999943e+00,1.038151631179374812e-01,1.080946787634928796e-07,5.619509615436113492e-02,1.038151631179374812e-01,-5.956517428782863721e-01
6.438000000000000611e+00,1.039690971500113470e-01,1.084602296863579340e-07,5.266097714690698428e-02,1.039690971500113470e-01,-5.958368428605357314e-01
6.440000000000000391e+00,1.041201888490844718e-01,1.103191867857233888e-07,4.911424747834292059e-02,1.041201888490844718e-01,-5.960219428427849797e-01
6.441999999999999282e+00,1.042684074145704409e-01,1.116108014898031797e-07,4.555532771623393984e-02,1.042684074145704409e-01,-5.962070428250342280e-01
6.443999999999999950e+00,1.044137180981562496e-01,1.082623619641509549e-07,4.198595374065405839e-02,1.044137180981562496e-01,-5.963921428072835873e-01
6.445999999999999730e+00,1.045560928509414733e-01,1.041555444114550255e-07,3.840627830382570274e-02,1.045560928509414733e-01,-5.965772427895329466e-01
6.448000000000000398e+00,1.046955089487161539e-01,1.066203598742987424e-07,3.481630805196722633e-02,1.046955089487161539e-01,-5.967623427717821949e-01
6.450000000000000178e+00,1.048319387929276258e-01,1.133835997313425992e-07,3.121642145591718709e-02,1.048319387929276258e-01,-5.969474427540315542e-01
6.451999999999999957e+00,1.049653521266032952e-01,1.150606874222859233e-07,2.760858792891207614e-02,1.049653521266032952e-01,-5.971325427362809135e-01
6.454000000000000625e+00,1.050957271612398269e-01,1.103205634622739240e-07,2.399287265773686340e-02,1.050957271612398269e-01,-5.973176427185301618e-01
6.455999999999999517e+00,1.052230488283174559e-01,1.073116087102476968e-07,2.036909788411367384e-02,1.052230488283174559e-01,-5.975027427007794101e-01
6.457999999999999297e+00,1.053472957235732643e-01,1.095921823290879615e-07,1.673726341560688446e-02,1.053472957235732643e-01,-5.976878426830287694e-01
6.459999999999999964e+00,1.054684398557423908e-01,1.118666808075374774e-07,1.309955791771466593e-02,1.054684398557423908e-01,-5.978729426652781287e-01
6.461999999999999744e+00,1.055864603201671637e-01,1.113551433284953873e-07,9.456482621483464079e-03,1.055864603201671637e-01,-5.980580426475273770e-01
6.464000000000000412e+00,1.057013467936410711e-01,1.119940078453396382e-07,5.808065232684733736e-03,1.057013467936410711e-01,-5.982431426297767363e-01
6.466000000000000192e+00,1.058130870576879934e-01,1.146161519027799613e-07,2.153965810866687036e-03,1.058130870576879934e-01,-5.984282426120260956e-01
6.467999999999999972e+00,1.059216615309113152e-01,1.139709094877261464e-07,1.503954450502664741e-03,1.059216615309113152e-01,-5.986133425942753439e-01
6.470000000000000639e+00,1.060270534289419198e-01,1.095288207908495792e-07,5.165147002882286564e-03,1.060270534289419198e-01,-5.987984425765247032e-01
6.472000000000000419e+00,1.061292540342513302e-01,1.085847834980668836e-07,8.829437804578565974e-03,1.061292540342513302e-01,-5.989835425587740625e-01
6.473999999999999311e+00,1.062282541111708722e-01,1.137734088052511083e-07,1.249701399288127845e-02,1.062282541111708722e-01,-5.991686425410233108e-01
6.475999999999999979e+00,1.063240395742863775e-01,1.175210267989612589e-07,1.616597402247899051e-02,1.063240395742863775e-01,-5.993537425232725591e-01
6.477999999999999758e+00,1.064166010194713685e-01,1.146554020614587444e-07,1.983559157845038445e-02,1.064166010194713685e-01,-5.995388425055219184e-01
6.480000000000000426e+00,1.065059378726009864e-01,1.108662990301212403e-07,2.350595891103490764e-02,1.065059378726009864e-01,-5.997239424877712777e-01
6.482000000000000206e+00,1.065920474032833187e-01,1.121331587583540568e-07,2.717752714121279833e-02,1.065920474032833187e-01,-5.999090424700205260e-01
6.483999999999999986e+00,1.066749180889785542e-01,1.148727684086026102e-07,3.084858078573671225e-02,1.066749180889785542e-01,-6.000941424522698853e-01
6.486000000000000654e+00,1.067545409902893594e-01,1.141122055736687457e-07,3.451783613105885440e-02,1.067545409902893594e-01,-6.002792424345192446e-01
6.487999999999999545e+00,1.068309194386704020e-01,1.129191117277272838e-07,3.818516522102699540e-02,1.068309194386704020e-01,-6.004643424167684929e-01
6.489999999999999325e+00,1.069040602597213230e-01,1.152772997059514637e-07,4.185103076803498023e-02,1.069040602597213230e-01,-6.006494423990177411e-01
6.491999999999999993e+00,1.069739622310197369e-01,1.172302900309674101e-07,4.551427834946675244e-02,1.069739622310197369e-01,-6.008345423812671005e-01
6.493999999999999773e+00,1.070406216117510967e-01,1.143104376710724068e-07,4.917357581789549847e-02,1.070406216117510967e-01,-6.010196423635164598e-01
6.496000000000000441e+00,1.071040424144550363e-01,1.110864773501418767e-07,5.282881594701516192e-02,1.071040424144550363e-01,-6.012047423457657080e-01
6.498000000000000220e+00,1.071642327533659511e-01,1.135778774363771504e-07,5.648016134619071593e-02,1.071642327533659511e-01,-6.013898423280150674e-01
6.500000000000000000e+00,1.072211965597369421e-01,1.179966925279885004e-07,6.012654203870138048e-02,1.072211965597369421e-01,-6.015749423102644267e-01
6.502000000000000668e+00,1.072749383159462555e-01,1.171883782236093907e-07,6.376631669961507765e-02,1.072749383159462555e-01,-6.017600422925136749e-01
6.504000000000000448e+00,1.073254710202058426e-01,1.133221373406101407e-07,6.739959534429218468e-02,1.073254710202058426e-01,-6.019451422747630343e-01
6.505999999999999339e+00,1.073728097640266332e-01,1.134721935303062423e-07,7.102672636189100164e-02,1.073728097640266332e-01,-6.021302422570122825e-01
6.508000000000000007e+00,1.074169610378106210e-01,1.166777706673727266e-07,7.464706348362093458e-02,1.074169610378106210e-01,-6.023153422392616418e-01
6.509999999999999787e+00,1.074579287468020450e-01,1.165251529711142098e-07,7.825854568437673464e-02,1.074579287468020450e-01,-6.025004422215108901e-01
6.511999999999999567e+00,1.074957279602353211e-01,1.136833568393669225e-07,8.186095976989282708e-02,1.074957279602353211e-01,-6.026855422037602494e-01
6.514000000000000234e+00,1.075303825381405121e-01,1.142929791919655713e-07,8.545446418970004121e-02,1.075303825381405121e-01,-6.028706421860094977e-01
6.516000000000000014e+00,1.075619107469457658e-01,1.177130187768327119e-07,8.903892349001096829e-02,1.075619107469457658e-01,-6.030557421682588570e-01
6.518000000000000682e+00,1.075903236001962693e-01,1.174558758032517858e-07,9.261242483699294592e-02,1.075903236001962693e-01,-6.032408421505082163e-01
6.519999999999999574e+00,1.076156364270385302e-01,1.137271713469445444e-07,9.617478980383287190e-02,1.076156364270385302e-01,-6.034259421327574646e-01
6.521999999999999353e+00,1.076378718803645551e-01,1.133603216851852835e-07,9.972594368325171654e-02,1.076378718803645551e-01,-6.036110421150067129e-01
6.524000000000000021e+00,1.076570513417899333e-01,1.169983142590425018e-07,1.032657433541762648e-01,1.076570513417899333e-01,-6.037961420972560722e-01
6.525999999999999801e+00,1.076731938865997940e-01,1.178333849383150778e-07,1.067920827626246405e-01,1.076731938865997940e-01,-6.039812420795054315e-01
6.527999999999999581e+00,1.076863247713687466e-01,1.144854118173554980e-07,1.103047606495619615e-01,1.076863247713687466e-01,-6.041663420617546798e-01
6.530000000000000249e+00,1.076964744187938194e-01,1.135352690750934812e-07,1.138039369229321141e-01,1.076964744187938194e-01,-6.043514420440040391e-01
6.532000000000000028e+00,1.077036669304577421e-01,1.169207225482082890e-07,1.172898605355129353e-01,1.077036669304577421e-01,-6.045365420262533984e-01
6.534000000000000696e+00,1.077079195183208160e-01,1.181222663015901730e-07,1.207603920084214799e-01,1.077079195183208160e-01,-6.047216420085026467e-01
6.536000000000000476e+00,1.077092567789623700e-01,1.145339847408166634e-07,1.242148378390424135e-01,1.077092567789623700e-01,-6.049067419907520060e-01
6.537999999999999368e+00,1.077077157173786937e-01,1.125430412196593011e-07,1.276531361918475938e-01,1.077092567789623700e-01,-6.050918419730012543e-01
6.540000000000000036e+00,1.077033327035950006e-01,1.156847433403385139e-07,1.310757433436597896e-01,1.077092567789623700e-01,-6.052769419552506136e-01
6.541999999999999815e+00,1.076961343677558247e-01,1.181442214059913454e-07,1.344809630244089282e-01,1.077092567789623700e-01,-6.054620419374998619e-01
6.543999999999999595e+00,1.076861462958512705e-01,1.157245002048057358e-07,1.378680675104069220e-01,1.077092567789623700e-01,-6.056471419197492212e-01
6.546000000000000263e+00,1.076734017993843384e-01,1.133233581418480185e-07,1.412369631716551277e-01,1.077092567789623700e-01,-6.058322419019985805e-01
6.548000000000000043e+00,1.076579368595018682e-01,1.151403006272033736e-07,1.445879033519121837e-01,1.077092567789623700e-01,-6.060173418842478288e-01
6.550000000000000711e+00,1.076397844418294225e-01,1.167553912440055797e-07,1.479192095392471984e-01,1.077092567789623700e-01,-6.062024418664971881e-01
6.551999999999999602e+00,1.076189804530802707e-01,1.142472053627940909e-07,1.512298800683721245e-01,1.077092567789623700e-01,-6.063875418487464364e-01
6.553999999999999382e+00,1.075955671750190579e-01,1.123464303809385001e-07,1.545200952900174229e-01,1.077092567789623700e-01,-6.065726418309957957e-01
6.556000000000000050e+00,1.075695839156929345e-01,1.154188840057912557e-07,1.577903604852645136e-01,1.077092567789623700e-01,-6.067577418132450440e-01
6.557999999999999829e+00,1.075410607568803023e-01,1.183281144179204603e-07,1.610393425476770446e-01,1.077092567789623700e-01,-6.069428417954944033e-01
6.559999999999999609e+00,1.075100297593470922e-01,1.153010089627315438e-07,1.642655212774752904e-01,1.077092567789623700e-01,-6.071279417777437626e-01
6.562000000000000277e+00,1.074765361720221302e-01,1.107917326770291311e-07,1.674688338940795163e-01,1.077092567789623700e-01,-6.073130417599930109e-01
6.564000000000000057e+00,1.074406305761597125e-01,1.119038308683428795e-07,1.706496851004950521e-01,1.077092567789623700e-01,-6.074981417422423702e-01
6.566000000000000725e+00,1.074023545929837509e-01,1.160345941553231341e-07,1.738073142180702746e-01,1.077092567789623700e-01,-6.076832417244917295e-01
6.568000000000000504e+00,1.073617432177954578e-01,1.161545992722778919e-07,1.769402197707025115e-01,1.077092567789623700e-01,-6.078683417067409778e-01
6.569999999999999396e+00,1.073188365156086954e-01,1.132319841223861090e-07,1.800484261918169349e-01,1.077092567789623700e-01,-6.080534416889902261e-01
6.572000000000000064e+00,1.072736804054341686e-01,1.129424255230659924e-07,1.831320725149696571e-01,1.077092567789623700e-01,-6.082385416712395854e-01
6.573999999999999844e+00,1.072263193440569085e-01,1.143282838400594414e-07,1.861904779254717202e-01,1.077092567789623700e-01,-6.084236416534889447e-01
6.575999999999999623e+00,1.071767978386037878e-01,1.126212069157972451e-07,1.892218310524447222e-01,1.077092567789623700e-01,-6.086087416357381930e-01
6.578000000000000291e+00,1.071251661544357914e-01,1.100042067436746152e-07,1.922262912745695829e-01,1.077092567789623700e-01,-6.087938416179875523e-01
6.580000000000000071e+00,1.070714748408917449e-01,1.122096802141925309e-07,1.952042049210928054e-01,1.077092567789623700e-01,-6.089789416002369116e-01
6.582000000000000739e+00,1.070157651618364181e-01,1.166499049576330549e-07,1.981553644501343747e-01,1.077092567789623700e-01,-6.091640415824861599e-01
6.583999999999999631e+00,1.069580747282015132e-01,1.154631457112031967e-07,2.010776980944367631e-01,1.077092567789623700e-01,-6.093491415647354081e-01
6.585999999999999410e+00,1.068984521565593537e-01,1.094445455374071230e-07,2.039709959661116789e-01,1.077092567789623700e-01,-6.095342415469847674e-01
6.588000000000000078e+00,1.068369564063988975e-01,1.073740523160893190e-07,2.068353802389208962e-01,1.077092567789623700e-01,-6.097193415292341268e-01
6.589999999999999858e+00,1.067736415009966633e-01,1.113796475049610990e-07,2.096710413035182130e-01,1.077092567789623700e-01,-6.099044415114833750e-01
6.591999999999999638e+00,1.067085508753287115e-01,1.142545454912990976e-07,2.124761662082077507e-01,1.077092567789623700e-01,-6.100895414937327343e-01
6.594000000000000306e+00,1.066417280852137717e-01,1.124820614428756471e-07,2.152505884204969355e-01,1.077092567789623700e-01,-6.102746414759819826e-01
6.596000000000000085e+00,1.065732234850218507e-01,1.106532359074208216e-07,2.179943099890060410e-01,1.077092567789623700e-01,-6.104597414582313419e-01
6.597999999999999865e+00,1.065030889171543205e-01,1.110250822389247105e-07,2.207074615362430992e-01,1.077092567789623700e-01,-6.106448414404807012e-01
6.600000000000000533e+00,1.064313748523777470e-01,1.097637062352774251e-07,2.233881065655949349e-01,1.077092567789623700e-01,-6.108299414227299495e-01
6.601999999999999424e+00,1.063581356520504340e-01,1.066604089494660457e-07,2.260359366982274132e-01,1.077092567789623700e-01,-6.110150414049791978e-01
6.604000000000000092e+00,1.062834282658545737e-01,1.075298377006816963e-07,2.286512128762564489e-01,1.077092567789623700e-01,-6.112001413872285571e-01
6.605999999999999872e+00,1.062073020917569943e-01,1.128312244746965121e-07,2.312344289283092547e-01,1.077092567789623700e-01,-6.113852413694779164e-01
6.607999999999999652e+00,1.061297984803534211e-01,1.143255700108980477e-07,2.337838047510524264e-01,1.077092567789623700e-01,-6.115703413517271647e-01
6.610000000000000320e+00,1.060509650967619288e-01,1.084298182352227968e-07,2.362985385192206689e-01,1.077092567789623700e-01,-6.117554413339765240e-01
6.612000000000000099e+00,1.059708627624231791e-01,1.030301897131380429e-07,2.387786728322691676e-01,1.077092567789623700e-01,-6.119405413162258833e-01
6.613999999999999879e+00,1.058895531723843542e-01,1.049609162917519711e-07,2.412247637973562453e-01,1.077092567789623700e-01,-6.121256412984751316e-01
6.615999999999999659e+00,1.058070866789581066e-01,1.096887135565438598e-07,2.436355315715399428e-01,1.077092567789623700e-01,-6.123107412807243799e-01
6.617999999999999439e+00,1.057235079099031472e-01,1.102994536816837012e-07,2.460101607076609076e-01,1.077092567789623700e-01,-6.124958412629737392e-01
6.620000000000000107e+00,1.056388664787011322e-01,1.081582801099045810e-07,2.483487644238563385e-01,1.077092567789623700e-01,-6.126809412452230985e-01
6.621999999999999886e+00,1.055532162680823394e-01,1.072678192937104313e-07,2.506516863739591816e-01,1.077092567789623700e-01,-6.128660412274723468e-01
6.623999999999999666e+00,1.054666102828744068e-01,1.059540032377626062e-07,2.529177091785842491e-01,1.077092567789623700e-01,-6.130511412097217061e-01
6.626000000000000334e+00,1.053791033440864000e-01,1.025079103822434945e-07,2.551456913710370422e-01,1.077092567789623700e-01,-6.132362411919710654e-01
6.628000000000000114e+00,1.052907537625511480e-01,1.017530503188979196e-07,2.573359765360045959e-01,1.077092567789623700e-01,-6.134213411742203137e-01
6.629999999999999893e+00,1.052016150416901219e-01,1.069318182889134050e-07,2.594891384633534193e-01,1.077092567789623700e-01,-6.136064411564696730e-01
6.632000000000000561e+00,1.051117302188222524e-01,1.112458027918705739e-07,2.616044057626762953e-01,1.077092567789623700e-01,-6.137915411387190323e-01
6.633999999999999453e+00,1.050211427798543040e-01,1.072365420906606914e-07,2.636802295263921403e-01,1.077092567789623700e-01,-6.139766411209682806e-01
6.636000000000000121e+00,1.049299091145335927e-01,9.945645662590152369e-08,2.657166943300423023e-01,1.077092567789623700e-01,-6.141617411032175289e-01
6.637999999999999901e+00,1.048380925260067320e-01,9.786426891089661240e-08,2.677141978842851877e-01,1.077092567789623700e-01,-6.143468410854668882e-01
6.639999999999999680e+00,1.047457475635753532e-01,1.026912377355415629e-07,2.696724723021443060e-01,1.077092567789623700e-01,-6.145319410677162475e-01
6.642000000000000348e+00,1.046529183234023996e-01,1.060135058628119964e-07,2.715900638967456704e-01,1.077092567789623700e-01,-6.147170410499654958e-01
6.644000000000000128e+00,1.045596496414928911e-01,1.050128389801230355e-07,2.734671746621782917e-01,1.077092567789623700e-01,-6.149021410322148551e-01
6.645999999999999908e+00,1.044659918109013264e-01,1.032821401736327971e-07,2.753040182083007492e-01,1.077092567789623700e-01,-6.150872410144642144e-01
6.647999999999999687e+00,1.043719961951865560e-01,1.015269192050638480e-07,2.771003814762317274e-01,1.077092567789623700e-01,-6.152723409967134627e-01
6.649999999999999467e+00,1.042777146259347143e-01,9.777374088137946728e-08,2.788545500691205214e-01,1.077092567789623700e-01,-6.154574409789627110e-01
6.652000000000000135e+00,1.041832022917702494e-01,9.531352906932966107e-08,2.805667480892108934e-01,1.077092567789623700e-01,-6.156425409612120703e-01
6.653999999999999915e+00,1.040885121916694800e-01,9.931859290546185548e-08,2.822374064616390843e-01,1.077092567789623700e-01,-6.158276409434614296e-01
6.655999999999999694e+00,1.039936867443760349e-01,1.058377548934785750e-07,2.838667688241903742e-01,1.077092567789623700e-01,-6.160127409257106779e-01
6.658000000000000362e+00,1.038987630859922184e-01,1.050905057420337130e-07,2.854530490381170793e-01,1.077092567789623700e-01,-6.161978409079600372e-01
6.660000000000000142e+00,1.038037881674198637e-01,9.672222012202524866e-08,2.869960867803733606e-01,1.077092567789623700e-01,-6.163829408902093965e-01
6.661999999999999922e+00,1.037088203088725180e-01,9.116377641671391530e-08,2.884960912054432836e-01,1.077092567789623700e-01,-6.165680408724586448e-01
6.664000000000000590e+00,1.036139143629302151e-01,9.403739498203833591e-08,2.899535516134807978e-01,1.077092567789623700e-01,-6.167531408547080041e-01
6.665999999999999481e+00,1.035191126116286053e-01,9.931913758087773658e-08,2.913670179690599493e-01,1.077092567789623700e-01,-6.169382408369572524e-01
6.668000000000000149e+00,1.034244526565549771e-01,1.005976520973561605e-07,2.927363667625373367e-01,1.077092567789623700e-01,-6.171233408192066117e-01
6.669999999999999929e+00,1.033299763879146349e-01,9.900918329641683613e-08,2.940618043360730960e-01,1.077092567789623700e-01,-6.173084408014558599e-01
6.671999999999999709e+00,1.032357289342226148e-01,9.677157530862956492e-08,2.953437237870532028e-01,1.077092567789623700e-01,-6.174935407837052193e-01
6.674000000000000377e+00,1.031417559244808269e-01,9.270334888622500102e-08,2.965806295996560316e-01,1.077092567789623700e-01,-6.176786407659544675e-01
6.676000000000000156e+00,1.030481056509310323e-01,8.863714806572886573e-08,2.977721632445261557e-01,1.077092567789623700e-01,-6.178637407482038268e-01
6.677999999999999936e+00,1.029548263572841460e-01,9.058352401503100282e-08,2.989187746814008784e-01,1.077092567789623700e-01,-6.180488407304531862e-01
6.679999999999999716e+00,1.028619571352030748e-01,9.809871048815921313e-08,3.000211614403638927e-01,1.077092567789623700e-01,-6.182339407127024344e-01
6.681999999999999496e+00,1.027695276322592166e-01,1.012068949757249925e-07,3.010781308706320103e-01,1.077092567789623700e-01,-6.184190406949516827e-01
6.684000000000000163e+00,1.026775720946798698e-01,9.438077008816492253e-08,3.020888919605670964e-01,1.077092567789623700e-01,-6.186041406772010420e-01
6.685999999999999943e+00,1.025861379697473597e-01,8.561298547871132314e-08,3.030536916501634370e-01,1.077092567789623700e-01,-6.187892406594504013e-01
6.687999999999999723e+00,1.024952756049856140e-01,8.484976632416874054e-08,3.039731684415793445e-01,1.077092567789623700e-01,-6.189743406416996496e-01
6.690000000000000391e+00,1.024050240819150970e-01,9.043847715162200984e-08,3.048466123653191806e-01,1.077092567789623700e-01,-6.191594406239490089e-01
6.692000000000000171e+00,1.023154128263206175e-01,9.435531045376421844e-08,3.056732480301133648e-01,1.077092567789623700e-01,-6.193445406061983682e-01
6.693999999999999950e+00,1.022264721568311163e-01,9.411622325927737620e-08,3.064534560793115703e-01,1.077092567789623700e-01,-6.195296405884476165e-01
6.696000000000000618e+00,1.021382367445294870e-01,9.182757765291427177e-08,3.071876965264483395e-01,1.077092567789623700e-01,-6.197147405706969758e-01
6.697999999999999510e+00,1.020507429749885064e-01,8.752260527433719517e-08,3.078753419314022577e-01,1.077092567789623700e-01,-6.198998405529462241e-01
6.700000000000000178e+00,1.019640293984102053e-01,8.209219115595800531e-08,3.085152973868939830e-01,1.077092567789623700e-01,-6.200849405351955834e-01
6.701999999999999957e+00,1.018781360002305458e-01,8.142284968482016438e-08,3.091080880525851060e-01,1.077092567789623700e-01,-6.202700405174448317e-01
6.703999999999999737e+00,1.017930959662972645e-01,8.843019605464519373e-08,3.096543755248628016e-01,1.077092567789623700e-01,-6.204551404996941910e-01
6.706000000000000405e+00,1.017089308963531336e-01,9.503942521860153647e-08,3.101539993559859210e-01,1.077092567789623700e-01,-6.206402404819435503e-01
6.708000000000000185e+00,1.016256610813137673e-01,9.162718639377231966e-08,3.106056153935987663e-01,1.077092567789623700e-01,-6.208253404641927986e-01
6.709999999999999964e+00,1.015433188399506026e-01,8.143825913631275171e-08,3.110094865340231607e-01,1.077092567789623700e-01,-6.210104404464421579e-01
6.711999999999999744e+00,1.014619450418982050e-01,7.629486209470570657e-08,3.113660711237292156e-01,1.077092567789623700e-01,-6.211955404286914062e-01
6.713999999999999524e+00,1.013815737057998101e-01,8.012418684089084309e-08,3.116755826152152187e-01,1.077092567789623700e-01,-6.213806404109407655e-01
6.716000000000000192e+00,1.013022263279949042e-01,8.603479362268018349e-08,3.119368385406898203e-01,1.077092567789623700e-01,-6.215657403931900138e-01
6.717999999999999972e+00,1.012239205260389019e-01,8.811542573372577181e-08,3.121502119964142397e-01,1.077092567789623700e-01,-6.217508403754393731e-01
6.719999999999999751e+00,1.011466775113415428e-01,8.661782702201747952e-08,3.123160798267256011e-01,1.077092567789623700e-01,-6.219359403576887324e-01
6.722000000000000419e+00,1.010705217348545348e-01,8.237962834112266819e-08,3.124346756553589288e-01,1.077092567789623700e-01,-6.221210403399379807e-01
6.724000000000000199e+00,1.009954800930938923e-01,7.595815165739594477e-08,3.125046394771760494e-01,1.077092567789623700e-01,-6.223061403221873400e-01
6.725999999999999979e+00,1.009215818810547116e-01,7.251314859679780511e-08,3.125262562688600476e-01,1.077092567789623700e-01,-6.224912403044366993e-01
6.728000000000000647e+00,1.008488522844854796e-01,7.755732656100633449e-08,3.125001079134218651e-01,1.077092567789623700e-01,-6.226763402866859476e-01
6.729999999999999538e+00,1.007773047718665271e-01,8.645698501563714444e-08,3.124268124656404688e-01,1.077092567789623700e-01,-6.228614402689351959e-01
6.732000000000000206e+00,1.007069462097487378e-01,8.756148994759627158e-08,3.123051080240178967e-01,1.077092567789623700e-01,-6.230465402511845552e-01
6.733999999999999986e+00,1.006377917276197742e-01,7.829397485892286568e-08,3.121349223874188561e-01,1.077092567789623700e-01,-6.232316402334339145e-01
6.735999999999999766e+00,1.005698686031418765e-01,6.926203355295257325e-08,3.119166446565609374e-01,1.077092567789623700e-01,-6.234167402156831628e-01
6.738000000000000433e+00,1.005032034288424470e-01,6.949835740233112347e-08,3.116509871459528513e-01,1.077092567789623700e-01,-6.236018401979325221e-01
6.740000000000000213e+00,1.004378105673571220e-01,7.586008832216606379e-08,3.113370456372563932e-01,1.077092567789623700e-01,-6.237869401801818814e-01
6.741999999999999993e+00,1.003736958417108527e-01,8.056164546577093688e-08,3.109747731761767775e-01,1.077092567789623700e-01,-6.239720401624311297e-01
6.743999999999999773e+00,1.003108658409955778e-01,8.085406222324564851e-08,3.105646436464659654e-01,1.077092567789623700e-01,-6.241571401446803780e-01
6.745999999999999552e+00,1.002493312687393612e-01,7.728505002635444043e-08,3.101072641115009132e-01,1.077092567789623700e-01,-6.243422401269297373e-01
6.748000000000000220e+00,1.001891062024700130e-01,7.040093763510668623e-08,3.096017491305749214e-01,1.077092567789623700e-01,-6.245273401091789855e-01
6.750000000000000000e+00,1.001302080494467228e-01,6.441147071267749880e-08,3.090477769244728279e-01,1.077092567789623700e-01,-6.247124400914283449e-01
6.751999999999999780e+00,1.000726527074324856e-01,6.638064076192051743e-08,3.084460090767118801e-01,1.077092567789623700e-01,-6.248975400736777042e-01
6.754000000000000448e+00,1.000164458365598863e-01,7.580550420716036797e-08,3.077972834834809546e-01,1.077092567789623700e-01,-6.250826400559269524e-01
6.756000000000000227e+00,9.996158275548017169e-02,8.147275776249074397e-08,3.071010859606104759e-01,1.077092567789623700e-01,-6.252677400381763118e-01
6.758000000000000007e+00,9.990806175737021455e-02,7.538984603261411621e-08,3.063567751338845957e-01,1.077092567789623700e-01,-6.254528400204256711e-01
6.760000000000000675e+00,9.985589405749684122e-02,6.412369868424860897e-08,3.055648311583492593e-01,1.077092567789623700e-01,-6.256379400026749193e-01
6.761999999999999567e+00,9.980509640999979393e-02,5.977122641276366721e-08,3.047259603721378385e-01,1.077092567789623700e-01,-6.258230399849241676e-01
6.764000000000000234e+00,9.975567681889951910e-02,6.455813850170244450e-08,3.038400444200880512e-01,1.077092567789623700e-01,-6.260081399671735269e-01
6.766000000000000014e+00,9.970763167161122986e-02,7.127025580810908423e-08,3.029064903438490330e-01,1.077092567789623700e-01,-6.261932399494228862e-01
6.767999999999999794e+00,9.966095406320651939e-02,7.413045732818090983e-08,3.019259239223912594e-01,1.077092567789623700e-01,-6.263783399316721345e-01
6.770000000000000462e+00,9.961564037168180175e-02,7.207726526736735195e-08,3.008989370974296529e-01,1.077092567789623700e-01,-6.265634399139214938e-01
6.772000000000000242e+00,9.957169157133527460e-02,6.544724540091806375e-08,2.998254875958296095e-01,1.077092567789623700e-01,-6.267485398961708531e-01
6.774000000000000021e+00,9.952911301720768211e-02,5.749269715860094720e-08,2.987047241647645679e-01,1.077092567789623700e-01,-6.269336398784201014e-01
6.775999999999999801e+00,9.948791108688959106e-02,5.580615358713458818e-08,2.975373142146856553e-01,1.077092567789623700e-01,-6.271187398606693497e-01
6.777999999999999581e+00,9.944808437012919722e-02,6.384710349305322552e-08,2.963240151475386996e-01,1.077092567789623700e-01,-6.273038398429187090e-01
6.779999999999999361e+00,9.940961939947978721e-02,7.306230243031563987e-08,2.950651943040231151e-01,1.077092567789623700e-01,-6.274889398251680683e-01
6.782000000000000028e+00,9.937250009957432351e-02,7.174840366275248016e-08,2.937599157921428894e-01,1.077092567789623700e-01,-6.276740398074173166e-01
6.783999999999999808e+00,9.933672131731152710e-02,6.064881019618439950e-08,2.924086024277230966e-01,1.077092567789623700e-01,-6.278591397896666759e-01
6.786000000000000476e+00,9.930228820457676076e-02,5.192177510160433940e-08,2.910118252089284319e-01,1.077092567789623700e-01,-6.280442397719160352e-01
6.788000000000000256e+00,9.926920278487072480e-02,5.322804819130055876e-08,2.895701711722644678e-01,1.077092567789623700e-01,-6.282293397541652835e-01
6.790000000000000036e+00,9.923745517011817174e-02,6.048063316832497094e-08,2.880829022372063397e-01,1.077092567789623700e-01,-6.284144397364146428e-01
6.792000000000000703e+00,9.920702797562663822e-02,6.608772884497682298e-08,2.865505187407477727e-01,1.077092567789623700e-01,-6.285995397186640021e-01
6.793999999999999595e+00,9.917790459985575957e-02,6.643912064951962293e-08,2.849736001506901761e-01,1.077092567789623700e-01,-6.287846397009132504e-01
6.795999999999999375e+00,9.915007341711434830e-02,6.096467464189458951e-08,2.833527228531174114e-01,1.077092567789623700e-01,-6.289697396831624987e-01
6.798000000000000043e+00,9.912352855974193577e-02,5.192058760705720033e-08,2.816870626247562903e-01,1.077092567789623700e-01,-6.291548396654118580e-01
6.799999999999999822e+00,9.909826754935080473e-02,4.659472996326741168e-08,2.799769586371402830e-01,1.077092567789623700e-01,-6.293399396476612173e-01
6.802000000000000490e+00,9.907428320477951189e-02,5.160397154035933909e-08,2.782231553258387446e-01,1.077092567789623700e-01,-6.295250396299104656e-01
6.804000000000000270e+00,9.905155643414031985e-02,6.255052620307566258e-08,2.764265074839815650e-01,1.077092567789623700e-01,-6.297101396121598249e-01
6.806000000000000050e+00,9.903006086428234322e-02,6.651061568163640914e-08,2.745863963182422207e-01,1.077092567789623700e-01,-6.298952395944091842e-01
6.807999999999999829e+00,9.900977689346890376e-02,5.809356262709286511e-08,2.727028748066244734e-01,1.077092567789623700e-01,-6.300803395766584325e-01
6.809999999999999609e+00,9.899069755869538412e-02,4.643738849008371972e-08,2.707765363985730200e-01,1.077092567789623700e-01,-6.302654395589076808e-01
6.811999999999999389e+00,9.897281901236354429e-02,4.308518808393557720e-08,2.688082156480081086e-01,1.077092567789623700e-01,-6.304505395411570401e-01
6.814000000000000057e+00,9.895612819239441027e-02,4.889938487462330841e-08,2.667976101164564184e-01,1.077092567789623700e-01,-6.306356395234063994e-01
6.815999999999999837e+00,9.894060160104667379e-02,5.660130997231505035e-08,2.647447905294585402e-01,1.077092567789623700e-01,-6.308207395056556477e-01
6.818000000000000504e+00,9.892621283759239770e-02,5.998103302928825542e-08,2.626504705223783875e-01,1.077092567789623700e-01,-6.310058394879050070e-01
6.820000000000000284e+00,9.891293942266388139e-02,5.666311919672040176e-08,2.605153976228332668e-01,1.077092567789623700e-01,-6.311909394701543663e-01
6.822000000000000064e+00,9.890076573381934022e-02,4.764126504408494611e-08,2.583393229292439974e-01,1.077092567789623700e-01,-6.313760394524036146e-01
6.824000000000000732e+00,9.888968189432378875e-02,3.925851477237785048e-08,2.561220668703221293e-01,1.077092567789623700e-01,-6.315611394346529739e-01
6.825999999999999623e+00,9.887967674289488418e-02,4.015691823511247094e-08,2.538644485624413361e-01,1.077092567789623700e-01,-6.317462394169022222e-01
6.827999999999999403e+00,9.887072881993475004e-02,5.064778929586566392e-08,2.515673705831972251e-01,1.077092567789623700e-01,-6.319313393991514705e-01
6.830000000000000071e+00,9.886280635579192122e-02,5.919827184008852328e-08,2.492309331793467753e-01,1.077092567789623700e-01,-6.321164393814008298e-01
6.831999999999999851e+00,9.885587920147431706e-02,5.544039549665313871e-08,2.468547747394985725e-01,1.077092567789623700e-01,-6.323015393636501891e-01
6.834000000000000519e+00,9.884992938369729920e-02,4.319256396989601399e-08,2.444395599961726451e-01,1.077092567789623700e-01,-6.324866393458994374e-01
6.836000000000000298e+00,9.884494737593496616e-02,3.515296420619762330e-08,2.419860439634896887e-01,1.077092567789623700e-01,-6.326717393281487967e-01
6.838000000000000078e+00,9.884091938445249692e-02,3.759478672815674827e-08,2.394945916712333811e-01,1.077092567789623700e-01,-6.328568393103981560e-01
6.839999999999999858e+00,9.883782066376500808e-02,4.593068869684913125e-08,2.369649156981327720e-01,1.077092567789623700e-01,-6.330419392926474043e-01
6.841999999999999638e+00,9.883561967838438989e-02,5.238122513517851075e-08,2.343977936526587813e-01,1.077092567789623700e-01,-6.332270392748966525e-01
6.843999999999999417e+00,9.883428618104650454e-02,5.213375597890035351e-08,2.317939347653950322e-01,1.077092567789623700e-01,-6.334121392571460119e-01
6.846000000000000085e+00,9.883379694009253313e-02,4.439460576932674485e-08,2.291537544350844280e-01,1.077092567789623700e-01,-6.335972392393953712e-01
6.847999999999999865e+00,9.883413658477335773e-02,3.401272674619093550e-08,2.264768018743667788e-01,1.077092567789623700e-01,-6.337823392216446194e-01
6.850000000000000533e+00,9.883529206286312263e-02,3.045103724730324757e-08,2.237638106758473855e-01,1.077092567789623700e-01,-6.339674392038939787e-01
6.852000000000000313e+00,9.883724275442562490e-02,3.840751483519255771e-08,2.210156092631447300e-01,1.077092567789623700e-01,-6.341525391861433381e-01
6.854000000000000092e+00,9.883995647430576792e-02,4.986433510545396075e-08,2.182329078941638578e-01,1.077092567789623700e-01,-6.343376391683925863e-01
6.856000000000000760e+00,9.884339771697814303e-02,5.171083006239030055e-08,2.154152976028237965e-01,1.077092567789623700e-01,-6.345227391506419456e-01
6.857999999999999652e+00,9.884754033051645905e-02,4.150305543682009102e-08,2.125633120318685121e-01,1.077092567789623700e-01,-6.347078391328911939e-01
6.859999999999999432e+00,9.885236976518474439e-02,2.999403325709693036e-08,2.096776384926214432e-01,1.077092567789623700e-01,-6.348929391151405532e-01
6.862000000000000099e+00,9.885787316800953572e-02,2.776506424773117487e-08,2.067590690878524651e-01,1.077092567789623700e-01,-6.350780390973898015e-01
6.863999999999999879e+00,9.886402887874523593e-02,3.476830456872193054e-08,2.038073844662194600e-01,1.077092567789623700e-01,-6.352631390796391608e-01
6.865999999999999659e+00,9.887080572432660475e-02,4.354749227886145491e-08,2.008231563544535525e-01,1.077092567789623700e-01,-6.354482390618885201e-01
6.868000000000000327e+00,9.887817000194709660e-02,4.693565369695562595e-08,1.978071289744153805e-01,1.077092567789623700e-01,-6.356333390441377684e-01
6.870000000000000107e+00,9.888609366812872725e-02,4.174864809414202682e-08,1.947600662228787805e-01,1.077092567789623700e-01,-6.358184390263871277e-01
6.871999999999999886e+00,9.889455806499469759e-02,3.077385724026271419e-08,1.916817356829654539e-01,1.077092567789623700e-01,-6.360035390086363760e-01
6.873999999999999666e+00,9.890355029191100211e-02,2.314940916736674126e-08,1.885725362741287325e-01,1.077092567789623700e-01,-6.361886389908857353e-01
6.875999999999999446e+00,9.891305352162660380e-02,2.700991363902005560e-08,1.854333141424504561e-01,1.077092567789623700e-01,-6.363737389731349836e-01
6.878000000000000114e+00,9.892303969193594337e-02,3.910039170218482241e-08,1.822649968097433126e-01,1.077092567789623700e-01,-6.365588389553843429e-01
6.879999999999999893e+00,9.893347358453208340e-02,4.625685134929113929e-08,1.790675763168053380e-01,1.077092567789623700e-01,-6.367439389376337022e-01
6.881999999999999673e+00,9.894432500400551778e-02,4.033911471523765613e-08,1.758412675848471107e-01,1.077092567789623700e-01,-6.369290389198829505e-01
6.884000000000000341e+00,9.895557599364801504e-02,2.756395978131820357e-08,1.725868089057925880e-01,1.077092567789623700e-01,-6.371141389021323098e-01
6.886000000000000121e+00,9.896721551003195838e-02,2.044503133458164257e-08,1.693050516168670416e-01,1.077092567789623700e-01,-6.372992388843816691e-01
6.888000000000000789e+00,9.897922821051541309e-02,2.415288580248642347e-08,1.659962110380709399e-01,1.077092567789623700e-01,-6.374843388666309174e-01
6.889999999999999680e+00,9.899158855757839159e-02,3.374868795535945765e-08,1.626605199700329185e-01,1.077092567789623700e-01,-6.376694388488801657e-01
6.891999999999999460e+00,9.900426459371292065e-02,4.072418868794613900e-08,1.592988164188005040e-01,1.077092567789623700e-01,-6.378545388311295250e-01
6.894000000000000128e+00,9.901722693278691700e-02,3.916467605780127315e-08,1.559118976988120298e-01,1.077092567789623700e-01,-6.380396388133788843e-01
6.895999999999999908e+00,9.903045583958547393e-02,2.919159136638427299e-08,1.525000330616147759e-01,1.077092567789623700e-01,-6.382247387956281326e-01
6.897999999999999687e+00,9.904394050203080280e-02,1.855594844446528668e-08,1.490632844580123406e-01,1.077092567789623700e-01,-6.384098387778774919e-01
6.900000000000000355e+00,9.905767016789424062e-02,1.753585110453315110e-08,1.456025140352051883e-01,1.077092567789623700e-01,-6.385949387601268512e-01
6.902000000000000135e+00,9.907162471446218088e-02,2.791037179150634984e-08,1.421186035591189556e-01,1.077092567789623700e-01,-6.387800387423760995e-01
6.903999999999999915e+00,9.908577441730770374e-02,3.894980238339229572e-08,1.386120713316642550e-01,1.077092567789623700e-01,-6.389651387246253478e-01
6.905999999999999694e+00,9.910008993672303479e-02,3.863351916155721710e-08,1.350829217982078279e-01,1.077092567789623700e-01,-6.391502387068747071e-01
6.907999999999999474e+00,9.911455235003219233e-02,2.723343062172034479e-08,1.315318989483350298e-01,1.077092567789623700e-01,-6.393353386891239554e-01
6.910000000000000142e+00,9.912915311803904839e-02,1.623704226627609160e-08,1.279597673114414580e-01,1.077092567789623700e-01,-6.395204386713733147e-01
6.911999999999999922e+00,9.914388479680513733e-02,1.525858250861489296e-08,1.243671725695592589e-01,1.077092567789623700e-01,-6.397055386536226740e-01
6.913999999999999702e+00,9.915873173802014495e-02,2.366186013791349296e-08,1.207541996464141093e-01,1.077092567789623700e-01,-6.398906386358719223e-01
6.916000000000000369e+00,9.917366896977541924e-02,3.339418952474915159e-08,1.171216489161281404e-01,1.077092567789623700e-01,-6.400757386181212816e-01
6.918000000000000149e+00,9.918866982818153044e-02,3.609670728987879329e-08,1.134702837825419947e-01,1.077092567789623700e-01,-6.402608386003706409e-01
6.920000000000000817e+00,9.920371578351472319e-02,2.870905513319144120e-08,1.098007671701436566e-01,1.077092567789623700e-01,-6.404459385826198892e-01
6.921999999999999709e+00,9.921879949438394686e-02,1.660552173543550225e-08,1.061131187415071120e-01,1.077092567789623700e-01,-6.406310385648691375e-01
6.923999999999999488e+00,9.923391792361224706e-02,1.078287681366418838e-08,1.024080580871717383e-01,1.077092567789623700e-01,-6.408161385471184968e-01
6.926000000000000156e+00,9.924906150051004960e-02,1.749418043761608033e-08,9.868641195910587971e-02,1.077092567789623700e-01,-6.410012385293678561e-01
6.927999999999999936e+00,9.926421026172671525e-02,3.022401839913868571e-08,9.494899840894945042e-02,1.077092567789623700e-01,-6.411863385116171044e-01
6.929999999999999716e+00,9.927934049996534061e-02,3.559076622305923365e-08,9.119593202439357782e-02,1.077092567789623700e-01,-6.413714384938664637e-01
6.932000000000000384e+00,9.929443544012217515e-02,2.797410902921626530e-08,8.742780330911487097e-02,1.077092567789623700e-01,-6.415565384761158230e-01
6.934000000000000163e+00,9.930948975594711126e-02,1.514881653452704313e-08,8.364535224244606937e-02,1.077092567789623700e-01,-6.417416384583650713e-01
6.935999999999999943e+00,9.932450416186511255e-02,9.115831867134716049e-09,7.984939008334226984e-02,1.077092567789623700e-01,-6.419267384406143195e-01
6.937999999999999723e+00,9.933947524958908204e-02,1.429822349408027549e-08,7.604016744013884777e-02,1.077092567789623700e-01,-6.421118384228636788e-01
6.939999999999999503e+00,9.935438950928188184e-02,2.519548158996798293e-08,7.221828401956359444e-02,1.077092567789623700e-01,-6.422969384051130382e-01
6.942000000000000171e+00,9.936922727012165169e-02,3.211910515332760951e-08,6.838452958447131802e-02,1.077092567789623700e-01,-6.424820383873622864e-01
6.943999999999999950e+00,9.938397353037753401e-02,2.865121606632214935e-08,6.453968381886066030e-02,1.077092567789623700e-01,-6.426671383696116457e-01
6.945999999999999730e+00,9.939862530084164760e-02,1.690534967568879665e-08,6.068402034274480994e-02,1.077092567789623700e-01,-6.428522383518610051e-01
6.948000000000000398e+00,9.941318783928787539e-02,7.156265358077007477e-09,5.681802107870061874e-02,1.077092567789623700e-01,-6.430373383341102533e-01
6.950000000000000178e+00,9.942766362438337779e-02,9.003365386561767991e-09,5.294250820309936295e-02,1.077092567789623700e-01,-6.432224383163596126e-01
6.952000000000000846e+00,9.944204520148980375e-02,2.097594975492000913e-08,4.905832257836191534e-02,1.077092567789623700e-01,-6.434075382986089719e-01
6.953999999999999737e+00,9.945631842239177622e-02,3.090758893264933249e-08,4.516589210354655243e-02,1.077092567789623700e-01,-6.435926382808582202e-01
6.955999999999999517e+00,9.947047195288483135e-02,2.865427739529025075e-08,4.126562293719859831e-02,1.077092567789623700e-01,-6.437777382631074685e-01
6.958000000000000185e+00,9.948450459575053362e-02,1.659047910163025108e-08,3.735826920184151523e-02,1.077092567789623700e-01,-6.439628382453568278e-01
6.959999999999999964e+00,9.949842450104651181e-02,6.345011627217900241e-09,3.344459965718701855e-02,1.077092567789623700e-01,-6.441479382276061871e-01
6.961999999999999744e+00,9.951224079028342384e-02,6.809507180349783084e-09,2.952514827651888871e-02,1.077092567789623700e-01,-6.443330382098554354e-01
6.964000000000000412e+00,9.952595419687482181e-02,1.677502614594317265e-08,2.560034318263092190e-02,1.077092567789623700e-01,-6.445181381921047947e-01
6.966000000000000192e+00,9.953955589387675218e-02,2.706059265555893489e-08,2.167097799822149257e-02,1.077092567789623700e-01,-6.447032381743541540e-01
6.967999999999999972e+00,9.955303682246940955e-02,2.833988510531071370e-08,1.773779407274836753e-02,1.077092567789623700e-01,-6.448883381566034023e-01
6.969999999999999751e+00,9.956639868965000417e-02,1.881257183367068819e-08,1.380135167552545145e-02,1.077092567789623700e-01,-6.450734381388526506e-01
6.971999999999999531e+00,9.957965462875195684e-02,6.642572047965700222e-09,9.862015850000484946e-03,1.077092567789623700e-01,-6.452585381211020099e-01
6.974000000000000199e+00,9.959281920876417171e-02,3.328892272946859521e-09,5.920555635431042074e-03,1.077092567789623700e-01,-6.454436381033513692e-01
6.975999999999999979e+00,9.960589876747183435e-02,1.235725610726490231e-08,1.977734618993965549e-03,1.077092567789623700e-01,-6.456287380856006175e-01
6.977999999999999758e+00,9.961889115873767686e-02,2.484963201876411176e-08,1.965783796619130497e-03,1.077092567789623700e-01,-6.458138380678499768e-01
6.980000000000000426e+00,9.963179325650195484e-02,2.835607504358961251e-08,5.909617750160717220e-03,1.077092567789623700e-01,-6.459989380500993361e-01
6.982000000000000206e+00,9.964460912412942406e-02,1.953548511846037172e-08,9.853066827724174526e-03,1.077092567789623700e-01,-6.461840380323485844e-01
6.983999999999999986e+00,9.965735311793588735e-02,6.984117728592309504e-09,1.379542937221240814e-02,1.077092567789623700e-01,-6.463691380145979437e-01
6.985999999999999766e+00,9.967004527390233015e-02,2.220884365300435093e-09,1.773602018909222269e-02,1.077092567789623700e-01,-6.465542379968471920e-01
6.987999999999999545e+00,9.968270117767696892e-02,9.110998178130103042e-09,2.167439855419143330e-02,1.077092567789623700e-01,-6.467393379790964403e-01
6.990000000000000213e+00,9.969532546107007231e-02,2.110979824276881800e-08,2.560986094086213291e-02,1.077092567789623700e-01,-6.469244379613457996e-01
6.991999999999999993e+00,9.970791732575845501e-02,2.722715897185423728e-08,2.954170691972166432e-02,1.077092567789623700e-01,-6.471095379435951589e-01
6.993999999999999773e+00,9.972048320701276669e-02,2.153957423534080817e-08,3.346926409098638366e-02,1.077092567789623700e-01,-6.472946379258444072e-01
6.996000000000000441e+00,9.973304270375138447e-02,8.851051891411998440e-09,3.739208554990287869e-02,1.077092567789623700e-01,-6.474797379080937665e-01
6.998000000000000220e+00,9.974562113587226442e-02,9.637648457072600650e-10,4.130951832206004176e-02,1.077092567789623700e-01,-6.476648378903431258e-01
7.000000000000000000e+00,9.975823830182928287e-02,5.523903556792220115e-09,4.522085698961501865e-02,1.077092567789623700e-01,-6.478499378725923741e-01
7.001999999999999780e+00,9.977090487015682907e-02,1.817597616859956133e-08,4.912540521943703498e-02,1.077092567789623700e-01,-6.480350378548416224e-01
7.003999999999999559e+00,9.978362754851421990e-02,2.662017650756354215e-08,5.302265601981898113e-02,1.077092567789623700e-01,-6.482201378370909817e-01
7.006000000000000227e+00,9.979641662194216334e-02,2.280114508312891530e-08,5.691199951227377679e-02,1.077092567789623700e-01,-6.484052378193403410e-01
7.008000000000000007e+00,9.980929141397931748e-02,1.046659470205213438e-08,6.079276919549850972e-02,1.077092567789623700e-01,-6.485903378015895893e-01
7.009999999999999787e+00,9.982227992975500896e-02,1.166444718592174468e-09,6.466429948759229440e-02,1.077092567789623700e-01,-6.487754377838389486e-01
7.012000000000000455e+00,9.983541076205815212e-02,3.333629372548330139e-09,6.852603269547061227e-02,1.077092567789623700e-01,-6.489605377660883079e-01
7.014000000000000234e+00,9.984870291916259077e-02,1.485384504285036655e-08,7.237735846658514827e-02,1.077092567789623700e-01,-6.491456377483375562e-01
7.016000000000000014e+00,9.986216551988202905e-02,2.502830842576742043e-08,7.621761692752150597e-02,1.077092567789623700e-01,-6.493307377305869155e-01
7.017999999999999794e+00,9.987580973907883575e-02,2.428109679986079072e-08,8.004617208731557021e-02,1.077092567789623700e-01,-6.495158377128361638e-01
7.019999999999999574e+00,9.988965943022887206e-02,1.310070141258279364e-08,8.386244953791546775e-02,1.077092567789623700e-01,-6.497009376950855231e-01
7.022000000000000242e+00,9.990374807799018431e-02,1.957270123753573898e-09,8.766585139675120431e-02,1.077092567789623700e-01,-6.498860376773347713e-01
7.024000000000000021e+00,9.991810708250670192e-02,1.406290417449440611e-09,9.145573607807053196e-02,1.077092567789623700e-01,-6.500711376595841307e-01
7.025999999999999801e+00,9.993275912467902700e-02,1.194531407122667588e-08,9.523148423085749104e-02,1.077092567789623700e-01,-6.502562376418334900e-01
7.028000000000000469e+00,9.994772082410319225e-02,2.355149131272327168e-08,9.899250237998930002e-02,1.077092567789623700e-01,-6.504413376240827382e-01
7.030000000000000249e+00,9.996300911788036370e-02,2.536743937131547000e-08,1.027381856029597890e-01,1.077092567789623700e-01,-6.506264376063320976e-01
7.032000000000000028e+00,9.997864711519410807e-02,1.576134811553941972e-08,1.064679221963213407e-01,1.077092567789623700e-01,-6.508115375885813458e-01
7.033999999999999808e+00,9.999466730063788500e-02,3.707782303408180269e-09,1.101811174445995051e-01,1.077092567789623700e-01,-6.509966375708307051e-01
7.035999999999999588e+00,1.000111074493830188e-01,4.687636945277517952e-10,1.138771775389161856e-01,1.077092567789623700e-01,-6.511817375530799534e-01
7.038000000000000256e+00,1.000279995079296214e-01,9.219250696190783856e-09,1.175554756950281388e-01,1.077092567789623700e-01,-6.513668375353293127e-01
7.040000000000000036e+00,1.000453632750067934e-01,2.182450387078205267e-08,1.212154313208192724e-01,1.077092567789623700e-01,-6.515519375175786720e-01
7.041999999999999815e+00,1.000632144998642170e-01,2.635390061733744460e-08,1.248564779501377536e-01,1.077092567789623700e-01,-6.517370374998279203e-01
7.044000000000000483e+00,1.000815788150158925e-01,1.853564313147870735e-08,1.284780380008439526e-01,1.077092567789623700e-01,-6.519221374820772796e-01
7.046000000000000263e+00,1.001004941979315443e-01,5.950551384970026447e-09,1.320794467514627424e-01,1.077092567789623700e-01,-6.521072374643266389e-01
7.048000000000000043e+00,1.001200004914988284e-01,5.507045930386311738e-10,1.356601387315488350e-01,1.077092567789623700e-01,-6.522923374465758872e-01
7.049999999999999822e+00,1.001401301443132219e-01,7.265274382106667872e-09,1.392195769199422728e-01,1.077092567789623700e-01,-6.524774374288251355e-01
7.051999999999999602e+00,1.001609082864967082e-01,1.976713692730669436e-08,1.427572312538868959e-01,1.077092567789623700e-01,-6.526625374110744948e-01
7.054000000000000270e+00,1.001823578400725667e-01,2.663951526038488282e-08,1.462724207929905762e-01,1.077092567789623700e-01,-6.528476373933238541e-01
7.056000000000000050e+00,1.002045045890528341e-01,2.163885948203159160e-08,1.497645857412852888e-01,1.077092567789623700e-01,-6.530327373755731024e-01
7.057999999999999829e+00,1.002273821122642294e-01,9.295149094867838357e-09,1.532331948231976382e-01,1.077092567789623700e-01,-6.532178373578224617e-01
7.060000000000000497e+00,1.002510322792340425e-01,1.173427133238647002e-09,1.566777432324631958e-01,1.077092567789623700e-01,-6.534029373400718210e-01
7.062000000000000277e+00,1.002754963282979084e-01,5.306456385412161580e-09,1.600975399968986024e-01,1.077092567789623700e-01,-6.535880373223210693e-01
7.063999999999999169e+00,1.003008038941325397e-01,1.810256378131924748e-08,1.634920493630488691e-01,1.077092567789623700e-01,-6.537731373045703176e-01
7.065999999999999837e+00,1.003269751167753521e-01,2.733203730009847732e-08,1.668607907065733642e-01,1.077092567789623700e-01,-6.539582372868196769e-01
7.067999999999999616e+00,1.003540349167342249e-01,2.425795042615419561e-08,1.702032945516297746e-01,1.077092567789623700e-01,-6.541433372690689252e-01
7.070000000000000284e+00,1.003820214588179160e-01,1.226739998472226034e-08,1.735188386859063958e-01,1.077092567789623700e-01,-6.543284372513182845e-01
7.072000000000000064e+00,1.004109788589798713e-01,3.056787267752270054e-09,1.768068434667060818e-01,1.077092567789623700e-01,-6.545135372335676438e-01
7.073999999999999844e+00,1.004409459539808980e-01,5.053332641224983490e-09,1.800668695542188003e-01,1.077092567789623700e-01,-6.546986372158168921e-01
7.076000000000000512e+00,1.004719537073777147e-01,1.621519751804356702e-08,1.832985209166715090e-01,1.077092567789623700e-01,-6.548837371980662514e-01
7.078000000000000291e+00,1.005040291770452621e-01,2.657871123190602702e-08,1.865011270851857639e-01,1.077092567789623700e-01,-6.550688371803156107e-01
7.080000000000000071e+00,1.005371994267109104e-01,2.698883672103136178e-08,1.896740708192511393e-01,1.077092567789623700e-01,-6.552539371625648590e-01
7.081999999999999851e+00,1.005714962592604289e-01,1.688941220212569760e-08,1.928169168289423641e-01,1.077092567789623700e-01,-6.554390371448141073e-01
7.083999999999999631e+00,1.006069603324213357e-01,5.543207670655192487e-09,1.959292653235885362e-01,1.077092567789623700e-01,-6.556241371270634666e-01
7.086000000000000298e+00,1.006436367231017259e-01,4.144537379957569101e-09,1.990104864855737898e-01,1.077092567789623700e-01,-6.558092371093128259e-01
7.088000000000000078e+00,1.006815623003570748e-01,1.470496302502510844e-08,2.020599519304855374e-01,1.077092567789623700e-01,-6.559943370915620742e-01
7.089999999999999858e+00,1.007207608942859434e-01,2.715203217817929726e-08,2.050773141209318584e-01,1.077092567789623700e-01,-6.561794370738114335e-01
7.092000000000000526e+00,1.007612547696511429e-01,2.946845412132859110e-08,2.080622102252449312e-01,1.077092567789623700e-01,-6.563645370560607928e-01
7.094000000000000306e+00,1.008030778300877950e-01,2.003457921784246309e-08,2.110140345022125663e-01,1.077092567789623700e-01,-6.565496370383100411e-01
7.095999999999999197e+00,1.008462735683794964e-01,8.606063195415458722e-09,2.139320481998496226e-01,1.077092567789623700e-01,-6.567347370205592894e-01
7.097999999999999865e+00,1.008908831353882984e-01,5.865068208876778044e-09,2.168159283359328837e-01,1.077092567789623700e-01,-6.569198370028086487e-01
7.099999999999999645e+00,1.009369397842830862e-01,1.392568127478455153e-08,2.196653780961567437e-01,1.077092567789623700e-01,-6.571049369850580080e-01
7.102000000000000313e+00,1.009844717628552990e-01,2.567224799410183778e-08,2.224799317617556227e-01,1.077092567789623700e-01,-6.572900369673072563e-01
7.104000000000000092e+00,1.010335055371024415e-01,3.109660640099320972e-08,2.252588144376856949e-01,1.077092567789623700e-01,-6.574751369495566156e-01
7.105999999999999872e+00,1.010840688069960525e-01,2.521543585043417579e-08,2.280016914184731791e-01,1.077092567789623700e-01,-6.576602369318059749e-01
7.108000000000000540e+00,1.011361963859379598e-01,1.305499819359567937e-08,2.307082269553414333e-01,1.077092567789623700e-01,-6.578453369140552232e-01
7.110000000000000320e+00,1.011899308953810861e-01,6.426943199855372768e-09,2.333780171310813611e-01,1.077092567789623700e-01,-6.580304368963045825e-01
7.112000000000000099e+00,1.012453120750311797e-01,1.267996574405572119e-08,2.360102773090643202e-01,1.077092567789623700e-01,-6.582155368785539418e-01
7.113999999999999879e+00,1.013023659948791844e-01,2.615910599246262791e-08,2.386047527598792461e-01,1.077092567789623700e-01,-6.584006368608031901e-01
7.115999999999999659e+00,1.013611108621937928e-01,3.360188427503629782e-08,2.411611764984498141e-01,1.077092567789623700e-01,-6.585857368430524383e-01
7.118000000000000327e+00,1.014215724699678578e-01,2.831442658113303423e-08,2.436792042719299889e-01,1.077092567789623700e-01,-6.587708368253017976e-01
7.120000000000000107e+00,1.014837884838045712e-01,1.655416570489620653e-08,2.461579512105461220e-01,1.077092567789623700e-01,-6.589559368075511570e-01
7.121999999999999886e+00,1.015477978959297145e-01,9.820496860157845731e-09,2.485971006497606772e-01,1.077092567789623700e-01,-6.591410367898004052e-01
7.124000000000000554e+00,1.016136324286404102e-01,1.376590508250785660e-08,2.509964518364236064e-01,1.077092567789623700e-01,-6.593261367720497645e-01
7.126000000000000334e+00,1.016813179038184023e-01,2.476301041998141272e-08,2.533558258806941077e-01,1.077092567789623700e-01,-6.595112367542991239e-01
7.127999999999999226e+00,1.017508775525307607e-01,3.379705126871357379e-08,2.556744007642320904e-01,1.077092567789623700e-01,-6.596963367365483721e-01
7.129999999999999893e+00,1.018223332318144436e-01,3.307828766452303171e-08,2.579517965034959226e-01,1.077092567789623700e-01,-6.598814367187976204e-01
7.131999999999999673e+00,1.018957103766324757e-01,2.267019760804345196e-08,2.601877787432116396e-01,1.077092567789623700e-01,-6.600665367010469797e-01
7.134000000000000341e+00,1.019710432334832717e-01,1.230551172071159272e-08,2.623821754096550274e-01,1.077092567789623700e-01,-6.602516366832963390e-01
7.136000000000000121e+00,1.020483687340199008e-01,1.305050689737186076e-08,2.645342189490179075e-01,1.077092567789623700e-01,-6.604367366655455873e-01
7.137999999999999901e+00,1.021277127709606658e-01,2.507078444846655430e-08,2.666435434133169746e-01,1.077092567789623700e-01,-6.606218366477949466e-01
7.140000000000000568e+00,1.022090885367968882e-01,3.643505241957001317e-08,2.687100491899926391e-01,1.077092567789623700e-01,-6.608069366300443059e-01
7.142000000000000348e+00,1.022925109472793137e-01,3.623943756192460341e-08,2.707336180710120943e-01,1.077092567789623700e-01,-6.609920366122935542e-01
7.144000000000000128e+00,1.023780070025974709e-01,2.605389592957862988e-08,2.727134764715131166e-01,1.077092567789623700e-01,-6.611771365945429135e-01
7.145999999999999908e+00,1.024656089413823468e-01,1.662847226580055349e-08,2.746490798879599460e-01,1.077092567789623700e-01,-6.613622365767921618e-01
7.147999999999999687e+00,1.025553432674169985e-01,1.626105039509440076e-08,2.765403852983231991e-01,1.077092567789623700e-01,-6.615473365590414101e-01
7.149999999999999467e+00,1.026472297284659607e-01,2.480010785621544755e-08,2.783873996275797458e-01,1.077092567789623700e-01,-6.617324365412907694e-01
7.152000000000000135e+00,1.027412852008169342e-01,3.546563320799833718e-08,2.801895565436912650e-01,1.077092567789623700e-01,-6.619175365235401287e-01
7.153999999999999915e+00,1.028375239996891510e-01,3.965214934176231054e-08,2.819462229097575712e-01,1.077092567789623700e-01,-6.621026365057893770e-01
7.156000000000000583e+00,1.029359602239572347e-01,3.307544704789222578e-08,2.836573353639307293e-01,1.077092567789623700e-01,-6.622877364880387363e-01
7.158000000000000362e+00,1.030366149924283325e-01,2.131041576536318871e-08,2.853228277798926515e-01,1.077092567789623700e-01,-6.624728364702880956e-01
7.159999999999999254e+00,1.031395164854056468e-01,1.655327286353980298e-08,2.869422421521522493e-01,1.077092567789623700e-01,-6.626579364525373439e-01
7.161999999999999922e+00,1.032446869278326185e-01,2.484711736361333578e-08,2.885149134388921288e-01,1.077092567789623700e-01,-6.628430364347865922e-01
7.163999999999999702e+00,1.033521337715674893e-01,3.814247817590654677e-08,2.900409373075197861e-01,1.077092567789623700e-01,-6.630281364170359515e-01
7.165999999999999481e+00,1.034618596732950202e-01,4.313963208879556532e-08,2.915203152704103906e-01,1.077092567789623700e-01,-6.632132363992853108e-01
7.168000000000000149e+00,1.035738770814654819e-01,3.618450639120140977e-08,2.929526718632419757e-01,1.077092567789623700e-01,-6.633983363815345591e-01
7.169999999999999929e+00,1.036882072216454009e-01,2.568191825869092781e-08,2.943371301231909598e-01,1.077092567789623700e-01,-6.635834363637839184e-01
7.172000000000000597e+00,1.038048680612906338e-01,2.151514000292564788e-08,2.956737554374092580e-01,1.077092567789623700e-01,-6.637685363460332777e-01
7.174000000000000377e+00,1.039238702411766635e-01,2.658724285176106150e-08,2.969626381365117473e-01,1.077092567789623700e-01,-6.639536363282825260e-01
7.176000000000000156e+00,1.040452210795314025e-01,3.685897109750868594e-08,2.982036804648715012e-01,1.077092567789623700e-01,-6.641387363105318853e-01
7.177999999999999936e+00,1.041689256041830047e-01,4.465674097176020041e-08,2.993960089503399091e-01,1.077092567789623700e-01,-6.643238362927811336e-01
7.179999999999999716e+00,1.042949857887262022e-01,4.299730593793071876e-08,3.005396291325036495e-01,1.077092567789623700e-01,-6.645089362750304929e-01
7.181999999999999496e+00,1.044234069871299297e-01,3.242967538952257200e-08,3.016345400114789355e-01,1.077092567789623700e-01,-6.646940362572797412e-01
7.184000000000000163e+00,1.045542033427521167e-01,2.342005556155157819e-08,3.026807060119443005e-01,1.077092567789623700e-01,-6.648791362395291005e-01
7.185999999999999943e+00,1.046873892207582646e-01,2.647942953792892240e-08,3.036772706231781749e-01,1.077092567789623700e-01,-6.650642362217784598e-01
7.188000000000000611e+00,1.048229655486185852e-01,3.927774139267370401e-08,3.046243229153904331e-01,1.077092567789623700e-01,-6.652493362040277081e-01
7.190000000000000391e+00,1.049609226804535389e-01,4.864818292649175646e-08,3.055220077911332544e-01,1.077092567789623700e-01,-6.654344361862770674e-01
7.191999999999999282e+00,1.051012562702335895e-01,4.607410197809969077e-08,3.063703846182693757e-01,1.077092567789623700e-01,-6.656195361685263157e-01
7.193999999999999950e+00,1.052439728514797945e-01,3.618503818803020522e-08,3.071684919118498058e-01,1.077092567789623700e-01,-6.658046361507756750e-01
7.195999999999999730e+00,1.053890792920885167e-01,2.923623076966919143e-08,3.079162238401564888e-01,1.077092567789623700e-01,-6.659897361330249232e-01
7.197999999999999510e+00,1.055365749750846183e-01,3.059623776557884867e-08,3.086138055269811997e-01,1.077092567789623700e-01,-6.661748361152742826e-01
7.200000000000000178e+00,1.056864551456100365e-01,3.886279953402294041e-08,3.092615228479083100e-01,1.077092567789623700e-01,-6.663599360975236419e-01
7.201999999999999957e+00,1.058387136760197134e-01,4.837103684263155401e-08,3.098586148315299327e-01,1.077092567789623700e-01,-6.665450360797728901e-01
7.204000000000000625e+00,1.059933404968497195e-01,5.150350768090561360e-08,3.104048520795466559e-01,1.077092567789623700e-01,-6.667301360620222495e-01
7.206000000000000405e+00,1.061503246545508761e-01,4.433359790390056787e-08,3.109004098840641994e-01,1.077092567789623700e-01,-6.669152360442716088e-01
7.208000000000000185e+00,1.063096628671703625e-01,3.327122954921435394e-08,3.113455112068694297e-01,1.077092567789623700e-01,-6.671003360265208570e-01
7.209999999999999964e+00,1.064713573813533820e-01,3.073913856788124122e-08,3.117395098523851882e-01,1.077092567789623700e-01,-6.672854360087701053e-01
7.211999999999999744e+00,1.066354014636586856e-01,4.066932812740731151e-08,3.120821468843737456e-01,1.077092567789623700e-01,-6.674705359910194646e-01
7.213999999999999524e+00,1.068017742815562388e-01,5.276437997636662658e-08,3.123738214513565592e-01,1.077092567789623700e-01,-6.676556359732688239e-01
7.216000000000000192e+00,1.069704543505333172e-01,5.500983191186747945e-08,3.126148337964438362e-01,1.077092567789623700e-01,-6.678407359555180722e-01
7.217999999999999972e+00,1.071414310670979475e-01,4.727996694153802082e-08,3.128045955362088737e-01,1.077092567789623700e-01,-6.680258359377674315e-01
7.220000000000000639e+00,1.073146982586390408e-01,3.883925236980445561e-08,3.129425327024942249e-01,1.077092567789623700e-01,-6.682109359200167908e-01
7.222000000000000419e+00,1.074902432165392163e-01,3.688560890058312225e-08,3.130290685529156236e-01,1.077092567789623700e-01,-6.683960359022660391e-01
7.223999999999999311e+00,1.076680477092810673e-01,4.222879734783191452e-08,3.130646360897745284e-01,1.077092567789623700e-01,-6.685811358845152874e-01
7.225999999999999979e+00,1.078480929148457612e-01,5.148678083877200606e-08,3.130490077087839107e-01,1.078480929148457612e-01,-6.687662358667646467e-01
7.227999999999999758e+00,1.080303571324972012e-01,5.820306103743178028e-08,3.129815197202398536e-01,1.080303571324972012e-01,-6.689513358490138950e-01
7.229999999999999538e+00,1.082148144724061067e-01,5.568565775160294606e-08,3.128625533193573061e-01,1.082148144724061067e-01,-6.691364358312632543e-01
7.232000000000000206e+00,1.084014432555687746e-01,4.516415541555574009e-08,3.126923964822138635e-01,1.084014432555687746e-01,-6.693215358135126136e-01
7.233999999999999986e+00,1.085902303399540747e-01,3.795138059370373185e-08,3.124709499714334315e-01,1.085902303399540747e-01,-6.695066357957618619e-01
7.235999999999999766e+00,1.087811598089007958e-01,4.323688584939588964e-08,3.121974998527294320e-01,1.087811598089007958e-01,-6.696917357780112212e-01
7.238000000000000433e+00,1.089742014101195977e-01,5.585380324912847527e-08,3.118726154401205153e-01,1.089742014101195977e-01,-6.698768357602605805e-01
7.240000000000000213e+00,1.091693181892772202e-01,6.253027662328491942e-08,3.114967120007501866e-01,1.091693181892772202e-01,-6.700619357425098288e-01
7.241999999999999993e+00,1.093664816271826545e-01,5.815499193317918980e-08,3.110698304652896318e-01,1.093664816271826545e-01,-6.702470357247590771e-01
7.243999999999999773e+00,1.095656713231734081e-01,4.958232713292431981e-08,3.105909971512483825e-01,1.095656713231734081e-01,-6.704321357070084364e-01
7.245999999999999552e+00,1.097668628028103388e-01,4.513073148526558498e-08,3.100606352929973775e-01,1.097668628028103388e-01,-6.706172356892577957e-01
7.248000000000000220e+00,1.099700245844166258e-01,4.737652037345441158e-08,3.094792484249487829e-01,1.099700245844166258e-01,-6.708023356715070440e-01
7.250000000000000000e+00,1.101751244057606050e-01,5.485412934991273914e-08,3.088472354972929268e-01,1.101751244057606050e-01,-6.709874356537564033e-01
7.251999999999999780e+00,1.103821294177594892e-01,6.328593593618592195e-08,3.081637302153192315e-01,1.103821294177594892e-01,-6.711725356360057626e-01
7.254000000000000448e+00,1.105910014628169735e-01,6.545503050681134027e-08,3.074290439249587892e-01,1.105910014628169735e-01,-6.713576356182550109e-01
7.255999999999999339e+00,1.108017020425461352e-01,5.779329570465563393e-08,3.066435659523550350e-01,1.108017020425461352e-01,-6.715427356005042592e-01
7.258000000000000007e+00,1.110142011941573914e-01,4.786227536524023662e-08,3.058076978450759431e-01,1.110142011941573914e-01,-6.717278355827536185e-01
7.259999999999999787e+00,1.112284723396862463e-01,4.775907103127252640e-08,3.049206261487580338e-01,1.112284723396862463e-01,-6.719129355650029778e-01
7.261999999999999567e+00,1.114444776679947013e-01,5.857375828810518215e-08,3.039826969499488385e-01,1.114444776679947013e-01,-6.720980355472522261e-01
7.264000000000000234e+00,1.116621680697170715e-01,6.848743516751909510e-08,3.029945400090592322e-01,1.116621680697170715e-01,-6.722831355295015854e-01
7.266000000000000014e+00,1.118814983591507328e-01,6.813044439724080803e-08,3.019566773766866885e-01,1.118814983591507328e-01,-6.724682355117509447e-01
7.267999999999999794e+00,1.121024337218782252e-01,6.069547620057846871e-08,3.008682438534799886e-01,1.121024337218782252e-01,-6.726533354940001930e-01
7.270000000000000462e+00,1.123249390718206175e-01,5.473964848068391120e-08,2.997292329076778339e-01,1.123249390718206175e-01,-6.728384354762495523e-01
7.272000000000000242e+00,1.125489715634131471e-01,5.430758476254737843e-08,2.985403359489465225e-01,1.125489715634131471e-01,-6.730235354584989116e-01
7.274000000000000021e+00,1.127744861496459139e-01,5.920293633110418341e-08,2.973023004893307619e-01,1.127744861496459139e-01,-6.732086354407481599e-01
7.275999999999999801e+00,1.130014394251428467e-01,6.739399838195936354e-08,2.960146200682927109e-01,1.130014394251428467e-01,-6.733937354229974082e-01
7.277999999999999581e+00,1.132297841312517317e-01,7.314156880156019724e-08,2.946771312250332508e-01,1.132297841312517317e-01,-6.735788354052467675e-01
7.280000000000000249e+00,1.134594687091857734e-01,6.979109390403692714e-08,2.932904770549730200e-01,1.134594687091857734e-01,-6.737639353874961268e-01
7.282000000000000028e+00,1.136904473595300447e-01,5.964997185081699627e-08,2.918552512293787204e-01,1.136904473595300447e-01,-6.739490353697453751e-01
7.283999999999999808e+00,1.139226819664673762e-01,5.464843322311452312e-08,2.903710963344078300e-01,1.139226819664673762e-01,-6.741341353519947344e-01
7.286000000000000476e+00,1.141561288487927817e-01,6.172477895471928377e-08,2.888377577975865806e-01,1.141561288487927817e-01,-6.743192353342440937e-01
7.287999999999999368e+00,1.143907310099914199e-01,7.306145954899534445e-08,2.872561618732808464e-01,1.143907310099914199e-01,-6.745043353164933420e-01
7.290000000000000036e+00,1.146264299285836286e-01,7.672556756599391292e-08,2.856270166615403339e-01,1.146264299285836286e-01,-6.746894352987425902e-01
7.291999999999999815e+00,1.148631774122794713e-01,7.147736735824139487e-08,2.839501032096033439e-01,1.148631774122794713e-01,-6.748745352809919495e-01
7.293999999999999595e+00,1.151009295075670069e-01,6.500574634138445163e-08,2.822247544849338929e-01,1.151009295075670069e-01,-6.750596352632413089e-01
7.296000000000000263e+00,1.153396352025889415e-01,6.264166485525635153e-08,2.804518338605980210e-01,1.153396352025889415e-01,-6.752447352454905571e-01
7.298000000000000043e+00,1.155792390026696426e-01,6.492551307690774820e-08,2.786321562828868448e-01,1.155792390026696426e-01,-6.754298352277399164e-01
7.299999999999999822e+00,1.158196881119715194e-01,7.136805491025910442e-08,2.767659711262254740e-01,1.158196881119715194e-01,-6.756149352099892758e-01
7.302000000000000490e+00,1.160609290958157791e-01,7.884584607431577297e-08,2.748525788130189440e-01,1.160609290958157791e-01,-6.758000351922385240e-01
7.304000000000000270e+00,1.163029024978787795e-01,8.004773688341515481e-08,2.728927740545527003e-01,1.163029024978787795e-01,-6.759851351744878833e-01
7.306000000000000050e+00,1.165455501042462760e-01,7.208978169970237104e-08,2.708871810506806588e-01,1.165455501042462760e-01,-6.761702351567371316e-01
7.307999999999999829e+00,1.167888227851822114e-01,6.379813599632910837e-08,2.688361406352145488e-01,1.167888227851822114e-01,-6.763553351389863799e-01
7.309999999999999609e+00,1.170326722467985858e-01,6.604855506964213419e-08,2.667388968449653230e-01,1.170326722467985858e-01,-6.765404351212357392e-01
7.312000000000000277e+00,1.172770382782855059e-01,7.671559132393923619e-08,2.645964002227590983e-01,1.172770382782855059e-01,-6.767255351034850985e-01
7.314000000000000057e+00,1.175218538969461379e-01,8.370588910899812163e-08,2.624094841363086017e-01,1.175218538969461379e-01,-6.769106350857343468e-01
7.315999999999999837e+00,1.177670601505474979e-01,8.135490292549008018e-08,2.601786724156454067e-01,1.177670601505474979e-01,-6.770957350679837061e-01
7.318000000000000504e+00,1.180126062658728436e-01,7.524673339975862518e-08,2.579029711633906707e-01,1.180126062658728436e-01,-6.772808350502330654e-01
7.319999999999999396e+00,1.182584370630380688e-01,7.174874894211313858e-08,2.555830279290292051e-01,1.182584370630380688e-01,-6.774659350324823137e-01
7.322000000000000064e+00,1.185044905312030439e-01,7.197908824529974936e-08,2.532197422558493116e-01,1.185044905312030439e-01,-6.776510350147315620e-01
7.323999999999999844e+00,1.187507066153916657e-01,7.595320672404426432e-08,2.508140018980521413e-01,1.187507066153916657e-01,-6.778361349969809213e-01
7.325999999999999623e+00,1.189970282488067577e-01,8.316404009889311055e-08,2.483650639849793729e-01,1.189970282488067577e-01,-6.780212349792302806e-01
7.328000000000000291e+00,1.192433934847619836e-01,8.796003736488700042e-08,2.458734179638415451e-01,1.192433934847619836e-01,-6.782063349614795289e-01
7.330000000000000071e+00,1.194897371664221941e-01,8.383437677395022547e-08,2.433398595316319524e-01,1.194897371664221941e-01,-6.783914349437288882e-01
7.331999999999999851e+00,1.197360014605387546e-01,7.455425909963508957e-08,2.407651807734989546e-01,1.197360014605387546e-01,-6.785765349259782475e-01
7.334000000000000519e+00,1.199821346946451373e-01,7.201628871023046941e-08,2.381487247790580186e-01,1.199821346946451373e-01,-6.787616349082274958e-01
7.336000000000000298e+00,1.202280775888489028e-01,8.008792318214830175e-08,2.354909258202946276e-01,1.202280775888489028e-01,-6.789467348904768551e-01
7.338000000000000078e+00,1.204737606916943538e-01,8.910191628963559651e-08,2.327929018853839294e-01,1.204737606916943538e-01,-6.791318348727261034e-01
7.339999999999999858e+00,1.207191182923308403e-01,8.991516886602823888e-08,2.300555862546749264e-01,1.207191182923308403e-01,-6.793169348549754627e-01
7.341999999999999638e+00,1.209640953002609765e-01,8.489708314129984501e-08,2.272783644158620220e-01,1.209640953002609765e-01,-6.795020348372247110e-01
7.344000000000000306e+00,1.212086363904465447e-01,8.092518155589090156e-08,2.244611774551530381e-01,1.212086363904465447e-01,-6.796871348194740703e-01
7.345999999999999197e+00,1.214526781536247046e-01,7.992347006435807089e-08,2.216051468878647013e-01,1.214526781536247046e-01,-6.798722348017233186e-01
7.347999999999998977e+00,1.216961566682217555e-01,8.155571651347059969e-08,2.187113798563887768e-01,1.216961566682217555e-01,-6.800573347839726779e-01
7.349999999999999645e+00,1.219390135441863476e-01,8.694312547685711934e-08,2.157797543391766215e-01,1.219390135441863476e-01,-6.802424347662219262e-01
7.351999999999999424e+00,1.221811890179518301e-01,9.353543339862824268e-08,2.128100626936446638e-01,1.221811890179518301e-01,-6.804275347484712855e-01
7.354000000000000092e+00,1.224226175556084595e-01,9.373249199029487500e-08,2.098033854906521389e-01,1.224226175556084595e-01,-6.806126347307206448e-01
7.355999999999999872e+00,1.226632368492939218e-01,8.583649291349360055e-08,2.067605984054355917e-01,1.226632368492939218e-01,-6.807977347129698931e-01
7.357999999999999652e+00,1.229029934930915280e-01,7.966551396343390934e-08,2.036817211721820842e-01,1.229029934930915280e-01,-6.809828346952192524e-01
7.360000000000000320e+00,1.231418323320585539e-01,8.383007221723914881e-08,2.005663965427163520e-01,1.231418323320585539e-01,-6.811679346774686117e-01
7.362000000000000099e+00,1.233796875267637594e-01,9.318765825661046165e-08,1.974159897299584410e-01,1.233796875267637594e-01,-6.813530346597178600e-01
7.363999999999999879e+00,1.236164919349187485e-01,9.692275704242803158e-08,1.942315445824704945e-01,1.236164919349187485e-01,-6.815381346419672193e-01
7.366000000000000547e+00,1.238521890393310398e-01,9.354508034853381560e-08,1.910132929542577296e-01,1.238521890393310398e-01,-6.817232346242165786e-01
7.368000000000000327e+00,1.240867269250447436e-01,8.955315689007647961e-08,1.877604373722815412e-01,1.240867269250447436e-01,-6.819083346064658269e-01
7.370000000000000107e+00,1.243200464118814352e-01,8.806915963166517258e-08,1.844741469154298485e-01,1.243200464118814352e-01,-6.820934345887151862e-01
7.372000000000000774e+00,1.245520841797799205e-01,8.812318663675711150e-08,1.811555268133647756e-01,1.245520841797799205e-01,-6.822785345709645455e-01
7.374000000000000554e+00,1.247827829905361341e-01,9.097453801398813766e-08,1.778053094470594120e-01,1.247827829905361341e-01,-6.824636345532137938e-01
7.376000000000001222e+00,1.250120887734275099e-01,9.731837902204887314e-08,1.744227715688866365e-01,1.250120887734275099e-01,-6.826487345354631531e-01
7.377999999999999226e+00,1.252399419649848911e-01,1.010967310977051170e-07,1.710089802237042544e-01,1.252399419649848911e-01,-6.828338345177122903e-01
7.379999999999999005e+00,1.254662815055969105e-01,9.638413012158508764e-08,1.675648468251044187e-01,1.254662815055969105e-01,-6.830189344999616496e-01
7.381999999999999673e+00,1.256910547522036570e-01,8.853892641269567321e-08,1.640911101466457911e-01,1.256910547522036570e-01,-6.832040344822108979e-01
7.383999999999999453e+00,1.259142129572523583e-01,8.842306575829184112e-08,1.605869993918499494e-01,1.259142129572523583e-01,-6.833891344644602572e-01
7.386000000000000121e+00,1.261356990928984567e-01,9.641243636782093063e-08,1.570536450772508363e-01,1.261356990928984567e-01,-6.835742344467096165e-01
7.387999999999999901e+00,1.263554505064052869e-01,1.023263913602079356e-07,1.534922524554008794e-01,1.263554505064052869e-01,-6.837593344289588648e-01
7.389999999999999680e+00,1.265734128058244590e-01,1.009266544782505548e-07,1.499037660257011018e-01,1.265734128058244590e-01,-6.839444344112082241e-01
7.392000000000000348e+00,1.267895403271868116e-01,9.719969440435960450e-08,1.462872634233305380e-01,1.267895403271868116e-01,-6.841295343934575834e-01
7.394000000000000128e+00,1.270037830911103782e-01,9.568073411347910451e-08,1.426434097239152043e-01,1.270037830911103782e-01,-6.843146343757068317e-01
7.395999999999999908e+00,1.272160838596745336e-01,9.517440857642611718e-08,1.389734326889694449e-01,1.272160838596745336e-01,-6.844997343579561910e-01
7.398000000000000576e+00,1.274263892819245125e-01,9.572294212834009386e-08,1.352785773416930182e-01,1.274263892819245125e-01,-6.846848343402055503e-01
7.400000000000000355e+00,1.276346533460462895e-01,1.001626680485756538e-07,1.315583179530045443e-01,1.276346533460462895e-01,-6.848699343224547986e-01
7.402000000000000135e+00,1.278408274898129582e-01,1.058419177857317095e-07,1.278131345651278838e-01,1.278408274898129582e-01,-6.850550343047041579e-01
7.404000000000000803e+00,1.280448582298500115e-01,1.050610062280910029e-07,1.240441850389129019e-01,1.280448582298500115e-01,-6.852401342869535172e-01
7.406000000000000583e+00,1.282466971899396402e-01,9.775663256661459855e-08,1.202525153147497861e-01,1.282466971899396402e-01,-6.854252342692027655e-01
7.407999999999999474e+00,1.284463036688052728e-01,9.401854939028453373e-08,1.164377016131611375e-01,1.284463036688052728e-01,-6.856103342514520138e-01
7.409999999999999254e+00,1.286436331193450133e-01,9.928751198984286930e-08,1.126000629022426702e-01,1.286436331193450133e-01,-6.857954342337012621e-01
7.411999999999999034e+00,1.288386331048915201e-01,1.062487519076782405e-07,1.087411178831411140e-01,1.288386331048915201e-01,-6.859805342159506214e-01
7.413999999999999702e+00,1.290312553406459672e-01,1.069002788511852486e-07,1.048620762741354628e-01,1.290312553406459672e-01,-6.861656341981999807e-01
7.415999999999999481e+00,1.292214626245340447e-01,1.036399346343586103e-07,1.009626638705531931e-01,1.292214626245340447e-01,-6.863507341804492290e-01
7.417999999999999261e+00,1.294092178751125033e-01,1.021664175482328574e-07,9.704262321556000881e-02,1.294092178751125033e-01,-6.865358341626985883e-01
7.419999999999999929e+00,1.295944753425469775e-01,1.019575518457216390e-07,9.310338005234375380e-02,1.295944753425469775e-01,-6.867209341449479476e-01
7.421999999999999709e+00,1.297771891234881236e-01,1.011743625545236114e-07,8.914623754967176961e-02,1.297771891234881236e-01,-6.869060341271971959e-01
7.424000000000000377e+00,1.299573224228153245e-01,1.029215432879482250e-07,8.517148518589401363e-02,1.299573224228153245e-01,-6.870911341094465552e-01
7.426000000000000156e+00,1.301348409104303716e-01,1.084495027114940058e-07,8.117877174533016937e-02,1.301348409104303716e-01,-6.872762340916959145e-01
7.427999999999999936e+00,1.303097043685012002e-01,1.111325211855529460e-07,7.716948245505539372e-02,1.303097043685012002e-01,-6.874613340739451628e-01
7.430000000000000604e+00,1.304818730390684411e-01,1.062153492936701582e-07,7.314465298035865981e-02,1.304818730390684411e-01,-6.876464340561945221e-01
7.432000000000000384e+00,1.306513155676541915e-01,1.003555262224509192e-07,6.910466264858272645e-02,1.306513155676541915e-01,-6.878315340384438814e-01
7.434000000000000163e+00,1.308180018990384719e-01,1.022431757036201816e-07,6.504897337226700493e-02,1.308180018990384719e-01,-6.880166340206931297e-01
7.436000000000000831e+00,1.309818943728939811e-01,1.089515625496417783e-07,6.097918800018842234e-02,1.309818943728939811e-01,-6.882017340029424890e-01
7.438000000000000611e+00,1.311429549617519896e-01,1.114233831867039726e-07,5.689657409267145916e-02,1.311429549617519896e-01,-6.883868339851918483e-01
7.440000000000000391e+00,1.313011565411892345e-01,1.088166626805886494e-07,5.280177172589395340e-02,1.313011565411892345e-01,-6.885719339674410966e-01
7.441999999999999282e+00,1.314564770493102941e-01,1.071965285426301762e-07,4.869385504050127711e-02,1.314564770493102941e-01,-6.887570339496903449e-01
7.443999999999999062e+00,1.316088866827034298e-01,1.076798923360655635e-07,4.457407591545070602e-02,1.316088866827034298e-01,-6.889421339319395932e-01
7.445999999999999730e+00,1.317583508424765570e-01,1.068453530095325732e-07,4.044370991911372393e-02,1.317583508424765570e-01,-6.891272339141889525e-01
7.447999999999999510e+00,1.319048429271594269e-01,1.061520523704118091e-07,3.630384771534289623e-02,1.319048429271594269e-01,-6.893123338964383118e-01
7.449999999999999289e+00,1.320483436880142136e-01,1.097671485927875779e-07,3.215376954810678090e-02,1.320483436880142136e-01,-6.894974338786875601e-01
7.451999999999999957e+00,1.321888302432410178e-01,1.144336460034978131e-07,2.799459066880372049e-02,1.321888302432410178e-01,-6.896825338609369194e-01
7.453999999999999737e+00,1.323262759738300653e-01,1.128640082503906683e-07,2.382743166407141899e-02,1.323262759738300653e-01,-6.898676338431862787e-01
7.456000000000000405e+00,1.324606603102832514e-01,1.067879247251823926e-07,1.965328155766854490e-02,1.324606603102832514e-01,-6.900527338254355270e-01
7.458000000000000185e+00,1.325919680880579543e-01,1.054906518804799020e-07,1.547139168016420374e-02,1.325919680880579543e-01,-6.902378338076848863e-01
7.459999999999999964e+00,1.327201791356218408e-01,1.107711720127468880e-07,1.128280959883265488e-02,1.327201791356218408e-01,-6.904229337899341346e-01
7.462000000000000632e+00,1.328452694028221526e-01,1.145358579091038109e-07,7.089011017188395769e-03,1.328452694028221526e-01,-6.906080337721834939e-01
7.464000000000000412e+00,1.329672231530039106e-01,1.127674126299993418e-07,2.891196363382753098e-03,1.329672231530039106e-01,-6.907931337544328532e-01
7.466000000000000192e+00,1.330860337548022132e-01,1.107256648591459225e-07,1.311407532240904672e-03,1.330860337548022132e-01,-6.909782337366821015e-01
7.468000000000000860e+00,1.332016900588860464e-01,1.117332031341788934e-07,5.518344689059095920e-03,1.332016900588860464e-01,-6.911633337189314608e-01
7.470000000000000639e+00,1.333141725174665781e-01,1.119404116067812538e-07,9.728181465802676620e-03,1.333141725174665781e-01,-6.913484337011808201e-01
7.471999999999999531e+00,1.334234655905851552e-01,1.099263341464151722e-07,1.393952631638895046e-02,1.334234655905851552e-01,-6.915335336834299573e-01
7.473999999999999311e+00,1.335295643763839690e-01,1.107059346416860990e-07,1.815264877229583185e-02,1.335295643763839690e-01,-6.917186336656793166e-01
7.475999999999999091e+00,1.336324647975831725e-01,1.153741586712442313e-07,2.236727302753838131e-02,1.336324647975831725e-01,-6.919037336479285649e-01
7.477999999999999758e+00,1.337321570758439604e-01,1.169759752395194141e-07,2.658199547282480424e-02,1.337321570758439604e-01,-6.920888336301779242e-01
7.479999999999999538e+00,1.338286331849455335e-01,1.124299653376681363e-07,3.079569806502790996e-02,1.338286331849455335e-01,-6.922739336124272835e-01
7.481999999999999318e+00,1.339218921379750071e-01,1.089323048431012353e-07,3.500855945481007314e-02,1.339218921379750071e-01,-6.924590335946765318e-01
7.483999999999999986e+00,1.340119318345466271e-01,1.120269550458630192e-07,3.922055687624481646e-02,1.340119318345466271e-01,-6.926441335769258911e-01
7.485999999999999766e+00,1.340987446446556541e-01,1.163451812669080709e-07,4.342995087102652363e-02,1.340987446446556541e-01,-6.928292335591752504e-01
7.488000000000000433e+00,1.341823273578744979e-01,1.155553228660011200e-07,4.763543166585182398e-02,1.341823273578744979e-01,-6.930143335414244987e-01
7.490000000000000213e+00,1.342626878037851412e-01,1.129275423172870774e-07,5.183693696352076330e-02,1.342626878037851412e-01,-6.931994335236738580e-01
7.491999999999999993e+00,1.343398340167450966e-01,1.138440591796907597e-07,5.603502090114886869e-02,1.343398340167450966e-01,-6.933845335059232173e-01
7.494000000000000661e+00,1.344137641701460550e-01,1.156014557412987642e-07,6.022815900299050007e-02,1.344137641701460550e-01,-6.935696334881724656e-01
7.496000000000000441e+00,1.344844749617221114e-01,1.138077211360055685e-07,6.441503301601692044e-02,1.344844749617221114e-01,-6.937547334704218249e-01
7.498000000000000220e+00,1.345519739109189983e-01,1.119289365636433331e-07,6.859502833983566195e-02,1.345519739109189983e-01,-6.939398334526711842e-01
7.500000000000000888e+00,1.346162747416594918e-01,1.147747754615124904e-07,7.276870014854408542e-02,1.346162747416594918e-01,-6.941249334349204325e-01
7.502000000000000668e+00,1.346773863271405469e-01,1.183365518908630065e-07,7.693457685791660339e-02,1.346773863271405469e-01,-6.943100334171697918e-01
7.504000000000000448e+00,1.347353149227689117e-01,1.163874919773988381e-07,8.109159058130688269e-02,1.347353149227689117e-01,-6.944951333994191511e-01
7.505999999999999339e+00,1.347900725180564141e-01,1.121556849614790963e-07,8.523912118085574807e-02,1.347900725180564141e-01,-6.946802333816682884e-01
7.507999999999999119e+00,1.348416736444900677e-01,1.129200798422047569e-07,8.937791721590626626e-02,1.348416736444900677e-01,-6.948653333639176477e-01
7.509999999999999787e+00,1.348901278354378563e-01,1.170044899856392817e-07,9.350641384946356549e-02,1.348901278354378563e-01,-6.950504333461668960e-01
7.511999999999999567e+00,1.349354450120876514e-01,1.172264235682618505e-07,9.762325344373068425e-02,1.349354450120876514e-01,-6.952355333284162553e-01
7.513999999999999346e+00,1.349776456278500847e-01,1.140771285212949238e-07,1.017275389873928404e-01,1.349776456278500847e-01,-6.954206333106656146e-01
7.516000000000000014e+00,1.350167552628108725e-01,1.141098294743514430e-07,1.058202866963110500e-01,1.350167552628108725e-01,-6.956057332929148629e-01
7.517999999999999794e+00,1.350527907744050182e-01,1.171689413270726732e-07,1.099004234614135989e-01,1.350527907744050182e-01,-6.957908332751642222e-01
7.519999999999999574e+00,1.350857621989078883e-01,1.169932201117163117e-07,1.139666376879326926e-01,1.350857621989078883e-01,-6.959759332574135815e-01
7.522000000000000242e+00,1.351156872745312709e-01,1.136278323654593692e-07,1.180176970313087104e-01,1.351156872745312709e-01,-6.961610332396628298e-01
7.524000000000000021e+00,1.351425942885622344e-01,1.135833073151459871e-07,1.220542888710576257e-01,1.351425942885622344e-01,-6.963461332219121891e-01
7.526000000000000689e+00,1.351665102769030735e-01,1.172859985798524463e-07,1.260755014368122318e-01,1.351665102769030735e-01,-6.965312332041615484e-01
7.528000000000000469e+00,1.351874566870104877e-01,1.180087102481408579e-07,1.300801130341199263e-01,1.351874566870104877e-01,-6.967163331864107967e-01
7.530000000000000249e+00,1.352054573038398155e-01,1.145265349222768236e-07,1.340670910692517426e-01,1.352054573038398155e-01,-6.969014331686601560e-01
7.532000000000000917e+00,1.352205404508775022e-01,1.134549064696344089e-07,1.380371331451849537e-01,1.352205404508775022e-01,-6.970865331509095153e-01
7.534000000000000696e+00,1.352327315041835787e-01,1.166757329640333296e-07,1.419895306834352278e-01,1.352327315041835787e-01,-6.972716331331587636e-01
7.535999999999999588e+00,1.352420533010643133e-01,1.177964678023002421e-07,1.459226926572380068e-01,1.352420533010643133e-01,-6.974567331154079008e-01
7.537999999999999368e+00,1.352485366781462917e-01,1.144278726217251574e-07,1.498353791073294694e-01,1.352485366781462917e-01,-6.976418330976572602e-01
7.539999999999999147e+00,1.352522212490014919e-01,1.129224799223393916e-07,1.537281785034283477e-01,1.352522212490014919e-01,-6.978269330799066195e-01
7.541999999999999815e+00,1.352531414811058985e-01,1.163724885344663562e-07,1.576010284582474164e-01,1.352531414811058985e-01,-6.980120330621558677e-01
7.543999999999999595e+00,1.352513212684404165e-01,1.185712741325062325e-07,1.614524604991750545e-01,1.352531414811058985e-01,-6.981971330444052271e-01
7.545999999999999375e+00,1.352467866699849086e-01,1.154584365892219466e-07,1.652811667603765189e-01,1.352531414811058985e-01,-6.983822330266545864e-01
7.548000000000000043e+00,1.352395758882085630e-01,1.125590473050053220e-07,1.690871933167447105e-01,1.352531414811058985e-01,-6.985673330089038346e-01
7.549999999999999822e+00,1.352297310939729602e-01,1.145979311445444182e-07,1.728706169558250627e-01,1.352531414811058985e-01,-6.987524329911531940e-01
7.551999999999999602e+00,1.352172886152311904e-01,1.170766529279276824e-07,1.766299706404872438e-01,1.352531414811058985e-01,-6.989375329734025533e-01
7.554000000000000270e+00,1.352022827635096514e-01,1.153660873498552064e-07,1.803642419109248163e-01,1.352531414811058985e-01,-6.991226329556518015e-01
7.556000000000000050e+00,1.351847521218113579e-01,1.134155985793583454e-07,1.840734250194964172e-01,1.352531414811058985e-01,-6.993077329379011609e-01
7.558000000000000718e+00,1.351647348537190485e-01,1.154782938161957873e-07,1.877579030177435326e-01,1.352531414811058985e-01,-6.994928329201505202e-01
7.560000000000000497e+00,1.351422652781090195e-01,1.172581786113013891e-07,1.914159627462317381e-01,1.352531414811058985e-01,-6.996779329023997684e-01
7.562000000000000277e+00,1.351173821507043460e-01,1.141252171654727476e-07,1.950463700552192980e-01,1.352531414811058985e-01,-6.998630328846491278e-01
7.564000000000000945e+00,1.350901345984754087e-01,1.108153744322493139e-07,1.986488239272158340e-01,1.352531414811058985e-01,-7.000481328668984871e-01
7.566000000000000725e+00,1.350605714300796567e-01,1.133954331544728689e-07,2.022241993379074732e-01,1.352531414811058985e-01,-7.002332328491477353e-01
7.568000000000000504e+00,1.350287298005282688e-01,1.178123080203263839e-07,2.057711213136481643e-01,1.352531414811058985e-01,-7.004183328313970947e-01
7.569999999999999396e+00,1.349946426834391922e-01,1.166542357156075127e-07,2.092884181851959458e-01,1.352531414811058985e-01,-7.006034328136462319e-01
7.571999999999999176e+00,1.349583532758579230e-01,1.120229471407441224e-07,2.127753263617605528e-01,1.352531414811058985e-01,-7.007885327958955912e-01
7.573999999999999844e+00,1.349199137487900879e-01,1.112257397295479677e-07,2.162326129808163078e-01,1.352531414811058985e-01,-7.009736327781449505e-01
7.575999999999999623e+00,1.348793730222890286e-01,1.138806510203593803e-07,2.196589785019318342e-01,1.352531414811058985e-01,-7.011587327603941988e-01
7.577999999999999403e+00,1.348367747133208949e-01,1.141641646773550178e-07,2.230534383720915725e-01,1.352531414811058985e-01,-7.013438327426435581e-01
7.580000000000000071e+00,1.347921639722620135e-01,1.124167543498089117e-07,2.264153161530840785e-01,1.352531414811058985e-01,-7.015289327248929174e-01
7.581999999999999851e+00,1.347455875138772186e-01,1.134393526891486204e-07,2.297455498465985624e-01,1.352531414811058985e-01,-7.017140327071421657e-01
7.583999999999999631e+00,1.346970883684107667e-01,1.155943729624908656e-07,2.330428978849423682e-01,1.352531414811058985e-01,-7.018991326893915250e-01
7.586000000000000298e+00,1.346467106189476182e-01,1.131745716032028781e-07,2.363060537663077554e-01,1.352531414811058985e-01,-7.020842326716408843e-01
7.588000000000000078e+00,1.345945080103685410e-01,1.082878791081043346e-07,2.395340774478287305e-01,1.352531414811058985e-01,-7.022693326538901326e-01
7.590000000000000746e+00,1.345405387616576132e-01,1.088035744833959484e-07,2.427280182295343813e-01,1.352531414811058985e-01,-7.024544326361394919e-01
7.592000000000000526e+00,1.344848512184948497e-01,1.144017528487140112e-07,2.458872159926382972e-01,1.352531414811058985e-01,-7.026395326183888512e-01
7.594000000000000306e+00,1.344274840170257557e-01,1.162779839081196087e-07,2.490104612365852121e-01,1.352531414811058985e-01,-7.028246326006380995e-01
7.596000000000000973e+00,1.343684811768361964e-01,1.117525501026506163e-07,2.520966259048302849e-01,1.352531414811058985e-01,-7.030097325828874588e-01
7.598000000000000753e+00,1.343078985631649402e-01,1.079955327387693842e-07,2.551463502097820468e-01,1.352531414811058985e-01,-7.031948325651368181e-01
7.599999999999998757e+00,1.342457934789628160e-01,1.091366254035719408e-07,2.581591385367026925e-01,1.352531414811058985e-01,-7.033799325473859554e-01
7.601999999999999424e+00,1.341822168061048703e-01,1.107597067395715840e-07,2.611338032260054343e-01,1.352531414811058985e-01,-7.035650325296353147e-01
7.603999999999999204e+00,1.341172173256233169e-01,1.100255467845201451e-07,2.640694746274355742e-01,1.352531414811058985e-01,-7.037501325118845630e-01
7.605999999999999872e+00,1.340508454253150905e-01,1.104714212329938050e-07,2.669667936370795358e-01,1.352531414811058985e-01,-7.039352324941339223e-01
7.607999999999999652e+00,1.339831490876708386e-01,1.127829508673627856e-07,2.698255715315540648e-01,1.352531414811058985e-01,-7.041203324763832816e-01
7.609999999999999432e+00,1.339141747303131957e-01,1.114595016282748929e-07,2.726442956528679629e-01,1.352531414811058985e-01,-7.043054324586325299e-01
7.612000000000000099e+00,1.338439762039801417e-01,1.056644501895576127e-07,2.754218961876137017e-01,1.352531414811058985e-01,-7.044905324408818892e-01
7.613999999999999879e+00,1.337726152676419478e-01,1.033705998576550655e-07,2.781587982177035068e-01,1.352531414811058985e-01,-7.046756324231312485e-01
7.615999999999999659e+00,1.337001478093117202e-01,1.085444946147262613e-07,2.808554250257355722e-01,1.352531414811058985e-01,-7.048607324053804968e-01
7.618000000000000327e+00,1.336266167954609507e-01,1.135304147359406102e-07,2.835104709685433155e-01,1.352531414811058985e-01,-7.050458323876298561e-01
7.620000000000000107e+00,1.335520640089125077e-01,1.110569503026681559e-07,2.861229046373302554e-01,1.352531414811058985e-01,-7.052309323698791044e-01
7.621999999999999886e+00,1.334765427704730500e-01,1.053416281981967018e-07,2.886926484866192411e-01,1.352531414811058985e-01,-7.054160323521284637e-01
7.624000000000000554e+00,1.334001129955758591e-01,1.037720742669279161e-07,2.912201943987254849e-01,1.352531414811058985e-01,-7.056011323343778230e-01
7.626000000000000334e+00,1.333228298576418780e-01,1.054265493793948849e-07,2.937042304995555186e-01,1.352531414811058985e-01,-7.057862323166270713e-01
7.628000000000001002e+00,1.332447431949413952e-01,1.059256410362863221e-07,2.961439852602276712e-01,1.352531414811058985e-01,-7.059713322988764306e-01
7.630000000000000782e+00,1.331659027729708011e-01,1.063963889214036840e-07,2.985393860817415757e-01,1.352531414811058985e-01,-7.061564322811257899e-01
7.632000000000000561e+00,1.330863570209531721e-01,1.087913591435452076e-07,3.008912336363597229e-01,1.352531414811058985e-01,-7.063415322633750382e-01
7.633999999999999453e+00,1.330061514956055735e-01,1.087925108889109538e-07,3.031981045381632045e-01,1.352531414811058985e-01,-7.065266322456242865e-01
7.635999999999999233e+00,1.329253361913482756e-01,1.030251022271500005e-07,3.054589836873107256e-01,1.352531414811058985e-01,-7.067117322278735347e-01
7.637999999999999901e+00,1.328439705190239684e-01,9.785878196666430995e-08,3.076734941258860712e-01,1.352531414811058985e-01,-7.068968322101228940e-01
7.639999999999999680e+00,1.327621131100283902e-01,1.009147246877617476e-07,3.098427793435570843e-01,1.352531414811058985e-01,-7.070819321923722534e-01
7.641999999999999460e+00,1.326798093463920081e-01,1.080208682502359352e-07,3.119658480262569311e-01,1.352531414811058985e-01,-7.072670321746215016e-01
7.644000000000000128e+00,1.325970969741719907e-01,1.090077698107094761e-07,3.140417947875513427e-01,1.352531414811058985e-01,-7.074521321568708609e-01
7.645999999999999908e+00,1.325140216537058491e-01,1.031678527052548588e-07,3.160699220637198659e-01,1.352531414811058985e-01,-7.076372321391202203e-01
7.647999999999999687e+00,1.324306395512763190e-01,9.863982608493415682e-08,3.180511691269234387e-01,1.352531414811058985e-01,-7.078223321213694685e-01
7.650000000000000355e+00,1.323470059848333991e-01,9.882834772767523646e-08,3.199846425962875607e-01,1.352531414811058985e-01,-7.080074321036188278e-01
7.652000000000000135e+00,1.322631695786070649e-01,1.000694970221260860e-07,3.218695370659049315e-01,1.352531414811058985e-01,-7.081925320858681872e-01
7.653999999999999915e+00,1.321791760894309720e-01,1.010205349372128580e-07,3.237053154105169472e-01,1.352531414811058985e-01,-7.083776320681174354e-01
7.656000000000000583e+00,1.320950700969752978e-01,1.035733834253704799e-07,3.254930464365122234e-01,1.352531414811058985e-01,-7.085627320503667947e-01
7.658000000000000362e+00,1.320108928850809438e-01,1.049743857395313285e-07,3.272320324724051765e-01,1.352531414811058985e-01,-7.087478320326161541e-01
7.660000000000001030e+00,1.319266874052503757e-01,1.002142714368048360e-07,3.289211555786895058e-01,1.352531414811058985e-01,-7.089329320148654023e-01
7.662000000000000810e+00,1.318425056066354628e-01,9.282229485041426642e-08,3.305596477076018225e-01,1.352531414811058985e-01,-7.091180319971147616e-01
7.663999999999998813e+00,1.317584034131269455e-01,9.247606980178346703e-08,3.321485365452248595e-01,1.352531414811058985e-01,-7.093031319793638989e-01
7.665999999999999481e+00,1.316744261122415605e-01,9.991665383957126778e-08,3.336877180616498739e-01,1.352531414811058985e-01,-7.094882319616132582e-01
7.667999999999999261e+00,1.315906065193381824e-01,1.047520558072889685e-07,3.351762158760337451e-01,1.352531414811058985e-01,-7.096733319438626175e-01
7.669999999999999929e+00,1.315069794261300995e-01,1.008815692093989469e-07,3.366132147479801162e-01,1.352531414811058985e-01,-7.098584319261118658e-01
7.671999999999999709e+00,1.314235912605598022e-01,9.425166846988020097e-08,3.379993171509334537e-01,1.352531414811058985e-01,-7.100435319083612251e-01
7.673999999999999488e+00,1.313404926425496555e-01,9.184470284306911481e-08,3.393345590015408031e-01,1.352531414811058985e-01,-7.102286318906105844e-01
7.676000000000000156e+00,1.312577285880551781e-01,9.276203882802036560e-08,3.406179362537227751e-01,1.352531414811058985e-01,-7.104137318728598327e-01
7.677999999999999936e+00,1.311753386151619516e-01,9.424585689643549813e-08,3.418488951811565757e-01,1.352531414811058985e-01,-7.105988318551091920e-01
7.679999999999999716e+00,1.310933599781947123e-01,9.708482473502755283e-08,3.430280425816459311e-01,1.352531414811058985e-01,-7.107839318373585513e-01
7.682000000000000384e+00,1.310118266371994578e-01,9.984208149127482557e-08,3.441557664164896502e-01,1.352531414811058985e-01,-7.109690318196077996e-01
7.684000000000000163e+00,1.309307718558315736e-01,9.691185731686147165e-08,3.452308337396359783e-01,1.352531414811058985e-01,-7.111541318018571589e-01
7.685999999999999943e+00,1.308502364066544965e-01,8.848769161851066656e-08,3.462524994535045586e-01,1.352531414811058985e-01,-7.113392317841065182e-01
7.688000000000000611e+00,1.307702683115298248e-01,8.423184461037180881e-08,3.472210976874274269e-01,1.352531414811058985e-01,-7.115243317663557665e-01
7.690000000000000391e+00,1.306909096226289702e-01,8.992746280966912309e-08,3.481375126060034519e-01,1.352531414811058985e-01,-7.117094317486051258e-01
7.692000000000000171e+00,1.306121878185182439e-01,9.781034471245675377e-08,3.490007880887930347e-01,1.352531414811058985e-01,-7.118945317308544851e-01
7.694000000000000838e+00,1.305341257341857686e-01,9.759327090907987667e-08,3.498102863727134970e-01,1.352531414811058985e-01,-7.120796317131037334e-01
7.696000000000000618e+00,1.304567556376369231e-01,9.061706607305097805e-08,3.505659444861510821e-01,1.352531414811058985e-01,-7.122647316953530927e-01
7.697999999999999510e+00,1.303801184600243968e-01,8.531554285262643589e-08,3.512686323812742040e-01,1.352531414811058985e-01,-7.124498316776022300e-01
7.699999999999999289e+00,1.303042529211577705e-01,8.463747547260425108e-08,3.519173996702137375e-01,1.352531414811058985e-01,-7.126349316598515893e-01
7.701999999999999069e+00,1.302291911023568671e-01,8.618196811749356812e-08,3.525117900348191391e-01,1.352531414811058985e-01,-7.128200316421008376e-01
7.703999999999999737e+00,1.301549607852359181e-01,8.932595529920206445e-08,3.530518017918499729e-01,1.352531414811058985e-01,-7.130051316243501969e-01
7.705999999999999517e+00,1.300815862038278148e-01,9.330080774638815910e-08,3.535385688267334570e-01,1.352531414811058985e-01,-7.131902316065995562e-01
7.708000000000000185e+00,1.300090893010513726e-01,9.273671219833801160e-08,3.539711727101678140e-01,1.352531414811058985e-01,-7.133753315888488045e-01
7.709999999999999964e+00,1.299374971208295815e-01,8.473482582260771778e-08,3.543489126838462178e-01,1.352531414811058985e-01,-7.135604315710981638e-01
7.711999999999999744e+00,1.298668458289692351e-01,7.697953507967980613e-08,3.546715138458581551e-01,1.352531414811058985e-01,-7.137455315533475231e-01
7.714000000000000412e+00,1.297971708494904952e-01,7.913652622093536593e-08,3.549402784383390297e-01,1.352531414811058985e-01,-7.139306315355967714e-01
7.716000000000000192e+00,1.297284940434789702e-01,8.826864927868882660e-08,3.551547569436127039e-01,1.352531414811058985e-01,-7.141157315178461307e-01
7.717999999999999972e+00,1.296608268886628723e-01,9.241976484108960221e-08,3.553143806547284789e-01,1.352531414811058985e-01,-7.143008315000954900e-01
7.720000000000000639e+00,1.295941854988522657e-01,8.724120148517755524e-08,3.554187090562280216e-01,1.352531414811058985e-01,-7.144859314823447383e-01
7.722000000000000419e+00,1.295285969052946129e-01,7.978495264460150338e-08,3.554687827533800637e-01,1.352531414811058985e-01,-7.146710314645940976e-01
7.724000000000000199e+00,1.294640906828259386e-01,7.652212941078317954e-08,3.554642599613219711e-01,1.352531414811058985e-01,-7.148561314468434569e-01
7.726000000000000867e+00,1.294006907397518003e-01,7.721203065802484389e-08,3.554045894312862219e-01,1.352531414811058985e-01,-7.150412314290927052e-01
7.727999999999998870e+00,1.293384148676092193e-01,8.040594201563777688e-08,3.552895231889316441e-01,1.352531414811058985e-01,-7.152263314113419534e-01
7.729999999999999538e+00,1.292772763523398760e-01,8.534923434666552566e-08,3.551201850269835592e-01,1.352531414811058985e-01,-7.154114313935912017e-01
7.731999999999999318e+00,1.292172849856458861e-01,8.734904344276372967e-08,3.548965155999896370e-01,1.352531414811058985e-01,-7.155965313758405610e-01
7.733999999999999098e+00,1.291584532189153922e-01,8.116883332132118767e-08,3.546177062119502121e-01,1.352531414811058985e-01,-7.157816313580899203e-01
7.735999999999999766e+00,1.291008027629876320e-01,7.113759015187071100e-08,3.542833192086097815e-01,1.352531414811058985e-01,-7.159667313403391686e-01
7.737999999999999545e+00,1.290443594485617407e-01,6.873572855337073406e-08,3.538943252668237394e-01,1.352531414811058985e-01,-7.161518313225885279e-01
7.740000000000000213e+00,1.289891391034613255e-01,7.680525249131875398e-08,3.534511866189972706e-01,1.352531414811058985e-01,-7.163369313048378872e-01
7.741999999999999993e+00,1.289351437211847529e-01,8.479675628336735826e-08,3.529532687613961550e-01,1.352531414811058985e-01,-7.165220312870871355e-01
7.743999999999999773e+00,1.288823737402317038e-01,8.328896328180235287e-08,3.524001892048453377e-01,1.352531414811058985e-01,-7.167071312693364948e-01
7.746000000000000441e+00,1.288308398010912237e-01,7.532934642728861263e-08,3.517925439719001290e-01,1.352531414811058985e-01,-7.168922312515858541e-01
7.748000000000000220e+00,1.287805597451862072e-01,6.921432305073693669e-08,3.511308863347660791e-01,1.352531414811058985e-01,-7.170773312338351024e-01
7.750000000000000000e+00,1.287315487736233610e-01,6.797619378495767251e-08,3.504145347635875263e-01,1.352531414811058985e-01,-7.172624312160844617e-01
7.752000000000000668e+00,1.286838154075071738e-01,7.060944173797878420e-08,3.496433190541640146e-01,1.352531414811058985e-01,-7.174475311983338210e-01
7.754000000000000448e+00,1.286373622428843566e-01,7.610659757961713012e-08,3.488178527037681942e-01,1.352531414811058985e-01,-7.176326311805830693e-01
7.756000000000000227e+00,1.285921872754659523e-01,8.052885103193574423e-08,3.479390186510669669e-01,1.352531414811058985e-01,-7.178177311628324286e-01
7.758000000000000895e+00,1.285482887533616614e-01,7.725195516616878422e-08,3.470060292756573794e-01,1.352531414811058985e-01,-7.180028311450817879e-01
7.760000000000000675e+00,1.285056731029451393e-01,6.668511387530884349e-08,3.460185370366849478e-01,1.352531414811058985e-01,-7.181879311273310362e-01
7.761999999999999567e+00,1.284643545501039652e-01,5.974329542191014752e-08,3.449768830876238646e-01,1.352531414811058985e-01,-7.183730311095802845e-01
7.763999999999999346e+00,1.284243424342450535e-01,6.454710910208660835e-08,3.438822790464599599e-01,1.352531414811058985e-01,-7.185581310918295328e-01
7.765999999999999126e+00,1.283856316362048666e-01,7.470526364183882606e-08,3.427342481900832460e-01,1.352531414811058985e-01,-7.187432310740788921e-01
7.767999999999999794e+00,1.283482096171566500e-01,7.786762079575737516e-08,3.415325756741764973e-01,1.352531414811058985e-01,-7.189283310563282514e-01
7.769999999999999574e+00,1.283120705088115487e-01,7.152897962825477407e-08,3.402773452409338928e-01,1.352531414811058985e-01,-7.191134310385774997e-01
7.771999999999999353e+00,1.282772185714337043e-01,6.324826939962946426e-08,3.389696823491278321e-01,1.352531414811058985e-01,-7.192985310208268590e-01
7.774000000000000021e+00,1.282436599256677745e-01,5.926068746830992495e-08,3.376091367464942872e-01,1.352531414811058985e-01,-7.194836310030761073e-01
7.775999999999999801e+00,1.282113952715965288e-01,6.043301015168367485e-08,3.361955819546105229e-01,1.352531414811058985e-01,-7.196687309853254666e-01
7.778000000000000469e+00,1.281804182601830044e-01,6.584275857868249204e-08,3.347291993231645835e-01,1.352531414811058985e-01,-7.198538309675748259e-01
7.780000000000000249e+00,1.281507165830637618e-01,7.222620768132514968e-08,3.332113021641193717e-01,1.352531414811058985e-01,-7.200389309498240742e-01
7.782000000000000028e+00,1.281222759884051987e-01,7.245311772763329827e-08,3.316415831634095257e-01,1.352531414811058985e-01,-7.202240309320734335e-01
7.784000000000000696e+00,1.280950885536433770e-01,6.321703882594675861e-08,3.300197009104481882e-01,1.352531414811058985e-01,-7.204091309143227928e-01
7.786000000000000476e+00,1.280691560922481154e-01,5.278147252596454564e-08,3.283456208184747371e-01,1.352531414811058985e-01,-7.205942308965720411e-01
7.788000000000000256e+00,1.280444811283846240e-01,5.280506920612992872e-08,3.266206694319490067e-01,1.352531414811058985e-01,-7.207793308788214004e-01
7.790000000000000924e+00,1.280210539186741325e-01,6.274143837803336510e-08,3.248449725525721643e-01,1.352531414811058985e-01,-7.209644308610707597e-01
7.791999999999998927e+00,1.279988530703456417e-01,7.034121318749697593e-08,3.230183218392145283e-01,1.352531414811058985e-01,-7.211495308433198970e-01
7.793999999999999595e+00,1.279778585359596654e-01,6.759902637654136015e-08,3.211406459471111141e-01,1.352531414811058985e-01,-7.213346308255692563e-01
7.795999999999999375e+00,1.279580607057254626e-01,5.872254749128558160e-08,3.192130062808409274e-01,1.352531414811058985e-01,-7.215197308078185046e-01
7.797999999999999154e+00,1.279394563651339300e-01,5.181156836897571338e-08,3.172356246972017346e-01,1.352531414811058985e-01,-7.217048307900678639e-01
7.799999999999999822e+00,1.279220400568285010e-01,5.056070007114499276e-08,3.152082563971078111e-01,1.352531414811058985e-01,-7.218899307723172232e-01
7.801999999999999602e+00,1.279057993452616948e-01,5.500300692684589876e-08,3.131310062478033229e-01,1.352531414811058985e-01,-7.220750307545664715e-01
7.803999999999999382e+00,1.278907143456886608e-01,6.258956564142437173e-08,3.110049787425650525e-01,1.352531414811058985e-01,-7.222601307368158308e-01
7.806000000000000050e+00,1.278767611187118236e-01,6.637636817963254998e-08,3.088306909942661327e-01,1.352531414811058985e-01,-7.224452307190651901e-01
7.807999999999999829e+00,1.278639196449936621e-01,6.008643871346919241e-08,3.066077299628102715e-01,1.352531414811058985e-01,-7.226303307013144384e-01
7.810000000000000497e+00,1.278521802311429756e-01,4.796952646213270555e-08,3.043360532462345280e-01,1.352531414811058985e-01,-7.228154306835637977e-01
7.812000000000000277e+00,1.278415385142366301e-01,4.276845078088342689e-08,3.020165632619055129e-01,1.352531414811058985e-01,-7.230005306658131570e-01
7.814000000000000057e+00,1.278319823800785349e-01,5.000780634034640570e-08,2.996501593880843695e-01,1.352531414811058985e-01,-7.231856306480624053e-01
7.816000000000000725e+00,1.278234862582957598e-01,6.058014245802212372e-08,2.972366142472366302e-01,1.352531414811058985e-01,-7.233707306303117646e-01
7.818000000000000504e+00,1.278160203708784692e-01,6.264651297716028466e-08,2.947759882438520940e-01,1.352531414811058985e-01,-7.235558306125611239e-01
7.820000000000000284e+00,1.278095628162732034e-01,5.525548052442985636e-08,2.922689087200998070e-01,1.352531414811058985e-01,-7.237409305948103722e-01
7.822000000000000952e+00,1.278041013424264793e-01,4.612448833984927887e-08,2.897163054963085571e-01,1.352531414811058985e-01,-7.239260305770597315e-01
7.824000000000000732e+00,1.277996258695360821e-01,4.176596735128157434e-08,2.871179134361627749e-01,1.352531414811058985e-01,-7.241111305593090908e-01
7.825999999999999623e+00,1.277961210694386063e-01,4.420960664219819591e-08,2.844739248702784495e-01,1.352531414811058985e-01,-7.242962305415582280e-01
7.827999999999999403e+00,1.277935633025830686e-01,5.197677510615505980e-08,2.817849976824998715e-01,1.352531414811058985e-01,-7.244813305238075873e-01
7.829999999999999183e+00,1.277919226897330507e-01,5.884746134832141706e-08,2.790523117689365229e-01,1.352531414811058985e-01,-7.246664305060568356e-01
7.831999999999999851e+00,1.277911705256987718e-01,5.658779433925786861e-08,2.762756083369590221e-01,1.352531414811058985e-01,-7.248515304883061949e-01
7.833999999999999631e+00,1.277912876466031911e-01,4.494907812624404642e-08,2.734549291203224874e-01,1.352531414811058985e-01,-7.250366304705555542e-01
7.835999999999999410e+00,1.277922637371766701e-01,3.524339919902530482e-08,2.705907079365159063e-01,1.352531414811058985e-01,-7.252217304528048025e-01
7.838000000000000078e+00,1.277940859539753449e-01,3.786204294531358983e-08,2.676842787196749840e-01,1.352531414811058985e-01,-7.254068304350541618e-01
7.839999999999999858e+00,1.277967291271607797e-01,4.906845696428518977e-08,2.647356754070102069e-01,1.352531414811058985e-01,-7.255919304173035211e-01
7.842000000000000526e+00,1.278001592839442813e-01,5.597662411371828739e-08,2.617450602161724427e-01,1.352531414811058985e-01,-7.257770303995527694e-01
7.844000000000000306e+00,1.278043458779816177e-01,5.209048103971269938e-08,2.587127438843824789e-01,1.352531414811058985e-01,-7.259621303818021287e-01
7.846000000000000085e+00,1.278092688277290279e-01,4.228198036138053340e-08,2.556399339957451389e-01,1.352531414811058985e-01,-7.261472303640514880e-01
7.848000000000000753e+00,1.278149146881413234e-01,3.475159948695960566e-08,2.525267054444481629e-01,1.352531414811058985e-01,-7.263323303463007363e-01
7.850000000000000533e+00,1.278212682626193031e-01,3.421886851651123607e-08,2.493732326467184568e-01,1.352531414811058985e-01,-7.265174303285500956e-01
7.852000000000000313e+00,1.278283063876738401e-01,4.094822192435287889e-08,2.461799274471824228e-01,1.352531414811058985e-01,-7.267025303107994549e-01
7.854000000000000981e+00,1.278359977161412919e-01,4.995723434930710027e-08,2.429480999976305622e-01,1.352531414811058985e-01,-7.268876302930487032e-01
7.855999999999998984e+00,1.278443090319213438e-01,5.213105724877209468e-08,2.396780132076485881e-01,1.352531414811058985e-01,-7.270727302752978405e-01
7.857999999999999652e+00,1.278532148280465686e-01,4.302056821892108474e-08,2.363696858647353627e-01,1.352531414811058985e-01,-7.272578302575471998e-01
7.859999999999999432e+00,1.278627003966357201e-01,3.050138541738078857e-08,2.330233814086050681e-01,1.352531414811058985e-01,-7.274429302397965591e-01
7.861999999999999211e+00,1.278727536976796975e-01,2.760158102077525655e-08,2.296403239780699657e-01,1.352531414811058985e-01,-7.276280302220458074e-01
7.863999999999999879e+00,1.278833535855654624e-01,3.683317417735310073e-08,2.262211051497446113e-01,1.352531414811058985e-01,-7.278131302042951667e-01
7.865999999999999659e+00,1.278944677188664780e-01,4.735438519087864506e-08,2.227658605070104159e-01,1.352531414811058985e-01,-7.279982301865445260e-01
7.867999999999999439e+00,1.279060620035479268e-01,4.832809452626207758e-08,2.192748916640621104e-01,1.352531414811058985e-01,-7.281833301687937743e-01
7.870000000000000107e+00,1.279181109656124526e-01,3.990145458487859287e-08,2.157492063363319612e-01,1.352531414811058985e-01,-7.283684301510431336e-01
7.871999999999999886e+00,1.279305990288379657e-01,2.996567594060195461e-08,2.121894586814423445e-01,1.352531414811058985e-01,-7.285535301332924929e-01
7.873999999999999666e+00,1.279435133535236080e-01,2.582306124487843135e-08,2.085957337209521367e-01,1.352531414811058985e-01,-7.287386301155417412e-01
7.876000000000000334e+00,1.279568352842341827e-01,3.023559980164236549e-08,2.049684547472945539e-01,1.352531414811058985e-01,-7.289237300977911005e-01
7.878000000000000114e+00,1.279705367360767232e-01,4.006798759448315650e-08,2.013086441460350540e-01,1.352531414811058985e-01,-7.291088300800404598e-01
7.880000000000000782e+00,1.279845846679512622e-01,4.636950123870775542e-08,1.976171889662675096e-01,1.352531414811058985e-01,-7.292939300622897081e-01
7.882000000000000561e+00,1.279989509080647903e-01,4.134438924552341632e-08,1.938941028641349706e-01,1.352531414811058985e-01,-7.294790300445390674e-01
7.884000000000000341e+00,1.280136186090948813e-01,2.826846312586894783e-08,1.901397042889797773e-01,1.352531414811058985e-01,-7.296641300267884267e-01
7.886000000000001009e+00,1.280285778415155562e-01,2.017393974096393094e-08,1.863548309336726660e-01,1.352531414811058985e-01,-7.298492300090376750e-01
7.888000000000000789e+00,1.280438141119444317e-01,2.521643638342396798e-08,1.825405821393511485e-01,1.352531414811058985e-01,-7.300343299912870343e-01
7.889999999999999680e+00,1.280593017018302193e-01,3.714047525082975199e-08,1.786971376036283199e-01,1.352531414811058985e-01,-7.302194299735361716e-01
7.891999999999999460e+00,1.280750087905043744e-01,4.321905211490673082e-08,1.748249129625307208e-01,1.352531414811058985e-01,-7.304045299557855309e-01
7.893999999999999240e+00,1.280909081777731329e-01,3.822285921106782780e-08,1.709245870192104000e-01,1.352531414811058985e-01,-7.305896299380348902e-01
7.895999999999999908e+00,1.281069835015165026e-01,2.745280514027115260e-08,1.669972363145573735e-01,1.352531414811058985e-01,-7.307747299202841385e-01
7.897999999999999687e+00,1.281232256860060925e-01,1.970551932739539325e-08,1.630430269894099227e-01,1.352531414811058985e-01,-7.309598299025334978e-01
7.899999999999999467e+00,1.281396236568769220e-01,2.067568038999212376e-08,1.590624269856912021e-01,1.352531414811058985e-01,-7.311449298847828571e-01
7.902000000000000135e+00,1.281561570636623459e-01,2.978780533346991888e-08,1.550561478883048794e-01,1.352531414811058985e-01,-7.313300298670321054e-01
7.903999999999999915e+00,1.281727976790441037e-01,3.926805069998096087e-08,1.510254047907573505e-01,1.352531414811058985e-01,-7.315151298492814647e-01
7.905999999999999694e+00,1.281895186828623245e-01,3.914994051168463329e-08,1.469704349261825305e-01,1.352531414811058985e-01,-7.317002298315308240e-01
7.908000000000000362e+00,1.282063036612981488e-01,2.784396335719918625e-08,1.428915997376409008e-01,1.352531414811058985e-01,-7.318853298137800723e-01
7.910000000000000142e+00,1.282231460262388545e-01,1.598787091605657906e-08,1.387894640711182515e-01,1.352531414811058985e-01,-7.320704297960294316e-01
7.912000000000000810e+00,1.282400394299537671e-01,1.556150952541912602e-08,1.346652608586811073e-01,1.352531414811058985e-01,-7.322555297782787909e-01
7.914000000000000590e+00,1.282569684803618326e-01,2.625594497374095226e-08,1.305194445752326515e-01,1.352531414811058985e-01,-7.324406297605280391e-01
7.916000000000000369e+00,1.282739088909636838e-01,3.642972024042734347e-08,1.263524609357913608e-01,1.352531414811058985e-01,-7.326257297427773985e-01
7.918000000000001037e+00,1.282908363512517136e-01,3.632065059822053854e-08,1.221648454140676909e-01,1.352531414811058985e-01,-7.328108297250267578e-01
7.919999999999999041e+00,1.283077355258886998e-01,2.680083421857659687e-08,1.179577071054339898e-01,1.352531414811058985e-01,-7.329959297072758950e-01
7.921999999999999709e+00,1.283246016749477469e-01,1.627773393853004791e-08,1.137315377895343760e-01,1.352531414811058985e-01,-7.331810296895252543e-01
7.923999999999999488e+00,1.283414329431346035e-01,1.310315456137800538e-08,1.094867595292300377e-01,1.352531414811058985e-01,-7.333661296717745026e-01
7.925999999999999268e+00,1.283582202743052125e-01,1.991453302263579417e-08,1.052239795868959299e-01,1.352531414811058985e-01,-7.335512296540238619e-01
7.927999999999999936e+00,1.283749445038052661e-01,3.111634705454946470e-08,1.009443355067990988e-01,1.352531414811058985e-01,-7.337363296362732212e-01
7.929999999999999716e+00,1.283915840170034572e-01,3.590270469810974419e-08,9.664847169399884419e-02,1.352531414811058985e-01,-7.339214296185224695e-01
7.931999999999999496e+00,1.284081254039793896e-01,2.830504652884258121e-08,9.233673040240776564e-02,1.352531414811058985e-01,-7.341065296007718288e-01
7.934000000000000163e+00,1.284245666047244550e-01,1.486701473041307509e-08,8.800963578097929785e-02,1.352531414811058985e-01,-7.342916295830210771e-01
7.935999999999999943e+00,1.284409099154766309e-01,8.905405746162387004e-09,8.366821509663970036e-02,1.352531414811058985e-01,-7.344767295652704364e-01
7.937999999999999723e+00,1.284571521727446708e-01,1.598252430401458923e-08,7.931329242159135262e-02,1.352531414811058985e-01,-7.346618295475197957e-01
7.940000000000000391e+00,1.284732808084374511e-01,2.819750033467016692e-08,7.494529472824221217e-02,1.352531414811058985e-01,-7.348469295297690440e-01
7.942000000000000171e+00,1.284892787863348707e-01,3.338352561055302203e-08,7.056479718991590100e-02,1.352531414811058985e-01,-7.350320295120184033e-01
7.944000000000000838e+00,1.285051343615408737e-01,2.721683789452811197e-08,6.617269248995701070e-02,1.352531414811058985e-01,-7.352171294942677626e-01
7.946000000000000618e+00,1.285208472023366966e-01,1.554543904713767688e-08,6.176982132330939568e-02,1.352531414811058985e-01,-7.354022294765170109e-01
7.948000000000000398e+00,1.285364247480751398e-01,8.210343294123845226e-09,5.735658097145839018e-02,1.352531414811058985e-01,-7.355873294587663702e-01
7.950000000000001066e+00,1.285518711197287667e-01,1.134801297375531703e-08,5.293360097673995707e-02,1.352531414811058985e-01,-7.357724294410157295e-01
7.952000000000000846e+00,1.285671796724899840e-01,2.249592589986804114e-08,4.850177032521478526e-02,1.352531414811058985e-01,-7.359575294232649778e-01
7.953999999999998849e+00,1.285823373640124778e-01,3.140227944342655064e-08,4.406204555984116061e-02,1.352531414811058985e-01,-7.361426294055142261e-01
7.955999999999999517e+00,1.285973360761617501e-01,2.873754190169108824e-08,3.961482345896755880e-02,1.352531414811058985e-01,-7.363277293877634744e-01
7.957999999999999297e+00,1.286121790931991082e-01,1.614490041657035135e-08,3.516067392959355137e-02,1.352531414811058985e-01,-7.365128293700128337e-01
7.959999999999999964e+00,1.286268772082103107e-01,5.761097376932866609e-09,3.070037033775425625e-02,1.352531414811058985e-01,-7.366979293522621930e-01
7.961999999999999744e+00,1.286414396843634789e-01,7.658566003598821226e-09,2.623492743222091694e-02,1.352531414811058985e-01,-7.368830293345114413e-01
7.963999999999999524e+00,1.286558678063255412e-01,1.932484783306875897e-08,2.176485068567130671e-02,1.352531414811058985e-01,-7.370681293167608006e-01
7.966000000000000192e+00,1.286701556287144221e-01,2.897954631819743554e-08,1.729076438120505030e-02,1.352531414811058985e-01,-7.372532292990101599e-01
7.967999999999999972e+00,1.286842975980062587e-01,2.772439589016073569e-08,1.281337972219079649e-02,1.352531414811058985e-01,-7.374383292812594082e-01
7.969999999999999751e+00,1.286982979258811666e-01,1.705713892352633820e-08,8.333659973092408940e-03,1.352531414811058985e-01,-7.376234292635087675e-01
7.972000000000000419e+00,1.287121720065075303e-01,6.397212759523540626e-09,3.852117646443491139e-03,1.352531414811058985e-01,-7.378085292457581268e-01
7.974000000000000199e+00,1.287259371189106716e-01,4.970453826302900779e-09,6.306184745455203911e-04,1.352531414811058985e-01,-7.379936292280073751e-01
7.975999999999999979e+00,1.287396011078996150e-01,1.420971851295860233e-08,5.113818937696405775e-03,1.352531414811058985e-01,-7.381787292102567344e-01
7.978000000000000647e+00,1.287531620903876739e-01,2.580953240016725658e-08,9.596494042850380046e-03,1.352531414811058985e-01,-7.383638291925060937e-01
7.980000000000000426e+00,1.287666190244388664e-01,2.843453206224921814e-08,1.407806841207417947e-02,1.352531414811058985e-01,-7.385489291747553420e-01
7.982000000000001094e+00,1.287799808941028079e-01,1.886275768914202899e-08,1.855796071899486546e-02,1.352531414811058985e-01,-7.387340291570047013e-01
7.983999999999999098e+00,1.287932661927603251e-01,6.040324684875031380e-09,2.303550360825230500e-02,1.352531414811058985e-01,-7.389191291392538385e-01
7.985999999999998877e+00,1.288064954001878482e-01,2.362316786630458409e-09,2.750975415084418174e-02,1.352531414811058985e-01,-7.391042291215031979e-01
7.987999999999999545e+00,1.288196837449510079e-01,1.100757596184109843e-08,3.198004099560872171e-02,1.352531414811058985e-01,-7.392893291037525572e-01
7.989999999999999325e+00,1.288328383968970758e-01,2.322489611739086968e-08,3.644574487653342437e-02,1.352531414811058985e-01,-7.394744290860018054e-01
7.991999999999999993e+00,1.288459625688671562e-01,2.743308713526459997e-08,4.090619452377712573e-02,1.352531414811058985e-01,-7.396595290682511648e-01
7.993999999999999773e+00,1.288590651243008978e-01,1.997141307885641481e-08,4.536052889307730374e-02,1.352531414811058985e-01,-7.398446290505005241e-01
7.995999999999999552e+00,1.288721673709560811e-01,7.649073818782881062e-09,4.980806494300334120e-02,1.352531414811058985e-01,-7.400297290327497723e-01
7.998000000000000220e+00,1.288852976456899002e-01,1.503797975033194234e-09,5.424819526809562809e-02,1.352531414811058985e-01,-7.402148290149991317e-01
8.000000000000000000e+00,1.288984784118119009e-01,7.179510097543584379e-09,5.868022440316881388e-02,1.352531414811058985e-01,-7.403999289972484910e-01
8.002000000000000668e+00,1.289117204532574945e-01,1.961487983148657577e-08,6.310331301766121392e-02,1.352531414811058985e-01,-7.405850289794977392e-01
8.003999999999999559e+00,1.289250307979229460e-01,2.702320656133849752e-08,6.751673198326652026e-02,1.352531414811058985e-01,-7.407701289617470986e-01
8.006000000000000227e+00,1.289384239832299661e-01,2.201014914771093345e-08,7.191988546680189165e-02,1.352531414811058985e-01,-7.409552289439964579e-01
8.008000000000000895e+00,1.289519248165131859e-01,9.124797584192378963e-09,7.631210353592522699e-02,1.352531414811058985e-01,-7.411403289262457061e-01
8.009999999999999787e+00,1.289655627997546850e-01,6.722671308523331390e-10,8.069260991502751057e-02,1.352531414811058985e-01,-7.413254289084950654e-01
8.012000000000000455e+00,1.289793651806945274e-01,4.545620546636541803e-09,8.506064980798301589e-02,1.352531414811058985e-01,-7.415105288907444248e-01
8.014000000000001123e+00,1.289933522833118795e-01,1.680099759315822894e-08,8.941559173972761509e-02,1.352531414811058985e-01,-7.416956288729936730e-01
8.016000000000000014e+00,1.290075375954629067e-01,2.580347324698806233e-08,9.375675238456650240e-02,1.352531414811058985e-01,-7.418807288552430323e-01
8.017999999999998906e+00,1.290219351487071897e-01,2.324245296225768698e-08,9.808340492462999660e-02,1.352531414811058985e-01,-7.420658288374921696e-01
8.019999999999999574e+00,1.290365695734616569e-01,1.148693518082666287e-08,1.023948206435118663e-01,1.352531414811058985e-01,-7.422509288197415289e-01
8.022000000000000242e+00,1.290514767476147462e-01,1.364857116215034694e-09,1.066903600726886447e-01,1.352531414811058985e-01,-7.424360288019907772e-01
8.023999999999999133e+00,1.290666917394034385e-01,2.316368874488716756e-09,1.109693343152810124e-01,1.352531414811058985e-01,-7.426211287842401365e-01
8.025999999999999801e+00,1.290822380591191143e-01,1.356206280611615966e-08,1.152310332273568938e-01,1.352531414811058985e-01,-7.428062287664894958e-01
8.028000000000000469e+00,1.290981310969117057e-01,2.450925895569611157e-08,1.194747489905204629e-01,1.352531414811058985e-01,-7.429913287487387441e-01
8.029999999999999361e+00,1.291143900873926720e-01,2.474489602111162867e-08,1.236998279879040069e-01,1.352531414811058985e-01,-7.431764287309881034e-01
8.032000000000000028e+00,1.291310442272706194e-01,1.405262395337558701e-08,1.279055902169257131e-01,1.352531414811058985e-01,-7.433615287132374627e-01
8.034000000000000696e+00,1.291481291731850778e-01,2.564674694838231517e-09,1.320913460541355000e-01,1.352531414811058985e-01,-7.435466286954867110e-01
8.035999999999999588e+00,1.291656809319869925e-01,1.023070739236686677e-09,1.362564255195674034e-01,1.352531414811058985e-01,-7.437317286777360703e-01
8.038000000000000256e+00,1.291837308223776626e-01,1.080773714967619981e-08,1.404001593565745443e-01,1.352531414811058985e-01,-7.439168286599854296e-01
8.040000000000000924e+00,1.292023025736732667e-01,2.282698441380404120e-08,1.445218701474337841e-01,1.352531414811058985e-01,-7.441019286422346779e-01
8.041999999999999815e+00,1.292214157322914003e-01,2.588232428379910743e-08,1.486208812692315639e-01,1.352531414811058985e-01,-7.442870286244840372e-01
8.044000000000000483e+00,1.292410961282063342e-01,1.702627405730794408e-08,1.526965691001053449e-01,1.352531414811058985e-01,-7.444721286067333965e-01
8.046000000000001151e+00,1.292613825114385939e-01,4.549052690094868012e-09,1.567482561083821946e-01,1.352531414811058985e-01,-7.446572285889826448e-01
8.048000000000000043e+00,1.292823186579608041e-01,3.742699483666456217e-10,1.607752575160493469e-01,1.352531414811058985e-01,-7.448423285712318931e-01
8.049999999999998934e+00,1.293039392484829353e-01,8.539211338032259846e-09,1.647769062915670213e-01,1.352531414811058985e-01,-7.450274285534811414e-01
8.051999999999999602e+00,1.293262674323103489e-01,2.125051323798032854e-08,1.687526374058881951e-01,1.352531414811058985e-01,-7.452125285357305007e-01
8.054000000000000270e+00,1.293493257569727772e-01,2.654335196083934534e-08,1.727017959401672409e-01,1.352531414811058985e-01,-7.453976285179798600e-01
8.055999999999999162e+00,1.293731453196231840e-01,1.976087304900175923e-08,1.766236825724624981e-01,1.352531414811058985e-01,-7.455827285002291083e-01
8.057999999999999829e+00,1.293977647375138540e-01,7.464241669197235751e-09,1.805176174055603266e-01,1.352531414811058985e-01,-7.457678284824784676e-01
8.060000000000000497e+00,1.294232246834617905e-01,1.051482234615264133e-09,1.843830637956118124e-01,1.352531414811058985e-01,-7.459529284647278269e-01
8.061999999999999389e+00,1.294495636265017291e-01,6.490446402551697247e-09,1.882194107939981487e-01,1.352531414811058985e-01,-7.461380284469770752e-01
8.064000000000000057e+00,1.294768136428698924e-01,1.906253077610386981e-08,1.920259683956261065e-01,1.352531414811058985e-01,-7.463231284292264345e-01
8.066000000000000725e+00,1.295049994603544308e-01,2.722827674439542989e-08,1.958020781829908352e-01,1.352531414811058985e-01,-7.465082284114757938e-01
8.067999999999999616e+00,1.295341465305009931e-01,2.315034286493045101e-08,1.995472218356313387e-01,1.352531414811058985e-01,-7.466933283937250421e-01
8.070000000000000284e+00,1.295642919067484522e-01,1.057992715658429006e-08,2.032608175682333318e-01,1.352531414811058985e-01,-7.468784283759744014e-01
8.072000000000000952e+00,1.295954825302497726e-01,1.806085947464453056e-09,2.069421386216915015e-01,1.352531414811058985e-01,-7.470635283582237607e-01
8.073999999999999844e+00,1.296277609594868041e-01,5.446085360460983793e-09,2.105905437285215676e-01,1.352531414811058985e-01,-7.472486283404730090e-01
8.076000000000000512e+00,1.296611566851609831e-01,1.787988967993925371e-08,2.142055591327859665e-01,1.352531414811058985e-01,-7.474337283227223683e-01
8.078000000000001180e+00,1.296956937826604372e-01,2.726098125016562790e-08,2.177867040116592268e-01,1.352531414811058985e-01,-7.476188283049717276e-01
8.080000000000000071e+00,1.297314023787023984e-01,2.531784504267164948e-08,2.213332305134645961e-01,1.352531414811058985e-01,-7.478039282872209759e-01
8.081999999999998963e+00,1.297683205101428650e-01,1.441961883230646890e-08,2.248444725042304249e-01,1.352531414811058985e-01,-7.479890282694702242e-01
8.083999999999999631e+00,1.298064893384777152e-01,4.645841711337084234e-09,2.283199230826443438e-01,1.352531414811058985e-01,-7.481741282517194724e-01
8.086000000000000298e+00,1.298459496352356579e-01,4.920314600198594235e-09,2.317591913839606999e-01,1.352531414811058985e-01,-7.483592282339688317e-01
8.087999999999999190e+00,1.298867381220119022e-01,1.551163519852849504e-08,2.351615608476909647e-01,1.352531414811058985e-01,-7.485443282162181911e-01
8.089999999999999858e+00,1.299288833709265623e-01,2.713523805653039744e-08,2.385264146834835397e-01,1.352531414811058985e-01,-7.487294281984674393e-01
8.092000000000000526e+00,1.299724093067302633e-01,2.876519689110068612e-08,2.418532374443163324e-01,1.352531414811058985e-01,-7.489145281807167986e-01
8.093999999999999417e+00,1.300173473381304179e-01,1.855729891975244072e-08,2.451416880388029296e-01,1.352531414811058985e-01,-7.490996281629660469e-01
8.096000000000000085e+00,1.300637416064899243e-01,6.648573691592218893e-09,2.483910109263081367e-01,1.352531414811058985e-01,-7.492847281452154062e-01
8.098000000000000753e+00,1.301116375313868812e-01,5.048094386950197077e-09,2.516005878581527022e-01,1.352531414811058985e-01,-7.494698281274647655e-01
8.099999999999999645e+00,1.301610686224972113e-01,1.519624970303112832e-08,2.547699314760753508e-01,1.352531414811058985e-01,-7.496549281097140138e-01
8.102000000000000313e+00,1.302120585048305301e-01,2.711187452320018565e-08,2.578988394526535721e-01,1.352531414811058985e-01,-7.498400280919633731e-01
8.104000000000000981e+00,1.302646333541781498e-01,3.008959681416456533e-08,2.609865994211951201e-01,1.352531414811058985e-01,-7.500251280742127324e-01
8.105999999999999872e+00,1.303188269636265106e-01,2.234525420252708727e-08,2.640325477083290129e-01,1.352531414811058985e-01,-7.502102280564619807e-01
8.108000000000000540e+00,1.303746769782644366e-01,1.125802207013748557e-08,2.670361237024322931e-01,1.352531414811058985e-01,-7.503953280387113400e-01
8.110000000000001208e+00,1.304322214897276622e-01,6.723562817612105391e-09,2.699971755872705992e-01,1.352531414811058985e-01,-7.505804280209606993e-01
8.111999999999998323e+00,1.304914970064658952e-01,1.336112065430938856e-08,2.729150903735039213e-01,1.352531414811058985e-01,-7.507655280032098366e-01
8.113999999999998991e+00,1.305525332216282974e-01,2.603212334584270593e-08,2.757892573549944881e-01,1.352531414811058985e-01,-7.509506279854591959e-01
8.115999999999999659e+00,1.306153515580036339e-01,3.307084361914292003e-08,2.786191379638561227e-01,1.352531414811058985e-01,-7.511357279677084442e-01
8.118000000000000327e+00,1.306799750954805717e-01,2.731499693098271564e-08,2.814045908349690484e-01,1.352531414811058985e-01,-7.513208279499578035e-01
8.119999999999999218e+00,1.307464393493704691e-01,1.446729536169755193e-08,2.841450194208952063e-01,1.352531414811058985e-01,-7.515059279322071628e-01
8.121999999999999886e+00,1.308147868665269220e-01,7.834253246130629122e-09,2.868397519738027923e-01,1.352531414811058985e-01,-7.516910279144564111e-01
8.124000000000000554e+00,1.308850516744192172e-01,1.403597238436304906e-08,2.894882872812435393e-01,1.352531414811058985e-01,-7.518761278967057704e-01
8.125999999999999446e+00,1.309572550621185272e-01,2.659164244356304607e-08,2.920905843010225267e-01,1.352531414811058985e-01,-7.520612278789551297e-01
8.128000000000000114e+00,1.310314163669062948e-01,3.381247404288245662e-08,2.946462120929433937e-01,1.352531414811058985e-01,-7.522463278612043780e-01
8.130000000000000782e+00,1.311075616322536774e-01,3.026093287061826231e-08,2.971544393749921409e-01,1.352531414811058985e-01,-7.524314278434537373e-01
8.131999999999999673e+00,1.311857213659352039e-01,1.994438203478665628e-08,2.996146949799486370e-01,1.352531414811058985e-01,-7.526165278257030966e-01
8.134000000000000341e+00,1.312659266166827932e-01,1.193695031709296472e-08,3.020268775876722156e-01,1.352531414811058985e-01,-7.528016278079523449e-01
8.136000000000001009e+00,1.313482083745430851e-01,1.366553714632345873e-08,3.043907221771679494e-01,1.352531414811058985e-01,-7.529867277902017042e-01
8.137999999999999901e+00,1.314325936405196238e-01,2.481837058088132153e-08,3.067055518586243590e-01,1.352531414811058985e-01,-7.531718277724510635e-01
8.140000000000000568e+00,1.315191000510241848e-01,3.576937601668106481e-08,3.089708805073486109e-01,1.352531414811058985e-01,-7.533569277547003118e-01
8.142000000000001236e+00,1.316077409660550979e-01,3.566462580817386652e-08,3.111865656618147402e-01,1.352531414811058985e-01,-7.535420277369496711e-01
8.144000000000000128e+00,1.316985388188666173e-01,2.439070601045756348e-08,3.133524133059435446e-01,1.352531414811058985e-01,-7.537271277191990304e-01
8.145999999999999019e+00,1.317915271680241140e-01,1.390222470476487615e-08,3.154676489242847492e-01,1.352531414811058985e-01,-7.539122277014481677e-01
8.147999999999999687e+00,1.318867364770449635e-01,1.513517056128677041e-08,3.175318122958180056e-01,1.352531414811058985e-01,-7.540973276836975270e-01
8.150000000000000355e+00,1.319841836097873644e-01,2.636972329383979741e-08,3.195448053399059241e-01,1.352531414811058985e-01,-7.542824276659467753e-01
8.151999999999999247e+00,1.320838789378702138e-01,3.657602010154192840e-08,3.215066802377070099e-01,1.352531414811058985e-01,-7.544675276481961346e-01
8.153999999999999915e+00,1.321858375050489753e-01,3.746878840527045895e-08,3.234166663166002098e-01,1.352531414811058985e-01,-7.546526276304454939e-01
8.156000000000000583e+00,1.322900795506511962e-01,2.960880030045132116e-08,3.252742325043934679e-01,1.352531414811058985e-01,-7.548377276126947422e-01
8.157999999999999474e+00,1.323966257925719425e-01,2.002469801087869428e-08,3.270791354526427219e-01,1.352531414811058985e-01,-7.550228275949441015e-01
8.160000000000000142e+00,1.325054970188214165e-01,1.706351093755387183e-08,3.288315601081663320e-01,1.352531414811058985e-01,-7.552079275771934608e-01
8.162000000000000810e+00,1.326167130352740031e-01,2.462248505086250816e-08,3.305308486530021961e-01,1.352531414811058985e-01,-7.553930275594427091e-01
8.163999999999999702e+00,1.327302858139486341e-01,3.714446739078169912e-08,3.321765779299862276e-01,1.352531414811058985e-01,-7.555781275416920684e-01
8.166000000000000369e+00,1.328462187211258971e-01,4.266815922804312322e-08,3.337684857231170144e-01,1.352531414811058985e-01,-7.557632275239414277e-01
8.168000000000001037e+00,1.329645185214546332e-01,3.524731073678566418e-08,3.353068021501000029e-01,1.352531414811058985e-01,-7.559483275061906760e-01
8.169999999999999929e+00,1.330852044645154386e-01,2.289649436715279762e-08,3.367908256734415406e-01,1.352531414811058985e-01,-7.561334274884400353e-01
8.172000000000000597e+00,1.332082988142873070e-01,1.899590851284216342e-08,3.382200803143501910e-01,1.352531414811058985e-01,-7.563185274706892836e-01
8.174000000000001265e+00,1.333338121732746684e-01,2.716973757088680941e-08,3.395943403844717823e-01,1.352531414811058985e-01,-7.565036274529386429e-01
8.175999999999998380e+00,1.334617444374552875e-01,3.874312881624319971e-08,3.409140433771906675e-01,1.352531414811058985e-01,-7.566887274351877801e-01
8.177999999999999048e+00,1.335920972622757219e-01,4.363288153008682002e-08,3.421786546928529127e-01,1.352531414811058985e-01,-7.568738274174371394e-01
8.179999999999999716e+00,1.337248780390478675e-01,3.924927571841152485e-08,3.433876040020118481e-01,1.352531414811058985e-01,-7.570589273996864987e-01
8.181999999999998607e+00,1.338600949304507015e-01,3.004030024733594928e-08,3.445405205552745098e-01,1.352531414811058985e-01,-7.572440273819357470e-01
8.183999999999999275e+00,1.339977553440326874e-01,2.361200268641283628e-08,3.456378207558996607e-01,1.352531414811058985e-01,-7.574291273641851063e-01
8.185999999999999943e+00,1.341378675712252555e-01,2.648747199351930703e-08,3.466791819798132890e-01,1.352531414811058985e-01,-7.576142273464344656e-01
8.188000000000000611e+00,1.342804354600165562e-01,3.798234071705763881e-08,3.476641185734447581e-01,1.352531414811058985e-01,-7.577993273286837139e-01
8.189999999999999503e+00,1.344254525671789713e-01,4.786294882652697424e-08,3.485923391693923623e-01,1.352531414811058985e-01,-7.579844273109330732e-01
8.192000000000000171e+00,1.345729096324047580e-01,4.579104440072256921e-08,3.494642189646073871e-01,1.352531414811058985e-01,-7.581695272931824325e-01
8.194000000000000838e+00,1.347228079399227507e-01,3.402519122008840213e-08,3.502794971939284241e-01,1.352531414811058985e-01,-7.583546272754316808e-01
8.195999999999999730e+00,1.348751571299824370e-01,2.577528313008059513e-08,3.510375415936619059e-01,1.352531414811058985e-01,-7.585397272576810401e-01
8.198000000000000398e+00,1.350299594836178452e-01,2.964774914460122091e-08,3.517381066651797394e-01,1.352531414811058985e-01,-7.587248272399303994e-01
8.200000000000001066e+00,1.351872041687228743e-01,4.084091043132787036e-08,3.523816639717597399e-01,1.352531414811058985e-01,-7.589099272221796477e-01
8.201999999999999957e+00,1.353468780101748647e-01,4.876111103779834366e-08,3.529682807511658749e-01,1.353468780101748647e-01,-7.590950272044290070e-01
8.204000000000000625e+00,1.355089737162427088e-01,4.814348730786122132e-08,3.534972587545076594e-01,1.355089737162427088e-01,-7.592801271866783663e-01
8.206000000000001293e+00,1.356734857741472844e-01,4.087455196533085200e-08,3.539682430474676011e-01,1.356734857741472844e-01,-7.594652271689276146e-01
8.208000000000000185e+00,1.358404067716448838e-01,3.278415339202922496e-08,3.543815177075163581e-01,1.358404067716448838e-01,-7.596503271511769739e-01
8.209999999999999076e+00,1.360097303339988795e-01,3.107489221498838106e-08,3.547373839795637251e-01,1.360097303339988795e-01,-7.598354271334261112e-01
8.211999999999999744e+00,1.361814495080335696e-01,3.934897352397825898e-08,3.550352421352782062e-01,1.361814495080335696e-01,-7.600205271156754705e-01
8.213999999999998636e+00,1.363555482896287030e-01,5.136886693790643221e-08,3.552748924530044761e-01,1.363555482896287030e-01,-7.602056270979248298e-01
8.215999999999999304e+00,1.365320028383810724e-01,5.496806110283358748e-08,3.554565472809356197e-01,1.365320028383810724e-01,-7.603907270801740781e-01
8.217999999999999972e+00,1.367107951841938229e-01,4.617128179784657505e-08,3.555806058087199184e-01,1.367107951841938229e-01,-7.605758270624234374e-01
8.220000000000000639e+00,1.368919188788509933e-01,3.521871805300946789e-08,3.556463263107653705e-01,1.368919188788509933e-01,-7.607609270446727967e-01
8.221999999999999531e+00,1.370753659000844005e-01,3.427622663476626030e-08,3.556534935156533961e-01,1.370753659000844005e-01,-7.609460270269220450e-01
8.224000000000000199e+00,1.372611151358635873e-01,4.344882098550328919e-08,3.556023483961983644e-01,1.372611151358635873e-01,-7.611311270091714043e-01
8.226000000000000867e+00,1.374491388147990323e-01,5.311773842997524753e-08,3.554936383816181822e-01,1.374491388147990323e-01,-7.613162269914207636e-01
8.227999999999999758e+00,1.376394139326850841e-01,5.593253271651832392e-08,3.553267153415726187e-01,1.376394139326850841e-01,-7.615013269736700119e-01
8.230000000000000426e+00,1.378319210603399236e-01,5.151306536888000664e-08,3.551012512248813424e-01,1.378319210603399236e-01,-7.616864269559193712e-01
8.232000000000001094e+00,1.380266383067680902e-01,4.362375705113663571e-08,3.548172458570431620e-01,1.380266383067680902e-01,-7.618715269381687305e-01
8.233999999999999986e+00,1.382235434210321579e-01,3.847617213725840202e-08,3.544755353280611421e-01,1.382235434210321579e-01,-7.620566269204179788e-01
8.236000000000000654e+00,1.384226162954014239e-01,4.228110306314647460e-08,3.540756702827829727e-01,1.384226162954014239e-01,-7.622417269026673381e-01
8.238000000000001322e+00,1.386238314825051221e-01,5.383957202287348309e-08,3.536174621821752684e-01,1.386238314825051221e-01,-7.624268268849166974e-01
8.239999999999998437e+00,1.388271531831929417e-01,6.215484937843740454e-08,3.531009325962943812e-01,1.388271531831929417e-01,-7.626119268671658347e-01
8.241999999999999105e+00,1.390325454861399690e-01,5.809113057253512125e-08,3.525269312550284306e-01,1.390325454861399690e-01,-7.627970268494151940e-01
8.243999999999999773e+00,1.392399839834946862e-01,4.665894459687791596e-08,3.518949950971851925e-01,1.392399839834946862e-01,-7.629821268316644423e-01
8.245999999999998664e+00,1.394494487749579070e-01,4.124594532584069384e-08,3.512047849001891375e-01,1.394494487749579070e-01,-7.631672268139138016e-01
8.247999999999999332e+00,1.396609094787578664e-01,4.709681167280876934e-08,3.504563571011696799e-01,1.396609094787578664e-01,-7.633523267961630498e-01
8.250000000000000000e+00,1.398743254478199693e-01,5.710660466728967322e-08,3.496507740500853778e-01,1.398743254478199693e-01,-7.635374267784124092e-01
8.252000000000000668e+00,1.400896583010133867e-01,6.259789964158102293e-08,3.487879025722248616e-01,1.400896583010133867e-01,-7.637225267606617685e-01
8.253999999999999559e+00,1.403068750503710937e-01,6.123288898152168258e-08,3.478672804592216061e-01,1.403068750503710937e-01,-7.639076267429110167e-01
8.256000000000000227e+00,1.405259411255938007e-01,5.500040323180854784e-08,3.468887782960426436e-01,1.405259411255938007e-01,-7.640927267251603761e-01
8.258000000000000895e+00,1.407468193684840996e-01,4.818671739403868060e-08,3.458533047763077684e-01,1.407468193684840996e-01,-7.642778267074097354e-01
8.259999999999999787e+00,1.409694754755915769e-01,4.747911652724923215e-08,3.447610197386085096e-01,1.409694754755915769e-01,-7.644629266896589836e-01
8.262000000000000455e+00,1.411938744101317589e-01,5.626447385775890098e-08,3.436115573595203143e-01,1.411938744101317589e-01,-7.646480266719083430e-01
8.264000000000001123e+00,1.414199715025745707e-01,6.729503909674861006e-08,3.424049467275575021e-01,1.414199715025745707e-01,-7.648331266541577023e-01
8.266000000000000014e+00,1.416477164311709114e-01,6.866457902265921120e-08,3.411420096652716394e-01,1.416477164311709114e-01,-7.650182266364069505e-01
8.268000000000000682e+00,1.418770673078159072e-01,5.909724221098144881e-08,3.398230194343906940e-01,1.418770673078159072e-01,-7.652033266186563099e-01
8.270000000000001350e+00,1.421079914266549782e-01,5.040138306711128280e-08,3.384473774774749422e-01,1.421079914266549782e-01,-7.653884266009056692e-01
8.272000000000000242e+00,1.423404504400125337e-01,5.217610454799626041e-08,3.370151302864244358e-01,1.423404504400125337e-01,-7.655735265831549174e-01
8.273999999999999133e+00,1.425743939166836949e-01,6.116068052008927225e-08,3.355271562669376872e-01,1.425743939166836949e-01,-7.657586265654041657e-01
8.275999999999999801e+00,1.428097699008690213e-01,6.836063304316297717e-08,3.339841929775006490e-01,1.428097699008690213e-01,-7.659437265476534140e-01
8.277999999999998693e+00,1.430465330151864389e-01,6.969153731883892533e-08,3.323856227053088586e-01,1.430465330151864389e-01,-7.661288265299027733e-01
8.279999999999999361e+00,1.432846385099917352e-01,6.588317447153713147e-08,3.307313559150119597e-01,1.432846385099917352e-01,-7.663139265121521326e-01
8.282000000000000028e+00,1.435240374118051943e-01,5.924730372974806869e-08,3.290219573970445954e-01,1.435240374118051943e-01,-7.664990264944013809e-01
8.283999999999998920e+00,1.437646820276106130e-01,5.509383316226745819e-08,3.272583894540547211e-01,1.437646820276106130e-01,-7.666841264766507402e-01
8.285999999999999588e+00,1.440065277979943881e-01,5.967108585025471257e-08,3.254401774429199756e-01,1.440065277979943881e-01,-7.668692264589000995e-01
8.288000000000000256e+00,1.442495240451652228e-01,7.088734343962954654e-08,3.235674329738922328e-01,1.442495240451652228e-01,-7.670543264411493478e-01
8.290000000000000924e+00,1.444936110984735844e-01,7.713640848283631613e-08,3.216406619171833237e-01,1.444936110984735844e-01,-7.672394264233987071e-01
8.291999999999999815e+00,1.447387324763483862e-01,7.136709279098596426e-08,3.196609257247582381e-01,1.447387324763483862e-01,-7.674245264056480664e-01
8.294000000000000483e+00,1.449848429753965995e-01,6.122611462267002480e-08,3.176276023599500231e-01,1.449848429753965995e-01,-7.676096263878973147e-01
8.296000000000001151e+00,1.452318977314265291e-01,5.886537124411006516e-08,3.155406950269311617e-01,1.452318977314265291e-01,-7.677947263701466740e-01
8.298000000000000043e+00,1.454798403386190486e-01,6.565740684472132216e-08,3.134007128268621045e-01,1.454798403386190486e-01,-7.679798263523960333e-01
8.300000000000000711e+00,1.457286088071010344e-01,7.354904196787970250e-08,3.112090966244916990e-01,1.457286088071010344e-01,-7.681649263346452816e-01
8.302000000000001378e+00,1.459781473063685997e-01,7.689803871446798667e-08,3.089654599299511695e-01,1.459781473063685997e-01,-7.683500263168946409e-01
8.303999999999998494e+00,1.462284037509523626e-01,7.555433245709508583e-08,3.066696598654966577e-01,1.462284037509523626e-01,-7.685351262991437782e-01
8.305999999999999162e+00,1.464793217633736377e-01,7.050372585748476695e-08,3.043219074433594074e-01,1.464793217633736377e-01,-7.687202262813931375e-01
8.307999999999999829e+00,1.467308433069084428e-01,6.467176849600519972e-08,3.019236114063353904e-01,1.467308433069084428e-01,-7.689053262636424968e-01
8.309999999999998721e+00,1.469829151319668181e-01,6.481046310735649740e-08,2.994746575552758028e-01,1.469829151319668181e-01,-7.690904262458917451e-01
8.311999999999999389e+00,1.472354829142952237e-01,7.382069511230326953e-08,2.969750379620437197e-01,1.472354829142952237e-01,-7.692755262281411044e-01
8.314000000000000057e+00,1.474884830569161975e-01,8.327895995030587528e-08,2.944250615286868600e-01,1.474884830569161975e-01,-7.694606262103904637e-01
8.315999999999998948e+00,1.477418496085043387e-01,8.235543125234556783e-08,2.918261043215160111e-01,1.477418496085043387e-01,-7.696457261926397120e-01
8.317999999999999616e+00,1.479955267923874773e-01,7.289371883878459357e-08,2.891780975236502016e-01,1.479955267923874773e-01,-7.698308261748890713e-01
8.320000000000000284e+00,1.482494647741682270e-01,6.707966493380013162e-08,2.864807651843923608e-01,1.482494647741682270e-01,-7.700159261571384306e-01
8.322000000000000952e+00,1.485036052649302274e-01,7.086069164774499995e-08,2.837344288781530333e-01,1.485036052649302274e-01,-7.702010261393876789e-01
8.323999999999999844e+00,1.487578810465053358e-01,7.847984995201784386e-08,2.809406235834569499e-01,1.487578810465053358e-01,-7.703861261216370382e-01
8.326000000000000512e+00,1.490122287853818950e-01,8.309437071751801795e-08,2.780997709843466836e-01,1.490122287853818950e-01,-7.705712261038863975e-01
8.328000000000001180e+00,1.492665920666290669e-01,8.370900750342968877e-08,2.752114794836939549e-01,1.492665920666290669e-01,-7.707563260861356458e-01
8.330000000000000071e+00,1.495209118656671832e-01,8.089975855885001010e-08,2.722758725521082779e-01,1.495209118656671832e-01,-7.709414260683850051e-01
8.332000000000000739e+00,1.497751247624947712e-01,7.527506318272259023e-08,2.692941781554700764e-01,1.497751247624947712e-01,-7.711265260506342534e-01
8.334000000000001407e+00,1.500291709938764706e-01,7.191945905482555190e-08,2.662671348369272106e-01,1.500291709938764706e-01,-7.713116260328836127e-01
8.336000000000000298e+00,1.502829945256284327e-01,7.709708793601777188e-08,2.631944461611437358e-01,1.502829945256284327e-01,-7.714967260151329720e-01
8.337999999999999190e+00,1.505365327767826944e-01,8.742023294150413903e-08,2.600764619282922574e-01,1.505365327767826944e-01,-7.716818259973821093e-01
8.339999999999999858e+00,1.507897167216502021e-01,9.123319755222070171e-08,2.569143037259604689e-01,1.507897167216502021e-01,-7.718669259796314686e-01
8.341999999999998749e+00,1.510424837474558801e-01,8.439069620891359591e-08,2.537088634695648937e-01,1.510424837474558801e-01,-7.720520259618807168e-01
8.343999999999999417e+00,1.512947809727152038e-01,7.645194555205847564e-08,2.504595580485267092e-01,1.512947809727152038e-01,-7.722371259441300761e-01
8.346000000000000085e+00,1.515465519256586902e-01,7.688208969458543152e-08,2.471666814339932294e-01,1.515465519256586902e-01,-7.724222259263794355e-01
8.347999999999998977e+00,1.517977297155956862e-01,8.338161960885770441e-08,2.438313519338868307e-01,1.517977297155956862e-01,-7.726073259086286837e-01
8.349999999999999645e+00,1.520482476381228576e-01,8.859979860886824099e-08,2.404549972207226105e-01,1.520482476381228576e-01,-7.727924258908780430e-01
8.352000000000000313e+00,1.522980476942398242e-01,9.042392945524113657e-08,2.370371162006388310e-01,1.522980476942398242e-01,-7.729775258731274024e-01
8.354000000000000981e+00,1.525470729403343162e-01,8.971491194387226642e-08,2.335778483564476815e-01,1.525470729403343162e-01,-7.731626258553766506e-01
8.355999999999999872e+00,1.527952603920827990e-01,8.573768128794512222e-08,2.300779087969083703e-01,1.527952603920827990e-01,-7.733477258376260099e-01
8.358000000000000540e+00,1.530425476872285806e-01,8.063289158588560213e-08,2.265388604700551145e-01,1.530425476872285806e-01,-7.735328258198753693e-01
8.360000000000001208e+00,1.532888788212898312e-01,8.151735919614822024e-08,2.229603881087062200e-01,1.532888788212898312e-01,-7.737179258021246175e-01
8.362000000000000099e+00,1.535341961560492408e-01,9.032065340086603555e-08,2.193428343089057764e-01,1.535341961560492408e-01,-7.739030257843739768e-01
8.364000000000000767e+00,1.537784341573074087e-01,9.763270159002246373e-08,2.156869101634638630e-01,1.537784341573074087e-01,-7.740881257666233362e-01
8.366000000000001435e+00,1.540215286963977359e-01,9.469775341663932977e-08,2.119942520340560854e-01,1.540215286963977359e-01,-7.742732257488725844e-01
8.367999999999998550e+00,1.542634262600173223e-01,8.635905890397310714e-08,2.082644390609169616e-01,1.542634262600173223e-01,-7.744583257311218327e-01
8.369999999999999218e+00,1.545040753319945059e-01,8.365685477684792204e-08,2.044975789075886841e-01,1.545040753319945059e-01,-7.746434257133710810e-01
8.371999999999999886e+00,1.547434148119135600e-01,8.836488407659714994e-08,2.006943529875010457e-01,1.547434148119135600e-01,-7.748285256956204403e-01
8.373999999999998778e+00,1.549813796558177081e-01,9.367259456993792810e-08,1.968567305334305573e-01,1.549813796558177081e-01,-7.750136256778697996e-01
8.375999999999999446e+00,1.552179132099567038e-01,9.602065620395450196e-08,1.929846895164553100e-01,1.552179132099567038e-01,-7.751987256601190479e-01
8.378000000000000114e+00,1.554529642611413021e-01,9.668308964538852024e-08,1.890781767352535114e-01,1.554529642611413021e-01,-7.753838256423684072e-01
8.379999999999999005e+00,1.556864763254977024e-01,9.497526121116095510e-08,1.851375644836930068e-01,1.556864763254977024e-01,-7.755689256246177665e-01
8.381999999999999673e+00,1.559183895063378511e-01,9.007339318856111277e-08,1.811646252379940369e-01,1.559183895063378511e-01,-7.757540256068670148e-01
8.384000000000000341e+00,1.561486501699382856e-01,8.742238477577046751e-08,1.771596510479038766e-01,1.561486501699382856e-01,-7.759391255891163741e-01
8.385999999999999233e+00,1.563772081477082798e-01,9.292749314493420343e-08,1.731226880750789121e-01,1.563772081477082798e-01,-7.761242255713657334e-01
8.387999999999999901e+00,1.566040070558311070e-01,1.017130432101609472e-07,1.690542900795796166e-01,1.566040070558311070e-01,-7.763093255536149817e-01
8.390000000000000568e+00,1.568289874449658727e-01,1.029937561902727339e-07,1.649561541372257523e-01,1.568289874449658727e-01,-7.764944255358643410e-01
8.392000000000001236e+00,1.570520983822183414e-01,9.600248074281836352e-08,1.608286886800451843e-01,1.570520983822183414e-01,-7.766795255181137003e-01
8.394000000000000128e+00,1.572732956759479439e-01,9.093568464901835569e-08,1.566715713174842151e-01,1.572732956759479439e-01,-7.768646255003629486e-01
8.396000000000000796e+00,1.574925286422408366e-01,9.342415996371755682e-08,1.524853176425655654e-01,1.574925286422408366e-01,-7.770497254826123079e-01
8.398000000000001464e+00,1.577097393848236884e-01,9.842844628238367477e-08,1.482716904698138105e-01,1.577097393848236884e-01,-7.772348254648616672e-01
8.400000000000000355e+00,1.579248757509447154e-01,1.008807292146585155e-07,1.440317031755068422e-01,1.579248757509447154e-01,-7.774199254471109155e-01
8.401999999999999247e+00,1.581378948191319855e-01,1.019670398116900856e-07,1.397649701538845601e-01,1.581378948191319855e-01,-7.776050254293601638e-01
8.403999999999999915e+00,1.583487515389598865e-01,1.022515605519913606e-07,1.354718164734670660e-01,1.583487515389598865e-01,-7.777901254116094121e-01
8.405999999999998806e+00,1.585573944374896183e-01,9.909272025154791663e-08,1.311535673498491761e-01,1.585573944374896183e-01,-7.779752253938587714e-01
8.407999999999999474e+00,1.587637751304197264e-01,9.457023941727982219e-08,1.268115071406775707e-01,1.587637751304197264e-01,-7.781603253761080197e-01
8.410000000000000142e+00,1.589678524930591141e-01,9.607271012068707705e-08,1.224453413823071157e-01,1.589678524930591141e-01,-7.783454253583573790e-01
8.411999999999999034e+00,1.591695832282785661e-01,1.040838282229117340e-07,1.180556494962229364e-01,1.591695832282785661e-01,-7.785305253406067383e-01
8.413999999999999702e+00,1.593689184647768542e-01,1.088311699648514264e-07,1.136436681858492559e-01,1.593689184647768542e-01,-7.787156253228559866e-01
8.416000000000000369e+00,1.595658138892054323e-01,1.045414611544615013e-07,1.092108496518630067e-01,1.595658138892054323e-01,-7.789007253051053459e-01
8.417999999999999261e+00,1.597602344205987235e-01,9.829744951339591807e-08,1.047566136438391471e-01,1.597602344205987235e-01,-7.790858252873547052e-01
8.419999999999999929e+00,1.599521430557095947e-01,9.845365700478225790e-08,1.002813730349358945e-01,1.599521430557095947e-01,-7.792709252696039535e-01
8.422000000000000597e+00,1.601414940616383564e-01,1.028280975923223650e-07,9.578629757754497653e-02,1.601414940616383564e-01,-7.794560252518533128e-01
8.424000000000001265e+00,1.603282433541718399e-01,1.052776538168487264e-07,9.127336095078275591e-02,1.603282433541718399e-01,-7.796411252341026721e-01
8.426000000000000156e+00,1.605123578544714880e-01,1.060083792969734873e-07,8.674220407431620927e-02,1.605123578544714880e-01,-7.798262252163519204e-01
8.428000000000000824e+00,1.606938071652729283e-01,1.073249122907071751e-07,8.219307485015214798e-02,1.606938071652729283e-01,-7.800113251986012797e-01
8.430000000000001492e+00,1.608725535878922086e-01,1.065897317076291984e-07,7.762670781604308345e-02,1.608725535878922086e-01,-7.801964251808506390e-01
8.431999999999998607e+00,1.610485579300883208e-01,1.021889446395363166e-07,7.304506211585148900e-02,1.610485579300883208e-01,-7.803815251630997762e-01
8.433999999999999275e+00,1.612217889088618517e-01,1.002015680429124700e-07,6.844799836718518105e-02,1.612217889088618517e-01,-7.805666251453491356e-01
8.435999999999999943e+00,1.613922182441195341e-01,1.056017814304865965e-07,6.383592299571061446e-02,1.613922182441195341e-01,-7.807517251275983838e-01
8.437999999999998835e+00,1.615598123210085779e-01,1.122279251752900109e-07,5.920964637029735300e-02,1.615598123210085779e-01,-7.809368251098477431e-01
8.439999999999999503e+00,1.617245376913030164e-01,1.112561851535076585e-07,5.457115769254983206e-02,1.617245376913030164e-01,-7.811219250920971024e-01
8.442000000000000171e+00,1.618863699031302117e-01,1.051929366946424693e-07,4.992029224564265011e-02,1.618863699031302117e-01,-7.813070250743463507e-01
8.443999999999999062e+00,1.620452873287042683e-01,1.032650747134766789e-07,4.525709364089458564e-02,1.620452873287042683e-01,-7.814921250565957100e-01
8.445999999999999730e+00,1.622012602572052709e-01,1.067180603886441759e-07,4.058230103609228312e-02,1.622012602572052709e-01,-7.816772250388450693e-01
8.448000000000000398e+00,1.623542562369865161e-01,1.092762563770222073e-07,3.589812712557605145e-02,1.623542562369865161e-01,-7.818623250210943176e-01
8.449999999999999289e+00,1.625042529615355891e-01,1.093122966588921940e-07,3.120494976573284784e-02,1.625042529615355891e-01,-7.820474250033436769e-01
8.451999999999999957e+00,1.626512358930028990e-01,1.104391075257282750e-07,2.650266584789318092e-02,1.626512358930028990e-01,-7.822325249855930362e-01
8.454000000000000625e+00,1.627951850115995081e-01,1.118044747894231250e-07,2.179173354955976638e-02,1.627951850115995081e-01,-7.824176249678422845e-01
8.456000000000001293e+00,1.629360743947690926e-01,1.091911082662377908e-07,1.707400526326363632e-02,1.629360743947690926e-01,-7.826027249500916438e-01
8.458000000000000185e+00,1.630738835854126378e-01,1.052169601445385183e-07,1.235016735602323390e-02,1.630738835854126378e-01,-7.827878249323410031e-01
8.460000000000000853e+00,1.632085992245997375e-01,1.070943689285286382e-07,7.620165761591413123e-03,1.632085992245997375e-01,-7.829729249145902514e-01
8.462000000000001521e+00,1.633402055674262332e-01,1.136369939258585759e-07,2.884699838827553542e-03,1.633402055674262332e-01,-7.831580248968396107e-01
8.464000000000000412e+00,1.634686837973773343e-01,1.157026534581717669e-07,1.854475297246693799e-03,1.634686837973773343e-01,-7.833431248790889700e-01
8.465999999999999304e+00,1.635940215536151321e-01,1.110265979153979288e-07,6.596495278835989851e-03,1.635940215536151321e-01,-7.835282248613381073e-01
8.467999999999999972e+00,1.637162127050423299e-01,1.076035456293311654e-07,1.134183324796134151e-02,1.637162127050423299e-01,-7.837133248435874666e-01
8.469999999999998863e+00,1.638352457649483451e-01,1.098936622812018982e-07,1.608990745962590729e-02,1.638352457649483451e-01,-7.838984248258367149e-01
8.471999999999999531e+00,1.639511029644271645e-01,1.127223688834888549e-07,2.083900293047169505e-02,1.639511029644271645e-01,-7.840835248080860742e-01
8.474000000000000199e+00,1.640637734455440144e-01,1.122421116050986711e-07,2.558761482222249306e-02,1.640637734455440144e-01,-7.842686247903354335e-01
8.475999999999999091e+00,1.641732577684896777e-01,1.121703077089364342e-07,3.033618439221974494e-02,1.641732577684896777e-01,-7.844537247725846818e-01
8.477999999999999758e+00,1.642795553593702218e-01,1.144988004408986626e-07,3.508430360317615904e-02,1.642795553593702218e-01,-7.846388247548340411e-01
8.480000000000000426e+00,1.643826570716282465e-01,1.144867620705980471e-07,3.983076794671958076e-02,1.643826570716282465e-01,-7.848239247370834004e-01
8.481999999999999318e+00,1.644825544720949217e-01,1.104910417604187955e-07,4.457391122161247221e-02,1.644825544720949217e-01,-7.850090247193326487e-01
8.483999999999999986e+00,1.645792478214216370e-01,1.090891715849195975e-07,4.931408327784547740e-02,1.645792478214216370e-01,-7.851941247015820080e-01
8.486000000000000654e+00,1.646727393087099589e-01,1.137924486860342199e-07,5.405064665674053082e-02,1.646727393087099589e-01,-7.853792246838312563e-01
8.487999999999999545e+00,1.647630272445945732e-01,1.178133915979984181e-07,5.878243326230359056e-02,1.647630272445945732e-01,-7.855643246660806156e-01
8.490000000000000213e+00,1.648501126070434086e-01,1.152684026006767226e-07,6.350762451084535076e-02,1.648501126070434086e-01,-7.857494246483299749e-01
8.492000000000000881e+00,1.649340038815274578e-01,1.111667848885389276e-07,6.822679542543319542e-02,1.649340038815274578e-01,-7.859345246305792232e-01
8.494000000000001549e+00,1.650147079200428024e-01,1.121573383056073681e-07,7.293960049835523929e-02,1.650147079200428024e-01,-7.861196246128285825e-01
8.495999999999998664e+00,1.650922236103821161e-01,1.153116793162212161e-07,7.764499477063424582e-02,1.650922236103821161e-01,-7.863047245950777198e-01
8.497999999999999332e+00,1.651665520384570929e-01,1.148869461786716784e-07,8.234073464809898990e-02,1.651665520384570929e-01,-7.864898245773270791e-01
8.500000000000000000e+00,1.652377068617395528e-01,1.131863421877099540e-07,8.702702772591242031e-02,1.652377068617395528e-01,-7.866749245595764384e-01
8.501999999999998892e+00,1.653057061145646323e-01,1.149744530692942135e-07,9.170369160690139410e-02,1.653057061145646323e-01,-7.868600245418256867e-01
8.503999999999999559e+00,1.653705594569000459e-01,1.172970652829619098e-07,9.637008875832475674e-02,1.653705594569000459e-01,-7.870451245240750460e-01
8.506000000000000227e+00,1.654322718991853014e-01,1.150436157448808672e-07,1.010241622290026786e-01,1.654322718991853014e-01,-7.872302245063244053e-01
8.507999999999999119e+00,1.654908553944077765e-01,1.116332446482459773e-07,1.056658853667770126e-01,1.654908553944077765e-01,-7.874153244885736536e-01
8.509999999999999787e+00,1.655463280327111875e-01,1.134717527717654662e-07,1.102949940816136953e-01,1.655463280327111875e-01,-7.876004244708230129e-01
8.512000000000000455e+00,1.655987055161827204e-01,1.179035197251820932e-07,1.149106969902663478e-01,1.655987055161827204e-01,-7.877855244530723722e-01
8.513999999999999346e+00,1.656480030470716125e-01,1.175712734946543492e-07,1.195109524164784665e-01,1.656480030470716125e-01,-7.879706244353216205e-01
8.516000000000000014e+00,1.656942421460368964e-01,1.136392812073339087e-07,1.240956622577217283e-01,1.656942421460368964e-01,-7.881557244175709798e-01
8.518000000000000682e+00,1.657374462758720579e-01,1.133559034416364852e-07,1.286650176331419759e-01,1.657374462758720579e-01,-7.883408243998203391e-01
8.519999999999999574e+00,1.657776313152021785e-01,1.166999176183125542e-07,1.332183493009903019e-01,1.657776313152021785e-01,-7.885259243820695874e-01
8.522000000000000242e+00,1.658148105663199701e-01,1.170369615666189134e-07,1.377535338221530514e-01,1.658148105663199701e-01,-7.887110243643189467e-01
8.524000000000000909e+00,1.658490080888513907e-01,1.140010107425482033e-07,1.422698451448493051e-01,1.658490080888513907e-01,-7.888961243465683060e-01
8.526000000000001577e+00,1.658802574316659006e-01,1.139298323460380402e-07,1.467675722808665650e-01,1.658802574316659006e-01,-7.890812243288175543e-01
8.528000000000000469e+00,1.659085869338298158e-01,1.173699814005502162e-07,1.512462754787157193e-01,1.659085869338298158e-01,-7.892663243110669136e-01
8.529999999999999361e+00,1.659340160290355692e-01,1.178357565967402820e-07,1.557043104838091718e-01,1.659340160290355692e-01,-7.894514242933160508e-01
8.532000000000000028e+00,1.659565666788557214e-01,1.142640494444790988e-07,1.601407003422283815e-01,1.659565666788557214e-01,-7.896365242755654101e-01
8.533999999999998920e+00,1.659762691431845294e-01,1.132418193661166583e-07,1.645557308776425254e-01,1.659762691431845294e-01,-7.898216242578147694e-01
8.535999999999999588e+00,1.659931547002185814e-01,1.165672466330036627e-07,1.689487081217695419e-01,1.659931547002185814e-01,-7.900067242400640177e-01
8.538000000000000256e+00,1.660072523068226724e-01,1.178602354601210322e-07,1.733180763385652190e-01,1.660072523068226724e-01,-7.901918242223133770e-01
8.539999999999999147e+00,1.660185948362692399e-01,1.147476444973705156e-07,1.776626467916899710e-01,1.660185948362692399e-01,-7.903769242045627363e-01
8.541999999999999815e+00,1.660272192058497298e-01,1.133931736285731517e-07,1.819831058598165852e-01,1.660272192058497298e-01,-7.905620241868119846e-01
8.544000000000000483e+00,1.660331568158942561e-01,1.166112905126581722e-07,1.862789734596966840e-01,1.660331568158942561e-01,-7.907471241690613439e-01
8.545999999999999375e+00,1.660364327422128028e-01,1.182639807195684511e-07,1.905488272567944508e-01,1.660364327422128028e-01,-7.909322241513107032e-01
8.548000000000000043e+00,1.660370787900496969e-01,1.148005832618537170e-07,1.947908926161818766e-01,1.660370787900496969e-01,-7.911173241335599515e-01
8.550000000000000711e+00,1.660351393256872532e-01,1.122049566593119607e-07,1.990057034068514197e-01,1.660370787900496969e-01,-7.913024241158093108e-01
8.551999999999999602e+00,1.660306587543872725e-01,1.150336941257990020e-07,2.031929333395993131e-01,1.660370787900496969e-01,-7.914875240980586701e-01
8.554000000000000270e+00,1.660236709780574804e-01,1.180896603836245617e-07,2.073516699771651428e-01,1.660370787900496969e-01,-7.916726240803079184e-01
8.556000000000000938e+00,1.660142066112965109e-01,1.161457068299398543e-07,2.114801259592067328e-01,1.660370787900496969e-01,-7.918577240625572777e-01
8.557999999999999829e+00,1.660023037638231891e-01,1.132670283121584021e-07,2.155787380842622003e-01,1.660370787900496969e-01,-7.920428240448066370e-01
8.559999999999998721e+00,1.659880053473581363e-01,1.144880230619094164e-07,2.196470227432087974e-01,1.660370787900496969e-01,-7.922279240270557743e-01
8.561999999999999389e+00,1.659713523147323677e-01,1.163581115903866703e-07,2.236840337580968674e-01,1.660370787900496969e-01,-7.924130240093050226e-01
8.564000000000000057e+00,1.659523866968235506e-01,1.143280495830012455e-07,2.276878704623057637e-01,1.660370787900496969e-01,-7.925981239915543819e-01
8.565999999999998948e+00,1.659311550810093072e-01,1.122283987964323160e-07,2.316590893034042864e-01,1.660370787900496969e-01,-7.927832239738037412e-01
8.567999999999999616e+00,1.659077012695321374e-01,1.149134696287745783e-07,2.355976061224481777e-01,1.660370787900496969e-01,-7.929683239560529895e-01
8.570000000000000284e+00,1.658820607357257559e-01,1.180698324665385712e-07,2.395026410549551121e-01,1.660370787900496969e-01,-7.931534239383023488e-01
8.571999999999999176e+00,1.658542705485748225e-01,1.153900606176705423e-07,2.433720213005650113e-01,1.660370787900496969e-01,-7.933385239205517081e-01
8.573999999999999844e+00,1.658243805588165420e-01,1.104993864187164831e-07,2.472058196480053649e-01,1.660370787900496969e-01,-7.935236239028009564e-01
8.576000000000000512e+00,1.657924465134770209e-01,1.110759852984699592e-07,2.510040944652809358e-01,1.660370787900496969e-01,-7.937087238850503157e-01
8.577999999999999403e+00,1.657585151654286104e-01,1.155333073654674081e-07,2.547664000584782817e-01,1.660370787900496969e-01,-7.938938238672996750e-01
8.580000000000000071e+00,1.657226247201604163e-01,1.163318055219519920e-07,2.584909000694572967e-01,1.660370787900496969e-01,-7.940789238495489233e-01
8.582000000000000739e+00,1.656848171516196455e-01,1.132458059549534823e-07,2.621774467053467061e-01,1.660370787900496969e-01,-7.942640238317982826e-01
8.583999999999999631e+00,1.656451416424354894e-01,1.122163855171720570e-07,2.658261007294826506e-01,1.660370787900496969e-01,-7.944491238140476419e-01
8.586000000000000298e+00,1.656036477345755875e-01,1.135253878681297124e-07,2.694362132193833803e-01,1.660370787900496969e-01,-7.946342237962968902e-01
8.588000000000000966e+00,1.655603841665298503e-01,1.123849961981449042e-07,2.730059943960394531e-01,1.660370787900496969e-01,-7.948193237785462495e-01
8.589999999999999858e+00,1.655154030868541959e-01,1.098770375795865561e-07,2.765351389646993896e-01,1.660370787900496969e-01,-7.950044237607956088e-01
8.592000000000000526e+00,1.654687564041879000e-01,1.116438059778346314e-07,2.800241906618545773e-01,1.660370787900496969e-01,-7.951895237430448571e-01
8.593999999999999417e+00,1.654204876105723754e-01,1.160470601835328353e-07,2.834726797188050762e-01,1.660370787900496969e-01,-7.953746237252941054e-01
8.596000000000000085e+00,1.653706367612656214e-01,1.152676238902472505e-07,2.868788725404044504e-01,1.660370787900496969e-01,-7.955597237075433537e-01
8.597999999999998977e+00,1.653192541457050302e-01,1.091529681085390280e-07,2.902418333280148977e-01,1.660370787900496969e-01,-7.957448236897927130e-01
8.599999999999999645e+00,1.652664006029466170e-01,1.064894596947141281e-07,2.935621243438558681e-01,1.660370787900496969e-01,-7.959299236720420723e-01
8.602000000000000313e+00,1.652121323742951065e-01,1.104921557582017044e-07,2.968394476229393453e-01,1.660370787900496969e-01,-7.961150236542913206e-01
8.603999999999999204e+00,1.651564940071362786e-01,1.140763438156611187e-07,3.000725936275132621e-01,1.660370787900496969e-01,-7.963001236365406799e-01
8.605999999999999872e+00,1.650995282229059669e-01,1.125035052895739796e-07,3.032604755843222311e-01,1.660370787900496969e-01,-7.964852236187900392e-01
8.608000000000000540e+00,1.650412848925043585e-01,1.099837817486459812e-07,3.064036793577753492e-01,1.660370787900496969e-01,-7.966703236010392875e-01
8.609999999999999432e+00,1.649818172929894411e-01,1.099212566524343515e-07,3.095016922533028181e-01,1.660370787900496969e-01,-7.968554235832886468e-01
8.612000000000000099e+00,1.649211777027919101e-01,1.091160094501830713e-07,3.125533564523490515e-01,1.660370787900496969e-01,-7.970405235655380061e-01
8.614000000000000767e+00,1.648594201065592957e-01,1.064213701607030771e-07,3.155573755613150233e-01,1.660370787900496969e-01,-7.972256235477872544e-01
8.615999999999999659e+00,1.647965996165194902e-01,1.069903921013803938e-07,3.185146506913599795e-01,1.660370787900496969e-01,-7.974107235300366137e-01
8.618000000000000327e+00,1.647327644220822895e-01,1.120031554169287347e-07,3.214249739418871821e-01,1.660370787900496969e-01,-7.975958235122859730e-01
8.620000000000000995e+00,1.646679553711039024e-01,1.137955355501318877e-07,3.242873841077305030e-01,1.660370787900496969e-01,-7.977809234945352213e-01
8.621999999999999886e+00,1.646022190685079156e-01,1.080522191720945102e-07,3.271001298233696675e-01,1.660370787900496969e-01,-7.979660234767845806e-01
8.623999999999998778e+00,1.645356148327807855e-01,1.021637381359852270e-07,3.298638418978959708e-01,1.660370787900496969e-01,-7.981511234590337178e-01
8.625999999999999446e+00,1.644682033405636679e-01,1.038009449505494786e-07,3.325784437349325051e-01,1.660370787900496969e-01,-7.983362234412830771e-01
8.628000000000000114e+00,1.644000335804909341e-01,1.090952995719263185e-07,3.352434159353302467e-01,1.660370787900496969e-01,-7.985213234235324364e-01
8.629999999999999005e+00,1.643311470197249546e-01,1.102170993361184514e-07,3.378571447856156817e-01,1.660370787900496969e-01,-7.987064234057816847e-01
8.631999999999999673e+00,1.642615893162616691e-01,1.076173694602999831e-07,3.404201581534704868e-01,1.660370787900496969e-01,-7.988915233880310440e-01
8.634000000000000341e+00,1.641914119486794776e-01,1.060243236539193390e-07,3.429323188869298766e-01,1.660370787900496969e-01,-7.990766233702804033e-01
8.635999999999999233e+00,1.641206668428849547e-01,1.048801091529938390e-07,3.453930090517166596e-01,1.660370787900496969e-01,-7.992617233525296516e-01
8.637999999999999901e+00,1.640494063642319311e-01,1.020247885064051729e-07,3.478005504116924440e-01,1.660370787900496969e-01,-7.994468233347790109e-01
8.640000000000000568e+00,1.639776842778621901e-01,1.012483438200817432e-07,3.501554690143637849e-01,1.660370787900496969e-01,-7.996319233170283702e-01
8.641999999999999460e+00,1.639055493888311732e-01,1.060185846890604466e-07,3.524580846804766798e-01,1.660370787900496969e-01,-7.998170232992776185e-01
8.644000000000000128e+00,1.638330412435476946e-01,1.104066723600638511e-07,3.547079746076713391e-01,1.660370787900496969e-01,-8.000021232815269778e-01
8.646000000000000796e+00,1.637601996744725286e-01,1.066827972628914267e-07,3.569033580250052795e-01,1.660370787900496969e-01,-8.001872232637762261e-01
8.647999999999999687e+00,1.636870766713796055e-01,9.862240002433964037e-08,3.590442231864782174e-01,1.660370787900496969e-01,-8.003723232460255854e-01
8.650000000000000355e+00,1.636137312843750635e-01,9.656368693544692405e-08,3.611309896399054198e-01,1.660370787900496969e-01,-8.005574232282749447e-01
8.652000000000001023e+00,1.635402140985805497e-01,1.016929985775405498e-07,3.631634738683137131e-01,1.660370787900496969e-01,-8.007425232105241930e-01
8.653999999999999915e+00,1.634665640124568498e-01,1.057044308749865991e-07,3.651403209368796476e-01,1.660370787900496969e-01,-8.009276231927735523e-01
8.656000000000000583e+00,1.633928191791704787e-01,1.045939838073550732e-07,3.670613427517830929e-01,1.660370787900496969e-01,-8.011127231750229116e-01
8.657999999999999474e+00,1.633190239793080867e-01,1.020690122421896717e-07,3.689270267832102657e-01,1.660370787900496969e-01,-8.012978231572720489e-01
8.660000000000000142e+00,1.632452256159026005e-01,1.001051180837819743e-07,3.707369820003629246e-01,1.660370787900496969e-01,-8.014829231395214082e-01
8.661999999999999034e+00,1.631714715341964217e-01,9.693585212300348530e-08,3.724899077152580285e-01,1.660370787900496969e-01,-8.016680231217706565e-01
8.663999999999999702e+00,1.630978103058636774e-01,9.477361206933210269e-08,3.741854060989979192e-01,1.660370787900496969e-01,-8.018531231040200158e-01
8.666000000000000369e+00,1.630242874453033952e-01,9.843173787160708343e-08,3.758243997237277756e-01,1.660370787900496969e-01,-8.020382230862693751e-01
8.667999999999999261e+00,1.629509388107763801e-01,1.047823529054525693e-07,3.774067295913503539e-01,1.660370787900496969e-01,-8.022233230685186234e-01
8.669999999999999929e+00,1.628777957233629170e-01,1.043049304705334634e-07,3.789312545933012366e-01,1.660370787900496969e-01,-8.024084230507679827e-01
8.672000000000000597e+00,1.628048984386698539e-01,9.588340887933810563e-08,3.803970284339212582e-01,1.660370787900496969e-01,-8.025935230330173420e-01
8.673999999999999488e+00,1.627322983205820028e-01,8.983512955751393747e-08,3.818048980884609089e-01,1.660370787900496969e-01,-8.027786230152665903e-01
8.676000000000000156e+00,1.626600437953066303e-01,9.271108247776993494e-08,3.831548247547206798e-01,1.660370787900496969e-01,-8.029637229975159496e-01
8.678000000000000824e+00,1.625881702146454444e-01,9.868817274494290359e-08,3.844461551887289330e-01,1.660370787900496969e-01,-8.031488229797653089e-01
8.679999999999999716e+00,1.625167066603169230e-01,1.002242228098637611e-07,3.856779109507351699e-01,1.660370787900496969e-01,-8.033339229620145572e-01
8.682000000000000384e+00,1.624456863638874538e-01,9.795551014768477671e-08,3.868509653568545925e-01,1.660370787900496969e-01,-8.035190229442639165e-01
8.684000000000001052e+00,1.623751475054568960e-01,9.515600374321309118e-08,3.879651438047074241e-01,1.660370787900496969e-01,-8.037041229265132758e-01
8.685999999999999943e+00,1.623051295032990060e-01,9.146605595145018697e-08,3.890197935552818231e-01,1.660370787900496969e-01,-8.038892229087625241e-01
8.687999999999998835e+00,1.622356727666365295e-01,8.794476225038039274e-08,3.900137608472826756e-01,1.660370787900496969e-01,-8.040743228910117724e-01
8.689999999999999503e+00,1.621668160826270633e-01,8.976792931214561122e-08,3.909481052970641968e-01,1.660370787900496969e-01,-8.042594228732610206e-01
8.692000000000000171e+00,1.620985896278639427e-01,9.695532610098922532e-08,3.918230155742881693e-01,1.660370787900496969e-01,-8.044445228555103800e-01
8.693999999999999062e+00,1.620310151941354304e-01,1.001923169985374784e-07,3.926380619311584108e-01,1.660370787900496969e-01,-8.046296228377597393e-01
8.695999999999999730e+00,1.619641189481558774e-01,9.347778018309327308e-08,3.933918083432760282e-01,1.660370787900496969e-01,-8.048147228200089875e-01
8.698000000000000398e+00,1.618979395360062856e-01,8.432279474668291641e-08,3.940849610393853397e-01,1.660370787900496969e-01,-8.049998228022583469e-01
8.699999999999999289e+00,1.618325188347395915e-01,8.331452328036448307e-08,3.947178116591586461e-01,1.660370787900496969e-01,-8.051849227845077062e-01
8.701999999999999957e+00,1.617678876632137053e-01,8.944725427006972041e-08,3.952902602123725684e-01,1.660370787900496969e-01,-8.053700227667569544e-01
8.704000000000000625e+00,1.617040660018311815e-01,9.391180277873445448e-08,3.958011215328487431e-01,1.660370787900496969e-01,-8.055551227490063138e-01
8.705999999999999517e+00,1.616410738688081050e-01,9.327531924618881476e-08,3.962510006038829635e-01,1.660370787900496969e-01,-8.057402227312556731e-01
8.708000000000000185e+00,1.615789367983276881e-01,9.020652069757773006e-08,3.966402192928062953e-01,1.660370787900496969e-01,-8.059253227135049213e-01
8.710000000000000853e+00,1.615176834740089662e-01,8.593136768819675808e-08,3.969685412278002867e-01,1.660370787900496969e-01,-8.061104226957542807e-01
8.711999999999999744e+00,1.614573440231832357e-01,8.113143257215682524e-08,3.972347595302268553e-01,1.660370787900496969e-01,-8.062955226780036400e-01
8.714000000000000412e+00,1.613979481052195686e-01,8.064412460040415453e-08,3.974393735075947842e-01,1.660370787900496969e-01,-8.064806226602528882e-01
8.716000000000001080e+00,1.613395184201636967e-01,8.731816392160141049e-08,3.975831493320506338e-01,1.660370787900496969e-01,-8.066657226425022476e-01
8.717999999999999972e+00,1.612820673299514285e-01,9.385981036835744362e-08,3.976660592280054640e-01,1.660370787900496969e-01,-8.068508226247516069e-01
8.720000000000000639e+00,1.612256062735529794e-01,9.061328820614278357e-08,3.976869389654927311e-01,1.660370787900496969e-01,-8.070359226070008551e-01
8.721999999999999531e+00,1.611701580389431898e-01,8.020126607277688890e-08,3.976457742380103966e-01,1.660370787900496969e-01,-8.072210225892499924e-01
8.724000000000000199e+00,1.611157538361712716e-01,7.467779494785276029e-08,3.975433697927329146e-01,1.660370787900496969e-01,-8.074061225714993517e-01
8.725999999999999091e+00,1.610624185261427810e-01,7.880167873786092514e-08,3.973798448880100920e-01,1.660370787900496969e-01,-8.075912225537487110e-01
8.727999999999999758e+00,1.610101640260928058e-01,8.540706142312615157e-08,3.971544701829218260e-01,1.660370787900496969e-01,-8.077763225359979593e-01
8.730000000000000426e+00,1.609589972362908128e-01,8.745741186810818135e-08,3.968671221546117844e-01,1.660370787900496969e-01,-8.079614225182473186e-01
8.731999999999999318e+00,1.609089290602797595e-01,8.516159022420310976e-08,3.965187029865591684e-01,1.660370787900496969e-01,-8.081465225004966779e-01
8.733999999999999986e+00,1.608599752550877726e-01,8.056563627345525447e-08,3.961091648403326504e-01,1.660370787900496969e-01,-8.083316224827459262e-01
8.736000000000000654e+00,1.608121543239919848e-01,7.466223961305473722e-08,3.956378172579689823e-01,1.660370787900496969e-01,-8.085167224649952855e-01
8.737999999999999545e+00,1.607654855645574976e-01,7.167670279528692845e-08,3.951043200560763191e-01,1.660370787900496969e-01,-8.087018224472446448e-01
8.740000000000000213e+00,1.607199831663380651e-01,7.654590550298934204e-08,3.945098989414008162e-01,1.660370787900496969e-01,-8.088869224294938931e-01
8.742000000000000881e+00,1.606756506550242047e-01,8.521747041356775298e-08,3.938547709889863024e-01,1.660370787900496969e-01,-8.090720224117432524e-01
8.743999999999999773e+00,1.606324860183931946e-01,8.642905136024836565e-08,3.931384560269365336e-01,1.660370787900496969e-01,-8.092571223939926117e-01
8.746000000000000441e+00,1.605904951356185162e-01,7.708991589527869337e-08,3.923602101527660646e-01,1.660370787900496969e-01,-8.094422223762418600e-01
8.748000000000001108e+00,1.605496955181484608e-01,6.766584781381368430e-08,3.915210991039453914e-01,1.660370787900496969e-01,-8.096273223584912193e-01
8.750000000000000000e+00,1.605101043782247716e-01,6.793062490295653788e-08,3.906214187821700490e-01,1.660370787900496969e-01,-8.098124223407405786e-01
8.751999999999998892e+00,1.604717269778709321e-01,7.497079501650460998e-08,3.896610760138401464e-01,1.660370787900496969e-01,-8.099975223229897159e-01
8.753999999999999559e+00,1.604345591794011927e-01,7.999444706641156699e-08,3.886394013110187062e-01,1.660370787900496969e-01,-8.101826223052390752e-01
8.756000000000000227e+00,1.603985972942131299e-01,7.966958848193428366e-08,3.875574706816115045e-01,1.660370787900496969e-01,-8.103677222874883235e-01
8.757999999999999119e+00,1.603638430495285538e-01,7.543355506900439877e-08,3.864155350776813380e-01,1.660370787900496969e-01,-8.105528222697376828e-01
8.759999999999999787e+00,1.603303027183919927e-01,6.878367420082298622e-08,3.852134555180489750e-01,1.660370787900496969e-01,-8.107379222519870421e-01
8.762000000000000455e+00,1.602979849235066645e-01,6.340554470352088856e-08,3.839504403199860416e-01,1.660370787900496969e-01,-8.109230222342362904e-01
8.763999999999999346e+00,1.602668953539041485e-01,6.546646114102827596e-08,3.826276158306823882e-01,1.660370787900496969e-01,-8.111081222164856497e-01
8.766000000000000014e+00,1.602370298712558760e-01,7.461672046904510580e-08,3.812455999164042209e-01,1.660370787900496969e-01,-8.112932221987350090e-01
8.768000000000000682e+00,1.602083754919313430e-01,8.026246500758560387e-08,3.798044681790240240e-01,1.660370787900496969e-01,-8.114783221809842573e-01
8.769999999999999574e+00,1.601809224696808531e-01,7.419267755714997747e-08,3.783033166393212632e-01,1.660370787900496969e-01,-8.116634221632336166e-01
8.772000000000000242e+00,1.601546732033717335e-01,6.260845430983152937e-08,3.767428948435558311e-01,1.660370787900496969e-01,-8.118485221454829759e-01
8.774000000000000909e+00,1.601296357806333281e-01,5.807549796621458427e-08,3.751238866213165712e-01,1.660370787900496969e-01,-8.120336221277322242e-01
8.775999999999999801e+00,1.601058100940127016e-01,6.338803626437794492e-08,3.734465731346118811e-01,1.660370787900496969e-01,-8.122187221099815835e-01
8.778000000000000469e+00,1.600831841900840491e-01,7.067738072574769603e-08,3.717103491015735783e-01,1.660370787900496969e-01,-8.124038220922309428e-01
8.780000000000001137e+00,1.600617421181077527e-01,7.323853323804030424e-08,3.699158774848672615e-01,1.660370787900496969e-01,-8.125889220744801911e-01
8.782000000000000028e+00,1.600414719916025685e-01,7.037893612338308458e-08,3.680639292711938015e-01,1.660370787900496969e-01,-8.127740220567295504e-01
8.784000000000000696e+00,1.600223679720441661e-01,6.360910786984419474e-08,3.661546493683612846e-01,1.660370787900496969e-01,-8.129591220389789097e-01
8.785999999999999588e+00,1.600044285956189194e-01,5.623713483782211142e-08,3.641874366840240906e-01,1.660370787900496969e-01,-8.131442220212280469e-01
8.788000000000000256e+00,1.599876518906528933e-01,5.491962962178575935e-08,3.621627893486289440e-01,1.660370787900496969e-01,-8.133293220034774063e-01
8.789999999999999147e+00,1.599720278072090940e-01,6.278647612933951905e-08,3.600818395107826531e-01,1.660370787900496969e-01,-8.135144219857266545e-01
8.791999999999999815e+00,1.599575357447077240e-01,7.185285499922144936e-08,3.579449358610071741e-01,1.660370787900496969e-01,-8.136995219679760138e-01
8.794000000000000483e+00,1.599441533956249550e-01,7.055271245004490765e-08,3.557516097124152621e-01,1.660370787900496969e-01,-8.138846219502253732e-01
8.795999999999999375e+00,1.599318688408178923e-01,5.923494827975162025e-08,3.535019421673846196e-01,1.660370787900496969e-01,-8.140697219324746214e-01
8.798000000000000043e+00,1.599206800588005573e-01,5.021480609102013659e-08,3.511970375615250939e-01,1.660370787900496969e-01,-8.142548219147239807e-01
8.800000000000000711e+00,1.599105826291062904e-01,5.181859341618633152e-08,3.488373187452682433e-01,1.660370787900496969e-01,-8.144399218969733401e-01
8.801999999999999602e+00,1.599015604180222816e-01,5.976000005958326255e-08,3.464226844807411498e-01,1.660370787900496969e-01,-8.146250218792225883e-01
8.804000000000000270e+00,1.598935892642524559e-01,6.543049591023475386e-08,3.439531798661756845e-01,1.660370787900496969e-01,-8.148101218614719476e-01
8.806000000000000938e+00,1.598866459251043759e-01,6.503996408113721373e-08,3.414299965115600299e-01,1.660370787900496969e-01,-8.149952218437211959e-01
8.807999999999999829e+00,1.598807135791143752e-01,5.907191646947751451e-08,3.388534575732554122e-01,1.660370787900496969e-01,-8.151803218259705552e-01
8.810000000000000497e+00,1.598757818111621321e-01,5.040337458517285540e-08,3.362234727586332350e-01,1.660370787900496969e-01,-8.153654218082199145e-01
8.812000000000001165e+00,1.598718425395873055e-01,4.563426669879078190e-08,3.335399057211506646e-01,1.660370787900496969e-01,-8.155505217904691628e-01
8.814000000000000057e+00,1.598688820882475659e-01,5.068817388043100891e-08,3.308041285563154688e-01,1.660370787900496969e-01,-8.157356217727185221e-01
8.815999999999998948e+00,1.598668758905439358e-01,6.143262409885608122e-08,3.280167251555731189e-01,1.660370787900496969e-01,-8.159207217549676594e-01
8.817999999999999616e+00,1.598657935698176713e-01,6.534434016103318754e-08,3.251778111102794355e-01,1.660370787900496969e-01,-8.161058217372170187e-01
8.819999999999998508e+00,1.598656115144261314e-01,5.678238401696233950e-08,3.222870144833907546e-01,1.660370787900496969e-01,-8.162909217194663780e-01
8.821999999999999176e+00,1.598663180485175861e-01,4.480979776122495650e-08,3.193454985592354967e-01,1.660370787900496969e-01,-8.164760217017156263e-01
8.823999999999999844e+00,1.598679048760319743e-01,4.152379329269706432e-08,3.163538931347624761e-01,1.660370787900496969e-01,-8.166611216839649856e-01
8.826000000000000512e+00,1.598703552156319763e-01,4.799169872615749455e-08,3.133125674636476066e-01,1.660370787900496969e-01,-8.168462216662143449e-01
8.827999999999999403e+00,1.598736416698870455e-01,5.607381481365081299e-08,3.102212892139425415e-01,1.660370787900496969e-01,-8.170313216484635932e-01
8.830000000000000071e+00,1.598777336810428551e-01,5.894763788205636956e-08,3.070812091171536973e-01,1.660370787900496969e-01,-8.172164216307129525e-01
8.832000000000000739e+00,1.598826056296532849e-01,5.490644772176977995e-08,3.038929826360325381e-01,1.660370787900496969e-01,-8.174015216129623118e-01
8.833999999999999631e+00,1.598882398870287158e-01,4.593214530945743945e-08,3.006569086467011376e-01,1.660370787900496969e-01,-8.175866215952115601e-01
8.836000000000000298e+00,1.598946241548614422e-01,3.813768578719844982e-08,2.973726877393402246e-01,1.660370787900496969e-01,-8.177717215774609194e-01
8.838000000000000966e+00,1.599017436742086185e-01,3.933761438812410915e-08,2.940414164965280963e-01,1.660370787900496969e-01,-8.179568215597102787e-01
8.839999999999999858e+00,1.599095737360743952e-01,4.969163502899220930e-08,2.906640572497539154e-01,1.660370787900496969e-01,-8.181419215419595270e-01
8.842000000000000526e+00,1.599180809130374969e-01,5.811848757808490973e-08,2.872410870105392977e-01,1.660370787900496969e-01,-8.183270215242088863e-01
8.844000000000001194e+00,1.599272341259379004e-01,5.423839744000957808e-08,2.837722202848375619e-01,1.660370787900496969e-01,-8.185121215064582456e-01
8.846000000000000085e+00,1.599370137883078247e-01,4.169943568221867736e-08,2.802582222982006876e-01,1.660370787900496969e-01,-8.186972214887074939e-01
8.848000000000000753e+00,1.599474084892426040e-01,3.354739408489848529e-08,2.767000775586689887e-01,1.660370787900496969e-01,-8.188823214709568532e-01
8.849999999999999645e+00,1.599584032233826170e-01,3.649586488574385612e-08,2.730983617098874383e-01,1.660370787900496969e-01,-8.190674214532059905e-01
8.851999999999998536e+00,1.599699724690515357e-01,4.542058784640090607e-08,2.694530615979609522e-01,1.660370787900496969e-01,-8.192525214354553498e-01
8.853999999999999204e+00,1.599820836353751385e-01,5.169391381620869197e-08,2.657648826855852908e-01,1.660370787900496969e-01,-8.194376214177047091e-01
8.855999999999999872e+00,1.599947057713277943e-01,5.067926500679220680e-08,2.620349045780949737e-01,1.660370787900496969e-01,-8.196227213999539574e-01
8.858000000000000540e+00,1.600078162053777397e-01,4.263304087537278519e-08,2.582636001202056053e-01,1.660370787900496969e-01,-8.198078213822033167e-01
8.859999999999999432e+00,1.600214004000107826e-01,3.270050230597121299e-08,2.544509671373353377e-01,1.660370787900496969e-01,-8.199929213644526760e-01
8.862000000000000099e+00,1.600354450865953959e-01,2.963846190695562655e-08,2.505975442648450957e-01,1.660370787900496969e-01,-8.201780213467019243e-01
8.864000000000000767e+00,1.600499289864324437e-01,3.763549749624672813e-08,2.467046406969856109e-01,1.660370787900496969e-01,-8.203631213289512836e-01
8.865999999999999659e+00,1.600648206264870810e-01,4.893890104273879160e-08,2.427729039689190682e-01,1.660370787900496969e-01,-8.205482213112006429e-01
8.868000000000000327e+00,1.600800865408015250e-01,5.064431540802161180e-08,2.388024857031681714e-01,1.660370787900496969e-01,-8.207333212934498912e-01
8.870000000000000995e+00,1.600957023832388915e-01,4.017357135843724336e-08,2.347936495827297743e-01,1.660370787900496969e-01,-8.209184212756992505e-01
8.871999999999999886e+00,1.601116546214622627e-01,2.844542024149632198e-08,2.307476250508154469e-01,1.660370787900496969e-01,-8.211035212579486098e-01
8.874000000000000554e+00,1.601279317125363644e-01,2.652159492022576615e-08,2.266650859797989526e-01,1.660370787900496969e-01,-8.212886212401978581e-01
8.876000000000001222e+00,1.601445141539500350e-01,3.418892979833998425e-08,2.225464333883064305e-01,1.660370787900496969e-01,-8.214737212224472174e-01
8.878000000000000114e+00,1.601613728906672307e-01,4.312213430779365808e-08,2.183919524309510807e-01,1.660370787900496969e-01,-8.216588212046965767e-01
8.879999999999999005e+00,1.601784763173764725e-01,4.588347291001326766e-08,2.142029203618491529e-01,1.660370787900496969e-01,-8.218439211869457139e-01
8.881999999999999673e+00,1.601957994097978899e-01,4.011059706598985031e-08,2.099799770660661646e-01,1.660370787900496969e-01,-8.220290211691949622e-01
8.883999999999998565e+00,1.602133272913960349e-01,2.931391307470221363e-08,2.057235090404348210e-01,1.660370787900496969e-01,-8.222141211514443215e-01
8.885999999999999233e+00,1.602310502526852476e-01,2.225493267449252244e-08,2.014336828339904351e-01,1.660370787900496969e-01,-8.223992211336936808e-01
8.887999999999999901e+00,1.602489536410798276e-01,2.638592166981368337e-08,1.971118239629720548e-01,1.660370787900496969e-01,-8.225843211159429291e-01
8.890000000000000568e+00,1.602670123735624452e-01,3.838249063026211161e-08,1.927587810678605129e-01,1.660370787900496969e-01,-8.227694210981922884e-01
8.891999999999999460e+00,1.602851958239058794e-01,4.537111497615597955e-08,1.883750972191431117e-01,1.660370787900496969e-01,-8.229545210804416477e-01
8.894000000000000128e+00,1.603034788221187057e-01,3.919639535165941879e-08,1.839608500552256387e-01,1.660370787900496969e-01,-8.231396210626908960e-01
8.896000000000000796e+00,1.603218474692424955e-01,2.614906446929410322e-08,1.795171617312204260e-01,1.660370787900496969e-01,-8.233247210449402553e-01
8.897999999999999687e+00,1.603402945389974521e-01,1.913752678550650899e-08,1.750448978718668891e-01,1.660370787900496969e-01,-8.235098210271896146e-01
8.900000000000000355e+00,1.603588092020292732e-01,2.346203109571121104e-08,1.705447268124352656e-01,1.660370787900496969e-01,-8.236949210094388629e-01
8.902000000000001023e+00,1.603773710085698578e-01,3.347440824530423242e-08,1.660168724965083720e-01,1.660370787900496969e-01,-8.238800209916882222e-01
8.903999999999999915e+00,1.603959528283933622e-01,4.008944887168297555e-08,1.614624272656831339e-01,1.660370787900496969e-01,-8.240651209739375815e-01
8.906000000000000583e+00,1.604145305735640292e-01,3.781819757353588329e-08,1.568823076442268094e-01,1.660370787900496969e-01,-8.242502209561868298e-01
8.908000000000001251e+00,1.604330907993619659e-01,2.769653950629447081e-08,1.522771159919914241e-01,1.660370787900496969e-01,-8.244353209384361891e-01
8.910000000000000142e+00,1.604516287682934417e-01,1.753448175545457843e-08,1.476470523809181867e-01,1.660370787900496969e-01,-8.246204209206855484e-01
8.912000000000000810e+00,1.604701387697483606e-01,1.697892815233359443e-08,1.429931102278509669e-01,1.660370787900496969e-01,-8.248055209029347967e-01
8.913999999999999702e+00,1.604886056507704994e-01,2.741503002390288657e-08,1.383163996310915744e-01,1.660370787900496969e-01,-8.249906208851840450e-01
8.915999999999998593e+00,1.605070062985995971e-01,3.829512296160686446e-08,1.336176437424254071e-01,1.660370787900496969e-01,-8.251757208674332933e-01
8.917999999999999261e+00,1.605253189373671008e-01,3.771014511766423993e-08,1.288971129794406756e-01,1.660370787900496969e-01,-8.253608208496826526e-01
8.919999999999999929e+00,1.605435315822258957e-01,2.600352200232691757e-08,1.241555725241579866e-01,1.660370787900496969e-01,-8.255459208319320119e-01
8.921999999999998820e+00,1.605616417435227206e-01,1.495665291617598314e-08,1.193941132957859474e-01,1.660370787900496969e-01,-8.257310208141812602e-01
8.923999999999999488e+00,1.605796484782840983e-01,1.446182751330127303e-08,1.146134855171128120e-01,1.660370787900496969e-01,-8.259161207964306195e-01
8.926000000000000156e+00,1.605975432709849660e-01,2.343735239218602828e-08,1.098141452057133510e-01,1.660370787900496969e-01,-8.261012207786799788e-01
8.928000000000000824e+00,1.606153084504878814e-01,3.311721186172178477e-08,1.049968286360413589e-01,1.660370787900496969e-01,-8.262863207609292271e-01
8.929999999999999716e+00,1.606329246155598911e-01,3.515942748055778111e-08,1.001626830662119411e-01,1.660370787900496969e-01,-8.264714207431785864e-01
8.932000000000000384e+00,1.606503813065289776e-01,2.733352277850542578e-08,9.531240333202080361e-02,1.660370787900496969e-01,-8.266565207254279457e-01
8.934000000000001052e+00,1.606676795008621372e-01,1.548003669693542861e-08,9.044645098103935854e-02,1.660370787900496969e-01,-8.268416207076771940e-01
8.935999999999999943e+00,1.606848235772831979e-01,1.020275419705285458e-08,8.556544546289855668e-02,1.660370787900496969e-01,-8.270267206899265533e-01
8.938000000000000611e+00,1.607018107138761254e-01,1.718597830713264329e-08,8.067062227502444505e-02,1.660370787900496969e-01,-8.272118206721759126e-01
8.940000000000001279e+00,1.607186287529529523e-01,2.983520519528326531e-08,7.576279223277630759e-02,1.660370787900496969e-01,-8.273969206544251609e-01
8.942000000000000171e+00,1.607352632360790068e-01,3.493046951685840895e-08,7.084252948266120398e-02,1.660370787900496969e-01,-8.275820206366745202e-01
8.943999999999999062e+00,1.607517065983045113e-01,2.696806000734852660e-08,6.591032571563229525e-02,1.660370787900496969e-01,-8.277671206189236575e-01
8.945999999999999730e+00,1.607679614870716200e-01,1.397671534064670595e-08,6.096731934241754469e-02,1.660370787900496969e-01,-8.279522206011730168e-01
8.947999999999998622e+00,1.607840363920397531e-01,8.257282635426577144e-09,5.601432113014156305e-02,1.660370787900496969e-01,-8.281373205834223761e-01
8.949999999999999289e+00,1.607999363554259986e-01,1.405518701425023664e-08,5.105202420033810862e-02,1.660370787900496969e-01,-8.283224205656716244e-01
8.951999999999999957e+00,1.608156567261255221e-01,2.517431230142364029e-08,4.608096478147416519e-02,1.660370787900496969e-01,-8.285075205479209837e-01
8.953999999999998849e+00,1.608311866354525943e-01,3.163144413065310800e-08,4.110227978574487046e-02,1.660370787900496969e-01,-8.286926205301703430e-01
8.955999999999999517e+00,1.608465202345066292e-01,2.755272920929030533e-08,3.611678008732909645e-02,1.660370787900496969e-01,-8.288777205124195913e-01
8.958000000000000185e+00,1.608616641351362508e-01,1.576601549313494388e-08,3.112513462512472850e-02,1.660370787900496969e-01,-8.290628204946689506e-01
8.960000000000000853e+00,1.608766326797006485e-01,6.495703974707112138e-09,2.612783110747531404e-02,1.660370787900496969e-01,-8.292479204769181989e-01
8.961999999999999744e+00,1.608914363502211842e-01,8.803249906819132775e-09,2.112597314505173379e-02,1.660370787900496969e-01,-8.294330204591675582e-01
8.964000000000000412e+00,1.609060760542458945e-01,2.085335737422866487e-08,1.612048239556156115e-02,1.660370787900496969e-01,-8.296181204414169175e-01
8.966000000000001080e+00,1.609205474762219756e-01,3.055320885181345147e-08,1.111210716650588848e-02,1.660370787900496969e-01,-8.298032204236661658e-01
8.967999999999999972e+00,1.609348497634667252e-01,2.791366426890817820e-08,6.101334855992165962e-03,1.660370787900496969e-01,-8.299883204059155251e-01
8.970000000000000639e+00,1.609489911782235882e-01,1.558874573870383529e-08,1.089129032180335965e-03,1.660370787900496969e-01,-8.301734203881648844e-01
8.972000000000001307e+00,1.609629882589890260e-01,5.490268017993571448e-09,3.923598428915764380e-03,1.660370787900496969e-01,-8.303585203704141326e-01
8.974000000000000199e+00,1.609768589232837277e-01,6.520523898601027213e-09,8.936066693926901505e-03,1.660370787900496969e-01,-8.305436203526634920e-01
8.976000000000000867e+00,1.609906133933496353e-01,1.690339168636256773e-08,1.394769304050094000e-02,1.660370787900496969e-01,-8.307287203349128513e-01
8.977999999999999758e+00,1.610042523851336060e-01,2.698509660170600455e-08,1.895754778633178955e-02,1.660370787900496969e-01,-8.309138203171619885e-01
8.979999999999998650e+00,1.610177763760700653e-01,2.763862116950122072e-08,2.396469724258317238e-02,1.660370787900496969e-01,-8.310989202994113478e-01
8.981999999999999318e+00,1.610311969835924728e-01,1.779366531895476555e-08,2.896840035327842566e-02,1.660370787900496969e-01,-8.312840202816605961e-01
8.983999999999999986e+00,1.610445370810379417e-01,5.906886535456123966e-09,3.396807240373400649e-02,1.660370787900496969e-01,-8.314691202639099554e-01
8.985999999999998877e+00,1.610578199441715652e-01,3.142160087676870717e-09,3.896285829625038832e-02,1.660370787900496969e-01,-8.316542202461593147e-01
8.987999999999999545e+00,1.610710600778182400e-01,1.245627911927726927e-08,4.395176817557541749e-02,1.660370787900496969e-01,-8.318393202284085630e-01
8.990000000000000213e+00,1.610842647402772609e-01,2.482435046413655755e-08,4.893401342724138653e-02,1.660370787900496969e-01,-8.320244202106579223e-01
8.992000000000000881e+00,1.610974413817030104e-01,2.792959130637484577e-08,5.390895685507082757e-02,1.660370787900496969e-01,-8.322095201929072816e-01
8.993999999999999773e+00,1.611106041516640053e-01,1.875263666573090404e-08,5.887583995228702627e-02,1.660370787900496969e-01,-8.323946201751565299e-01
8.996000000000000441e+00,1.611237759500647737e-01,6.201570812436330016e-09,6.383371661917291995e-02,1.660370787900496969e-01,-8.325797201574058892e-01
8.998000000000001108e+00,1.611369850645740787e-01,1.894923107315094057e-09,6.878180402325692611e-02,1.660370787900496969e-01,-8.327648201396552485e-01
9.000000000000000000e+00,1.611502560406505857e-01,9.306017290100498940e-09,7.371939439791709570e-02,1.660370787900496969e-01,-8.329499201219044968e-01
9.002000000000000668e+00,1.611636029506212653e-01,2.135612031661793253e-08,7.864573575060786192e-02,1.660370787900496969e-01,-8.331350201041538561e-01
9.004000000000001336e+00,1.611770340853415640e-01,2.697629009063007288e-08,8.355989296680652045e-02,1.660370787900496969e-01,-8.333201200864032154e-01
9.006000000000000227e+00,1.611905652629425090e-01,2.078367133950820289e-08,8.846110430543693837e-02,1.660370787900496969e-01,-8.335052200686524637e-01
9.007999999999999119e+00,1.612042254023230425e-01,8.112546634464479212e-09,9.334866280793234494e-02,1.660370787900496969e-01,-8.336903200509017120e-01
9.009999999999999787e+00,1.612180483826001209e-01,7.199461027340703367e-10,9.822185048536767604e-02,1.660370787900496969e-01,-8.338754200331509603e-01
9.011999999999998678e+00,1.612320614446272060e-01,5.758993504301201938e-09,1.030797509564975456e-01,1.660370787900496969e-01,-8.340605200154003196e-01
9.013999999999999346e+00,1.612462832886903952e-01,1.846657127213546801e-08,1.079215757635442891e-01,1.660370787900496969e-01,-8.342456199976496789e-01
9.016000000000000014e+00,1.612607300662969312e-01,2.655330155754143107e-08,1.127465885591728278e-01,1.660370787900496969e-01,-8.344307199798989272e-01
9.017999999999998906e+00,1.612754217907402809e-01,2.228506323920242949e-08,1.175540883310008111e-01,1.660370787900496969e-01,-8.346158199621482865e-01
9.019999999999999574e+00,1.612903859048006039e-01,9.814731249946362368e-09,1.223432254952746406e-01,1.660370787900496969e-01,-8.348009199443976458e-01
9.022000000000000242e+00,1.613056574656772657e-01,8.369933635066217903e-10,1.271132253748130658e-01,1.660370787900496969e-01,-8.349860199266468941e-01
9.023999999999999133e+00,1.613212724999125713e-01,3.546914095764464037e-09,1.318633366826700015e-01,1.660370787900496969e-01,-8.351711199088962534e-01
9.025999999999999801e+00,1.613372582156765711e-01,1.531608295746167414e-08,1.365928337072053467e-01,1.660370787900496969e-01,-8.353562198911456127e-01
9.028000000000000469e+00,1.613536318067270159e-01,2.520562547569937806e-08,1.413009071192118105e-01,1.660370787900496969e-01,-8.355413198733948610e-01
9.030000000000001137e+00,1.613704123069609198e-01,2.390152420428393043e-08,1.459867987970370762e-01,1.660370787900496969e-01,-8.357264198556442203e-01
9.032000000000000028e+00,1.613876316712017367e-01,1.247834191531183023e-08,1.506497712566709501e-01,1.660370787900496969e-01,-8.359115198378935796e-01
9.034000000000000696e+00,1.614053307935946480e-01,1.643658320560348329e-09,1.552890880798300233e-01,1.660370787900496969e-01,-8.360966198201428279e-01
9.036000000000001364e+00,1.614235472957512574e-01,1.673094107701444955e-09,1.599039794196668030e-01,1.660370787900496969e-01,-8.362817198023921872e-01
9.038000000000000256e+00,1.614423097955806075e-01,1.249392123092718521e-08,1.644937027458915346e-01,1.660370787900496969e-01,-8.364668197846415465e-01
9.040000000000000924e+00,1.614616422516048644e-01,2.386711106527883430e-08,1.690575291653249879e-01,1.660370787900496969e-01,-8.366519197668907948e-01
9.041999999999999815e+00,1.614815697562265173e-01,2.517255770495552269e-08,1.735947098759301754e-01,1.660370787900496969e-01,-8.368370197491399320e-01
9.043999999999998707e+00,1.615021225493638024e-01,1.528813176054910627e-08,1.781045084217219021e-01,1.660370787900496969e-01,-8.370221197313892914e-01
9.045999999999999375e+00,1.615233384987739829e-01,3.418249461262234945e-09,1.825862126800976426e-01,1.660370787900496969e-01,-8.372072197136386507e-01
9.048000000000000043e+00,1.615452605695302246e-01,6.836196053683352147e-10,1.870391036465356427e-01,1.660370787900496969e-01,-8.373923196958878989e-01
9.049999999999998934e+00,1.615679266332995523e-01,9.807775036563270987e-09,1.914624257488054815e-01,1.660370787900496969e-01,-8.375774196781372583e-01
9.051999999999999602e+00,1.615913627331115876e-01,2.234943619061624531e-08,1.958554676252266535e-01,1.660370787900496969e-01,-8.377625196603866176e-01
9.054000000000000270e+00,1.616155905324089259e-01,2.640538543374759684e-08,2.002175685895360435e-01,1.660370787900496969e-01,-8.379476196426358658e-01
9.055999999999999162e+00,1.616406415188682555e-01,1.815990768871955652e-08,2.045480198274879646e-01,1.660370787900496969e-01,-8.381327196248852252e-01
9.057999999999999829e+00,1.616665592417896313e-01,5.623097765194984277e-09,2.088460527294424829e-01,1.660370787900496969e-01,-8.383178196071345845e-01
9.060000000000000497e+00,1.616933879928389439e-01,7.621714370742438405e-10,2.131109481060577959e-01,1.660370787900496969e-01,-8.385029195893838327e-01
9.062000000000001165e+00,1.617211636899692495e-01,7.973599558397381770e-09,2.173421098838005383e-01,1.660370787900496969e-01,-8.386880195716331921e-01
9.064000000000000057e+00,1.617499158314187335e-01,2.044742919427022798e-08,2.215388675714996813e-01,1.660370787900496969e-01,-8.388731195538825514e-01
9.066000000000000725e+00,1.617796729900745634e-01,2.681959765382657679e-08,2.257004760341450866e-01,1.660370787900496969e-01,-8.390582195361317996e-01
9.068000000000001393e+00,1.618104663651013242e-01,2.139132215805972237e-08,2.298261913285533919e-01,1.660370787900496969e-01,-8.392433195183811590e-01
9.070000000000000284e+00,1.618423330150347006e-01,9.086766006305424526e-09,2.339154541986826763e-01,1.660370787900496969e-01,-8.394284195006305183e-01
9.071999999999999176e+00,1.618753172916199690e-01,1.394834248102938545e-09,2.379676033183777406e-01,1.660370787900496969e-01,-8.396135194828796555e-01
9.073999999999999844e+00,1.619094633600309807e-01,5.962832450023825004e-09,2.419819268080714569e-01,1.660370787900496969e-01,-8.397986194651290148e-01
9.075999999999998735e+00,1.619448045460842867e-01,1.887068112882417381e-08,2.459576847512091324e-01,1.660370787900496969e-01,-8.399837194473782631e-01
9.077999999999999403e+00,1.619813644463784508e-01,2.779856966839133747e-08,2.498943974419618186e-01,1.660370787900496969e-01,-8.401688194296276224e-01
9.080000000000000071e+00,1.620191712276878304e-01,2.423370515369782652e-08,2.537914284514471985e-01,1.660370787900496969e-01,-8.403539194118769817e-01
9.081999999999998963e+00,1.620582659967003680e-01,1.203427046903016162e-08,2.576480635704146982e-01,1.660370787900496969e-01,-8.405390193941262300e-01
9.083999999999999631e+00,1.620986951009377730e-01,3.178971086370552257e-09,2.614635074639987677e-01,1.660370787900496969e-01,-8.407241193763755893e-01
9.086000000000000298e+00,1.621404983141901957e-01,5.801850999631597006e-09,2.652373358377704826e-01,1.660370787900496969e-01,-8.409092193586249486e-01
9.087999999999999190e+00,1.621837075269926265e-01,1.719316433668183208e-08,2.689689970312019729e-01,1.660370787900496969e-01,-8.410943193408741969e-01
9.089999999999999858e+00,1.622283521857059707e-01,2.716704150529380968e-08,2.726578461305115830e-01,1.660370787900496969e-01,-8.412794193231235562e-01
9.092000000000000526e+00,1.622744623542745623e-01,2.702234058737928990e-08,2.763030601287666532e-01,1.660370787900496969e-01,-8.414645193053729155e-01
9.094000000000001194e+00,1.623220713332963472e-01,1.679755790018333528e-08,2.799042041495823918e-01,1.660370787900496969e-01,-8.416496192876221638e-01
9.096000000000000085e+00,1.623712194303036371e-01,5.786168655319556819e-09,2.834607488661600172e-01,1.660370787900496969e-01,-8.418347192698715231e-01
9.098000000000000753e+00,1.624219513074297572e-01,4.839300737913276862e-09,2.869720856441684287e-01,1.660370787900496969e-01,-8.420198192521208824e-01
9.100000000000001421e+00,1.624743043394908382e-01,1.562299767332575584e-08,2.904374232132456712e-01,1.660370787900496969e-01,-8.422049192343701307e-01
9.102000000000000313e+00,1.625283031509455745e-01,2.795767839458562776e-08,2.938563809213171063e-01,1.660370787900496969e-01,-8.423900192166194900e-01
9.104000000000000981e+00,1.625839703105269596e-01,2.984617220036511753e-08,2.972285148112099318e-01,1.660370787900496969e-01,-8.425751191988688493e-01
9.105999999999999872e+00,1.626413398244955788e-01,2.002057930550193987e-08,3.005532068586822536e-01,1.660370787900496969e-01,-8.427602191811179866e-01
9.107999999999998764e+00,1.627004547226924558e-01,8.675987261952400331e-09,3.038296169315075068e-01,1.660370787900496969e-01,-8.429453191633673459e-01
9.109999999999999432e+00,1.627613545971917652e-01,6.545787911704792350e-09,3.070573328142235936e-01,1.660370787900496969e-01,-8.431304191456165942e-01
9.112000000000000099e+00,1.628240702952197250e-01,1.508986680054391627e-08,3.102360497881240797e-01,1.660370787900496969e-01,-8.433155191278659535e-01
9.113999999999998991e+00,1.628886287851588621e-01,2.665961074121980801e-08,3.133652444538686521e-01,1.660370787900496969e-01,-8.435006191101153128e-01
9.115999999999999659e+00,1.629550565214589186e-01,3.147228522237810466e-08,3.164441222641385942e-01,1.660370787900496969e-01,-8.436857190923645611e-01
9.118000000000000327e+00,1.630233806136213159e-01,2.527629383575202837e-08,3.194721836803318116e-01,1.660370787900496969e-01,-8.438708190746139204e-01
9.119999999999999218e+00,1.630936329881643720e-01,1.333495736055567704e-08,3.224491600939378699e-01,1.660370787900496969e-01,-8.440559190568631687e-01
9.121999999999999886e+00,1.631658525709744900e-01,7.148024838699029715e-09,3.253745333878005352e-01,1.660370787900496969e-01,-8.442410190391125280e-01
9.124000000000000554e+00,1.632400761323626881e-01,1.368583335548123614e-08,3.282475955225861997e-01,1.660370787900496969e-01,-8.444261190213618873e-01
9.125999999999999446e+00,1.633163276414754117e-01,2.719860825450837183e-08,3.310678575210870278e-01,1.660370787900496969e-01,-8.446112190036111356e-01
9.128000000000000114e+00,1.633946228024422131e-01,3.436444384607995062e-08,3.338351933483745260e-01,1.660370787900496969e-01,-8.447963189858604949e-01
9.130000000000000782e+00,1.634749845940814961e-01,2.862124137692489967e-08,3.365490861446225335e-01,1.660370787900496969e-01,-8.449814189681098542e-01
9.132000000000001450e+00,1.635574475150100016e-01,1.666971261027327955e-08,3.392088099507653554e-01,1.660370787900496969e-01,-8.451665189503591025e-01
9.134000000000000341e+00,1.636420464950800735e-01,1.037354069310936211e-08,3.418137546166130081e-01,1.660370787900496969e-01,-8.453516189326084618e-01
9.135999999999999233e+00,1.637288080024832393e-01,1.497892443413917363e-08,3.443639227387371715e-01,1.660370787900496969e-01,-8.455367189148575990e-01
9.137999999999999901e+00,1.638177529836019053e-01,2.608497129408249293e-08,3.468589299262804793e-01,1.660370787900496969e-01,-8.457218188971069583e-01
9.139999999999998792e+00,1.639089013802162986e-01,3.456398822709871865e-08,3.492981779539576781e-01,1.660370787900496969e-01,-8.459069188793563177e-01
9.141999999999999460e+00,1.640022721888283463e-01,3.333931430926639905e-08,3.516809573198754202e-01,1.660370787900496969e-01,-8.460920188616055659e-01
9.144000000000000128e+00,1.640978859979947968e-01,2.299952439610564170e-08,3.540072604795685973e-01,1.660370787900496969e-01,-8.462771188438549252e-01
9.145999999999999019e+00,1.641957704785707017e-01,1.304587171624405073e-08,3.562767016915370788e-01,1.660370787900496969e-01,-8.464622188261042846e-01
9.147999999999999687e+00,1.642959563389243538e-01,1.411301031595257882e-08,3.584887744217767347e-01,1.660370787900496969e-01,-8.466473188083535328e-01
9.150000000000000355e+00,1.643984643421411151e-01,2.624628203662382475e-08,3.606427953064115233e-01,1.660370787900496969e-01,-8.468324187906028921e-01
9.151999999999999247e+00,1.645033027085868182e-01,3.750508270616847994e-08,3.627388797001110943e-01,1.660370787900496969e-01,-8.470175187728522515e-01
9.153999999999999915e+00,1.646104809006530001e-01,3.691488148493959898e-08,3.647767211404740473e-01,1.660370787900496969e-01,-8.472026187551014997e-01
9.156000000000000583e+00,1.647200202536002189e-01,2.633938001039837218e-08,3.667557950409215950e-01,1.660370787900496969e-01,-8.473877187373508590e-01
9.157999999999999474e+00,1.648319467264137694e-01,1.706630337050540902e-08,3.686752903751966404e-01,1.660370787900496969e-01,-8.475728187196002184e-01
9.160000000000000142e+00,1.649462792545567380e-01,1.739060884187182410e-08,3.705353281742792548e-01,1.660370787900496969e-01,-8.477579187018494666e-01
9.162000000000000810e+00,1.650630297223483200e-01,2.633955298314560878e-08,3.723358016177412688e-01,1.660370787900496969e-01,-8.479430186840988259e-01
9.164000000000001478e+00,1.651822085661442951e-01,3.663522274433006487e-08,3.740763455904068113e-01,1.660370787900496969e-01,-8.481281186663481853e-01
9.166000000000000369e+00,1.653038248911056218e-01,4.017484300788964902e-08,3.757561519294310148e-01,1.660370787900496969e-01,-8.483132186485974335e-01
9.168000000000001037e+00,1.654278864978531161e-01,3.346897192724185288e-08,3.773752227279784099e-01,1.660370787900496969e-01,-8.484983186308467928e-01
9.169999999999999929e+00,1.655544059820415193e-01,2.205970661695033641e-08,3.789334788996610581e-01,1.660370787900496969e-01,-8.486834186130959301e-01
9.171999999999998820e+00,1.656834024996792776e-01,1.765768742334472563e-08,3.804305831487723166e-01,1.660370787900496969e-01,-8.488685185953452894e-01
9.173999999999999488e+00,1.658148903820885200e-01,2.609388594088102309e-08,3.818658317274798986e-01,1.660370787900496969e-01,-8.490536185775946487e-01
9.176000000000000156e+00,1.659488700318665355e-01,3.940964254933732036e-08,3.832392667605529768e-01,1.660370787900496969e-01,-8.492387185598438970e-01
9.177999999999999048e+00,1.660853366201797687e-01,4.416344245861125728e-08,3.845509974355977301e-01,1.660853366201797687e-01,-8.494238185420932563e-01
9.179999999999999716e+00,1.662242948766049500e-01,3.674680548737541130e-08,3.858006579558127536e-01,1.662242948766049500e-01,-8.496089185243426156e-01
9.182000000000000384e+00,1.663657579113015927e-01,2.608766913603233206e-08,3.869874792572035038e-01,1.663657579113015927e-01,-8.497940185065918639e-01
9.183999999999999275e+00,1.665097346800222811e-01,2.247096742014065285e-08,3.881113443875330304e-01,1.665097346800222811e-01,-8.499791184888412232e-01
9.185999999999999943e+00,1.666562257396074775e-01,2.819222211236649400e-08,3.891725859917490316e-01,1.666562257396074775e-01,-8.501642184710905825e-01
9.188000000000000611e+00,1.668052293863422353e-01,3.838487938612189510e-08,3.901710101110490436e-01,1.668052293863422353e-01,-8.503493184533398308e-01
9.189999999999999503e+00,1.669567432518881400e-01,4.550384857804345984e-08,3.911059964991001614e-01,1.669567432518881400e-01,-8.505344184355891901e-01
9.192000000000000171e+00,1.671107620391438786e-01,4.348390136854618504e-08,3.919772420650003419e-01,1.671107620391438786e-01,-8.507195184178385494e-01
9.194000000000000838e+00,1.672672816106274274e-01,3.317228691734896984e-08,3.927850962161322235e-01,1.672672816106274274e-01,-8.509046184000877977e-01
9.195999999999999730e+00,1.674263052985059952e-01,2.455110947874317162e-08,3.935293363345693796e-01,1.674263052985059952e-01,-8.510897183823371570e-01
9.198000000000000398e+00,1.675878373253575360e-01,2.777010688070902233e-08,3.942094916066467558e-01,1.675878373253575360e-01,-8.512748183645864053e-01
9.199999999999999289e+00,1.677518698909922223e-01,4.063605052451180200e-08,3.948252588856032697e-01,1.677518698909922223e-01,-8.514599183468356536e-01
9.201999999999999957e+00,1.679183847100286231e-01,4.993779501027972856e-08,3.953772062607127102e-01,1.679183847100286231e-01,-8.516450183290849019e-01
9.203999999999998849e+00,1.680873683141328456e-01,4.696638733481250938e-08,3.958651435155013942e-01,1.680873683141328456e-01,-8.518301183113342612e-01
9.205999999999999517e+00,1.682588179384573168e-01,3.668274006773941665e-08,3.962885745624138978e-01,1.682588179384573168e-01,-8.520152182935836205e-01
9.208000000000000185e+00,1.684327306140903646e-01,2.999959214378122851e-08,3.966469644713269682e-01,1.684327306140903646e-01,-8.522003182758328688e-01
9.209999999999999076e+00,1.686090947836247356e-01,3.211048738016586412e-08,3.969409902501513931e-01,1.686090947836247356e-01,-8.523854182580822281e-01
9.211999999999999744e+00,1.687878947475445202e-01,4.063692315980915737e-08,3.971706881001104139e-01,1.687878947475445202e-01,-8.525705182403315874e-01
9.214000000000000412e+00,1.689691153556822645e-01,4.958042643110616154e-08,3.973357893762671789e-01,1.689691153556822645e-01,-8.527556182225808357e-01
9.215999999999999304e+00,1.691527386087630092e-01,5.213411724547256654e-08,3.974356542882209187e-01,1.691527386087630092e-01,-8.529407182048301950e-01
9.217999999999999972e+00,1.693387442197065162e-01,4.505509620944536664e-08,3.974708659332912841e-01,1.693387442197065162e-01,-8.531258181870795543e-01
9.220000000000000639e+00,1.695271174242919399e-01,3.440211016059180338e-08,3.974414491126309068e-01,1.695271174242919399e-01,-8.533109181693288026e-01
9.221999999999999531e+00,1.697178490145814234e-01,3.206816745482399256e-08,3.973472218598370631e-01,1.697178490145814234e-01,-8.534960181515781619e-01
9.224000000000000199e+00,1.699109223787139689e-01,4.204821624220755893e-08,3.971876118017327872e-01,1.699109223787139689e-01,-8.536811181338275212e-01
9.226000000000000867e+00,1.701063076235322935e-01,5.420038695636009152e-08,3.969633263317036143e-01,1.701063076235322935e-01,-8.538662181160767695e-01
9.227999999999999758e+00,1.703039737524965069e-01,5.621365117836063519e-08,3.966745686960616024e-01,1.703039737524965069e-01,-8.540513180983261288e-01
9.230000000000000426e+00,1.705039004320829665e-01,4.798816355400248312e-08,3.963211169837056458e-01,1.705039004320829665e-01,-8.542364180805754881e-01
9.232000000000001094e+00,1.707060715553104790e-01,3.947049465047314243e-08,3.959022306604765284e-01,1.707060715553104790e-01,-8.544215180628247364e-01
9.233999999999999986e+00,1.709104636432353663e-01,3.818627336560354024e-08,3.954184960573950969e-01,1.709104636432353663e-01,-8.546066180450739846e-01
9.235999999999998877e+00,1.711170469762940405e-01,4.409558185258788399e-08,3.948704072506927787e-01,1.711170469762940405e-01,-8.547917180273232329e-01
9.237999999999999545e+00,1.713257926405038489e-01,5.304404449013588874e-08,3.942579684073287960e-01,1.713257926405038489e-01,-8.549768180095725922e-01
9.240000000000000213e+00,1.715366708073727819e-01,5.904510769205728593e-08,3.935805336112653263e-01,1.715366708073727819e-01,-8.551619179918219515e-01
9.241999999999999105e+00,1.717496471787577361e-01,5.638634792415331276e-08,3.928384591590932673e-01,1.717496471787577361e-01,-8.553470179740711998e-01
9.243999999999999773e+00,1.719646893004861399e-01,4.625464733454265343e-08,3.920322651444896889e-01,1.719646893004861399e-01,-8.555321179563205591e-01
9.246000000000000441e+00,1.721817723740396433e-01,3.931154168856920705e-08,3.911619286231222681e-01,1.721817723740396433e-01,-8.557172179385699184e-01
9.247999999999999332e+00,1.724008701487173001e-01,4.461211866590986119e-08,3.902269686932340331e-01,1.724008701487173001e-01,-8.559023179208191667e-01
9.250000000000000000e+00,1.726219435807353486e-01,5.731775887252155144e-08,3.892277465817595150e-01,1.726219435807353486e-01,-8.560874179030685260e-01
9.252000000000000668e+00,1.728449467916896021e-01,6.395942586667757723e-08,3.881650757489979453e-01,1.728449467916896021e-01,-8.562725178853178853e-01
9.253999999999999559e+00,1.730698420212106736e-01,5.914282730223874296e-08,3.870389097742103490e-01,1.730698420212106736e-01,-8.564576178675671336e-01
9.256000000000000227e+00,1.732965995785431534e-01,5.019937643346850109e-08,3.858487007858720230e-01,1.732965995785431534e-01,-8.566427178498164929e-01
9.258000000000000895e+00,1.735251853091492880e-01,4.616243665100938642e-08,3.845945037262892274e-01,1.735251853091492880e-01,-8.568278178320658522e-01
9.259999999999999787e+00,1.737555569834607905e-01,4.916235407659286238e-08,3.832773691837299546e-01,1.737555569834607905e-01,-8.570129178143151005e-01
9.262000000000000455e+00,1.739876722317256208e-01,5.667823355093304372e-08,3.818974876054684331e-01,1.739876722317256208e-01,-8.571980177965644598e-01
9.263999999999999346e+00,1.742214902623261397e-01,6.440102662264024502e-08,3.804545725155533131e-01,1.742214902623261397e-01,-8.573831177788135971e-01
9.266000000000000014e+00,1.744569659722916555e-01,6.616322489882975333e-08,3.789484466997910528e-01,1.744569659722916555e-01,-8.575682177610629564e-01
9.267999999999998906e+00,1.746940520325466206e-01,5.879771314276638350e-08,3.773801274768063818e-01,1.746940520325466206e-01,-8.577533177433123157e-01
9.269999999999999574e+00,1.749327078686958581e-01,4.922655449934865146e-08,3.757497372031929350e-01,1.749327078686958581e-01,-8.579384177255615640e-01
9.272000000000000242e+00,1.751728970052641721e-01,4.913965911956807986e-08,3.740571459226735840e-01,1.751728970052641721e-01,-8.581235177078109233e-01
9.273999999999999133e+00,1.754145736319636661e-01,5.998393293182857633e-08,3.723021766559250767e-01,1.754145736319636661e-01,-8.583086176900601716e-01
9.275999999999999801e+00,1.756576812031463986e-01,7.001245616589102383e-08,3.704860977516139520e-01,1.756576812031463986e-01,-8.584937176723095309e-01
9.278000000000000469e+00,1.759021667026590130e-01,6.939208019307585573e-08,3.686091418039018630e-01,1.759021667026590130e-01,-8.586788176545588902e-01
9.279999999999999361e+00,1.761479874682351232e-01,6.142910691231406872e-08,3.666711401140604898e-01,1.761479874682351232e-01,-8.588639176368081385e-01
9.282000000000000028e+00,1.763951004864032779e-01,5.553101367627988338e-08,3.646716054416462294e-01,1.763951004864032779e-01,-8.590490176190574978e-01
9.284000000000000696e+00,1.766434540927971364e-01,5.585943074759569527e-08,3.626118077248267069e-01,1.766434540927971364e-01,-8.592341176013068571e-01
9.285999999999999588e+00,1.768929942185476500e-01,6.115234940651248507e-08,3.604922856300775691e-01,1.768929942185476500e-01,-8.594192175835561054e-01
9.288000000000000256e+00,1.771436703418879377e-01,6.880655811780655995e-08,3.583131671082447900e-01,1.771436703418879377e-01,-8.596043175658054647e-01
9.290000000000000924e+00,1.773954298991268219e-01,7.391620560071032742e-08,3.560739249561891695e-01,1.773954298991268219e-01,-8.597894175480548240e-01
9.291999999999999815e+00,1.776482154046193918e-01,7.067473528632461921e-08,3.537756307923063392e-01,1.776482154046193918e-01,-8.599745175303040723e-01
9.294000000000000483e+00,1.779019727317870947e-01,6.096575844161122859e-08,3.514188095278527602e-01,1.779019727317870947e-01,-8.601596175125534316e-01
9.296000000000001151e+00,1.781566552336307785e-01,5.604828612337797722e-08,3.490036115199398603e-01,1.781566552336307785e-01,-8.603447174948027909e-01
9.298000000000000043e+00,1.784122125004624637e-01,6.305466182521257679e-08,3.465296219562400415e-01,1.784122125004624637e-01,-8.605298174770519282e-01
9.299999999999998934e+00,1.786685822644610289e-01,7.454843353738027645e-08,3.439979943228430592e-01,1.786685822644610289e-01,-8.607149174593012875e-01
9.301999999999999602e+00,1.789257004167096321e-01,7.817927771824884076e-08,3.414095523016806855e-01,1.789257004167096321e-01,-8.609000174415505358e-01
9.304000000000000270e+00,1.791835130485853744e-01,7.242079624880659594e-08,3.387643924218861624e-01,1.791835130485853744e-01,-8.610851174237998951e-01
9.305999999999999162e+00,1.794419705785709196e-01,6.565838472916141200e-08,3.360619254025323244e-01,1.794419705785709196e-01,-8.612702174060492544e-01
9.307999999999999829e+00,1.797010159489002001e-01,6.386539441738392497e-08,3.333030119917093081e-01,1.797010159489002001e-01,-8.614553173882985027e-01
9.310000000000000497e+00,1.799605868134915854e-01,6.682336350927187141e-08,3.304888066021431925e-01,1.799605868134915854e-01,-8.616404173705478620e-01
9.311999999999999389e+00,1.802206247317863497e-01,7.303995275265151577e-08,3.276196702243904246e-01,1.802206247317863497e-01,-8.618255173527972213e-01
9.314000000000000057e+00,1.804810728801415909e-01,7.976168436840680442e-08,3.246952293414544499e-01,1.804810728801415909e-01,-8.620106173350464696e-01
9.316000000000000725e+00,1.807418689819235702e-01,8.080581659353214263e-08,3.217160331189955480e-01,1.807418689819235702e-01,-8.621957173172958289e-01
9.317999999999999616e+00,1.810029499923092589e-01,7.328640272419306712e-08,3.186832459090522818e-01,1.810029499923092589e-01,-8.623808172995451882e-01
9.320000000000000284e+00,1.812642604849490358e-01,6.520825568401278360e-08,3.155971271744028028e-01,1.812642604849490358e-01,-8.625659172817944365e-01
9.322000000000000952e+00,1.815257472205892286e-01,6.731981039287404656e-08,3.124574905981135631e-01,1.815257472205892286e-01,-8.627510172640437958e-01
9.323999999999999844e+00,1.817873470853488271e-01,7.806633650631056298e-08,3.092648478515200861e-01,1.817873470853488271e-01,-8.629361172462931551e-01
9.326000000000000512e+00,1.820489905365791916e-01,8.521660199711789119e-08,3.060207287068149595e-01,1.820489905365791916e-01,-8.631212172285424034e-01
9.327999999999999403e+00,1.823106155436537978e-01,8.252770744565651739e-08,3.027254128855974002e-01,1.823106155436537978e-01,-8.633063172107916516e-01
9.330000000000000071e+00,1.825721684197706418e-01,7.589705475208319285e-08,2.993786510713367655e-01,1.825721684197706418e-01,-8.634914171930408999e-01
9.331999999999998963e+00,1.828335910816960563e-01,7.263409806945730907e-08,2.959805225513212346e-01,1.828335910816960563e-01,-8.636765171752902592e-01
9.333999999999999631e+00,1.830948178012844485e-01,7.365121779123739998e-08,2.925327226048236584e-01,1.830948178012844485e-01,-8.638616171575396185e-01
9.336000000000000298e+00,1.833557849751750179e-01,7.777737609515611439e-08,2.890358181346115440e-01,1.833557849751750179e-01,-8.640467171397888668e-01
9.337999999999999190e+00,1.836164341917231324e-01,8.428158460027646015e-08,2.854899080046749971e-01,1.836164341917231324e-01,-8.642318171220382261e-01
9.339999999999999858e+00,1.838767038188642289e-01,8.862897460382157533e-08,2.818948621279721012e-01,1.838767038188642289e-01,-8.644169171042875854e-01
9.342000000000000526e+00,1.841365277676688672e-01,8.484206670544836015e-08,2.782522654370362947e-01,1.841365277676688672e-01,-8.646020170865368337e-01
9.343999999999999417e+00,1.843958451718651359e-01,7.592813988654967261e-08,2.745625920771498363e-01,1.843958451718651359e-01,-8.647871170687861930e-01
9.346000000000000085e+00,1.846546016021366476e-01,7.326969209131561911e-08,2.708260416957493089e-01,1.846546016021366476e-01,-8.649722170510355523e-01
9.348000000000000753e+00,1.849127372723031737e-01,8.126618389336925929e-08,2.670424960407791204e-01,1.849127372723031737e-01,-8.651573170332848006e-01
9.349999999999999645e+00,1.851701833644322504e-01,9.052085636618301123e-08,2.632137653047348369e-01,1.851701833644322504e-01,-8.653424170155341599e-01
9.352000000000000313e+00,1.854268743103050232e-01,9.125339694993073181e-08,2.593405470728381568e-01,1.854268743103050232e-01,-8.655275169977835192e-01
9.354000000000000981e+00,1.856827549842130498e-01,8.566371267892947117e-08,2.554229868846031870e-01,1.856827549842130498e-01,-8.657126169800327675e-01
9.355999999999999872e+00,1.859377703722002728e-01,8.154603425847284370e-08,2.514606268858778915e-01,1.859377703722002728e-01,-8.658977169622821268e-01
9.358000000000000540e+00,1.861918568972806831e-01,8.124021577682327688e-08,2.474551054429769970e-01,1.861918568972806831e-01,-8.660828169445313751e-01
9.360000000000001208e+00,1.864449498351382628e-01,8.337223245113989378e-08,2.434074736438479603e-01,1.864449498351382628e-01,-8.662679169267807344e-01
9.362000000000000099e+00,1.866969915747437314e-01,8.827534192512587197e-08,2.393182002491217597e-01,1.866969915747437314e-01,-8.664530169090298717e-01
9.363999999999998991e+00,1.869479254491807074e-01,9.418775603897699966e-08,2.351869024914511330e-01,1.869479254491807074e-01,-8.666381168912792310e-01
9.365999999999999659e+00,1.871976889608218952e-01,9.450716409453718825e-08,2.310149211252015000e-01,1.871976889608218952e-01,-8.668232168735285903e-01
9.368000000000000327e+00,1.874462205033947670e-01,8.709306109633274673e-08,2.268032975721496758e-01,1.874462205033947670e-01,-8.670083168557778386e-01
9.369999999999999218e+00,1.876934665983656103e-01,8.092447545404723996e-08,2.225524227845412373e-01,1.876934665983656103e-01,-8.671934168380271979e-01
9.371999999999999886e+00,1.879393738331842645e-01,8.486274283292516429e-08,2.182620551454050872e-01,1.879393738331842645e-01,-8.673785168202765572e-01
9.374000000000000554e+00,1.881838799911204063e-01,9.439697135071867251e-08,2.139335436608467145e-01,1.881838799911204063e-01,-8.675636168025258055e-01
9.375999999999999446e+00,1.884269214328269104e-01,9.829633951241589784e-08,2.095683355394951652e-01,1.884269214328269104e-01,-8.677487167847751648e-01
9.378000000000000114e+00,1.886684446180925123e-01,9.448264748357360077e-08,2.051667779214397802e-01,1.886684446180925123e-01,-8.679338167670245241e-01
9.380000000000000782e+00,1.889084009938523101e-01,9.003951939590137954e-08,2.007284749766719001e-01,1.889084009938523101e-01,-8.681189167492737724e-01
9.381999999999999673e+00,1.891467345603762285e-01,8.897824521625352645e-08,1.962543116549871902e-01,1.891467345603762285e-01,-8.683040167315231317e-01
9.384000000000000341e+00,1.893833844459781313e-01,8.975312693060288893e-08,1.917460351374549177e-01,1.893833844459781313e-01,-8.684891167137724910e-01
9.386000000000001009e+00,1.896182963241469510e-01,9.246643373206353544e-08,1.872042704909666622e-01,1.896182963241469510e-01,-8.686742166960217393e-01
9.387999999999999901e+00,1.898514215263300553e-01,9.803889255977082939e-08,1.826289497200211942e-01,1.898514215263300553e-01,-8.688593166782710986e-01
9.390000000000000568e+00,1.900827069101350686e-01,1.016404044262841921e-07,1.780206200366902802e-01,1.900827069101350686e-01,-8.690444166605204579e-01
9.391999999999999460e+00,1.903120961021018687e-01,9.742668238832408178e-08,1.733810023980615345e-01,1.903120961021018687e-01,-8.692295166427695952e-01
9.394000000000000128e+00,1.905395392247082320e-01,8.978284515848145020e-08,1.687105573337857045e-01,1.905395392247082320e-01,-8.694146166250189545e-01
9.395999999999999019e+00,1.907649914169284866e-01,8.937509998752091178e-08,1.640093725970663829e-01,1.907649914169284866e-01,-8.695997166072682028e-01
9.397999999999999687e+00,1.909884016499815429e-01,9.735911354891157998e-08,1.592779220471923773e-01,1.909884016499815429e-01,-8.697848165895175621e-01
9.400000000000000355e+00,1.912097139387126665e-01,1.035778058877667718e-07,1.545183047214712113e-01,1.912097139387126665e-01,-8.699699165717669214e-01
9.401999999999999247e+00,1.914288797978209722e-01,1.020035284016174160e-07,1.497310854510158773e-01,1.914288797978209722e-01,-8.701550165540161696e-01
9.403999999999999915e+00,1.916458595176608881e-01,9.768864017711820225e-08,1.449162923170003170e-01,1.916458595176608881e-01,-8.703401165362655290e-01
9.406000000000000583e+00,1.918606092688029952e-01,9.621886609689767056e-08,1.400738945234590860e-01,1.918606092688029952e-01,-8.705252165185148883e-01
9.407999999999999474e+00,1.920730773578835926e-01,9.646271525998173502e-08,1.352060081846758743e-01,1.920730773578835926e-01,-8.707103165007641365e-01
9.410000000000000142e+00,1.922832156640846835e-01,9.725385374803607874e-08,1.303135158649172398e-01,1.922832156640846835e-01,-8.708954164830134959e-01
9.412000000000000810e+00,1.924909851342948564e-01,1.010129798695302838e-07,1.253968318498712708e-01,1.924909851342948564e-01,-8.710805164652628552e-01
9.413999999999999702e+00,1.926963462193737042e-01,1.062085014380542702e-07,1.204558027564748279e-01,1.926963462193737042e-01,-8.712656164475121034e-01
9.416000000000000369e+00,1.928992536442312167e-01,1.058066220194220364e-07,1.154923445568261098e-01,1.928992536442312167e-01,-8.714507164297614628e-01
9.418000000000001037e+00,1.930996648496922097e-01,9.891417729335216791e-08,1.105072470805478213e-01,1.930996648496922097e-01,-8.716358164120108221e-01
9.419999999999999929e+00,1.932975446800306862e-01,9.495199870812598419e-08,1.055009211535515856e-01,1.932975446800306862e-01,-8.718209163942600703e-01
9.422000000000000597e+00,1.934928563796826095e-01,9.999384975589720170e-08,1.004732410562632072e-01,1.934928563796826095e-01,-8.720060163765094297e-01
9.424000000000001265e+00,1.936855566283354202e-01,1.072412703084779650e-07,9.542626806597909184e-02,1.936855566283354202e-01,-8.721911163587587890e-01
9.426000000000000156e+00,1.938756056867430022e-01,1.080064750969000897e-07,9.036113775193899134e-02,1.938756056867430022e-01,-8.723762163410079262e-01
9.427999999999999048e+00,1.940629743688565556e-01,1.042232409265153592e-07,8.527819981727891019e-02,1.940629743688565556e-01,-8.725613163232572855e-01
9.429999999999999716e+00,1.942476339741687763e-01,1.024432718654821883e-07,8.017700996904464361e-02,1.942476339741687763e-01,-8.727464163055065338e-01
9.432000000000000384e+00,1.944295468625061307e-01,1.028126137558871278e-07,7.505925987536021804e-02,1.944295468625061307e-01,-8.729315162877558931e-01
9.433999999999999275e+00,1.946086745143188468e-01,1.025825455691631305e-07,6.992643741794779544e-02,1.946086745143188468e-01,-8.731166162700051414e-01
9.435999999999999943e+00,1.947849882406528232e-01,1.039080284037652291e-07,6.477920156568017784e-02,1.947849882406528232e-01,-8.733017162522545007e-01
9.438000000000000611e+00,1.949584641000369212e-01,1.087306112923513979e-07,5.961731337259468244e-02,1.949584641000369212e-01,-8.734868162345038600e-01
9.439999999999999503e+00,1.951290726962061628e-01,1.115416123909085400e-07,5.444210084266853933e-02,1.951290726962061628e-01,-8.736719162167531083e-01
9.442000000000000171e+00,1.952967829081223572e-01,1.071788511275428846e-07,4.925504510493716737e-02,1.952967829081223572e-01,-8.738570161990024676e-01
9.444000000000000838e+00,1.954615704003700438e-01,1.012910270103972721e-07,4.405662544690058802e-02,1.954615704003700438e-01,-8.740421161812518269e-01
9.445999999999999730e+00,1.956234137636891912e-01,1.027891027849392458e-07,3.884673988609033124e-02,1.956234137636891912e-01,-8.742272161635010752e-01
9.448000000000000398e+00,1.957822859078786060e-01,1.096109064624428697e-07,3.362664115419633504e-02,1.957822859078786060e-01,-8.744123161457504345e-01
9.450000000000001066e+00,1.959381594193936316e-01,1.124045700962028604e-07,2.839827604932321226e-02,1.959381594193936316e-01,-8.745974161279997938e-01
9.451999999999999957e+00,1.960910167090796907e-01,1.095056970656926865e-07,2.316212437760944987e-02,1.960910167090796907e-01,-8.747825161102490421e-01
9.454000000000000625e+00,1.962408453851562928e-01,1.073540818463669666e-07,1.791796376246668210e-02,1.962408453851562928e-01,-8.749676160924984014e-01
9.455999999999999517e+00,1.963876254547907152e-01,1.080961622434983838e-07,1.266645708546298987e-02,1.963876254547907152e-01,-8.751527160747475387e-01
9.457999999999998408e+00,1.965313313767714787e-01,1.079676383852756771e-07,7.409746863666910599e-03,1.965313313767714787e-01,-8.753378160569968980e-01
9.459999999999999076e+00,1.966719453567051801e-01,1.072120938694354209e-07,2.148586047054701353e-03,1.966719453567051801e-01,-8.755229160392462573e-01
9.461999999999999744e+00,1.968094589045448206e-01,1.100603882475681417e-07,3.116850059896592029e-03,1.968094589045448206e-01,-8.757080160214955056e-01
9.464000000000000412e+00,1.969438612521070553e-01,1.145274459712908310e-07,8.386196754791130914e-03,1.969438612521070553e-01,-8.758931160037448649e-01
9.465999999999999304e+00,1.970751364605101141e-01,1.135202437607674142e-07,1.365739223023254567e-02,1.970751364605101141e-01,-8.760782159859942242e-01
9.467999999999999972e+00,1.972032723022998368e-01,1.076845845826568393e-07,1.892987686057967522e-02,1.972032723022998368e-01,-8.762633159682434725e-01
9.470000000000000639e+00,1.973282622570512457e-01,1.059736481900941385e-07,2.420340194333481243e-02,1.973282622570512457e-01,-8.764484159504928318e-01
9.471999999999999531e+00,1.974500970809949241e-01,1.111057517100277892e-07,2.947769650791620677e-02,1.974500970809949241e-01,-8.766335159327421911e-01
9.474000000000000199e+00,1.975687643269432581e-01,1.152426896133817991e-07,3.475037638824451935e-02,1.975687643269432581e-01,-8.768186159149914394e-01
9.476000000000000867e+00,1.976842588198854944e-01,1.134878130359950887e-07,4.002066746458787794e-02,1.976842588198854944e-01,-8.770037158972407987e-01
9.477999999999999758e+00,1.977965839739102005e-01,1.108856733100793690e-07,4.528837805710050901e-02,1.977965839739102005e-01,-8.771888158794901580e-01
9.480000000000000426e+00,1.979057390414438178e-01,1.117879071532712487e-07,5.055374469568085782e-02,1.979057390414438178e-01,-8.773739158617394063e-01
9.482000000000001094e+00,1.980117143937402124e-01,1.126555245756222234e-07,5.581456007303697842e-02,1.980117143937402124e-01,-8.775590158439887656e-01
9.483999999999999986e+00,1.981145036214058130e-01,1.109387191000621442e-07,6.106972861938386732e-02,1.981145036214058130e-01,-8.777441158262381249e-01
9.486000000000000654e+00,1.982141119560735243e-01,1.110768657053284869e-07,6.631868899725212874e-02,1.982141119560735243e-01,-8.779292158084873732e-01
9.488000000000001322e+00,1.983105473949832165e-01,1.152321564834579704e-07,7.156167353124465169e-02,1.983105473949832165e-01,-8.781143157907367325e-01
9.489999999999998437e+00,1.984038117979037841e-01,1.172432696483483028e-07,7.679675571386146427e-02,1.984038117979037841e-01,-8.782994157729858697e-01
9.491999999999999105e+00,1.984939063090260802e-01,1.131900063677804269e-07,8.202291019139773542e-02,1.984939063090260802e-01,-8.784845157552352291e-01
9.493999999999999773e+00,1.985808380911419091e-01,1.094207530139001960e-07,8.723970122305824137e-02,1.985808380911419091e-01,-8.786696157374845884e-01
9.496000000000000441e+00,1.986646150702002789e-01,1.121194637132560956e-07,9.244732458033821931e-02,1.986646150702002789e-01,-8.788547157197338366e-01
9.497999999999999332e+00,1.987452411002811337e-01,1.166817457098900945e-07,9.764382178537678314e-02,1.987452411002811337e-01,-8.790398157019831960e-01
9.500000000000000000e+00,1.988227237614235143e-01,1.161717446684917832e-07,1.028277244757338504e-01,1.988227237614235143e-01,-8.792249156842325553e-01
9.502000000000000668e+00,1.988970805534798769e-01,1.131468371218247171e-07,1.079986451330757768e-01,1.988970805534798769e-01,-8.794100156664818035e-01
9.503999999999999559e+00,1.989683294124485746e-01,1.136677908464278630e-07,1.131570387932491206e-01,1.989683294124485746e-01,-8.795951156487311628e-01
9.506000000000000227e+00,1.990364782650623221e-01,1.158625257957623944e-07,1.183014887801127069e-01,1.990364782650623221e-01,-8.797802156309805222e-01
9.508000000000000895e+00,1.991015326853774470e-01,1.146236232596464788e-07,1.234302327033196534e-01,1.991015326853774470e-01,-8.799653156132297704e-01
9.509999999999999787e+00,1.991635090575766265e-01,1.123828541338411924e-07,1.285426153925047776e-01,1.991635090575766265e-01,-8.801504155954791297e-01
9.512000000000000455e+00,1.992224318344550937e-01,1.145112153988492310e-07,1.336387791444437756e-01,1.992224318344550937e-01,-8.803355155777283780e-01
9.514000000000001123e+00,1.992783212116953084e-01,1.181942436145888564e-07,1.387176831048996251e-01,1.992783212116953084e-01,-8.805206155599777373e-01
9.516000000000000014e+00,1.993311927360361668e-01,1.168833908549160583e-07,1.437775783862674794e-01,1.993311927360361668e-01,-8.807057155422270966e-01
9.518000000000000682e+00,1.993810656687403648e-01,1.126547605201366764e-07,1.488180595871698708e-01,1.993810656687403648e-01,-8.808908155244763449e-01
9.519999999999999574e+00,1.994279627335858729e-01,1.128927272775470669e-07,1.538391758525964326e-01,1.994279627335858729e-01,-8.810759155067255932e-01
9.521999999999998465e+00,1.994719035004370866e-01,1.169586995031224319e-07,1.588400323751628651e-01,1.994719035004370866e-01,-8.812610154889748415e-01
9.523999999999999133e+00,1.995129080807903632e-01,1.175886800153236322e-07,1.638184233857419292e-01,1.995129080807903632e-01,-8.814461154712242008e-01
9.525999999999999801e+00,1.995510056294579337e-01,1.143279523274642884e-07,1.687738663521178850e-01,1.995510056294579337e-01,-8.816312154534735601e-01
9.528000000000000469e+00,1.995862300518276289e-01,1.138395554489690653e-07,1.737064946460035175e-01,1.995862300518276289e-01,-8.818163154357228084e-01
9.529999999999999361e+00,1.996186068030592065e-01,1.170131259664586310e-07,1.786160524471988031e-01,1.996186068030592065e-01,-8.820014154179721677e-01
9.532000000000000028e+00,1.996481538180452375e-01,1.174783447188687546e-07,1.835002982595745902e-01,1.996481538180452375e-01,-8.821865154002215270e-01
9.534000000000000696e+00,1.996748960261086614e-01,1.141032376361650336e-07,1.883584940535630858e-01,1.996748960261086614e-01,-8.823716153824707753e-01
9.535999999999999588e+00,1.996988700163508934e-01,1.133096497740737618e-07,1.931903655372780859e-01,1.996988700163508934e-01,-8.825567153647201346e-01
9.538000000000000256e+00,1.997201125352674467e-01,1.167848139305149857e-07,1.979958586365414552e-01,1.997201125352674467e-01,-8.827418153469694939e-01
9.540000000000000924e+00,1.997386536430726389e-01,1.181240946168671258e-07,2.027728755476561062e-01,1.997386536430726389e-01,-8.829269153292187422e-01
9.541999999999999815e+00,1.997545231552455558e-01,1.149691113422335320e-07,2.075208576314825359e-01,1.997545231552455558e-01,-8.831120153114681015e-01
9.544000000000000483e+00,1.997677550934833235e-01,1.134201613739449499e-07,2.122395696587127123e-01,1.997677550934833235e-01,-8.832971152937174608e-01
9.546000000000001151e+00,1.997783824343803971e-01,1.163212584032180530e-07,2.169290552136631245e-01,1.997783824343803971e-01,-8.834822152759667091e-01
9.548000000000000043e+00,1.997864364415256055e-01,1.177919429773410798e-07,2.215870060852340728e-01,1.997864364415256055e-01,-8.836673152582160684e-01
9.550000000000000711e+00,1.997919552885918382e-01,1.146094865678293218e-07,2.262125397460392762e-01,1.997919552885918382e-01,-8.838524152404654277e-01
9.552000000000001378e+00,1.997949846580673317e-01,1.126530472239650749e-07,2.308054709336990751e-01,1.997949846580673317e-01,-8.840375152227146760e-01
9.553999999999998494e+00,1.997955654256771130e-01,1.159041815856909352e-07,2.353662881635363302e-01,1.997955654256771130e-01,-8.842226152049639243e-01
9.555999999999999162e+00,1.997937276258046069e-01,1.186452860402198439e-07,2.398930531545767630e-01,1.997955654256771130e-01,-8.844077151872131726e-01
9.557999999999999829e+00,1.997895025558724669e-01,1.158442290982719669e-07,2.443845914951822129e-01,1.997955654256771130e-01,-8.845928151694625319e-01
9.559999999999998721e+00,1.997829337282128748e-01,1.123463602148433438e-07,2.488404083870868755e-01,1.997955654256771130e-01,-8.847779151517118912e-01
9.561999999999999389e+00,1.997740702670908197e-01,1.138474113870913129e-07,2.532608569200092141e-01,1.997955654256771130e-01,-8.849630151339611395e-01
9.564000000000000057e+00,1.997629553781175016e-01,1.167463968831938814e-07,2.576443281745460778e-01,1.997955654256771130e-01,-8.851481151162104988e-01
9.566000000000000725e+00,1.997496280086701326e-01,1.156307964933489529e-07,2.619896847686723484e-01,1.997955654256771130e-01,-8.853332150984598581e-01
9.567999999999999616e+00,1.997341296417992629e-01,1.134310848582842368e-07,2.662966607973551447e-01,1.997955654256771130e-01,-8.855183150807091064e-01
9.570000000000000284e+00,1.997165027676942595e-01,1.149477699691203725e-07,2.705655804644621076e-01,1.997955654256771130e-01,-8.857034150629584657e-01
9.572000000000000952e+00,1.996967875418450555e-01,1.168518367622439769e-07,2.747949195334754569e-01,1.997955654256771130e-01,-8.858885150452078250e-01
9.573999999999999844e+00,1.996750279818056972e-01,1.141018627359713378e-07,2.789830553642489441e-01,1.997955654256771130e-01,-8.860736150274570733e-01
9.576000000000000512e+00,1.996512768721223630e-01,1.105679496848921417e-07,2.831297311936800121e-01,1.997955654256771130e-01,-8.862587150097064326e-01
9.578000000000001180e+00,1.996255864934112223e-01,1.127485694807361938e-07,2.872354524806849385e-01,1.997955654256771130e-01,-8.864438149919557919e-01
9.580000000000000071e+00,1.995979976757736862e-01,1.174707727757962061e-07,2.912993397383677463e-01,1.997955654256771130e-01,-8.866289149742050402e-01
9.582000000000000739e+00,1.995685462656662246e-01,1.168247071303696316e-07,2.953195860500572589e-01,1.997955654256771130e-01,-8.868140149564543995e-01
9.583999999999999631e+00,1.995372777551993604e-01,1.118792889442943306e-07,2.992957200639113635e-01,1.997955654256771130e-01,-8.869991149387035367e-01
9.585999999999998522e+00,1.995042477539492598e-01,1.103624623910448577e-07,3.032278789084889015e-01,1.997955654256771130e-01,-8.871842149209528960e-01
9.587999999999999190e+00,1.994695094677132463e-01,1.131149945932108380e-07,3.071155112331519499e-01,1.997955654256771130e-01,-8.873693149032021443e-01
9.589999999999999858e+00,1.994331091914124388e-01,1.141145667959975185e-07,3.109568438595936568e-01,1.997955654256771130e-01,-8.875544148854515036e-01
9.591999999999998749e+00,1.993950925000415042e-01,1.124612714065165164e-07,3.147516727179217044e-01,1.997955654256771130e-01,-8.877395148677008629e-01
9.593999999999999417e+00,1.993555067109841206e-01,1.128775458658637376e-07,3.185001171064785197e-01,1.997955654256771130e-01,-8.879246148499501112e-01
9.596000000000000085e+00,1.993143973678871417e-01,1.148418953267338338e-07,3.222018134559579972e-01,1.997955654256771130e-01,-8.881097148321994705e-01
9.598000000000000753e+00,1.992718112855804691e-01,1.128271466255270639e-07,3.258546107225623878e-01,1.997955654256771130e-01,-8.882948148144488298e-01
9.599999999999999645e+00,1.992278033268990445e-01,1.080069269576711122e-07,3.294581342152285153e-01,1.997955654256771130e-01,-8.884799147966980781e-01
9.602000000000000313e+00,1.991824320407643567e-01,1.080953717647048506e-07,3.330125555660145009e-01,1.997955654256771130e-01,-8.886650147789474374e-01
9.604000000000000981e+00,1.991357463813777651e-01,1.137126445227565341e-07,3.365181130637338036e-01,1.997955654256771130e-01,-8.888501147611967967e-01
9.605999999999999872e+00,1.990877852840107209e-01,1.161340028588142559e-07,3.399728001519333187e-01,1.997955654256771130e-01,-8.890352147434460450e-01
9.608000000000000540e+00,1.990385921363805322e-01,1.116233989684189964e-07,3.433760152462557169e-01,1.997955654256771130e-01,-8.892203147256954043e-01
9.610000000000001208e+00,1.989882225308087227e-01,1.071426223298033165e-07,3.467275701413627953e-01,1.997955654256771130e-01,-8.894054147079447636e-01
9.612000000000000099e+00,1.989367348534494262e-01,1.080213221094084020e-07,3.500277774554917398e-01,1.997955654256771130e-01,-8.895905146901940119e-01
9.614000000000000767e+00,1.988841803304622902e-01,1.102912791095533862e-07,3.532748292450885730e-01,1.997955654256771130e-01,-8.897756146724433712e-01
9.616000000000001435e+00,1.988306058350776118e-01,1.100039285217846441e-07,3.564682543115030855e-01,1.997955654256771130e-01,-8.899607146546927305e-01
9.617999999999998550e+00,1.987760589135860734e-01,1.099843388585597381e-07,3.596080139304091983e-01,1.997955654256771130e-01,-8.901458146369418678e-01
9.619999999999999218e+00,1.987205863311286569e-01,1.118134242972246284e-07,3.626945109458927785e-01,1.997955654256771130e-01,-8.903309146191912271e-01
9.621999999999999886e+00,1.986642342966076225e-01,1.107326645932715792e-07,3.657258661878656225e-01,1.997955654256771130e-01,-8.905160146014404754e-01
9.623999999999998778e+00,1.986070553918075632e-01,1.052434647208499996e-07,3.687012074088668045e-01,1.997955654256771130e-01,-8.907011145836898347e-01
9.625999999999999446e+00,1.985491085950082946e-01,1.026633154044276353e-07,3.716205274925254987e-01,1.997955654256771130e-01,-8.908862145659391940e-01
9.628000000000000114e+00,1.984904472708757250e-01,1.076216962214715522e-07,3.744845667940358558e-01,1.997955654256771130e-01,-8.910713145481884423e-01
9.630000000000000782e+00,1.984311118427861675e-01,1.130312629049612383e-07,3.772919597789250457e-01,1.997955654256771130e-01,-8.912564145304378016e-01
9.631999999999999673e+00,1.983711408485698824e-01,1.108476221922671812e-07,3.800416063947930079e-01,1.997955654256771130e-01,-8.914415145126871609e-01
9.634000000000000341e+00,1.983105839624317301e-01,1.045743823757661062e-07,3.827332720413308964e-01,1.997955654256771130e-01,-8.916266144949364092e-01
9.636000000000001009e+00,1.982494986705199969e-01,1.024456774967319461e-07,3.853674614767720330e-01,1.997955654256771130e-01,-8.918117144771857685e-01
9.637999999999999901e+00,1.981879379304997135e-01,1.045039056402075062e-07,3.879431392014287550e-01,1.997955654256771130e-01,-8.919968144594351278e-01
9.640000000000000568e+00,1.981259476260472940e-01,1.057003856663740748e-07,3.904592130925766957e-01,1.997955654256771130e-01,-8.921819144416843761e-01
9.642000000000001236e+00,1.980635717961529707e-01,1.060146866960209877e-07,3.929157316275406764e-01,1.997955654256771130e-01,-8.923670144239337354e-01
9.644000000000000128e+00,1.980008540045017362e-01,1.077661198056745206e-07,3.953131975766860928e-01,1.997955654256771130e-01,-8.925521144061830947e-01
9.646000000000000796e+00,1.979378365165623821e-01,1.077191975618063680e-07,3.976507504736800369e-01,1.997955654256771130e-01,-8.927372143884323430e-01
9.647999999999999687e+00,1.978745657865991214e-01,1.023521227772050679e-07,3.999268410728371026e-01,1.997955654256771130e-01,-8.929223143706815913e-01
9.649999999999998579e+00,1.978110959935898139e-01,9.714387372294908118e-08,4.021414657611121490e-01,1.997955654256771130e-01,-8.931074143529308396e-01
9.651999999999999247e+00,1.977474800575896863e-01,9.987833093916265170e-08,4.042952310734965193e-01,1.997955654256771130e-01,-8.932925143351801989e-01
9.653999999999999915e+00,1.976837581977414215e-01,1.071941297947631710e-07,4.063879305326034697e-01,1.997955654256771130e-01,-8.934776143174295582e-01
9.655999999999998806e+00,1.976199625851011721e-01,1.086199511446395150e-07,4.084179706944651711e-01,1.997955654256771130e-01,-8.936627142996788065e-01
9.657999999999999474e+00,1.975561325629219267e-01,1.024977533958804088e-07,4.103851844173629915e-01,1.997955654256771130e-01,-8.938478142819281658e-01
9.660000000000000142e+00,1.974923185592430963e-01,9.725598826282322307e-08,4.122898173422794854e-01,1.997955654256771130e-01,-8.940329142641775251e-01
9.661999999999999034e+00,1.974285710963936680e-01,9.749944129833210127e-08,4.141318952404213216e-01,1.997955654256771130e-01,-8.942180142464267734e-01
9.663999999999999702e+00,1.973649330339187769e-01,9.950887802645524971e-08,4.159098882744833303e-01,1.997955654256771130e-01,-8.944031142286761327e-01
9.666000000000000369e+00,1.973014424214595275e-01,1.006897533128991995e-07,4.176238594949912009e-01,1.997955654256771130e-01,-8.945882142109254920e-01
9.668000000000001037e+00,1.972381358279773345e-01,1.026345095578307109e-07,4.192741224161503633e-01,1.997955654256771130e-01,-8.947733141931747403e-01
9.669999999999999929e+00,1.971750483617834560e-01,1.036692220957036170e-07,4.208608973329899250e-01,1.997955654256771130e-01,-8.949584141754240996e-01
9.672000000000000597e+00,1.971122172999507649e-01,9.922139709850341660e-08,4.223824059231308659e-01,1.997955654256771130e-01,-8.951435141576733479e-01
9.674000000000001265e+00,1.970496876694024513e-01,9.203226525311691830e-08,4.238384560062095074e-01,1.997955654256771130e-01,-8.953286141399227072e-01
9.676000000000000156e+00,1.969875072164821717e-01,9.141334633699926826e-08,4.252293862565827420e-01,1.997955654256771130e-01,-8.955137141221720665e-01
9.678000000000000824e+00,1.969257135545814386e-01,9.884393548098557858e-08,4.265559091465649932e-01,1.997955654256771130e-01,-8.956988141044213148e-01
9.680000000000001492e+00,1.968643320726077839e-01,1.041207104979235964e-07,4.278165468346731282e-01,1.997955654256771130e-01,-8.958839140866706741e-01
9.681999999999998607e+00,1.968033894532934536e-01,1.002629584911929328e-07,4.290109203092907775e-01,1.997955654256771130e-01,-8.960690140689198113e-01
9.683999999999999275e+00,1.967429238070375064e-01,9.293909342122930184e-08,4.301390951468017643e-01,1.997955654256771130e-01,-8.962541140511691706e-01
9.685999999999999943e+00,1.966829785881690773e-01,9.022928404434082950e-08,4.312017341640581591e-01,1.997955654256771130e-01,-8.964392140334185299e-01
9.687999999999998835e+00,1.966235915789594779e-01,9.178732496284425224e-08,4.321975874809614870e-01,1.997955654256771130e-01,-8.966243140156677782e-01
9.689999999999999503e+00,1.965647934206865566e-01,9.384617905006109595e-08,4.331263416944166056e-01,1.997955654256771130e-01,-8.968094139979171375e-01
9.692000000000000171e+00,1.965066113002810200e-01,9.631051944847257573e-08,4.339882873011994269e-01,1.997955654256771130e-01,-8.969945139801664968e-01
9.693999999999999062e+00,1.964490705064787512e-01,9.846770221422218583e-08,4.347841659250891722e-01,1.997955654256771130e-01,-8.971796139624157451e-01
9.695999999999999730e+00,1.963921969723499972e-01,9.560945468667370051e-08,4.355127861143310297e-01,1.997955654256771130e-01,-8.973647139446651044e-01
9.698000000000000398e+00,1.963360233936946031e-01,8.753107827441652944e-08,4.361734135047943828e-01,1.997955654256771130e-01,-8.975498139269144637e-01
9.700000000000001066e+00,1.962805882505571642e-01,8.317308064498263320e-08,4.367663375822508076e-01,1.997955654256771130e-01,-8.977349139091637120e-01
9.701999999999999957e+00,1.962259240615193967e-01,8.871351697692375637e-08,4.372925137207188118e-01,1.997955654256771130e-01,-8.979200138914130713e-01
9.704000000000000625e+00,1.961720494046159668e-01,9.692550995143989212e-08,4.377513222569319185e-01,1.997955654256771130e-01,-8.981051138736624306e-01
9.706000000000001293e+00,1.961189780261750615e-01,9.694938662985208566e-08,4.381418916818148879e-01,1.997955654256771130e-01,-8.982902138559116789e-01
9.708000000000000185e+00,1.960667324779912235e-01,8.945073481925192027e-08,4.384643644400741391e-01,1.997955654256771130e-01,-8.984753138381610382e-01
9.710000000000000853e+00,1.960153447269841198e-01,8.357390290925081899e-08,4.387194152738629338e-01,1.997955654256771130e-01,-8.986604138204103975e-01
9.711999999999999744e+00,1.959648451993422080e-01,8.325142930587503542e-08,4.389067049382492369e-01,1.997955654256771130e-01,-8.988455138026595348e-01
9.713999999999998636e+00,1.959152566606569001e-01,8.557124142605232464e-08,4.390253556361293774e-01,1.997955654256771130e-01,-8.990306137849088941e-01
9.715999999999999304e+00,1.958665960469254674e-01,8.870789680592849891e-08,4.390757844751867478e-01,1.997955654256771130e-01,-8.992157137671581424e-01
9.717999999999999972e+00,1.958188772791700227e-01,9.201922812618335001e-08,4.390587031377256033e-01,1.997955654256771130e-01,-8.994008137494075017e-01
9.719999999999998863e+00,1.957721136978615162e-01,9.121844024573277920e-08,4.389739912033904234e-01,1.997955654256771130e-01,-8.995859137316568610e-01
9.721999999999999531e+00,1.957263239615365524e-01,8.354241742836165940e-08,4.388204066793107705e-01,1.997955654256771130e-01,-8.997710137139061093e-01
9.724000000000000199e+00,1.956815343197397805e-01,7.589742379021657825e-08,4.385982466689622439e-01,1.997955654256771130e-01,-8.999561136961554686e-01
9.725999999999999091e+00,1.956377697090113665e-01,7.787384692647947304e-08,4.383082630523927326e-01,1.997955654256771130e-01,-9.001412136784048279e-01
9.727999999999999758e+00,1.955950423558545648e-01,8.717400101776462407e-08,4.379509060481858174e-01,1.997955654256771130e-01,-9.003263136606540762e-01
9.730000000000000426e+00,1.955533542767576849e-01,9.167823356026616466e-08,4.375250266893647155e-01,1.997955654256771130e-01,-9.005114136429034355e-01
9.731999999999999318e+00,1.955127117117086977e-01,8.623338365598698374e-08,4.370308009801461280e-01,1.997955654256771130e-01,-9.006965136251527948e-01
9.733999999999999986e+00,1.954731318536141460e-01,7.807777735457932522e-08,4.364686813128199061e-01,1.997955654256771130e-01,-9.008816136074020431e-01
9.736000000000000654e+00,1.954346355136169500e-01,7.481032315848068492e-08,4.358392323060052420e-01,1.997955654256771130e-01,-9.010667135896514024e-01
9.738000000000001322e+00,1.953972374956299829e-01,7.627748466187966869e-08,4.351413974234119575e-01,1.997955654256771130e-01,-9.012518135719007617e-01
9.740000000000000213e+00,1.953609451342017689e-01,7.985558658774039031e-08,4.343755073276936995e-01,1.997955654256771130e-01,-9.014369135541500100e-01
9.742000000000000881e+00,1.953257608946220580e-01,8.427405662203568681e-08,4.335421510226035724e-01,1.997955654256771130e-01,-9.016220135363993693e-01
9.744000000000001549e+00,1.952916854480849507e-01,8.576703891538528524e-08,4.326420635283830807e-01,1.997955654256771130e-01,-9.018071135186487286e-01
9.745999999999998664e+00,1.952587230224095416e-01,7.973350313328353423e-08,4.316740842874287609e-01,1.997955654256771130e-01,-9.019922135008978659e-01
9.747999999999999332e+00,1.952268861728642113e-01,6.996985602025773687e-08,4.306382405296764748e-01,1.997955654256771130e-01,-9.021773134831471141e-01
9.750000000000000000e+00,1.951961904251756641e-01,6.747746006396937446e-08,4.295351213846154703e-01,1.997955654256771130e-01,-9.023624134653964735e-01
9.751999999999998892e+00,1.951666418891121468e-01,7.557716086292742830e-08,4.283658028938703843e-01,1.997955654256771130e-01,-9.025475134476458328e-01
9.753999999999999559e+00,1.951382335454721062e-01,8.391939743113141503e-08,4.271295159130943930e-01,1.997955654256771130e-01,-9.027326134298950810e-01
9.756000000000000227e+00,1.951109567028364022e-01,8.240128124281653754e-08,4.258261521643800229e-01,1.997955654256771130e-01,-9.029177134121444404e-01
9.757999999999999119e+00,1.950848125856835535e-01,7.378159150306373704e-08,4.244561253742137330e-01,1.997955654256771130e-01,-9.031028133943937997e-01
9.759999999999999787e+00,1.950598103618806922e-01,6.732248580831878826e-08,4.230203733498755225e-01,1.997955654256771130e-01,-9.032879133766430479e-01
9.762000000000000455e+00,1.950359570341687609e-01,6.667523710923717317e-08,4.215183470188367254e-01,1.997955654256771130e-01,-9.034730133588924073e-01
9.763999999999999346e+00,1.950132520003091674e-01,6.999126911377828719e-08,4.199499458413001873e-01,1.997955654256771130e-01,-9.036581133411417666e-01
9.766000000000000014e+00,1.949916878241094720e-01,7.527140322149961094e-08,4.183158268388477152e-01,1.997955654256771130e-01,-9.038432133233910148e-01
9.768000000000000682e+00,1.949712535664938073e-01,7.904980270367900630e-08,4.166169959296418535e-01,1.997955654256771130e-01,-9.040283133056403742e-01
9.770000000000001350e+00,1.949519400741126507e-01,7.564472548349243652e-08,4.148530496759479935e-01,1.997955654256771130e-01,-9.042134132878897335e-01
9.772000000000000242e+00,1.949337462233518004e-01,6.537267971395976929e-08,4.130235129019210749e-01,1.997955654256771130e-01,-9.043985132701389817e-01
9.774000000000000909e+00,1.949166772584706164e-01,5.849407047620047706e-08,4.111289996410236181e-01,1.997955654256771130e-01,-9.045836132523883411e-01
9.775999999999999801e+00,1.949007335449293166e-01,6.326518320332041867e-08,4.091706169826158090e-01,1.997955654256771130e-01,-9.047687132346374783e-01
9.777999999999998693e+00,1.948859020286763943e-01,7.369903443077419070e-08,4.071484928187112384e-01,1.997955654256771130e-01,-9.049538132168868376e-01
9.779999999999999361e+00,1.948721626331948453e-01,7.703892135335621560e-08,4.050621135821353969e-01,1.997955654256771130e-01,-9.051389131991361969e-01
9.782000000000000028e+00,1.948595015692113908e-01,7.020836745308400850e-08,4.029120080904336487e-01,1.997955654256771130e-01,-9.053240131813854452e-01
9.783999999999998920e+00,1.948479154440325711e-01,6.134568986126964774e-08,4.006990180051715478e-01,1.997955654256771130e-01,-9.055091131636348045e-01
9.785999999999999588e+00,1.948374035488278366e-01,5.763609622899679152e-08,3.984234647092608772e-01,1.997955654256771130e-01,-9.056942131458841638e-01
9.788000000000000256e+00,1.948279594767557965e-01,5.961436433388200840e-08,3.960848315157842192e-01,1.997955654256771130e-01,-9.058793131281334121e-01
9.789999999999999147e+00,1.948195688289264815e-01,6.519539041960342729e-08,3.936838585793483447e-01,1.997955654256771130e-01,-9.060644131103827714e-01
9.791999999999999815e+00,1.948122114672471428e-01,7.098370680136412147e-08,3.912214597451122433e-01,1.997955654256771130e-01,-9.062495130926321307e-01
9.794000000000000483e+00,1.948058670742541798e-01,7.080855024543808440e-08,3.886981666169136984e-01,1.997955654256771130e-01,-9.064346130748813790e-01
9.795999999999999375e+00,1.948005222543387482e-01,6.174392030988684610e-08,3.861132301706540204e-01,1.997955654256771130e-01,-9.066197130571307383e-01
9.798000000000000043e+00,1.947961723387962030e-01,5.150890625138515588e-08,3.834672188895271727e-01,1.997955654256771130e-01,-9.068048130393800976e-01
9.800000000000000711e+00,1.947928124597341215e-01,5.152622506443549355e-08,3.807610426719835184e-01,1.997955654256771130e-01,-9.069899130216293459e-01
9.802000000000001378e+00,1.947904265498395793e-01,6.164829258192838779e-08,3.779956532317451101e-01,1.997955654256771130e-01,-9.071750130038787052e-01
9.804000000000000270e+00,1.947889877954464000e-01,6.951939657273698003e-08,3.751704925535470636e-01,1.997955654256771130e-01,-9.073601129861280645e-01
9.806000000000000938e+00,1.947884706715322656e-01,6.651399342416652871e-08,3.722860416095959968e-01,1.997955654256771130e-01,-9.075452129683773128e-01
9.808000000000001606e+00,1.947888597647484676e-01,5.696367744167929459e-08,3.693430016753296297e-01,1.997955654256771130e-01,-9.077303129506266721e-01
9.809999999999998721e+00,1.947901469652822959e-01,4.997916014382042249e-08,3.663423312213494598e-01,1.997955654256771130e-01,-9.079154129328758094e-01
9.811999999999999389e+00,1.947923221489838985e-01,4.946026477270493160e-08,3.632835791088449562e-01,1.997955654256771130e-01,-9.081005129151251687e-01
9.814000000000000057e+00,1.947953675117606309e-01,5.442722883497452813e-08,3.601672954769853940e-01,1.997955654256771130e-01,-9.082856128973745280e-01
9.815999999999998948e+00,1.947992574848490532e-01,6.164777943684640604e-08,3.569943456772693424e-01,1.997955654256771130e-01,-9.084707128796237763e-01
9.817999999999999616e+00,1.948039638542832241e-01,6.485458559080115037e-08,3.537658140596884326e-01,1.997955654256771130e-01,-9.086558128618731356e-01
9.820000000000000284e+00,1.948094635711394851e-01,5.850391726625048250e-08,3.504812652583988442e-01,1.997955654256771130e-01,-9.088409128441224949e-01
9.821999999999999176e+00,1.948157434142534505e-01,4.663217623157578373e-08,3.471409535603048324e-01,1.997955654256771130e-01,-9.090260128263717432e-01
9.823999999999999844e+00,1.948227943218743263e-01,4.151392962725708458e-08,3.437457201375153648e-01,1.997955654256771130e-01,-9.092111128086211025e-01
9.826000000000000512e+00,1.948305998485548862e-01,4.888210247688817844e-08,3.402968355484790597e-01,1.997955654256771130e-01,-9.093962127908704618e-01
9.827999999999999403e+00,1.948391314156003862e-01,5.974288441734643129e-08,3.367942574759688057e-01,1.997955654256771130e-01,-9.095813127731197101e-01
9.830000000000000071e+00,1.948483566526320043e-01,6.176256672763003053e-08,3.332381625549809545e-01,1.997955654256771130e-01,-9.097664127553690694e-01
9.832000000000000739e+00,1.948582506464597852e-01,5.375072531510483032e-08,3.296292985490428262e-01,1.997955654256771130e-01,-9.099515127376183177e-01
9.833999999999999631e+00,1.948687984855378419e-01,4.424200428232438753e-08,3.259687635966739827e-01,1.997955654256771130e-01,-9.101366127198676770e-01
9.836000000000000298e+00,1.948799881268147294e-01,4.038208079037985954e-08,3.222566898709807726e-01,1.997955654256771130e-01,-9.103217127021170363e-01
9.838000000000000966e+00,1.948918019880730990e-01,4.356797789206723337e-08,3.184932280629533818e-01,1.997955654256771130e-01,-9.105068126843662846e-01
9.839999999999999858e+00,1.949042135665942643e-01,5.131615177234039038e-08,3.146793278240518910e-01,1.997955654256771130e-01,-9.106919126666155329e-01
9.841999999999998749e+00,1.949171909290260407e-01,5.758816190581939054e-08,3.108161442106057715e-01,1.997955654256771130e-01,-9.108770126488647811e-01
9.843999999999999417e+00,1.949307049428669059e-01,5.501050381884198259e-08,3.069039803959092150e-01,1.997955654256771130e-01,-9.110621126311141404e-01
9.846000000000000085e+00,1.949447361129156286e-01,4.353138294277414388e-08,3.029427133783178516e-01,1.997955654256771130e-01,-9.112472126133634998e-01
9.847999999999998977e+00,1.949592726492455075e-01,3.400268544506701573e-08,2.989332121048769997e-01,1.997955654256771130e-01,-9.114323125956127480e-01
9.849999999999999645e+00,1.949742999154024936e-01,3.674772586226282556e-08,2.948766502581608995e-01,1.997955654256771130e-01,-9.116174125778621073e-01
9.852000000000000313e+00,1.949897921895825670e-01,4.822419741312700125e-08,2.907737371485251132e-01,1.997955654256771130e-01,-9.118025125601114667e-01
9.853999999999999204e+00,1.950057158813558456e-01,5.524394552924860591e-08,2.866243929947805968e-01,1.997955654256771130e-01,-9.119876125423607149e-01
9.855999999999999872e+00,1.950220406636673509e-01,5.089291255089278820e-08,2.824294380687977224e-01,1.997955654256771130e-01,-9.121727125246100742e-01
9.858000000000000540e+00,1.950387464990764874e-01,4.051162361129456713e-08,2.781898419403502354e-01,1.997955654256771130e-01,-9.123578125068594336e-01
9.859999999999999432e+00,1.950558206510942805e-01,3.316173868839200622e-08,2.739064080552026659e-01,1.997955654256771130e-01,-9.125429124891086818e-01
9.862000000000000099e+00,1.950732487943179772e-01,3.340285903430384451e-08,2.695790674560478162e-01,1.997955654256771130e-01,-9.127280124713580411e-01
9.864000000000000767e+00,1.950910081077209535e-01,4.047680457475166804e-08,2.652087595319194691e-01,1.997955654256771130e-01,-9.129131124536074005e-01
9.865999999999999659e+00,1.951090677506273074e-01,4.904142636430464108e-08,2.607965393217736572e-01,1.997955654256771130e-01,-9.130982124358566487e-01
9.868000000000000327e+00,1.951273965619195749e-01,5.070638020576723193e-08,2.563433676832046482e-01,1.997955654256771130e-01,-9.132833124181060080e-01
9.870000000000000995e+00,1.951459718130118537e-01,4.156030586344172661e-08,2.518490754913824681e-01,1.997955654256771130e-01,-9.134684124003553674e-01
9.872000000000001663e+00,1.951647808019134622e-01,2.925099717998591586e-08,2.473144176955536788e-01,1.997955654256771130e-01,-9.136535123826046156e-01
9.873999999999998778e+00,1.951838125144698122e-01,2.651887376359240989e-08,2.427404198882654462e-01,1.997955654256771130e-01,-9.138386123648538639e-01
9.875999999999999446e+00,1.952030476325636865e-01,3.600611020448951649e-08,2.381282867977624618e-01,1.997955654256771130e-01,-9.140237123471031122e-01
9.878000000000000114e+00,1.952224569354040762e-01,4.673344122796407873e-08,2.334780697478417155e-01,1.997955654256771130e-01,-9.142088123293524715e-01
9.879999999999999005e+00,1.952420098070847265e-01,4.743782267002671915e-08,2.287904645539473036e-01,1.997955654256771130e-01,-9.143939123116018308e-01
9.881999999999999673e+00,1.952616837611276246e-01,3.837740003564960034e-08,2.240663777955366198e-01,1.997955654256771130e-01,-9.145790122938510791e-01
9.884000000000000341e+00,1.952814664804582989e-01,2.830221235150531811e-08,2.193069510259784416e-01,1.997955654256771130e-01,-9.147641122761004384e-01
9.885999999999999233e+00,1.953013487939130322e-01,2.479121874454648378e-08,2.145123329988925798e-01,1.997955654256771130e-01,-9.149492122583497977e-01
9.887999999999999901e+00,1.953213155790299860e-01,2.982275826290958776e-08,2.096832225307519448e-01,1.997955654256771130e-01,-9.151343122405990460e-01
9.890000000000000568e+00,1.953413419403157159e-01,3.949872406927568136e-08,2.048206654566596951e-01,1.997955654256771130e-01,-9.153194122228484053e-01
9.891999999999999460e+00,1.953613991218670076e-01,4.523401175848817957e-08,1.999258757265282849e-01,1.997955654256771130e-01,-9.155045122050977646e-01
9.894000000000000128e+00,1.953814644524284327e-01,3.993793407097712134e-08,1.949990810040539702e-01,1.997955654256771130e-01,-9.156896121873470129e-01
9.896000000000000796e+00,1.954015263241892786e-01,2.699938428385451061e-08,1.900407505122577445e-01,1.997955654256771130e-01,-9.158747121695963722e-01
9.897999999999999687e+00,1.954215788364892514e-01,1.911988622982363495e-08,1.850518860180424829e-01,1.997955654256771130e-01,-9.160598121518457315e-01
9.900000000000000355e+00,1.954416114416985817e-01,2.442722013551446025e-08,1.800337624934670033e-01,1.997955654256771130e-01,-9.162449121340949798e-01
9.902000000000001023e+00,1.954616038349649143e-01,3.661287351075515062e-08,1.749869130856648580e-01,1.997955654256771130e-01,-9.164300121163443391e-01
9.903999999999999915e+00,1.954815304174860602e-01,4.260233366082388784e-08,1.699117827252437096e-01,1.997955654256771130e-01,-9.166151120985934764e-01
9.905999999999998806e+00,1.955013699394718696e-01,3.703111406405668049e-08,1.648093298086309166e-01,1.997955654256771130e-01,-9.168002120808428357e-01
9.907999999999999474e+00,1.955211116114861092e-01,2.586784897395943972e-08,1.596806771536544434e-01,1.997955654256771130e-01,-9.169853120630920840e-01
9.910000000000000142e+00,1.955407523805642311e-01,1.849513908691591269e-08,1.545264613612092885e-01,1.997955654256771130e-01,-9.171704120453414433e-01
9.911999999999999034e+00,1.955602872597671515e-01,2.019859424162717687e-08,1.493470981552753318e-01,1.997955654256771130e-01,-9.173555120275908026e-01
9.913999999999999702e+00,1.955797017560895190e-01,2.949433097754194932e-08,1.441436645008676021e-01,1.997955654256771130e-01,-9.175406120098400509e-01
9.916000000000000369e+00,1.955989737990534438e-01,3.850817387185401230e-08,1.389173218627798023e-01,1.997955654256771130e-01,-9.177257119920894102e-01
9.917999999999999261e+00,1.956180841219452571e-01,3.793026837062285495e-08,1.336688401417608363e-01,1.997955654256771130e-01,-9.179108119743387695e-01
9.919999999999999929e+00,1.956370241967962942e-01,2.658748710082647904e-08,1.283984873171363783e-01,1.997955654256771130e-01,-9.180959119565880178e-01
9.922000000000000597e+00,1.956557942083571033e-01,1.494934276369264126e-08,1.231072446267025416e-01,1.997955654256771130e-01,-9.182810119388373771e-01
9.923999999999999488e+00,1.956743937010185785e-01,1.481486622267880193e-08,1.177962469454761490e-01,1.997955654256771130e-01,-9.184661119210867364e-01
9.926000000000000156e+00,1.956928142406237914e-01,2.581774105614442760e-08,1.124664969681366949e-01,1.997955654256771130e-01,-9.186512119033359847e-01
9.928000000000000824e+00,1.957110398427880371e-01,3.604371257015515084e-08,1.071183445924102362e-01,1.997955654256771130e-01,-9.188363118855853440e-01
9.929999999999999716e+00,1.957290544803723664e-01,3.549412330716705810e-08,1.017527378745742839e-01,1.997955654256771130e-01,-9.190214118678347033e-01
9.932000000000000384e+00,1.957468505195973929e-01,2.543293808887625573e-08,9.637068725652406243e-02,1.997955654256771130e-01,-9.192065118500839516e-01
9.934000000000001052e+00,1.957644309373924862e-01,1.498902080232511480e-08,9.097320648025236656e-02,1.997955654256771130e-01,-9.193916118323333109e-01
9.935999999999999943e+00,1.957818018642314417e-01,1.248972991696462032e-08,8.556066912408841207e-02,1.997955654256771130e-01,-9.195767118145826702e-01
9.937999999999998835e+00,1.957989619989399799e-01,1.977788610663111513e-08,8.013405656452199377e-02,1.997955654256771130e-01,-9.197618117968318074e-01
9.939999999999999503e+00,1.958158999765755581e-01,3.074618315501709276e-08,7.469444260762687915e-02,1.997955654256771130e-01,-9.199469117790811667e-01
9.942000000000000171e+00,1.958326029791288558e-01,3.499939860152068150e-08,6.924291895159775945e-02,1.997955654256771130e-01,-9.201320117613304150e-01
9.943999999999999062e+00,1.958490672272092947e-01,2.714365221478942658e-08,6.377985235150888943e-02,1.997955654256771130e-01,-9.203171117435797743e-01
9.945999999999999730e+00,1.958652995569010180e-01,1.384134851178941972e-08,5.830607910534379990e-02,1.997955654256771130e-01,-9.205022117258291336e-01
9.948000000000000398e+00,1.958813098063374447e-01,8.190145006636839753e-09,5.282263390653171853e-02,1.997955654256771130e-01,-9.206873117080783819e-01
9.949999999999999289e+00,1.958971026347454680e-01,1.562864382353978954e-08,4.733069446900560473e-02,1.997955654256771130e-01,-9.208724116903277412e-01
9.951999999999999957e+00,1.959126747286277226e-01,2.800758847065765167e-08,4.183079758873941428e-02,1.997955654256771130e-01,-9.210575116725771005e-01
9.954000000000000625e+00,1.959280190146763800e-01,3.291174643926808585e-08,3.632374573387552041e-02,1.997955654256771130e-01,-9.212426116548263488e-01
9.955999999999999517e+00,1.959431329466622129e-01,2.616786409781468592e-08,3.081051708961052293e-02,1.997955654256771130e-01,-9.214277116370757081e-01
9.958000000000000185e+00,1.959580249821970543e-01,1.430937524027342533e-08,2.529220795660382104e-02,1.997955654256771130e-01,-9.216128116193250674e-01
9.960000000000000853e+00,1.959727115594519509e-01,7.461326223534570090e-09,1.976941816918775796e-02,1.997955654256771130e-01,-9.217979116015743157e-01
9.961999999999999744e+00,1.959872057025666692e-01,1.124129789253913714e-08,1.424292672949985239e-02,1.997955654256771130e-01,-9.219830115838236750e-01
9.964000000000000412e+00,1.960015094516969203e-01,2.245742514173088011e-08,8.713781649799023921e-03,1.997955654256771130e-01,-9.221681115660730343e-01
9.966000000000001080e+00,1.960156191022326411e-01,3.090105904490769717e-08,3.183096677619907944e-03,1.997955654256771130e-01,-9.223532115483222826e-01
9.967999999999999972e+00,1.960295368883748779e-01,2.779137453501334676e-08,2.348457520125336873e-03,1.997955654256771130e-01,-9.225383115305715309e-01
9.969999999999998863e+00,1.960432761943745605e-01,1.516132119849800119e-08,7.880222801429581647e-03,1.997955654256771130e-01,-9.227234115128207792e-01
9.971999999999999531e+00,1.960568564797635638e-01,5.061260965888436658e-09,1.341120152115927999e-02,1.997955654256771130e-01,-9.229085114950701385e-01
9.974000000000000199e+00,1.960702950465895711e-01,7.370885679591765438e-09,1.894029398770760014e-02,1.997955654256771130e-01,-9.230936114773194978e-01
9.975999999999999091e+00,1.960836024265839583e-01,1.930612192335701138e-08,2.446667550926539397e-02,1.997955654256771130e-01,-9.232787114595687461e-01
9.977999999999999758e+00,1.960967830296248549e-01,2.882823779692955668e-08,2.998967891433521743e-02,1.997955654256771130e-01,-9.234638114418181054e-01
9.980000000000000426e+00,1.961098414292214986e-01,2.704946844289679575e-08,3.550833409106549793e-02,1.997955654256771130e-01,-9.236489114240674647e-01
9.981999999999999318e+00,1.961227909924087021e-01,1.600186683159421364e-08,4.102163678159462951e-02,1.997955654256771130e-01,-9.238340114063167130e-01
9.983999999999999986e+00,1.961356561892689809e-01,5.579896544816165260e-09,4.652873343712142507e-02,1.997955654256771130e-01,-9.240191113885660723e-01
9.986000000000000654e+00,1.961484633673848954e-01,4.801536057641442312e-09,5.202896515572283387e-02,1.997955654256771130e-01,-9.242042113708153206e-01
9.987999999999999545e+00,1.961612292740780861e-01,1.439318819684842765e-08,5.752133521437619024e-02,1.997955654256771130e-01,-9.243893113530646799e-01
9.990000000000000213e+00,1.961739610297615899e-01,2.572712787252129374e-08,6.300483441478686719e-02,1.997955654256771130e-01,-9.245744113353140392e-01
9.992000000000000881e+00,1.961866675898555901e-01,2.782650798671681969e-08,6.847856083892586709e-02,1.997955654256771130e-01,-9.247595113175632875e-01
9.993999999999999773e+00,1.961993682243180492e-01,1.799467364005380432e-08,7.394189188399576118e-02,1.997955654256771130e-01,-9.249446112998126468e-01
9.996000000000000441e+00,1.962120905013847727e-01,5.352287946180922518e-09,7.939390208856321463e-02,1.997955654256771130e-01,-9.251297112820620061e-01
9.998000000000001108e+00,1.962248626277870445e-01,2.109550978346419470e-09,8.483361959148411069e-02,1.997955654256771130e-01,-9.253148112643112544e-01
1.000000000000000000e+01,1.962377080213820735e-01,1.113364023197505048e-08,9.026008327565987477e-02,1.997955654256771130e-01,-9.254999112465606137e-01
