t_over_Tfast,virtual_population_bare,virtual_population_dressed,A_population_bare,A_population_dressed
0.000000000000000000e+00,5.770531901053988798e-35,9.040362169163116161e-04,1.000000000000000888e+00,9.990959637830840734e-01
3.333333333333333981e-03,3.961908457062432046e-07,9.040351462408885127e-04,9.999996038091546469e-01,9.990959648518425995e-01
6.666666666666667962e-03,1.584588658656752692e-06,9.040319346868213408e-04,9.999984154113421564e-01,9.990959680576463331e-01
1.000000000000000194e-02,3.564669343399761655e-06,9.040265836705112766e-04,9.999964353306572962e-01,9.990959733990776304e-01
1.333333333333333592e-02,6.335559664324651807e-06,9.040190955519308890e-04,9.999936644403362163e-01,9.990959808737782666e-01
1.666666666666666990e-02,9.896037630756539458e-06,9.040094736335876425e-04,9.999901039623696475e-01,9.990959904784445511e-01
2.000000000000000389e-02,1.424453303585094648e-05,9.039977221590609832e-04,9.999857554669643322e-01,9.990960022088336556e-01
2.333333333333333787e-02,1.937912814905094313e-05,9.039838463111363187e-04,9.999806208718501344e-01,9.990960160597636142e-01
2.666666666666667185e-02,2.529755856180142083e-05,9.039678522095152911e-04,9.999747024414363805e-01,9.990960320251154325e-01
3.000000000000000583e-02,3.199721418614753581e-05,9.039497469081183905e-04,9.999680027858091069e-01,9.990960500978341985e-01
3.333333333333333981e-02,3.947514040577714423e-05,9.039295383919726447e-04,9.999605248595847540e-01,9.990960702699361873e-01
3.666666666666667379e-02,4.772803937899938427e-05,9.039072355736902384e-04,9.999522719606034338e-01,9.990960925325088615e-01
4.000000000000000777e-02,5.675227149308529815e-05,9.038828482895377384e-04,9.999432477284770915e-01,9.990961168757165334e-01
4.333333333333334175e-02,6.654385696932874116e-05,9.038563872950953820e-04,9.999334561429821244e-01,9.990961432888048055e-01
4.666666666666667573e-02,7.709847761812011564e-05,9.038278642605159690e-04,9.999229015223051187e-01,9.990961717601035685e-01
5.000000000000000971e-02,8.841147874325932772e-05,9.037972917653753352e-04,9.999115885211410371e-01,9.990962022770347728e-01
5.333333333333334370e-02,1.004778711946669785e-04,9.037646832931239479e-04,9.998995221286340884e-01,9.990962348261150927e-01
5.666666666666667768e-02,1.132923335685906354e-04,9.037300532251412496e-04,9.998867076661850373e-01,9.990962693929638094e-01
6.000000000000001166e-02,1.268492145543343732e-04,9.036934168343900391e-04,9.998731507850990852e-01,9.990963059623085840e-01
6.333333333333333870e-02,1.411425354264775128e-04,9.036547902786829260e-04,9.998588574640941973e-01,9.990963445179936731e-01
6.666666666666667962e-02,1.561659926814833665e-04,9.036141905935510992e-04,9.998438340066674312e-01,9.990963850429829263e-01
7.000000000000000666e-02,1.719129608175356443e-04,9.035716356847350340e-04,9.998280870383111640e-01,9.990964275193728872e-01
7.333333333333334758e-02,1.883764952563767622e-04,9.035271443202849955e-04,9.998116235035943156e-01,9.990964719283954576e-01
7.666666666666667462e-02,2.055493354058583267e-04,9.034807361222809861e-04,9.997944506630959127e-01,9.990965182504308872e-01
8.000000000000001554e-02,2.234239078618571349e-04,9.034324315581815715e-04,9.997765760902077581e-01,9.990965664650115485e-01
8.333333333333334259e-02,2.419923297481386623e-04,9.033822519317929100e-04,9.997580076677913263e-01,9.990966165508355923e-01
8.666666666666668351e-02,2.612464121927018717e-04,9.033302193738745748e-04,9.997387535847008788e-01,9.990966684857722768e-01
9.000000000000001055e-02,2.811776639390681882e-04,9.032763568323779390e-04,9.997188223321740175e-01,9.990967222468761788e-01
9.333333333333335147e-02,3.017772950909225981e-04,9.032206880623229808e-04,9.996982227000855703e-01,9.990967778103925223e-01
9.666666666666667851e-02,3.230362209884586676e-04,9.031632376153225046e-04,9.996769637730732461e-01,9.990968351517718338e-01
1.000000000000000194e-01,3.449450662147138724e-04,9.031040308287523709e-04,9.996550549265258434e-01,9.990968942456766033e-01
1.033333333333333465e-01,3.674941687301314314e-04,9.030430938145774921e-04,9.996325058224562188e-01,9.990969550659976051e-01
1.066666666666666874e-01,3.906735841335255309e-04,9.029804534478316422e-04,9.996093264052328120e-01,9.990970175858606694e-01
1.100000000000000006e-01,4.144730900475699872e-04,9.029161373547668016e-04,9.995855268971997054e-01,9.990970817776402280e-01
1.133333333333333554e-01,4.388821906268762399e-04,9.028501739006666166e-04,9.995611177941634562e-01,9.990971476129726359e-01
1.166666666666666963e-01,4.638901211866737657e-04,9.027825921773366576e-04,9.995361098607700168e-01,9.990972150627686066e-01
1.200000000000000233e-01,4.894858529500514159e-04,9.027134219902725612e-04,9.995105141257510928e-01,9.990972840972222047e-01
1.233333333333333365e-01,5.156580979116670571e-04,9.026426938455132118e-04,9.994843418770656962e-01,9.990973546858290533e-01
1.266666666666666774e-01,5.423953138157792302e-04,9.025704389361882858e-04,9.994576046569171313e-01,9.990974267973987688e-01
1.300000000000000322e-01,5.696857092464062931e-04,9.024966891287564737e-04,9.994303142566675069e-01,9.990975004000650639e-01
1.333333333333333592e-01,5.975172488273708090e-04,9.024214769489538948e-04,9.994024827116335663e-01,9.990975754613040660e-01
1.366666666666666863e-01,6.258776585299312672e-04,9.023448355674478253e-04,9.993741222957825965e-01,9.990976519479460860e-01
1.400000000000000133e-01,6.547544310856655498e-04,9.022667987852057156e-04,9.993452455163144288e-01,9.990977298261919382e-01
1.433333333333333681e-01,6.841348315022171027e-04,9.021874010185860007e-04,9.993158651081508470e-01,9.990978090616274843e-01
1.466666666666666952e-01,7.140059026794682608e-04,9.021066772841625225e-04,9.992859940283159714e-01,9.990978896192359571e-01
1.500000000000000222e-01,7.443544711236751424e-04,9.020246631832774678e-04,9.992556454502239394e-01,9.990979714634184994e-01
1.533333333333333492e-01,7.751671527570267546e-04,9.019413948863396271e-04,9.992248327578663325e-01,9.990980545580049332e-01
1.566666666666667040e-01,8.064303588200845549e-04,9.018569091168725281e-04,9.991935695399134509e-01,9.990981388662748541e-01
1.600000000000000311e-01,8.381303018644849874e-04,9.017712431353172142e-04,9.991618695837195530e-01,9.990982243509685112e-01
1.633333333333333581e-01,8.702530018332775390e-04,9.016844347225991003e-04,9.991297468692411643e-01,9.990983109743060142e-01
1.666666666666666852e-01,9.027842922261982176e-04,9.015965221634632439e-04,9.990972155628748963e-01,9.990983986980034315e-01
1.700000000000000400e-01,9.357098263471771635e-04,9.015075442295919072e-04,9.990642900112063352e-01,9.990984874832917750e-01
1.733333333333333670e-01,9.690150836313114486e-04,9.014175401625024609e-04,9.990309847346856564e-01,9.990985772909302121e-01
1.766666666666666663e-01,1.002685376048530544e-03,9.013265496562416742e-04,9.989973144212219713e-01,9.990986680812258269e-01
1.800000000000000211e-01,1.036705854581107880e-03,9.012346128398778010e-04,9.989632939197085060e-01,9.990987598140509407e-01
1.833333333333333759e-01,1.071061515772176159e-03,9.011417702598032570e-04,9.989289382334706202e-01,9.990988524488603195e-01
1.866666666666667029e-01,1.105737208342365361e-03,9.010480628618513545e-04,9.988942625136509879e-01,9.990989459447103815e-01
1.900000000000000022e-01,1.140717639871627548e-03,9.009535319732397832e-04,9.988592820525276084e-01,9.990990402602737408e-01
1.933333333333333570e-01,1.175987383543306789e-03,9.008582192843409431e-04,9.988240122767705342e-01,9.990991353538617448e-01
1.966666666666667118e-01,1.211530884947499770e-03,9.007621668302981041e-04,9.987884687406360928e-01,9.990992311834412387e-01
2.000000000000000389e-01,1.247332468940673920e-03,9.006654169724845728e-04,9.987526671191097050e-01,9.990993277066506639e-01
2.033333333333333381e-01,1.283376346558549354e-03,9.005680123798214800e-04,9.987166232009910827e-01,9.990994248808231504e-01
2.066666666666666929e-01,1.319646621979171782e-03,9.004699960099603676e-04,9.986803528819341302e-01,9.990995226630017267e-01
2.100000000000000477e-01,1.356127299533122854e-03,9.003714110903383817e-04,9.986438721574315558e-01,9.990996210099601926e-01
2.133333333333333748e-01,1.392802290757765363e-03,9.002723010991121443e-04,9.986071971157673977e-01,9.990997198782211042e-01
2.166666666666666741e-01,1.429655421492417085e-03,9.001727097459824448e-04,9.985703439309152607e-01,9.990998192240762021e-01
2.200000000000000011e-01,1.466670439011332708e-03,9.000726809529223296e-04,9.985333288554110176e-01,9.990999190036045086e-01
2.233333333333333837e-01,1.503831019191326007e-03,8.999722588347983977e-04,9.984961682131803240e-01,9.991000191726923108e-01
2.266666666666667107e-01,1.541120773710886582e-03,8.998714876799241173e-04,9.984588783923438182e-01,9.991001196870514800e-01
2.300000000000000100e-01,1.578523257277630269e-03,8.997704119305204419e-04,9.984214758379871268e-01,9.991002205022405658e-01
2.333333333333333925e-01,1.616021974880859887e-03,8.996690761631212421e-04,9.983839770449098872e-01,9.991003215736848908e-01
2.366666666666667196e-01,1.653600389066070889e-03,8.995675250689119488e-04,9.983463985503494564e-01,9.991004228566933154e-01
2.400000000000000466e-01,1.691241927228175328e-03,8.994658034340201683e-04,9.983087569266898553e-01,9.991005243064804420e-01
2.433333333333333459e-01,1.728929988920237725e-03,8.993639561197669385e-04,9.982710687741519484e-01,9.991006258781865990e-01
2.466666666666666730e-01,1.766647953174490387e-03,8.992620280428774383e-04,9.982333507134729667e-01,9.991007275268942722e-01
2.500000000000000555e-01,1.804379185832411144e-03,8.991600641556781424e-04,9.981956193785771481e-01,9.991008292076529740e-01
2.533333333333333548e-01,1.842107046880616739e-03,8.990581094262686075e-04,9.981578914092390509e-01,9.991009308754947860e-01
2.566666666666667096e-01,1.879814897789349641e-03,8.989562088186918475e-04,9.981201834437447573e-01,9.991010324854561198e-01
2.600000000000000644e-01,1.917486108850317795e-03,8.988544072731043848e-04,9.980825121115566301e-01,9.991011339925978119e-01
2.633333333333333637e-01,1.955104066510641656e-03,8.987527496859563838e-04,9.980448940259775137e-01,9.991012353520235534e-01
2.666666666666667185e-01,1.992652180699694495e-03,8.986512808901959623e-04,9.980073457768227074e-01,9.991013365189008733e-01
2.700000000000000178e-01,2.030113892145574920e-03,8.985500456354922599e-04,9.979698839231088137e-01,9.991014374484803451e-01
2.733333333333333726e-01,2.067472679678026854e-03,8.984490885685056686e-04,9.979325249857455837e-01,9.991015380961166814e-01
2.766666666666667274e-01,2.104712067514542470e-03,8.983484542131976378e-04,9.978952854402522998e-01,9.991016384172853870e-01
2.800000000000000266e-01,2.141815632526452261e-03,8.982481869511914352e-04,9.978581817094936968e-01,9.991017383676055186e-01
2.833333333333333814e-01,2.178767011481821426e-03,8.981483310022070690e-04,9.978212301564339803e-01,9.991018379028577812e-01
2.866666666666667362e-01,2.215549908261914280e-03,8.980489304045549724e-04,9.977844470769224872e-01,9.991019369790037352e-01
2.900000000000000355e-01,2.252148101048073378e-03,8.979500289957178345e-04,9.977478486925066559e-01,9.991020355522061136e-01
2.933333333333333903e-01,2.288545449475842732e-03,8.978516703930178658e-04,9.977114511432795263e-01,9.991021335788483615e-01
2.966666666666666896e-01,2.324725901753167505e-03,8.977538979743813173e-04,9.976752704807594352e-01,9.991022310155521780e-01
3.000000000000000444e-01,2.360673501739534667e-03,8.976567548592109856e-04,9.976393226608117892e-01,9.991023278191988322e-01
3.033333333333333992e-01,2.396372395982942962e-03,8.975602838893696322e-04,9.976036235366151361e-01,9.991024239469463719e-01
3.066666666666666985e-01,2.431806840711582714e-03,8.974645276102858086e-04,9.975681888516656493e-01,9.991025193562493856e-01
3.100000000000000533e-01,2.466961208777156307e-03,8.973695282521944490e-04,9.975330342328373456e-01,9.991026140048773208e-01
3.133333333333334081e-01,2.501819996546764124e-03,8.972753277115120109e-04,9.974981751834878230e-01,9.991027078509343573e-01
3.166666666666667074e-01,2.536367830740328833e-03,8.971819675323626465e-04,9.974636270766251700e-01,9.991028008528766158e-01
3.200000000000000622e-01,2.570589475210537014e-03,8.970894888882547519e-04,9.974294051481231715e-01,9.991028929695298100e-01
3.233333333333333615e-01,2.604469837662291842e-03,8.969979325639254597e-04,9.973955244900066797e-01,9.991029841601092309e-01
3.266666666666667163e-01,2.637993976308755130e-03,8.969073389373571946e-04,9.973620000437928290e-01,9.991030743842371775e-01
3.300000000000000711e-01,2.671147106460993251e-03,8.968177479619678094e-04,9.973288465939043057e-01,9.991031636019606088e-01
3.333333333333333703e-01,2.703914607048358166e-03,8.967291991489934923e-04,9.972960787611472311e-01,9.991032517737673535e-01
3.366666666666667251e-01,2.736282027066704817e-03,8.966417315500667222e-04,9.972637109962636526e-01,9.991033388606057608e-01
3.400000000000000799e-01,2.768235091951618161e-03,8.965553837399928500e-04,9.972317575735607509e-01,9.991034248239011317e-01
3.433333333333333792e-01,2.799759709873816602e-03,8.964701937997376652e-04,9.972002325846138771e-01,9.991035096255730386e-01
3.466666666666667340e-01,2.830841977953993567e-03,8.963861992996387425e-04,9.971691499320486374e-01,9.991035932280498688e-01
3.500000000000000333e-01,2.861468188394304321e-03,8.963034372828362299e-04,9.971385233234199008e-01,9.991036755942886982e-01
3.533333333333333326e-01,2.891624834523839113e-03,8.962219442489324046e-04,9.971083662651551993e-01,9.991037566877896126e-01
3.566666666666667429e-01,2.921298616755388204e-03,8.961417561379048232e-04,9.970786920566054867e-01,9.991038364726122500e-01
3.600000000000000422e-01,2.950476448450891059e-03,8.960629083142485638e-04,9.970495137841781652e-01,9.991039149133926767e-01
3.633333333333333970e-01,2.979145461692971932e-03,8.959854355513887595e-04,9.970208443155657019e-01,9.991039919753565979e-01
3.666666666666667518e-01,3.007293012960001854e-03,8.959093720163390298e-04,9.969926962940692805e-01,9.991040676243365670e-01
3.700000000000000511e-01,3.034906688702225866e-03,8.958347512546406110e-04,9.969650821330269252e-01,9.991041418267874175e-01
3.733333333333334059e-01,3.061974310816447959e-03,8.957616061755650566e-04,9.969380140103359933e-01,9.991042145497994742e-01
3.766666666666667052e-01,3.088483942016889347e-03,8.956899690376043596e-04,9.969115038630839143e-01,9.991042857611139860e-01
3.800000000000000044e-01,3.114423891099849136e-03,8.956198714342434013e-04,9.968855633822835127e-01,9.991043554291362261e-01
3.833333333333334147e-01,3.139782718099831151e-03,8.955513442800299047e-04,9.968602040077171322e-01,9.991044235229529225e-01
3.866666666666667140e-01,3.164549239334863567e-03,8.954844177969395079e-04,9.968354369228923373e-01,9.991044900123404737e-01
3.900000000000000688e-01,3.188712532338816488e-03,8.954191215010492933e-04,9.968112730501086372e-01,9.991045548677838228e-01
3.933333333333334236e-01,3.212261940678499614e-03,8.953554841895219408e-04,9.967877230456431148e-01,9.991046180604845617e-01
3.966666666666667229e-01,3.235187078653433638e-03,8.952935339279061416e-04,9.967647972950463009e-01,9.991046795623775845e-01
4.000000000000000777e-01,3.257477835876236225e-03,8.952332980377594555e-04,9.967425059085696093e-01,9.991047393461401915e-01
4.033333333333333770e-01,3.279124381731579954e-03,8.951748030846007646e-04,9.967208587166987988e-01,9.991047973852069664e-01
4.066666666666666763e-01,3.300117169711769792e-03,8.951180748661948178e-04,9.966998652658228819e-01,9.991048536537794345e-01
4.100000000000000866e-01,3.320446941627018880e-03,8.950631384011746138e-04,9.966795348140239375e-01,9.991049081268401633e-01
4.133333333333333859e-01,3.340104731688567363e-03,8.950100179180108364e-04,9.966598763269944872e-01,9.991049607801590904e-01
4.166666666666667407e-01,3.359081870462858350e-03,8.949587368443233555e-04,9.966408984740814381e-01,9.991050115903084006e-01
4.200000000000000955e-01,3.377369988695003329e-03,8.949093177965539853e-04,9.966226096244652499e-01,9.991050605346724067e-01
4.233333333333333948e-01,3.394961020999853057e-03,8.948617825699891129e-04,9.966050178434667783e-01,9.991051075914541002e-01
4.266666666666667496e-01,3.411847209419084908e-03,8.948161521291503068e-04,9.965881308889945611e-01,9.991051527396895837e-01
4.300000000000001044e-01,3.428021106842673443e-03,8.947724465985481320e-04,9.965719562081174487e-01,9.991051959592540666e-01
4.333333333333333481e-01,3.443475580293284006e-03,8.947306852538054614e-04,9.965565009337861158e-01,9.991052372308710794e-01
4.366666666666667584e-01,3.458203814072135195e-03,8.946908865131602585e-04,9.965417718816846904e-01,9.991052765361232435e-01
4.400000000000000022e-01,3.472199312764904719e-03,8.946530679293393734e-04,9.965277755472256027e-01,9.991053138574562675e-01
4.433333333333333570e-01,3.485455904106417487e-03,8.946172461818197247e-04,9.965145181026836552e-01,9.991053491781918261e-01
4.466666666666667673e-01,3.497967741702782355e-03,8.945834370694707950e-04,9.965020053944764200e-01,9.991053824825293361e-01
4.500000000000000111e-01,3.509729307609836969e-03,8.945516555035890657e-04,9.964902429405849693e-01,9.991054137555582804e-01
4.533333333333334214e-01,3.520735414766715428e-03,8.945219155013185361e-04,9.964792359281205991e-01,9.991054429832617600e-01
4.566666666666667762e-01,3.530981209283507068e-03,8.944942301794715301e-04,9.964689892110348834e-01,9.991054701525212689e-01
4.600000000000000200e-01,3.540462172581955967e-03,8.944686117487416583e-04,9.964595073079838272e-01,9.991054952511267961e-01
4.633333333333334303e-01,3.549174123388298269e-03,8.944450715083201043e-04,9.964507944003303530e-01,9.991055182677790469e-01
4.666666666666667851e-01,3.557113219577324407e-03,8.944236198409103540e-04,9.964428543303043284e-01,9.991055391920945494e-01
4.700000000000000289e-01,3.564275959866870444e-03,8.944042662081496103e-04,9.964356905993055902e-01,9.991055580146122050e-01
4.733333333333334392e-01,3.570659185361993015e-03,8.943870191464335304e-04,9.964293063663598460e-01,9.991055747267947318e-01
4.766666666666666829e-01,3.576260080948130519e-03,8.943718862631552368e-04,9.964237044467266768e-01,9.991055893210351035e-01
4.800000000000000933e-01,3.581076176532661196e-03,8.943588742333447245e-04,9.964188873106581967e-01,9.991056017906579934e-01
4.833333333333334481e-01,3.585105348134267830e-03,8.943479887967263359e-04,9.964148570823070372e-01,9.991056121299225490e-01
4.866666666666666918e-01,3.588345818819705345e-03,8.943392347551876913e-04,9.964116155387942042e-01,9.991056203340279440e-01
4.900000000000001021e-01,3.590796159487456059e-03,8.943326159706588806e-04,9.964091641094203755e-01,9.991056263991114905e-01
4.933333333333333459e-01,3.592455289498002868e-03,8.943281353634088566e-04,9.964075038750392910e-01,9.991056303222518586e-01
4.966666666666667007e-01,3.593322477150447981e-03,8.943257949107582703e-04,9.964066355675795794e-01,9.991056321014731845e-01
5.000000000000001110e-01,3.593397340005181906e-03,8.943255956462031102e-04,9.964065595697209066e-01,9.991056317357410732e-01
5.033333333333334103e-01,3.592679845052564481e-03,8.943275376589608552e-04,9.964072759147277747e-01,9.991056292249654858e-01
5.066666666666667096e-01,3.591170308727468802e-03,8.943316200939281906e-04,9.964087842864334243e-01,9.991056245700021821e-01
5.100000000000001199e-01,3.588869396769735296e-03,8.943378411520570099e-04,9.964110840193783902e-01,9.991056177726492793e-01
5.133333333333334192e-01,3.585778123930532472e-03,8.943461980911460987e-04,9.964141740991059315e-01,9.991056088356494724e-01
5.166666666666667185e-01,3.581897853524841635e-03,8.943566872270508877e-04,9.964180531626067872e-01,9.991055977626855933e-01
5.200000000000001288e-01,3.577230296830167470e-03,8.943693039353046602e-04,9.964227194989240255e-01,9.991055845583829420e-01
5.233333333333334281e-01,3.571777512331815799e-03,8.943840426531575027e-04,9.964281710499042211e-01,9.991055692283029588e-01
5.266666666666667274e-01,3.565541904815035159e-03,8.944008968820287703e-04,9.964344054111060611e-01,9.991055517789448892e-01
5.300000000000000266e-01,3.558526224304428120e-03,8.944198591903700308e-04,9.964414198328617189e-01,9.991055322177390119e-01
5.333333333333334370e-01,3.550733564851094645e-03,8.944409212169417405e-04,9.964492112214882180e-01,9.991055105530469715e-01
5.366666666666667362e-01,3.542167363168060440e-03,8.944640736744996403e-04,9.964577761406515632e-01,9.991054867941554507e-01
5.400000000000000355e-01,3.532831397114576197e-03,8.944893063538881606e-04,9.964671108128847488e-01,9.991054609512725060e-01
5.433333333333334458e-01,3.522729784029960363e-03,8.945166081285411616e-04,9.964772111212497618e-01,9.991054330355256807e-01
5.466666666666667451e-01,3.511866978917719227e-03,8.945459669593870808e-04,9.964880726111555731e-01,9.991054030589522350e-01
5.500000000000000444e-01,3.500247772480759648e-03,8.945773699001582707e-04,9.964996904923227872e-01,9.991053710344994787e-01
5.533333333333334547e-01,3.487877289008525349e-03,8.946108031030963964e-04,9.965120596408955089e-01,9.991053369760136693e-01
5.566666666666667540e-01,3.474760984117032572e-03,8.946462518250601799e-04,9.965251746017004253e-01,9.991053008982372363e-01
5.600000000000000533e-01,3.460904642342779551e-03,8.946837004340251918e-04,9.965390295906526585e-01,9.991052628168024530e-01
5.633333333333334636e-01,3.446314374591572405e-03,8.947231324159726556e-04,9.965536184973085021e-01,9.991052227482225545e-01
5.666666666666667629e-01,3.430996615443443996e-03,8.947645303821768039e-04,9.965689348875579334e-01,9.991051807098854098e-01
5.700000000000000622e-01,3.414958120314792039e-03,8.948078760768661761e-04,9.965849720064616779e-01,9.991051367200460831e-01
5.733333333333334725e-01,3.398205962479056586e-03,8.948531503852772892e-04,9.966017227812336010e-01,9.991050907978183959e-01
5.766666666666667718e-01,3.380747529947169400e-03,8.949003333420801898e-04,9.966191798243553279e-01,9.991050429631687102e-01
5.800000000000000711e-01,3.362590522209231957e-03,8.949494041401829343e-04,9.966373354368374127e-01,9.991049932369010511e-01
5.833333333333333703e-01,3.343742946838814192e-03,8.950003411399071922e-04,9.966561816116122907e-01,9.991049416406559969e-01
5.866666666666667806e-01,3.324213115961369321e-03,8.950531218785266231e-04,9.966757100370695621e-01,9.991048881968945805e-01
5.900000000000000799e-01,3.304009642588345494e-03,8.951077230801748582e-04,9.966959121007157307e-01,9.991048329288921837e-01
5.933333333333333792e-01,3.283141436818595021e-03,8.951641206661106178e-04,9.967167788929757188e-01,9.991047758607265461e-01
5.966666666666667895e-01,3.261617701908766428e-03,8.952222897653289071e-04,9.967383012111213914e-01,9.991047170172677738e-01
6.000000000000000888e-01,3.239447930214395428e-03,8.952822047255350928e-04,9.967604695633304202e-01,9.991046564241672368e-01
6.033333333333333881e-01,3.216641899003515846e-03,8.953438391244516147e-04,9.967832741728727131e-01,9.991045941078460224e-01
6.066666666666667984e-01,3.193209666144593284e-03,8.954071657814735921e-04,9.968067049824191894e-01,9.991045300954838337e-01
6.100000000000000977e-01,3.169161565670737448e-03,8.954721567696484995e-04,9.968307516584796746e-01,9.991044644150066656e-01
6.133333333333333970e-01,3.144508203222092652e-03,8.955387834279976899e-04,9.968554035959595883e-01,9.991043970950738151e-01
6.166666666666668073e-01,3.119260451368464741e-03,8.956070163741507119e-04,9.968806499228372031e-01,9.991043281650674457e-01
6.200000000000001066e-01,3.093429444814219283e-03,8.956768255173044521e-04,9.969064795049561445e-01,9.991042576550753784e-01
6.233333333333334059e-01,3.067026575487569531e-03,8.957481800714905181e-04,9.969328809509372391e-01,9.991041855958835427e-01
6.266666666666668162e-01,3.040063487516436042e-03,8.958210485691536773e-04,9.969598426172040506e-01,9.991041120189582125e-01
6.300000000000001155e-01,3.012552072093071034e-03,8.958953988750284524e-04,9.969873526131121100e-01,9.991040369564332391e-01
6.333333333333334147e-01,2.984504462229729989e-03,8.959711982003058491e-04,9.970153988061994932e-01,9.991039604410950625e-01
6.366666666666667140e-01,2.955933027407701107e-03,8.960484131171005161e-04,9.970439688275327672e-01,9.991038825063707218e-01
6.400000000000001243e-01,2.926850368122034529e-03,8.961270095731851612e-04,9.970730500771631810e-01,9.991038031863110902e-01
6.433333333333334236e-01,2.897269310324415963e-03,8.962069529070117386e-04,9.971026297296829988e-01,9.991037225155763313e-01
6.466666666666667229e-01,2.867202899766586877e-03,8.962882078629952299e-04,9.971326947398815310e-01,9.991036405294196898e-01
6.500000000000001332e-01,2.836664396246837017e-03,8.963707386070632723e-04,9.971632318484997537e-01,9.991035572636736140e-01
6.533333333333334325e-01,2.805667267762126244e-03,8.964545087424559107e-04,9.971942275880738560e-01,9.991034727547336569e-01
6.566666666666667318e-01,2.774225184568349274e-03,8.965394813257797054e-04,9.972256682888797075e-01,9.991033870395408245e-01
6.600000000000001421e-01,2.742352013151429582e-03,8.966256188832986279e-04,9.972575400849561511e-01,9.991033001555675863e-01
6.633333333333334414e-01,2.710061810111877908e-03,8.967128834274610974e-04,9.972898289202242195e-01,9.991032121407994460e-01
6.666666666666667407e-01,2.677368815965481662e-03,8.968012364736526387e-04,9.973225205546822902e-01,9.991031230337185098e-01
6.700000000000001510e-01,2.644287448862928970e-03,8.968906390571683082e-04,9.973556005706891714e-01,9.991030328732878329e-01
6.733333333333334503e-01,2.610832298231060937e-03,8.969810517503958892e-04,9.973890543793197949e-01,9.991029416989342105e-01
6.766666666666667496e-01,2.577018118338603603e-03,8.970724346802072535e-04,9.974228672268018459e-01,9.991028495505269724e-01
6.800000000000001599e-01,2.542859821789221052e-03,8.971647475455383743e-04,9.974570242010176724e-01,9.991027564683662154e-01
6.833333333333334592e-01,2.508372472944720311e-03,8.972579496351686156e-04,9.974915102380869092e-01,9.991026624931602651e-01
6.866666666666667584e-01,2.473571281281338428e-03,8.973519998456696992e-04,9.975263101290045009e-01,9.991025676660114652e-01
6.900000000000000577e-01,2.438471594682052514e-03,8.974468566995389860e-04,9.975614085263500019e-01,9.991024720283935290e-01
6.933333333333334680e-01,2.403088892667831419e-03,8.975424783634900752e-04,9.975967899510557180e-01,9.991023756221387719e-01
6.966666666666667673e-01,2.367438779570857441e-03,8.976388226669003954e-04,9.976324387992333564e-01,9.991022784894154629e-01
7.000000000000000666e-01,2.331536977652694416e-03,8.977358471204128620e-04,9.976683393490560769e-01,9.991021806727101717e-01
7.033333333333334769e-01,2.295399320170458338e-03,8.978335089346744678e-04,9.977044757676896136e-01,9.991020822148101166e-01
7.066666666666666652e-01,2.259041744394043195e-03,8.979317650392087740e-04,9.977408321182766882e-01,9.991019831587839573e-01
7.100000000000000755e-01,2.222480284577472032e-03,8.980305721014100479e-04,9.977773923669642775e-01,9.991018835479611448e-01
7.133333333333334858e-01,2.185731064887504009e-03,8.981298865456551449e-04,9.978141403899778439e-01,9.991017834259154906e-01
7.166666666666667851e-01,2.148810292292559643e-03,8.982296645725232689e-04,9.978510599807254300e-01,9.991016828364430724e-01
7.200000000000000844e-01,2.111734249415167432e-03,8.983298621781137449e-04,9.978881348569494936e-01,9.991015818235468027e-01
7.233333333333334947e-01,2.074519287351029619e-03,8.984304351734521531e-04,9.979253486679106055e-01,9.991014804314118924e-01
7.266666666666667940e-01,2.037181818457908106e-03,8.985313392039801644e-04,9.979626850015895778e-01,9.991013787043914185e-01
7.300000000000000933e-01,1.999738309117493357e-03,8.986325297691210526e-04,9.980001273919337779e-01,9.991012766869830086e-01
7.333333333333335036e-01,1.962205272473451639e-03,8.987339622419022360e-04,9.980376593261131024e-01,9.991011744238113002e-01
7.366666666666668029e-01,1.924599261148861144e-03,8.988355918886427624e-04,9.980752642518058160e-01,9.991010719596075118e-01
7.400000000000001021e-01,1.886936859946238866e-03,8.989373738886780908e-04,9.981129255844956027e-01,9.991009693391904589e-01
7.433333333333334014e-01,1.849234678533386760e-03,8.990392633541344214e-04,9.981506267147883804e-01,9.991008666074437938e-01
7.466666666666668117e-01,1.811509344118263174e-03,8.991412153497221069e-04,9.981883510157344430e-01,9.991007638093025722e-01
7.500000000000001110e-01,1.773777494116151460e-03,8.992431849125569285e-04,9.982260818501628163e-01,9.991006609897250534e-01
7.533333333333334103e-01,1.736055768812309191e-03,8.993451270719922137e-04,9.982638025780171676e-01,9.991005581936818203e-01
7.566666666666668206e-01,1.698360804023359280e-03,8.994469968694505197e-04,9.983014965636959337e-01,9.991004554661270243e-01
7.600000000000000089e-01,1.660709223760679920e-03,8.995487493782588963e-04,9.983391471833880093e-01,9.991003528519860621e-01
7.633333333333334192e-01,1.623117632898970954e-03,8.996503397234556325e-04,9.983767378324018837e-01,9.991002503961312620e-01
7.666666666666668295e-01,1.585602609853314308e-03,8.997517231015934262e-04,9.984142519324927800e-01,9.991001481433637865e-01
7.700000000000001288e-01,1.548180699267850567e-03,8.998528548004923553e-04,9.984516729391703649e-01,9.991000461383928721e-01
7.733333333333334281e-01,1.510868404719404321e-03,8.999536902189652016e-04,9.984889843489960226e-01,9.990999444258185092e-01
7.766666666666668384e-01,1.473682181439204836e-03,9.000541848864878052e-04,9.985261697068622544e-01,9.990998430501077943e-01
7.800000000000001377e-01,1.436638429055936894e-03,9.001542944828144505e-04,9.985632126132468755e-01,9.990997420555806086e-01
7.833333333333334370e-01,1.399753484363309769e-03,9.002539748575264650e-04,9.986000967314483390e-01,9.990996414863829722e-01
7.866666666666668473e-01,1.363043614115364444e-03,9.003531820495049237e-04,9.986368057947898613e-01,9.990995413864754982e-01
7.900000000000001465e-01,1.326525007852655431e-03,9.004518723063209551e-04,9.986733236137905756e-01,9.990994417996078569e-01
7.933333333333334458e-01,1.290213770762495184e-03,9.005500021035320454e-04,9.987096340833079289e-01,9.990993427693023454e-01
7.966666666666667451e-01,1.254125916576414191e-03,9.006475281638844522e-04,9.987457211896404452e-01,9.990992443388353461e-01
8.000000000000001554e-01,1.218277360507941240e-03,9.007444074763941867e-04,9.987815690175877448e-01,9.990991465512149006e-01
8.033333333333334547e-01,1.182683912233857592e-03,9.008405973153240211e-04,9.988171617574720385e-01,9.990990494491653884e-01
8.066666666666667540e-01,1.147361268921983160e-03,9.009360552590264890e-04,9.988524837121075528e-01,9.990989530751067660e-01
8.100000000000001643e-01,1.112325008308590090e-03,9.010307392086527693e-04,9.988875193037248801e-01,9.990988574711355819e-01
8.133333333333333526e-01,1.077590581828497505e-03,9.011246074067262623e-04,9.989222530808427036e-01,9.990987626790082121e-01
8.166666666666667629e-01,1.043173307800863894e-03,9.012176184555561369e-04,9.989566697250783500e-01,9.990986687401212096e-01
8.200000000000001732e-01,1.009088364673693368e-03,9.013097313354980064e-04,9.989907540579046064e-01,9.990985756954922081e-01
8.233333333333333615e-01,9.753507843300323905e-04,9.014009054230481778e-04,9.990244910473456974e-01,9.990984835857429358e-01
8.266666666666667718e-01,9.419754454588020673e-04,9.014911005087595510e-04,9.990578658146057611e-01,9.990983924510827840e-01
8.300000000000001821e-01,9.089770669932010745e-04,9.015802768149773234e-04,9.990908636406284904e-01,9.990983023312874911e-01
8.333333333333334814e-01,8.763702016195649156e-04,9.016683950133848498e-04,9.991234699725890511e-01,9.990982132656841541e-01
8.366666666666667806e-01,8.441692293595418582e-04,9.017554162423479505e-04,9.991556704303153902e-01,9.990981252931336876e-01
8.400000000000001910e-01,8.123883512284259430e-04,9.018413021240592915e-04,9.991874508126278309e-01,9.990980384520128377e-01
8.433333333333334902e-01,7.810415829724303175e-04,9.019260147814607206e-04,9.992187971035993987e-01,9.990979527801981952e-01
8.466666666666667895e-01,7.501427488876754798e-04,9.020095168549532080e-04,9.992496954787406516e-01,9.990978683150480988e-01
8.500000000000000888e-01,7.197054757236107407e-04,9.020917715188752012e-04,9.992801323110968026e-01,9.990977850933877580e-01
8.533333333333334991e-01,6.897431866735521987e-04,9.021727424977419143e-04,9.993100941772546930e-01,9.990977031514931550e-01
8.566666666666667984e-01,6.602690954550050149e-04,9.022523940822486932e-04,9.993395678632630563e-01,9.990976225250715048e-01
8.600000000000002087e-01,6.312962004823590616e-04,9.023306911450191614e-04,9.993685403704625214e-01,9.990975432492514852e-01
8.633333333333333970e-01,6.028372791345474550e-04,9.024075991560984687e-04,9.993969989212175831e-01,9.990974653585616982e-01
8.666666666666666963e-01,5.749048821201706337e-04,9.024830841981845968e-04,9.994249309645475421e-01,9.990973888869205677e-01
8.700000000000001066e-01,5.475113279426064303e-04,9.025571129815847119e-04,9.994523241816678505e-01,9.990973138676166876e-01
8.733333333333335169e-01,5.206686974675125198e-04,9.026296528589032846e-04,9.994791664914198792e-01,9.990972403332988305e-01
8.766666666666668162e-01,4.943888285951329471e-04,9.027006718394363924e-04,9.995054460555972131e-01,9.990971683159566297e-01
8.800000000000000044e-01,4.686833110397618297e-04,9.027701386032818513e-04,9.995311512841710266e-01,9.990970978469111419e-01
8.833333333333334147e-01,4.435634812186485423e-04,9.028380225151552045e-04,9.995562708403956664e-01,9.990970289567987495e-01
8.866666666666667140e-01,4.190404172526292301e-04,9.029042936379003993e-04,9.995807936458149801e-01,9.990969616755562832e-01
8.900000000000001243e-01,3.951249340806503997e-04,9.029689227456935263e-04,9.996047088851410800e-01,9.990968960324111414e-01
8.933333333333335347e-01,3.718275786903705552e-04,9.030318813369314895e-04,9.996280060110303012e-01,9.990968320558653026e-01
8.966666666666668339e-01,3.491586254669300595e-04,9.030931416468014877e-04,9.996506747487305944e-01,9.990967697736850006e-01
9.000000000000000222e-01,3.271280716619345136e-04,9.031526766595328239e-04,9.996727051006149001e-01,9.990967092128865135e-01
9.033333333333334325e-01,3.057456329846621433e-04,9.032104601203014456e-04,9.996940873505891778e-01,9.990966503997270598e-01
9.066666666666668428e-01,2.850207393174342910e-04,9.032664665468183307e-04,9.997148120683780892e-01,9.990965933596890336e-01
9.100000000000001421e-01,2.649625305570355764e-04,9.033206712405626899e-04,9.997348701136841154e-01,9.990965381174736759e-01
9.133333333333335524e-01,2.455798525840181433e-04,9.033730502976750542e-04,9.997542526402177776e-01,9.990964846969861979e-01
9.166666666666667407e-01,2.268812533616710648e-04,9.034235806195016830e-04,9.997729510995982949e-01,9.990964331213258998e-01
9.200000000000000400e-01,2.088749791663701704e-04,9.034722399227797761e-04,9.997909572451270099e-01,9.990963834127790655e-01
9.233333333333334503e-01,1.915689709509780722e-04,9.035190067494622973e-04,9.998082631354195948e-01,9.990963355928057510e-01
9.266666666666668606e-01,1.749708608428878181e-04,9.035638604761847938e-04,9.998248611379124684e-01,9.990962896820307915e-01
9.300000000000001599e-01,1.590879687782627467e-04,9.036067813233597925e-04,9.998407439322258838e-01,9.990962457002368069e-01
9.333333333333335702e-01,1.439272992739505576e-04,9.036477503638956285e-04,9.998559045133942336e-01,9.990962036663530998e-01
9.366666666666667584e-01,1.294955383385036098e-04,9.036867495315469706e-04,9.998703361949546897e-01,9.990961635984472178e-01
9.400000000000000577e-01,1.157990505236521366e-04,9.037237616288799121e-04,9.998840326118958455e-01,9.990961255137204011e-01
9.433333333333334680e-01,1.028438761175528459e-04,9.037587703348545559e-04,9.998969877234644699e-01,9.990960894284964811e-01
9.466666666666668783e-01,9.063572848102939431e-05,9.037917602120241166e-04,9.999091958158309312e-01,9.990960553582149961e-01
9.500000000000001776e-01,7.917999152798816840e-05,9.038227167133406747e-04,9.999206515046088484e-01,9.990960233174255301e-01
9.533333333333333659e-01,6.848171735112585832e-05,9.038516261885682322e-04,9.999313497372279702e-01,9.990959933197824938e-01
9.566666666666667762e-01,5.854562399396242672e-05,9.038784758903031791e-04,9.999412857951639477e-01,9.990959653780361327e-01
9.600000000000001865e-01,4.937609337019768487e-05,9.039032539795936044e-04,9.999504552960190029e-01,9.990959395040277524e-01
9.633333333333334858e-01,4.097716933129500236e-05,9.039259495311608144e-04,9.999588541954547161e-01,9.990959157086862774e-01
9.666666666666668961e-01,3.335255588315122499e-05,9.039465525382142739e-04,9.999664787889761541e-01,9.990958940020223666e-01
9.700000000000000844e-01,2.650561555264083934e-05,9.039650539168609484e-04,9.999733257135641207e-01,9.990958743931233066e-01
9.733333333333333837e-01,2.043936790474613942e-05,9.039814455101141417e-04,9.999793919491583027e-01,9.990958568901491255e-01
9.766666666666667940e-01,1.515648821094047748e-05,9.039957200914882762e-04,9.999846748199925361e-01,9.990958415003304838e-01
9.800000000000002043e-01,1.065930626939802876e-05,9.040078713681778825e-04,9.999891719957699765e-01,9.990958282299634563e-01
9.833333333333335036e-01,6.949805377558895485e-06,9.040178939838398788e-04,9.999928814926959397e-01,9.990958170844083108e-01
9.866666666666666918e-01,4.029621457500893508e-06,9.040257835209459646e-04,9.999958016743464295e-01,9.990958080680866216e-01
9.900000000000001021e-01,1.900042334501077860e-06,9.040315365027331001e-04,9.999979312523957775e-01,9.990958011844784936e-01
9.933333333333334014e-01,5.620071691093227727e-07,9.040351503947333155e-04,9.999992692871835231e-01,9.990957964361228960e-01
9.966666666666668117e-01,1.610604298067155111e-08,9.040366236058882711e-04,9.999998151881251962e-01,9.990957938246147751e-01
1.000000000000000222e+00,2.625796986506782452e-07,9.040359554892491096e-04,9.999995687139763278e-01,9.990957933506052768e-01
1.003333333333333632e+00,1.301319433368800491e-06,9.040331463422601917e-04,9.999985299729399202e-01,9.990957950138010801e-01
1.006666666666666821e+00,3.131867147035959910e-06,9.040281974066232459e-04,9.999966994226118233e-01,9.990957988129646195e-01
1.010000000000000009e+00,5.753415544225696482e-06,9.040211108677493040e-04,9.999940778697889998e-01,9.990958047459154168e-01
1.013333333333333419e+00,9.164808490199009540e-06,9.040118898537904003e-04,9.999906664701052605e-01,9.990958128095275281e-01
1.016666666666666829e+00,1.336454152075711909e-05,9.040005384342603579e-04,9.999864667275270014e-01,9.990958229997380924e-01
1.020000000000000240e+00,1.835076250570566946e-05,9.039870616182332785e-04,9.999814804936857371e-01,9.990958353115414470e-01
1.023333333333333428e+00,2.412127246564014954e-05,9.039714653521337216e-04,9.999757099670635307e-01,9.990958497389944570e-01
1.026666666666666838e+00,3.067352654169054100e-05,9.039537565171126094e-04,9.999691576920263225e-01,9.990958662752218444e-01
1.030000000000000027e+00,3.800463511779701535e-05,9.039339429260084260e-04,9.999618265576952769e-01,9.990958849124146335e-01
1.033333333333333437e+00,4.611136509502454495e-05,9.039120333198988029e-04,9.999537197966771318e-01,9.990959056418361461e-01
1.036666666666666847e+00,5.499014131735195871e-05,9.038880373642415190e-04,9.999448409836400042e-01,9.990959284538247775e-01
1.040000000000000258e+00,6.463704814830803817e-05,9.038619656446132602e-04,9.999351940337318778e-01,9.990959533377998802e-01
1.043333333333333446e+00,7.504783119775777301e-05,9.038338296620334559e-04,9.999247832008576475e-01,9.990959802822647617e-01
1.046666666666666856e+00,8.621789919808338853e-05,9.038036418278915136e-04,9.999136130758015106e-01,9.990960092748125687e-01
1.050000000000000266e+00,9.814232602892034247e-05,9.037714154584721403e-04,9.999016885842033631e-01,9.990960403021318381e-01
1.053333333333333455e+00,1.108158528895695046e-04,9.037371647690750631e-04,9.998890149843860931e-01,9.990960733500094948e-01
1.056666666666666865e+00,1.242328906181202675e-04,9.037009048677495339e-04,9.998755978650363252e-01,9.990961084033438411e-01
1.060000000000000053e+00,1.383875221562594620e-04,9.036626517486231244e-04,9.998614431427395033e-01,9.990961454461446678e-01
1.063333333333333464e+00,1.532735051586911848e-04,9.036224222848467146e-04,9.998465570593713103e-01,9.990961844615429133e-01
1.066666666666666874e+00,1.688842747459972250e-04,9.035802342211529626e-04,9.998309461793438713e-01,9.990962254317969915e-01
1.070000000000000284e+00,1.852129463997434326e-04,9.035361061660253292e-04,9.998146173867129560e-01,9.990962683383042275e-01
1.073333333333333472e+00,2.022523189985474268e-04,9.034900575834907757e-04,9.997975778821385218e-01,9.990963131616044102e-01
1.076666666666666661e+00,2.199948779937637062e-04,9.034421087845308229e-04,9.997798351797109184e-01,9.990963598813893398e-01
1.080000000000000071e+00,2.384327987234012309e-04,9.033922809181227885e-04,9.997613971036383163e-01,9.990964084765150410e-01
1.083333333333333481e+00,2.575579498627880346e-04,9.033405959619126126e-04,9.997422717847945783e-01,9.990964589250080907e-01
1.086666666666666892e+00,2.773618970104864542e-04,9.032870767125161272e-04,9.997224676571334623e-01,9.990965112040748330e-01
1.090000000000000302e+00,2.978359064078646011e-04,9.032317467754665506e-04,9.997019934539687069e-01,9.990965652901142580e-01
1.093333333333333490e+00,3.189709487906803708e-04,9.031746305547972559e-04,9.996808582041232238e-01,9.990966211587256618e-01
1.096666666666666679e+00,3.407577033709970429e-04,9.031157532422833412e-04,9.996590712279476154e-01,9.990966787847214148e-01
1.100000000000000089e+00,3.631865619476481793e-04,9.030551408063253052e-04,9.996366421332095742e-01,9.990967381421362870e-01
1.103333333333333499e+00,3.862476331434625074e-04,9.029928199804952097e-04,9.996135808108547183e-01,9.990967992042402157e-01
1.106666666666666909e+00,4.099307467673745818e-04,9.029288182517447884e-04,9.995898974306475226e-01,9.990968619435499631e-01
1.110000000000000320e+00,4.342254582994848938e-04,9.028631638482838501e-04,9.995656024366839087e-01,9.990969263318403293e-01
1.113333333333333508e+00,4.591210534971110354e-04,9.027958857271265901e-04,9.995407065427875937e-01,9.990969923401576969e-01
1.116666666666666696e+00,4.846065531197874410e-04,9.027270135613208813e-04,9.995152207277817613e-01,9.990970599388319107e-01
1.120000000000000107e+00,5.106707177711266752e-04,9.026565777268603279e-04,9.994891562306503774e-01,9.990971290974893781e-01
1.123333333333333517e+00,5.373020528554206966e-04,9.025846092892867789e-04,9.994625245455807105e-01,9.990971997850692787e-01
1.126666666666666927e+00,5.644888136467795430e-04,9.025111399899881813e-04,9.994353374168921667e-01,9.990972719698316684e-01
1.130000000000000115e+00,5.922190104685916539e-04,9.024362022322001201e-04,9.994076068338612062e-01,9.990973456193767976e-01
1.133333333333333526e+00,6.204804139810043929e-04,9.023598290667128900e-04,9.993793450254282451e-01,9.990974207006559915e-01
1.136666666666666714e+00,6.492605605740983448e-04,9.022820541772964571e-04,9.993505644548097422e-01,9.990974971799874149e-01
1.140000000000000124e+00,6.785467578643851038e-04,9.022029118658435277e-04,9.993212778139990426e-01,9.990975750230732810e-01
1.143333333333333535e+00,7.083260902921918083e-04,9.021224370372404834e-04,9.992914980181680784e-01,9.990976541950088441e-01
1.146666666666666945e+00,7.385854248174794157e-04,9.020406651839758295e-04,9.992612381999751436e-01,9.990977346603052700e-01
1.150000000000000133e+00,7.693114167115612610e-04,9.019576323704848585e-04,9.992305117037693085e-01,9.990978163829002945e-01
1.153333333333333544e+00,8.004905154422015633e-04,9.018733752172439699e-04,9.991993320797066813e-01,9.990978993261736552e-01
1.156666666666666732e+00,8.321089706494529809e-04,9.017879308846227801e-04,9.991677130777770754e-01,9.990979834529688519e-01
1.160000000000000142e+00,8.641528382096414287e-04,9.017013370564944553e-04,9.991356686417363075e-01,9.990980687256021398e-01
1.163333333333333552e+00,8.966079863848009897e-04,9.016136319236161926e-04,9.991032129029584485e-01,9.990981551058852883e-01
1.166666666666666741e+00,9.294601020548487382e-04,9.015248541667868990e-04,9.990703601742039197e-01,9.990982425551382384e-01
1.170000000000000151e+00,9.626946970297670710e-04,9.014350429397897631e-04,9.990371249433074308e-01,9.990983310342090862e-01
1.173333333333333561e+00,9.962971144389734263e-04,9.013442378521256855e-04,9.990035218667874251e-01,9.990984205034889598e-01
1.176666666666666972e+00,1.030252535195105628e-03,9.012524789515416858e-04,9.989695657633846926e-01,9.990985109229318928e-01
1.180000000000000160e+00,1.064545984529346578e-03,9.011598067063755378e-04,9.989352716075242666e-01,9.990986022520700338e-01
1.183333333333333348e+00,1.099162338595397696e-03,9.010662619877051393e-04,9.989006545227128164e-01,9.990986944500331868e-01
1.186666666666666758e+00,1.134086331139225494e-03,9.009718860513267957e-04,9.988657297748699815e-01,9.990987874755660192e-01
1.190000000000000169e+00,1.169302560231586050e-03,9.008767205195627407e-04,9.988305127655943139e-01,9.990988812870474911e-01
1.193333333333333579e+00,1.204795495060411977e-03,9.007808073629044012e-04,9.987950190253712668e-01,9.990989758425065093e-01
1.196666666666666989e+00,1.240549482780034561e-03,9.006841888815035483e-04,9.987592642067251170e-01,9.990990710996442425e-01
1.200000000000000178e+00,1.276548755414225059e-03,9.005869076865222851e-04,9.987232640773149317e-01,9.990991670158491100e-01
1.203333333333333366e+00,1.312777436810032153e-03,9.004890066813388359e-04,9.986870345129809090e-01,9.990992635482184303e-01
1.206666666666666776e+00,1.349219549639302197e-03,9.003905290426310369e-04,9.986505914907441994e-01,9.990993606535750748e-01
1.210000000000000187e+00,1.385859022444846898e-03,9.002915182013335182e-04,9.986139510817573228e-01,9.990994582884882291e-01
1.213333333333333597e+00,1.422679696728128794e-03,9.001920178234893918e-04,9.985771294442217227e-01,9.990995564092917114e-01
1.216666666666667007e+00,1.459665334075322058e-03,9.000920717909925445e-04,9.985401428162583581e-01,9.990996549721027353e-01
1.220000000000000195e+00,1.496799623318640238e-03,8.999917241822376649e-04,9.985030075087467649e-01,9.990997539328436705e-01
1.223333333333333384e+00,1.534066187729749660e-03,8.998910192526840763e-04,9.984657398981325871e-01,9.990998532472571414e-01
1.226666666666666794e+00,1.571448592242082228e-03,8.997900014153400973e-04,9.984283564192052429e-01,9.990999528709301192e-01
1.230000000000000204e+00,1.608930350698916474e-03,8.996887152211769300e-04,9.983908735578497229e-01,9.991000527593105751e-01
1.233333333333333615e+00,1.646494933123971620e-03,8.995872053394884460e-04,9.983533078437761832e-01,9.991001528677295740e-01
1.236666666666666803e+00,1.684125773011332971e-03,8.994855165381874379e-04,9.983156758432306654e-01,9.991002531514161511e-01
1.240000000000000213e+00,1.721806274631511747e-03,8.993836936640704294e-04,9.982779941516880529e-01,9.991003535655247347e-01
1.243333333333333401e+00,1.759519820350371805e-03,8.992817816230392258e-04,9.982402793865351454e-01,9.991004540651468036e-01
1.246666666666666812e+00,1.797249777957745645e-03,8.991798253603001294e-04,9.982025481797395239e-01,9.991005546053369768e-01
1.250000000000000222e+00,1.834979508002469988e-03,8.990778698405462420e-04,9.981648171705170824e-01,9.991006551411283354e-01
1.253333333333333632e+00,1.872692371130631455e-03,8.989759600281287079e-04,9.981271029979936760e-01,9.991007556275560697e-01
1.256666666666666821e+00,1.910371735423760202e-03,8.988741408672300173e-04,9.980894222938655469e-01,9.991008560196739108e-01
1.260000000000000231e+00,1.948000983733776809e-03,8.987724572620467423e-04,9.980517916750667462e-01,9.991009562725765569e-01
1.263333333333333419e+00,1.985563521011391667e-03,8.986709540569911376e-04,9.980142277364382197e-01,9.991010563414176593e-01
1.266666666666666829e+00,2.023042781624801410e-03,8.985696760169095470e-04,9.979767470434123267e-01,9.991011561814315822e-01
1.270000000000000240e+00,2.060422236665401374e-03,8.984686678073524170e-04,9.979393661247047964e-01,9.991012557479501677e-01
1.273333333333333428e+00,2.097685401237303106e-03,8.983679739748752112e-04,9.979021014650274468e-01,9.991013549964259388e-01
1.276666666666666838e+00,2.134815841727458544e-03,8.982676389273944011e-04,9.978649694978165563e-01,9.991014538824489755e-01
1.280000000000000249e+00,2.171797183053168160e-03,8.981677069146077512e-04,9.978279865979863272e-01,9.991015523617668981e-01
1.283333333333333659e+00,2.208613115883774694e-03,8.980682220084838839e-04,9.977911690747084394e-01,9.991016503903067392e-01
1.286666666666666847e+00,2.245247403833384829e-03,8.979692280838252449e-04,9.977545331642179161e-01,9.991017479241917076e-01
1.290000000000000036e+00,2.281683890621396572e-03,8.978707687989265869e-04,9.977180950226527401e-01,9.991018449197612838e-01
1.293333333333333446e+00,2.317906507197739323e-03,8.977728875763195393e-04,9.976818707189308855e-01,9.991019413335906485e-01
1.296666666666666856e+00,2.353899278829615221e-03,8.976756275836277662e-04,9.976458762276615433e-01,9.991020371225112218e-01
1.300000000000000266e+00,2.389646332146673057e-03,8.975790317145324959e-04,9.976101274221019777e-01,9.991021322436274277e-01
1.303333333333333677e+00,2.425131902141471410e-03,8.974831425698576387e-04,9.975746400671552383e-01,9.991022266543344577e-01
1.306666666666666865e+00,2.460340339122171847e-03,8.973880024387883691e-04,9.975394298124207193e-01,9.991023203123433616e-01
1.310000000000000053e+00,2.495256115614359182e-03,8.972936532802175359e-04,9.975045121852887942e-01,9.991024131756911508e-01
1.313333333333333464e+00,2.529863833208986865e-03,8.972001367042511250e-04,9.974699025840982891e-01,9.991025052027672215e-01
1.316666666666666874e+00,2.564148229353390481e-03,8.971074939538543425e-04,9.974356162713388096e-01,9.991025963523255671e-01
1.320000000000000284e+00,2.598094184082406881e-03,8.970157658866688942e-04,9.974016683669250094e-01,9.991026865835064275e-01
1.323333333333333695e+00,2.631686726686596148e-03,8.969249929569973398e-04,9.973680738415299230e-01,9.991027758558536087e-01
1.326666666666666883e+00,2.664911042314651625e-03,8.968352151979614622e-04,9.973348475099753641e-01,9.991028641293328016e-01
1.330000000000000071e+00,2.697752478507095802e-03,8.967464722038524317e-04,9.973020040247074780e-01,9.991029513643460147e-01
1.333333333333333481e+00,2.730196551658313053e-03,8.966588031126701639e-04,9.972695578693291374e-01,9.991030375217542225e-01
1.336666666666666892e+00,2.762228953404177040e-03,8.965722465888646643e-04,9.972375233522133842e-01,9.991031225628901336e-01
1.340000000000000302e+00,2.793835556932347617e-03,8.964868408062886835e-04,9.972059146001954755e-01,9.991032064495787290e-01
1.343333333333333490e+00,2.825002423212544071e-03,8.964026234313623347e-04,9.971747455523405357e-01,9.991032891441508079e-01
1.346666666666666901e+00,2.855715807143976211e-03,8.963196316064638751e-04,9.971440299537988050e-01,9.991033706094626377e-01
1.350000000000000089e+00,2.885962163617254023e-03,8.962379019335532659e-04,9.971137813497403801e-01,9.991034508089094990e-01
1.353333333333333499e+00,2.915728153488125231e-03,8.961574704580293777e-04,9.970840130793854339e-01,9.991035297064445597e-01
1.356666666666666909e+00,2.945000649460345014e-03,8.960783726528355865e-04,9.970547382701199224e-01,9.991036072665926415e-01
1.360000000000000320e+00,2.973766741875154274e-03,8.960006434028190735e-04,9.970259698317066599e-01,9.991036834544673173e-01
1.363333333333333508e+00,3.002013744404744000e-03,8.959243169893455622e-04,9.969977204505903190e-01,9.991037582357849001e-01
1.366666666666666918e+00,3.029729199647260632e-03,8.958494270751808783e-04,9.969700025843060143e-01,9.991038315768815403e-01
1.370000000000000107e+00,3.056900884620825792e-03,8.957760066896499566e-04,9.969428284559819220e-01,9.991039034447246614e-01
1.373333333333333517e+00,3.083516816154185155e-03,8.957040882140684165e-04,9.969162100489512568e-01,9.991039738069329434e-01
1.376666666666666927e+00,3.109565256171599890e-03,8.956337033674629687e-04,9.968901591014680541e-01,9.991040426317845391e-01
1.380000000000000115e+00,3.135034716869639689e-03,8.955648831925842315e-04,9.968646871015274247e-01,9.991041098882351701e-01
1.383333333333333526e+00,3.159913965783613544e-03,8.954976580422177026e-04,9.968398052818021604e-01,9.991041755459305618e-01
1.386666666666666936e+00,3.184192030741374909e-03,8.954320575657960307e-04,9.968155246146870319e-01,9.991042395752192107e-01
1.390000000000000124e+00,3.207858204702345849e-03,8.953681106963257055e-04,9.967918558074631008e-01,9.991043019471672615e-01
1.393333333333333535e+00,3.230902050479606512e-03,8.953058456376262152e-04,9.967688092975720560e-01,9.991043626335694983e-01
1.396666666666666723e+00,3.253313405342986037e-03,8.952452898518899107e-04,9.967463952480157818e-01,9.991044216069614459e-01
1.400000000000000133e+00,3.275082385501089290e-03,8.951864700475737442e-04,9.967246235428722789e-01,9.991044788406336918e-01
1.403333333333333544e+00,3.296199390460329958e-03,8.951294121676198461e-04,9.967035037829403699e-01,9.991045343086414343e-01
1.406666666666666954e+00,3.316655107259005447e-03,8.950741413780096030e-04,9.966830452815006458e-01,9.991045879858178047e-01
1.410000000000000364e+00,3.336440514574583009e-03,8.950206820566697754e-04,9.966632570602121932e-01,9.991046398477834156e-01
1.413333333333333330e+00,3.355546886702327064e-03,8.949690577827180797e-04,9.966441478451343317e-01,9.991046898709586843e-01
1.416666666666666741e+00,3.373965797403614963e-03,8.949192913260633044e-04,9.966257260628745840e-01,9.991047380325711602e-01
1.420000000000000151e+00,3.391689123622113663e-03,8.948714046373626701e-04,9.966079998368772008e-01,9.991047843106698467e-01
1.423333333333333561e+00,3.408709049066294215e-03,8.948254188383394708e-04,9.965909769838348087e-01,9.991048286841316406e-01
1.426666666666666972e+00,3.425018067656630024e-03,8.947813542124691266e-04,9.965746650102482729e-01,9.991048711326721010e-01
1.430000000000000382e+00,3.440608986835985272e-03,8.947392301960293117e-04,9.965590711091113496e-01,9.991049116368538874e-01
1.433333333333333570e+00,3.455474930741755414e-03,8.946990653695287938e-04,9.965442021567401110e-01,9.991049501780956410e-01
1.436666666666666758e+00,3.469609343238299563e-03,8.946608774495096736e-04,9.965300647097405928e-01,9.991049867386798677e-01
1.440000000000000169e+00,3.483005990808391451e-03,8.946246832807323466e-04,9.965166650021165529e-01,9.991050213017608206e-01
1.443333333333333579e+00,3.495658965302371902e-03,8.945904988287469838e-04,9.965040089425220016e-01,9.991050538513717161e-01
1.446666666666666989e+00,3.507562686543824488e-03,8.945583391728470848e-04,9.964921021116521782e-01,9.991050843724328390e-01
1.450000000000000178e+00,3.518711904790580887e-03,8.945282184994183313e-04,9.964809497597870713e-01,9.991051128507564272e-01
1.453333333333333588e+00,3.529101703050009035e-03,8.945001500956802467e-04,9.964705568044713857e-01,9.991051392730552205e-01
1.456666666666666776e+00,3.538727499247548876e-03,8.944741463438245655e-04,9.964609278283497185e-01,9.991051636269460134e-01
1.460000000000000187e+00,3.547585048247535108e-03,8.944502187155472768e-04,9.964520670771422894e-01,9.991051859009563163e-01
1.463333333333333597e+00,3.555670443725421782e-03,8.944283777669928808e-04,9.964439784577759918e-01,9.991052060845287963e-01
1.466666666666667007e+00,3.562980119890587355e-03,8.944086331340913437e-04,9.964366655366575509e-01,9.991052241680276058e-01
1.470000000000000195e+00,3.569510853058931784e-03,8.943909935283077001e-04,9.964301315381051127e-01,9.991052401427400476e-01
1.473333333333333606e+00,3.575259763074627693e-03,8.943754667327973636e-04,9.964243793429214957e-01,9.991052540008824590e-01
1.476666666666666794e+00,3.580224314580336947e-03,8.943620595989682301e-04,9.964194114871290919e-01,9.991052657356029876e-01
1.480000000000000204e+00,3.584402318135373935e-03,8.943507780434582473e-04,9.964152301608462103e-01,9.991052753409835896e-01
1.483333333333333615e+00,3.587791931181299934e-03,8.943416270455209699e-04,9.964118372073244023e-01,9.991052828120455809e-01
1.486666666666666803e+00,3.590391658854546510e-03,8.943346106448291826e-04,9.964092341221361115e-01,9.991052881447480827e-01
1.490000000000000213e+00,3.592200354645677662e-03,8.943297319396843401e-04,9.964074220525117598e-01,9.991052913359917964e-01
1.493333333333333623e+00,3.593217220905033527e-03,8.943269930856516652e-04,9.964064017968369269e-01,9.991052923836197808e-01
1.496666666666666812e+00,3.593441809194492832e-03,8.943263952946049668e-04,9.964061738043006322e-01,9.991052912864214486e-01
1.500000000000000222e+00,3.592874020485245252e-03,8.943279388341863817e-04,9.964067381746926078e-01,9.991052880441271267e-01
1.503333333333333410e+00,3.591514105201459167e-03,8.943316230276862448e-04,9.964080946583658838e-01,9.991052826574129408e-01
1.506666666666666821e+00,3.589362663109813174e-03,8.943374462543386434e-04,9.964102426563408166e-01,9.991052751278995947e-01
1.510000000000000231e+00,3.586420643054979377e-03,8.943454059500297254e-04,9.964131812205749839e-01,9.991052654581497050e-01
1.513333333333333641e+00,3.582689342541134792e-03,8.943554986084273307e-04,9.964169090543755214e-01,9.991052536516693561e-01
1.516666666666666829e+00,3.578170407159707734e-03,8.943677197825228341e-04,9.964214245129744407e-01,9.991052397129042140e-01
1.520000000000000018e+00,3.572865829863615048e-03,8.943820640865873719e-04,9.964267256042533827e-01,9.991052236472397485e-01
1.523333333333333428e+00,3.566777950088293337e-03,8.943985251985445096e-04,9.964328099896228030e-01,9.991052054609967925e-01
1.526666666666666838e+00,3.559909452719920136e-03,8.944170958627550155e-04,9.964396749850512602e-01,9.991051851614302093e-01
1.530000000000000249e+00,3.552263366911294698e-03,8.944377678932108116e-04,9.964473175622504675e-01,9.991051627567252291e-01
1.533333333333333659e+00,3.543843064745858928e-03,8.944605321771435238e-04,9.964557343500121123e-01,9.991051382559934524e-01
1.536666666666667069e+00,3.534652259750509836e-03,8.944853786790384152e-04,9.964649216356906702e-01,9.991051116692696299e-01
1.540000000000000258e+00,3.524695005257800703e-03,8.945122964450572802e-04,9.964748753668443149e-01,9.991050830075053346e-01
1.543333333333333446e+00,3.513975692618278614e-03,8.945412736078652048e-04,9.964855911530209331e-01,9.991050522825687397e-01
1.546666666666666856e+00,3.502499049263769777e-03,8.945722973918590224e-04,9.964970642676936885e-01,9.991050195072325169e-01
1.550000000000000266e+00,3.490270136622411045e-03,8.946053541188023466e-04,9.965092896503471298e-01,9.991049846951740587e-01
1.553333333333333677e+00,3.477294347886403843e-03,8.946404292138496151e-04,9.965222619087056311e-01,9.991049478609679291e-01
1.556666666666666865e+00,3.463577405633437231e-03,8.946775072119736742e-04,9.965359753211154858e-01,9.991049090200759819e-01
1.560000000000000275e+00,3.449125359302851728e-03,8.947165717647805310e-04,9.965504238390648917e-01,9.991048681888460292e-01
1.563333333333333464e+00,3.433944582527640680e-03,8.947576056477170216e-04,9.965656010898530370e-01,9.991048253845017380e-01
1.566666666666666874e+00,3.418041770323476149e-03,8.948005907676644544e-04,9.965815003793994098e-01,9.991047806251334151e-01
1.570000000000000284e+00,3.401423936136008762e-03,8.948455081709157360e-04,9.965981146951983227e-01,9.991047339296936780e-01
1.573333333333333695e+00,3.384098408747699630e-03,8.948923380515261131e-04,9.966154367094076649e-01,9.991046853179867959e-01
1.576666666666666883e+00,3.366072829045617647e-03,8.949410597600527097e-04,9.966334587820829816e-01,9.991046348106599195e-01
1.580000000000000293e+00,3.347355146651570437e-03,8.949916518126516335e-04,9.966521729645468897e-01,9.991045824291950872e-01
1.583333333333333481e+00,3.327953616416077717e-03,8.950440919005561800e-04,9.966715710028930530e-01,9.991045281958991220e-01
1.586666666666666892e+00,3.307876794777735337e-03,8.950983568999057753e-04,9.966916443416273808e-01,9.991044721338939727e-01
1.590000000000000302e+00,3.287133535989571545e-03,8.951544228819495116e-04,9.967123841274405649e-01,9.991044142671058337e-01
1.593333333333333490e+00,3.265732988214056515e-03,8.952122651235899049e-04,9.967337812131128461e-01,9.991043546202562631e-01
1.596666666666666901e+00,3.243684589488492025e-03,8.952718581182879084e-04,9.967558261615460102e-01,9.991042932188477499e-01
1.600000000000000311e+00,3.220998063562573697e-03,8.953331755873093420e-04,9.967785092499275024e-01,9.991042300891583849e-01
1.603333333333333499e+00,3.197683415609927325e-03,8.953961904913128452e-04,9.968018204740189958e-01,9.991041652582233201e-01
1.606666666666666909e+00,3.173750927815533526e-03,8.954608750422680778e-04,9.968257495525640888e-01,9.991040987538292173e-01
1.610000000000000098e+00,3.149211154841018330e-03,8.955272007157186968e-04,9.968502859318260079e-01,9.991040306044978170e-01
1.613333333333333508e+00,3.124074919169722662e-03,8.955951382633516207e-04,9.968754187902411079e-01,9.991039608394736149e-01
1.616666666666666918e+00,3.098353306333705235e-03,8.956646577258983851e-04,9.969011370431916097e-01,9.991038894887129818e-01
1.620000000000000329e+00,3.072057660024712835e-03,8.957357284463484228e-04,9.969274293478926907e-01,9.991038165828705075e-01
1.623333333333333517e+00,3.045199577091305034e-03,8.958083190834666793e-04,9.969542841083945950e-01,9.991037421532844576e-01
1.626666666666666705e+00,3.017790902424327334e-03,8.958823976256125293e-04,9.969816894806980967e-01,9.991036662319624506e-01
1.630000000000000115e+00,2.989843723732998285e-03,8.959579314048623762e-04,9.970096333779759901e-01,9.991035888515698016e-01
1.633333333333333526e+00,2.961370366213916024e-03,8.960348871114112192e-04,9.970381034759056016e-01,9.991035100454127571e-01
1.636666666666666936e+00,2.932383387115326551e-03,8.961132308082658685e-04,9.970670872181014444e-01,9.991034298474245068e-01
1.640000000000000346e+00,2.902895570199046787e-03,8.961929279462109476e-04,9.970965718216546758e-01,9.991033482921517495e-01
1.643333333333333757e+00,2.872919920102503990e-03,8.962739433790450775e-04,9.971265442827685899e-01,9.991032654147360414e-01
1.646666666666666723e+00,2.842469656603366108e-03,8.963562413790811733e-04,9.971569913824950282e-01,9.991031812509006960e-01
1.650000000000000133e+00,2.811558208789281463e-03,8.964397856529052145e-04,9.971878996925633842e-01,9.991030958369371273e-01
1.653333333333333544e+00,2.780199209135335477e-03,8.965245393573817792e-04,9.972192555813012005e-01,9.991030092096829796e-01
1.656666666666666954e+00,2.748406487491785767e-03,8.966104651159029822e-04,9.972510452196484687e-01,9.991029214065126896e-01
1.660000000000000364e+00,2.716194064984780044e-03,8.966975250348735525e-04,9.972832545872538645e-01,9.991028324653143944e-01
1.663333333333333552e+00,2.683576147832702260e-03,8.967856807204254354e-04,9.973158694786605771e-01,9.991027424244778299e-01
1.666666666666666963e+00,2.650567121080891781e-03,8.968748932953475020e-04,9.973488755095673008e-01,9.991026513228764561e-01
1.670000000000000151e+00,2.617181542257525449e-03,8.969651234162391443e-04,9.973822581231740481e-01,9.991025591998498045e-01
1.673333333333333561e+00,2.583434134953409029e-03,8.970563312908553426e-04,9.974160025966016807e-01,9.991024660951857150e-01
1.676666666666666972e+00,2.549339782328545988e-03,8.971484766956644517e-04,9.974500940473854937e-01,9.991023720491029048e-01
1.680000000000000382e+00,2.514913520548338506e-03,8.972415189935836885e-04,9.974845174400372994e-01,9.991022771022346483e-01
1.683333333333333570e+00,2.480170532152320331e-03,8.973354171519096678e-04,9.975192575926746796e-01,9.991021812956093484e-01
1.686666666666666980e+00,2.445126139358319746e-03,8.974301297604107006e-04,9.975542991837206275e-01,9.991020846706319958e-01
1.690000000000000169e+00,2.409795797305057646e-03,8.975256150495957092e-04,9.975896267586565891e-01,9.991019872690685144e-01
1.693333333333333579e+00,2.374195087236105010e-03,8.976218309091365567e-04,9.976252247368389003e-01,9.991018891330238905e-01
1.696666666666666989e+00,2.338339709628242495e-03,8.977187349064421652e-04,9.976610774183726216e-01,9.991017903049269622e-01
1.700000000000000178e+00,2.302245477267238390e-03,8.978162843053757482e-04,9.976971689910300034e-01,9.991016908275089925e-01
1.703333333333333810e+00,2.265928308274094138e-03,8.979144360851063758e-04,9.977334835372292376e-01,9.991015907437860166e-01
1.706666666666666998e+00,2.229404219084872140e-03,8.980131469590818625e-04,9.977700050410508448e-01,9.991014900970407453e-01
1.710000000000000187e+00,2.192689317387120328e-03,8.981123733941252536e-04,9.978067173953030222e-01,9.991013889308006934e-01
1.713333333333333597e+00,2.155799795016088028e-03,8.982120716296360455e-04,9.978436044086224088e-01,9.991012872888227481e-01
1.716666666666666785e+00,2.118751920813860806e-03,8.983121976968936467e-04,9.978806498126172597e-01,9.991011852150710748e-01
1.720000000000000417e+00,2.081562033454476077e-03,8.984127074384518031e-04,9.979178372690393761e-01,9.991010827536984662e-01
1.723333333333333606e+00,2.044246534238321981e-03,8.985135565276145550e-04,9.979551503769936716e-01,9.991009799490260246e-01
1.726666666666666794e+00,2.006821879858856558e-03,8.986147004879938352e-04,9.979925726801648356e-01,9.991008768455273970e-01
1.730000000000000204e+00,1.969304575144935430e-03,8.987160947131234449e-04,9.980300876740814120e-01,9.991007734878034618e-01
1.733333333333333393e+00,1.931711165781944397e-03,8.988176944861388414e-04,9.980676788133882038e-01,9.991006699205674524e-01
1.736666666666667025e+00,1.894058231014843869e-03,8.989194549995005099e-04,9.981053295191475438e-01,9.991005661886224187e-01
1.740000000000000213e+00,1.856362376336511723e-03,8.990213313747589694e-04,9.981430231861495583e-01,9.991004623368411330e-01
1.743333333333333401e+00,1.818640226164432725e-03,8.991232786823510036e-04,9.981807431902336436e-01,9.991003584101503243e-01
1.746666666666667034e+00,1.780908416509095760e-03,8.992252519614235377e-04,9.982184728956224884e-01,9.991002544535065866e-01
1.750000000000000222e+00,1.743183587637290753e-03,8.993272062396580595e-04,9.982561956622552080e-01,9.991001505118775050e-01
1.753333333333333632e+00,1.705482376733489808e-03,8.994290965531154215e-04,9.982938948531286938e-01,9.991000466302235594e-01
1.756666666666666821e+00,1.667821410562651688e-03,8.995308779660674166e-04,9.983315538416347446e-01,9.990999428534759197e-01
1.760000000000000009e+00,1.630217298137566712e-03,8.996325055908202225e-04,9.983691560188904246e-01,9.990998392265191264e-01
1.763333333333333641e+00,1.592686623394084242e-03,8.997339346075137762e-04,9.984066848010640927e-01,9.990997357941691082e-01
1.766666666666666829e+00,1.555245937877393608e-03,8.998351202838936105e-04,9.984441236366891070e-01,9.990996326011538642e-01
1.770000000000000462e+00,1.517911753442574650e-03,8.999360179950420318e-04,9.984814560139623207e-01,9.990995296920949231e-01
1.773333333333333428e+00,1.480700534972691305e-03,9.000365832430636545e-04,9.985186654680292540e-01,9.990994271114875813e-01
1.776666666666667060e+00,1.443628693117569601e-03,9.001367716767161818e-04,9.985557355882388464e-01,9.990993249036789203e-01
1.780000000000000249e+00,1.406712577056540639e-03,9.002365391109701720e-04,9.985926500253871074e-01,9.990992231128508205e-01
1.783333333333333437e+00,1.369968467288255670e-03,9.003358415465046198e-04,9.986293924989244619e-01,9.990991217830005322e-01
1.786666666666667069e+00,1.333412568450823487e-03,9.004346351891118986e-04,9.986659468041355625e-01,9.990990209579182491e-01
1.790000000000000258e+00,1.297061002175425165e-03,9.005328764690195440e-04,9.987022968192865724e-01,9.990989206811715651e-01
1.793333333333333668e+00,1.260929799976464672e-03,9.006305220601062197e-04,9.987384265127337013e-01,9.990988209960833810e-01
1.796666666666666856e+00,1.225034896181588420e-03,9.007275288990163097e-04,9.987743199499959923e-01,9.990987219457155843e-01
1.800000000000000044e+00,1.189392120904439508e-03,9.008238542041542736e-04,9.988099613007794808e-01,9.990986235728467335e-01
1.803333333333333677e+00,1.154017193063485575e-03,9.009194554945577872e-04,9.988453348459604975e-01,9.990985259199561819e-01
1.806666666666666865e+00,1.118925713449830028e-03,9.010142906086338402e-04,9.988804249845184557e-01,9.990984290292025394e-01
1.810000000000000497e+00,1.084133157847121803e-03,9.011083177227589835e-04,9.989152162404146829e-01,9.990983329424095727e-01
1.813333333333333686e+00,1.049654870206654040e-03,9.012014953697268125e-04,9.989496932694169606e-01,9.990982377010411142e-01
1.816666666666666874e+00,1.015506055880526773e-03,9.012937824570416015e-04,9.989838408658692215e-01,9.990981433461895156e-01
1.820000000000000284e+00,9.817017749160108879e-04,9.013851382850397677e-04,9.990176439693951860e-01,9.990980499185522223e-01
1.823333333333333472e+00,9.482569354139601262e-04,9.014755225648480533e-04,9.990510876715410493e-01,9.990979574584180067e-01
1.826666666666667105e+00,9.151862869542291661e-04,9.015648954361507811e-04,9.990841572223501110e-01,9.990978660056459848e-01
1.830000000000000293e+00,8.825044140910441072e-04,9.016532174847758296e-04,9.991168380368679047e-01,9.990977755996496290e-01
1.833333333333333481e+00,8.502257299211115346e-04,9.017404497600754786e-04,9.991491157015748303e-01,9.990976862793794488e-01
1.836666666666666892e+00,8.183644697273683571e-04,9.018265537921107966e-04,9.991809759807410707e-01,9.990975980833044501e-01
1.840000000000000080e+00,7.869346847011691190e-04,9.019114916086195134e-04,9.992124048227057909e-01,9.990975110493988121e-01
1.843333333333333712e+00,7.559502357456051366e-04,9.019952257517630401e-04,9.992433883660749583e-01,9.990974252151191282e-01
1.846666666666666901e+00,7.254247873628295699e-04,9.020777192946520962e-04,9.992739129458340086e-01,9.990973406173926374e-01
1.850000000000000089e+00,6.953718016279141888e-04,9.021589358576312086e-04,9.993039650993723599e-01,9.990972572926006823e-01
1.853333333333333721e+00,6.658045322520430957e-04,9.022388396243251210e-04,9.993335315724238832e-01,9.990971752765599456e-01
1.856666666666666909e+00,6.367360187375853192e-04,9.023173953574387639e-04,9.993625993249093398e-01,9.990970946045086842e-01
1.860000000000000320e+00,6.081790806276025007e-04,9.023945684142963648e-04,9.993911555366891131e-01,9.990970153110915186e-01
1.863333333333333508e+00,5.801463118524246600e-04,9.024703247621219775e-04,9.994191876132167973e-01,9.990969374303423356e-01
1.866666666666667140e+00,5.526500751756594420e-04,9.025446309930516700e-04,9.994466831910917559e-01,9.990968609956712987e-01
1.870000000000000329e+00,5.257024967422163327e-04,9.026174543388638212e-04,9.994736301435152015e-01,9.990967860398483058e-01
1.873333333333333517e+00,4.993154607306144258e-04,9.026887626854359801e-04,9.995000165856342544e-01,9.990967125949903327e-01
1.876666666666666927e+00,4.735006041120589509e-04,9.027585245869057399e-04,9.995258308797863034e-01,9.990966406925450016e-01
1.880000000000000115e+00,4.482693115185126462e-04,9.028267092795405017e-04,9.995510616406300120e-01,9.990965703632788131e-01
1.883333333333333748e+00,4.236327102220442198e-04,9.028932866953046392e-04,9.995756977401673016e-01,9.990965016372638230e-01
1.886666666666666936e+00,3.996016652277080677e-04,9.029582274751196160e-04,9.995997283126493160e-01,9.990964345438605454e-01
1.890000000000000124e+00,3.761867744820431470e-04,9.030215029818144555e-04,9.996231427593708085e-01,9.990963691117116241e-01
1.893333333333333757e+00,3.533983641993774637e-04,9.030830853127507331e-04,9.996459307533429595e-01,9.990963053687221818e-01
1.896666666666666945e+00,3.312464843079725163e-04,9.031429473121319572e-04,9.996680822438469560e-01,9.990962433420518263e-01
1.900000000000000355e+00,3.097409040179823522e-04,9.032010625829751125e-04,9.996895874608684451e-01,9.990961830581019942e-01
1.903333333333333544e+00,2.888911075132480832e-04,9.032574054987539073e-04,9.997104369194037554e-01,9.990961245425035164e-01
1.906666666666666732e+00,2.687062897687566903e-04,9.033119512146989792e-04,9.997306214236461042e-01,9.990960678201052936e-01
1.910000000000000364e+00,2.491953524956641293e-04,9.033646756787526736e-04,9.997501320710391326e-01,9.990960129149643043e-01
1.913333333333333552e+00,2.303669002156555692e-04,9.034155556421762275e-04,9.997689602562032096e-01,9.990959598503341699e-01
1.916666666666667185e+00,2.122292364663335513e-04,9.034645686697997079e-04,9.997870976747298410e-01,9.990959086486554952e-01
1.920000000000000373e+00,1.947903601393900948e-04,9.035116931499149236e-04,9.998045363268461827e-01,9.990958593315450997e-01
1.923333333333333561e+00,1.780579619530781401e-04,9.035569083038062126e-04,9.998212685209416639e-01,9.990958119197870246e-01
1.926666666666666972e+00,1.620394210606277416e-04,9.036001941949088059e-04,9.998372868769594968e-01,9.990957664333237620e-01
1.930000000000000160e+00,1.467418017960473993e-04,9.036415317376002981e-04,9.998525843296535154e-01,9.990957228912465959e-01
1.933333333333333792e+00,1.321718505587535480e-04,9.036809027056167667e-04,9.998671541317013522e-01,9.990956813117879420e-01
1.936666666666666980e+00,1.183359928384327759e-04,9.037182897400848668e-04,9.998809898566828336e-01,9.990956417123140199e-01
1.940000000000000169e+00,1.052403303813948513e-04,9.037536763571771660e-04,9.998940854019113811e-01,9.990956041093129736e-01
1.943333333333333579e+00,9.289063849972302358e-05,9.037870469553755401e-04,9.999064349911285232e-01,9.990955685183947610e-01
1.946666666666666767e+00,8.129236352437433321e-05,9.038183868223527125e-04,9.999180331770478602e-01,9.990955349542773867e-01
1.950000000000000400e+00,7.045062040334908746e-05,9.038476821414523138e-04,9.999288748437612506e-01,9.990955034307845706e-01
1.953333333333333588e+00,6.037019044601979386e-05,9.038749199977843748e-04,9.999389552089913424e-01,9.990954739608377544e-01
1.956666666666666776e+00,5.105551921457526982e-05,9.039000883839102326e-04,9.999482698262022184e-01,9.990954465564533260e-01
1.960000000000000409e+00,4.251071456354080241e-05,9.039231762051404837e-04,9.999568145865620483e-01,9.990954212287314062e-01
1.963333333333333597e+00,3.473954482822845877e-05,9.039441732844193155e-04,9.999645857207519750e-01,9.990953979878577362e-01
1.966666666666667007e+00,2.774543716290118149e-05,9.039630703668126693e-04,9.999715798006312273e-01,9.990953768430935744e-01
1.970000000000000195e+00,2.153147602941639355e-05,9.039798591235815878e-04,9.999777937407469119e-01,9.990953578027754745e-01
1.973333333333333384e+00,1.610040183697671658e-05,9.039945321558523483e-04,9.999832247996949253e-01,9.990953408743109554e-01
1.976666666666667016e+00,1.145460973362234902e-05,9.040070829978781759e-04,9.999878705813315394e-01,9.990953260641732836e-01
1.980000000000000204e+00,7.596148549976208681e-06,9.040175061198805042e-04,9.999917290358268929e-01,9.990953133778993633e-01
1.983333333333333615e+00,4.526719895712425927e-06,9.040257969304868035e-04,9.999947984605704887e-01,9.990953028200887376e-01
1.986666666666666803e+00,2.247677409155287601e-06,9.040319517787503414e-04,9.999970775009224822e-01,9.990952943944018116e-01
1.990000000000000435e+00,7.600261603237820007e-07,9.040359679557539345e-04,9.999985651508100926e-01,9.990952881035540800e-01
1.993333333333333623e+00,6.442220770197082841e-08,9.040378436958017034e-04,9.999992607531716926e-01,9.990952839493195681e-01
1.996666666666666812e+00,1.611723089169483316e-07,9.040375781771910245e-04,9.999991640002467985e-01,9.990952819325289447e-01
2.000000000000000444e+00,1.050233785460609920e-06,9.040351715225709676e-04,9.999982749337125165e-01,9.990952820530667466e-01
2.003333333333333410e+00,2.731214541510142445e-06,9.040306247988839656e-04,9.999965939446615604e-01,9.990952843098753755e-01
2.006666666666667265e+00,5.203373236841893918e-06,9.040239400168871391e-04,9.999941217734347187e-01,9.990952887009513228e-01
2.010000000000000231e+00,8.465619613759500342e-06,9.040151201302643351e-04,9.999908595092925623e-01,9.990952952233496109e-01
2.013333333333333641e+00,1.251651497789582030e-05,9.040041690343157601e-04,9.999868085899328296e-01,9.990953038731834601e-01
2.016666666666667052e+00,1.735427283267323252e-05,9.039910915642371345e-04,9.999819708008589325e-01,9.990953146456258427e-01
2.020000000000000018e+00,2.297675966714218834e-05,9.039758934929781765e-04,9.999763482745914756e-01,9.990953275349128138e-01
2.023333333333333872e+00,2.938149589685879249e-05,9.039585815286979792e-04,9.999699434897283412e-01,9.990953425343421790e-01
2.026666666666666838e+00,3.656565695736975025e-05,9.039391633117951647e-04,9.999627592698507872e-01,9.990953596362831535e-01
2.030000000000000249e+00,4.452607454984443378e-05,9.039176474115376411e-04,9.999547987822786643e-01,9.990953788321748075e-01
2.033333333333333659e+00,5.325923803828503934e-05,9.038940433222759181e-04,9.999460655366738671e-01,9.990954001125301742e-01
2.036666666666667069e+00,6.276129599770615417e-05,9.038683614592536416e-04,9.999365633834911282e-01,9.990954234669428002e-01
2.040000000000000480e+00,7.302805791261424487e-05,9.038406131540069983e-04,9.999262965122829305e-01,9.990954488840886327e-01
2.043333333333333446e+00,8.405499602500554742e-05,9.038108106493632915e-04,9.999152694498477656e-01,9.990954763517330139e-01
2.046666666666666856e+00,9.583724733111028814e-05,9.037789670940383612e-04,9.999034870582366175e-01,9.990955058567349001e-01
2.050000000000000266e+00,1.083696157259604847e-04,9.037450965368305734e-04,9.998909545326073456e-01,9.990955373850525234e-01
2.053333333333333677e+00,1.216465742948667284e-04,9.037092139204240624e-04,9.998776773989351829e-01,9.990955709217513858e-01
2.056666666666667087e+00,1.356622677507827437e-04,9.036713350747908186e-04,9.998636615115734649e-01,9.990956064510095880e-01
2.060000000000000053e+00,1.504105150164729277e-04,9.036314767102078841e-04,9.998489130506725830e-01,9.990956439561223812e-01
2.063333333333333464e+00,1.658848119503663027e-04,9.035896564098819597e-04,9.998334385194553864e-01,9.990956834195161562e-01
2.066666666666666874e+00,1.820783342148736452e-04,9.035458926221920459e-04,9.998172447413484765e-01,9.990957248227472220e-01
2.070000000000000284e+00,1.989839402859117567e-04,9.035002046525487116e-04,9.998003388569720595e-01,9.990957681465189033e-01
2.073333333333333695e+00,2.165941746023176777e-04,9.034526126548775770e-04,9.997827283209919091e-01,9.990958133706830946e-01
2.076666666666667105e+00,2.349012708537368791e-04,9.034031376227256039e-04,9.997644208988315517e-01,9.990958604742545823e-01
2.080000000000000515e+00,2.538971554055779447e-04,9.033518013800011411e-04,9.997454246632481167e-01,9.990959094354137093e-01
2.083333333333333481e+00,2.735734508594649334e-04,9.032986265713450168e-04,9.997257479907699640e-01,9.990959602315224730e-01
2.086666666666666892e+00,2.939214797476891595e-04,9.032436366521414588e-04,9.997053995580041930e-01,9.990960128391330741e-01
2.090000000000000302e+00,3.149322683599673585e-04,9.031868558781687342e-04,9.996843883378113693e-01,9.990960672339948001e-01
2.093333333333333712e+00,3.365965507008413611e-04,9.031283092949031694e-04,9.996627235953451374e-01,9.990961233910683470e-01
2.096666666666667123e+00,3.589047725760110370e-04,9.030680227264680946e-04,9.996404148839679316e-01,9.990961812845347012e-01
2.100000000000000533e+00,3.818470958057124760e-04,9.030060227642441916e-04,9.996174720410386794e-01,9.990962408878083512e-01
2.103333333333333499e+00,4.054134025633960052e-04,9.029423367551387509e-04,9.995939051835720512e-01,9.990963021735470573e-01
2.106666666666666909e+00,4.295932998376826551e-04,9.028769927895239234e-04,9.995697247037791389e-01,9.990963651136661738e-01
2.110000000000000320e+00,4.543761240156969508e-04,9.028100196888486258e-04,9.995449412644827891e-01,9.990964296793489741e-01
2.113333333333333730e+00,4.797509455857580565e-04,9.027414469929226923e-04,9.995195657944143663e-01,9.990964958410595287e-01
2.116666666666667140e+00,5.057065739572844500e-04,9.026713049468914870e-04,9.994936094833964946e-01,9.990965635685576940e-01
2.120000000000000107e+00,5.322315623959055419e-04,9.025996244878936028e-04,9.994670837774064509e-01,9.990966328309105471e-01
2.123333333333333517e+00,5.593142130714791804e-04,9.025264372314179126e-04,9.994400003735273152e-01,9.990967035965060417e-01
2.126666666666666927e+00,5.869425822168651248e-04,9.024517754573589939e-04,9.994123712147926497e-01,9.990967758330687731e-01
2.130000000000000338e+00,6.151044853951829214e-04,9.023756720957814463e-04,9.993842084849157148e-01,9.990968495076720801e-01
2.133333333333333748e+00,6.437875028731595032e-04,9.022981607123980877e-04,9.993555246029188766e-01,9.990969245867531434e-01
2.136666666666666714e+00,6.729789850983047611e-04,9.022192754937634384e-04,9.993263322176553221e-01,9.990970010361288622e-01
2.140000000000000568e+00,7.026660582774042893e-04,9.021390512322003839e-04,9.992966442022318541e-01,9.990970788210089548e-01
2.143333333333333535e+00,7.328356300538977665e-04,9.020575233104556785e-04,9.992664736483292121e-01,9.990971579060142771e-01
2.146666666666666945e+00,7.634743952817022155e-04,9.019747276860968664e-04,9.992358338604322432e-01,9.990972382551899234e-01
2.150000000000000355e+00,7.945688418928011868e-04,9.018907008756535480e-04,9.992047383499581548e-01,9.990973198320199922e-01
2.153333333333333321e+00,8.261052568561746143e-04,9.018054799385156767e-04,9.991732008293017220e-01,9.990974025994489027e-01
2.156666666666667176e+00,8.580697322253035431e-04,9.017191024605917052e-04,9.991412352057854607e-01,9.990974865198907207e-01
2.160000000000000142e+00,8.904481712716343089e-04,9.016316065377335187e-04,9.991088555755267553e-01,9.990975715552520287e-01
2.163333333333333552e+00,9.232262947013601846e-04,9.015430307589356387e-04,9.990760762172214982e-01,9.990976576669450271e-01
2.166666666666666963e+00,9.563896469526314212e-04,9.014534141893225730e-04,9.990429115858470155e-01,9.990977448159057417e-01
2.169999999999999929e+00,9.899236025705997286e-04,9.013627963529180238e-04,9.990093763062869447e-01,9.990978329626103438e-01
2.173333333333333783e+00,1.023813372657313581e-03,9.012712172152208918e-04,9.989754851668822822e-01,9.990979220670948013e-01
2.176666666666666750e+00,1.058044011393735303e-03,9.011787171655809194e-04,9.989412531129084893e-01,9.990980120889693117e-01
2.180000000000000604e+00,1.092600422630975567e-03,9.010853369993875256e-04,9.989066952399838772e-01,9.990981029874393959e-01
2.183333333333333570e+00,1.127467366547782414e-03,9.009911179000846268e-04,9.988718267874150403e-01,9.990981947213212200e-01
2.186666666666666980e+00,1.162629466371462809e-03,9.008961014210081905e-04,9.988366631314729016e-01,9.990982872490605793e-01
2.190000000000000391e+00,1.198071215159154154e-03,9.008003294670657119e-04,9.988012197786130253e-01,9.990983805287533270e-01
2.193333333333333357e+00,1.233776982636508200e-03,9.007038442762594580e-04,9.987655123586379746e-01,9.990984745181603621e-01
2.196666666666667211e+00,1.269731022090822298e-03,9.006066884010605240e-04,9.987295566178018280e-01,9.990985691747273911e-01
2.200000000000000178e+00,1.305917477315449290e-03,9.005089046896487754e-04,9.986933684118690646e-01,9.990986644556065777e-01
2.203333333333334032e+00,1.342320389602575173e-03,9.004105362670176971e-04,9.986569636991184939e-01,9.990987603176705312e-01
2.206666666666666998e+00,1.378923704781147069e-03,9.003116265159624753e-04,9.986203585333086608e-01,9.990988567175358437e-01
2.209999999999999964e+00,1.415711280296947381e-03,9.002122190579504423e-04,9.985835690565966205e-01,9.990989536115789660e-01
2.213333333333333819e+00,1.452666892331643715e-03,9.001123577338881977e-04,9.985466114924180792e-01,9.990990509559578570e-01
2.216666666666666785e+00,1.489774242957634396e-03,9.000120865847894159e-04,9.985095021383345593e-01,9.990991487066281929e-01
2.220000000000000639e+00,1.527016967325682192e-03,8.999114498323602549e-04,9.984722573588434846e-01,9.990992468193681253e-01
2.223333333333333606e+00,1.564378640881952491e-03,8.998104918595008477e-04,9.984348935781647283e-01,9.990993452497906047e-01
2.226666666666667016e+00,1.601842786611492112e-03,8.997092571907350190e-04,9.983974272729951860e-01,9.990994439533698035e-01
2.230000000000000426e+00,1.639392882304760218e-03,8.996077904725803716e-04,9.983598749652395909e-01,9.990995428854563265e-01
2.233333333333333393e+00,1.677012367844160808e-03,8.995061364538641619e-04,9.983222532147323358e-01,9.990996420012980828e-01
2.236666666666667247e+00,1.714684652507273213e-03,8.994043399659919051e-04,9.982845786119238785e-01,9.990997412560614910e-01
2.240000000000000213e+00,1.752393122283572901e-03,8.993024459031830195e-04,9.982468677705739202e-01,9.990998406048489100e-01
2.243333333333333623e+00,1.790121147201466497e-03,8.992004992026770898e-04,9.982091373204174944e-01,9.990999400027209543e-01
2.246666666666667034e+00,1.827852088662323396e-03,8.990985448249172538e-04,9.981714038998350524e-01,9.991000394047130362e-01
2.250000000000000444e+00,1.865569306778354971e-03,8.989966277337352145e-04,9.981336841485124456e-01,9.991001387658580146e-01
2.253333333333333854e+00,1.903256167711067127e-03,8.988947928765178216e-04,9.980959947001054600e-01,9.991002380412055128e-01
2.256666666666666821e+00,1.940896051007008193e-03,8.987930851643960960e-04,9.980583521749004650e-01,9.991003371858402371e-01
2.260000000000000231e+00,1.978472356927683806e-03,8.986915494524423849e-04,9.980207731724886067e-01,9.991004361549040702e-01
2.263333333333333641e+00,2.015968513770291428e-03,8.985902305198936475e-04,9.979832742644412225e-01,9.991005349036143901e-01
2.266666666666667052e+00,2.053367985176105144e-03,8.984891730504083497e-04,9.979458719870059058e-01,9.991006333872829437e-01
2.270000000000000462e+00,2.090654277423318642e-03,8.983884216123670533e-04,9.979085828338102315e-01,9.991007315613380513e-01
2.273333333333333428e+00,2.127810946701010498e-03,8.982880206392203836e-04,9.978714232485903501e-01,9.991008293813424812e-01
2.276666666666666838e+00,2.164821606361204669e-03,8.981880144099000990e-04,9.978344096179380118e-01,9.991009268030125456e-01
2.280000000000000249e+00,2.201669934145633091e-03,8.980884470292941268e-04,9.977975582640735697e-01,9.991010237822404161e-01
2.283333333333333659e+00,2.238339679384165025e-03,8.979893624088056267e-04,9.977608854376496250e-01,9.991011202751097775e-01
2.286666666666667069e+00,2.274814670161651002e-03,8.978908042469879464e-04,9.977244073105810962e-01,9.991012162379184769e-01
2.290000000000000480e+00,2.311078820450032829e-03,8.977928160102783498e-04,9.976881399689170316e-01,9.991013116271963979e-01
2.293333333333333890e+00,2.347116137202603665e-03,8.976954409138357188e-04,9.976520994057441749e-01,9.991014063997232242e-01
2.296666666666666856e+00,2.382910727407229305e-03,8.975987219024860256e-04,9.976163015141349399e-01,9.991015005125500892e-01
2.300000000000000266e+00,2.418446805095505765e-03,8.975027016317859829e-04,9.975807620801365738e-01,9.991015939230188936e-01
2.303333333333333677e+00,2.453708698304669054e-03,8.974074224492180991e-04,9.975454967758121683e-01,9.991016865887762943e-01
2.306666666666667087e+00,2.488680855989254797e-03,8.973129263755178983e-04,9.975105211523280779e-01,9.991017784677980185e-01
2.310000000000000497e+00,2.523347854879438943e-03,8.972192550861463143e-04,9.974758506330941854e-01,9.991018695184050724e-01
2.313333333333333464e+00,2.557694406282996508e-03,8.971264498929158249e-04,9.974415005069638962e-01,9.991019596992806173e-01
2.316666666666666874e+00,2.591705362827974833e-03,8.970345517257732534e-04,9.974074859214921984e-01,9.991020489694906193e-01
2.320000000000000284e+00,2.625365725142997028e-03,8.969436011147540909e-04,9.973738218762535634e-01,9.991021372885020568e-01
2.323333333333333695e+00,2.658660648472289945e-03,8.968536381721110493e-04,9.973405232162275702e-01,9.991022246161973541e-01
2.326666666666667105e+00,2.691575449222590854e-03,8.967647025746281223e-04,9.973076046252522531e-01,9.991023109128965851e-01
2.330000000000000515e+00,2.724095611438896204e-03,8.966768335461260076e-04,9.972750806195513906e-01,9.991023961393723507e-01
2.333333333333333481e+00,2.756206793206369705e-03,8.965900698401649618e-04,9.972429655413264094e-01,9.991024802568660990e-01
2.336666666666666892e+00,2.787894832975435552e-03,8.965044497229590756e-04,9.972112735524377714e-01,9.991025632271085533e-01
2.340000000000000302e+00,2.819145755807333717e-03,8.964200109565027266e-04,9.971800186281561951e-01,9.991026450123334790e-01
2.343333333333333712e+00,2.849945779537433731e-03,8.963367907819171261e-04,9.971492145509985860e-01,9.991027255752966685e-01
2.346666666666667123e+00,2.880281320853457245e-03,8.962548259030296430e-04,9.971188749046533406e-01,9.991028048792895966e-01
2.350000000000000089e+00,2.910139001286077970e-03,8.961741524701931708e-04,9.970890130679878061e-01,9.991028828881594048e-01
2.353333333333333943e+00,2.939505653109132990e-03,8.960948060643362124e-04,9.970596422091468902e-01,9.991029595663211138e-01
2.356666666666666909e+00,2.968368325146906236e-03,8.960168216812826065e-04,9.970307752797493706e-01,9.991030348787752757e-01
2.360000000000000320e+00,2.996714288485939712e-03,8.959402337163107537e-04,9.970024250091725770e-01,9.991031087911240727e-01
2.363333333333333730e+00,3.024531042088767375e-03,8.958650759489920250e-04,9.969746038989399928e-01,9.991031812695838621e-01
2.366666666666666696e+00,3.051806318307223684e-03,8.957913815282900292e-04,9.969473242172082195e-01,9.991032522810024963e-01
2.370000000000000551e+00,3.078528088292769443e-03,8.957191829579454591e-04,9.969205979933581929e-01,9.991033217928732002e-01
2.373333333333333517e+00,3.104684567301505601e-03,8.956485120821378433e-04,9.968944370126868737e-01,9.991033897733491154e-01
2.376666666666666927e+00,3.130264219891586933e-03,8.955794000714471879e-04,9.968688528112131797e-01,9.991034561912564005e-01
2.380000000000000338e+00,3.155255765010609153e-03,8.955118774091013053e-04,9.968438566705861703e-01,9.991035210161094415e-01
2.383333333333333304e+00,3.179648180970877803e-03,8.954459738775368037e-04,9.968194596131164653e-01,9.991035842181222870e-01
2.386666666666667158e+00,3.203430710310253490e-03,8.953817185452609415e-04,9.967956723969084720e-01,9.991036457682240801e-01
2.390000000000000124e+00,3.226592864536464902e-03,8.953191397540328882e-04,9.967725055111206212e-01,9.991037056380702719e-01
2.393333333333333979e+00,3.249124428752836122e-03,8.952582651063605967e-04,9.967499691713382903e-01,9.991037638000563881e-01
2.396666666666666945e+00,3.271015466163301917e-03,8.951991214533311760e-04,9.967280733150677419e-01,9.991038202273275770e-01
2.400000000000000355e+00,3.292256322454824042e-03,8.951417348827624045e-04,9.967068275973544056e-01,9.991038748937953740e-01
2.403333333333333766e+00,3.312837630055196284e-03,8.950861307077002125e-04,9.966862413865251735e-01,9.991039277741440294e-01
2.406666666666666732e+00,3.332750312264391637e-03,8.950323334552491225e-04,9.966663237600569270e-01,9.991039788438430547e-01
2.410000000000000586e+00,3.351985587257648794e-03,8.949803668557566828e-04,9.966470835005731832e-01,9.991040280791622097e-01
2.413333333333333552e+00,3.370534971958473458e-03,8.949302538323431096e-04,9.966285290919700834e-01,9.991040754571736127e-01
2.416666666666666963e+00,3.388390285779932076e-03,8.948820164907896925e-04,9.966106687156773836e-01,9.991041209557720570e-01
2.420000000000000373e+00,3.405543654232494159e-03,8.948356761097870466e-04,9.965935102470474538e-01,9.991041645536753446e-01
2.423333333333333339e+00,3.421987512396918764e-03,8.947912531315473312e-04,9.965770612518839444e-01,9.991042062304403837e-01
2.426666666666667194e+00,3.437714608260576156e-03,8.947487671527870482e-04,9.965613289831053434e-01,9.991042459664685182e-01
2.430000000000000160e+00,3.452718005915786544e-03,8.947082369160789042e-04,9.965463203775445367e-01,9.991042837430154089e-01
2.433333333333334014e+00,3.466991088618760763e-03,8.946696803015826002e-04,9.965320420528945844e-01,9.991043195421996925e-01
2.436666666666666980e+00,3.480527561707740837e-03,8.946331143191555259e-04,9.965185003047822843e-01,9.991043533470095328e-01
2.440000000000000391e+00,3.493321455379145169e-03,8.945985551008480210e-04,9.965057011039990531e-01,9.991043851413119459e-01
2.443333333333333801e+00,3.505367127320399567e-03,8.945660178937835279e-04,9.964936500938653685e-01,9.991044149098575744e-01
2.446666666666666767e+00,3.516659265198351664e-03,8.945355170534290568e-04,9.964823525877396504e-01,9.991044426382902355e-01
2.450000000000000622e+00,3.527192889002167629e-03,8.945070660372620363e-04,9.964718135666794652e-01,9.991044683131514725e-01
2.453333333333333588e+00,3.536963353239624356e-03,8.944806773988264997e-04,9.964620376772410637e-01,9.991044919218858844e-01
2.456666666666666998e+00,3.545966348985933256e-03,8.944563627821960645e-04,9.964530292294315750e-01,9.991045134528480087e-01
2.460000000000000409e+00,3.554197905784052189e-03,8.944341329168302608e-04,9.964447921948099696e-01,9.991045328953080951e-01
2.463333333333333819e+00,3.561654393395790371e-03,8.944139976128394950e-04,9.964373302047331293e-01,9.991045502394546585e-01
2.466666666666667229e+00,3.568332523402819798e-03,8.943959657566507345e-04,9.964306465487545728e-01,9.991045654763993644e-01
2.470000000000000195e+00,3.574229350656953942e-03,8.943800453070856237e-04,9.964247441731757249e-01,9.991045785981826910e-01
2.473333333333333606e+00,3.579342274579039741e-03,8.943662432918427895e-04,9.964196256797456241e-01,9.991045895977762603e-01
2.476666666666667016e+00,3.583669040305860476e-03,8.943545658043953973e-04,9.964152933245108423e-01,9.991045984690852810e-01
2.480000000000000426e+00,3.587207739684593766e-03,8.943450180012934387e-04,9.964117490168266089e-01,9.991046052069514349e-01
2.483333333333333837e+00,3.589956812114337200e-03,8.943376040998892926e-04,9.964089943185083786e-01,9.991046098071575399e-01
2.486666666666666803e+00,3.591915045234366811e-03,8.943323273764669339e-04,9.964070304431469349e-01,9.991046122664248852e-01
2.490000000000000213e+00,3.593081575458810517e-03,8.943291901647944155e-04,9.964058582555729293e-01,9.991046125824188939e-01
2.493333333333333623e+00,3.593455888357488005e-03,8.943281938550859617e-04,9.964054782714740766e-01,9.991046107537493448e-01
2.496666666666667034e+00,3.593037818882780041e-03,8.943293388933867914e-04,9.964058906571676699e-01,9.991046067799679298e-01
2.500000000000000444e+00,3.591827551442388407e-03,8.943326247813628916e-04,9.964070952295276395e-01,9.991046006615722508e-01
2.503333333333333854e+00,3.589825619818002526e-03,8.943380500765240378e-04,9.964090914560684853e-01,9.991045924000031553e-01
2.506666666666667265e+00,3.587032906929846741e-03,8.943456123928466683e-04,9.964118784551739827e-01,9.991045819976462905e-01
2.510000000000000231e+00,3.583450644447278271e-03,8.943553084018226323e-04,9.964154549964896468e-01,9.991045694578271075e-01
2.513333333333333641e+00,3.579080412245558111e-03,8.943671338339214544e-04,9.964198195014670745e-01,9.991045547848151909e-01
2.516666666666667052e+00,3.573924137709062927e-03,8.943810834804668706e-04,9.964249700440561686e-01,9.991045379838179308e-01
2.520000000000000462e+00,3.567984094881216338e-03,8.943971511959273148e-04,9.964309043515560127e-01,9.991045190609786353e-01
2.523333333333333872e+00,3.561262903461555936e-03,8.944153299006203520e-04,9.964376198056184020e-01,9.991044980233749762e-01
2.526666666666666838e+00,3.553763527650347608e-03,8.944356115838298683e-04,9.964451134434009205e-01,9.991044748790175456e-01
2.530000000000000249e+00,3.545489274841248477e-03,8.944579873073322217e-04,9.964533819588738961e-01,9.991044496368409744e-01
2.533333333333333659e+00,3.536443794162639521e-03,8.944824472093336303e-04,9.964624217042795662e-01,9.991044223067071517e-01
2.536666666666667069e+00,3.526631074868223290e-03,8.945089805088131613e-04,9.964722286917385707e-01,9.991043928993946777e-01
2.540000000000000480e+00,3.516055444577614007e-03,8.945375755102701271e-04,9.964827985950107658e-01,9.991043614265960882e-01
2.543333333333333890e+00,3.504721567367723688e-03,8.945682196088792495e-04,9.964941267514018097e-01,9.991043279009143019e-01
2.546666666666666856e+00,3.492634441715727900e-03,8.946008992960435098e-04,9.965062081638195179e-01,9.991042923358574024e-01
2.550000000000000266e+00,3.479799398294568767e-03,8.946356001653457679e-04,9.965190375029787662e-01,9.991042547458269807e-01
2.553333333333333677e+00,3.466222097621964038e-03,8.946723069188982844e-04,9.965326091097499450e-01,9.991042151461204668e-01
2.556666666666667087e+00,3.451908527563903213e-03,8.947110033740842891e-04,9.965469169976554076e-01,9.991041735529172518e-01
2.560000000000000497e+00,3.436865000693834198e-03,8.947516724706891045e-04,9.965619548555099128e-01,9.991041299832745803e-01
2.563333333333333464e+00,3.421098151508584779e-03,8.947942962784206054e-04,9.965777160502036214e-01,9.991040844551208888e-01
2.566666666666667318e+00,3.404614933502345987e-03,8.948388560048138119e-04,9.965941936296282000e-01,9.991040369872450366e-01
2.570000000000000284e+00,3.387422616099961589e-03,8.948853320035114831e-04,9.966113803257399262e-01,9.991039875992898667e-01
2.573333333333333695e+00,3.369528781450880674e-03,8.949337037829271100e-04,9.966292685577670118e-01,9.991039363117449890e-01
2.576666666666667105e+00,3.350941321085191930e-03,8.949839500152776198e-04,9.966478504355548163e-01,9.991038831459345682e-01
2.580000000000000071e+00,3.331668432433196759e-03,8.950360485459851441e-04,9.966671177630399558e-01,9.991038281240092189e-01
2.583333333333333925e+00,3.311718615210123250e-03,8.950899764034467646e-04,9.966870620418706306e-01,9.991037712689375683e-01
2.586666666666666892e+00,3.291100667667464647e-03,8.951457098091586840e-04,9.967076744751490747e-01,9.991037126044944872e-01
2.590000000000000302e+00,3.269823682712696532e-03,8.952032241882038228e-04,9.967289459713166710e-01,9.991036521552514316e-01
2.593333333333333712e+00,3.247897043899030268e-03,8.952624941800842997e-04,9.967508671481573046e-01,9.991035899465628978e-01
2.596666666666666679e+00,3.225330421286987277e-03,8.953234936499066031e-04,9.967734283369407144e-01,9.991035260045622035e-01
2.600000000000000533e+00,3.202133767179621282e-03,8.953861956999029743e-04,9.967966195866819756e-01,9.991034603561419480e-01
2.603333333333333499e+00,3.178317311733261114e-03,8.954505726812924706e-04,9.968204306685326532e-01,9.991033930289459075e-01
2.606666666666667354e+00,3.153891558445715265e-03,8.955165962064756376e-04,9.968448510802896401e-01,9.991033240513581548e-01
2.610000000000000320e+00,3.128867279523941339e-03,8.955842371615484795e-04,9.968698700510286725e-01,9.991032534524874054e-01
2.613333333333333730e+00,3.103255511133190536e-03,8.956534657191446164e-04,9.968954765458538647e-01,9.991031812621560260e-01
2.616666666666667140e+00,3.077067548529744366e-03,8.957242513515886089e-04,9.969216592707629276e-01,9.991031075108878223e-01
2.620000000000000107e+00,3.050314941079419837e-03,8.957965628443555683e-04,9.969484066776288511e-01,9.991030322298909416e-01
2.623333333333333961e+00,3.023009487163954255e-03,8.958703683098435608e-04,9.969757069692922746e-01,9.991029554510491018e-01
2.626666666666666927e+00,2.995163228977632333e-03,8.959456352014289870e-04,9.970035481047657688e-01,9.991028772069027175e-01
2.630000000000000338e+00,2.966788447216323586e-03,8.960223303278260810e-04,9.970319178045401465e-01,9.991027975306375764e-01
2.633333333333333748e+00,2.937897655661416731e-03,8.961004198677240736e-04,9.970608035560049043e-01,9.991027164560704055e-01
2.636666666666666714e+00,2.908503595660866334e-03,8.961798693847046211e-04,9.970901926189608133e-01,9.991026340176314413e-01
2.640000000000000568e+00,2.878619230509964211e-03,8.962606438424277917e-04,9.971200720312434207e-01,9.991025502503506628e-01
2.643333333333333535e+00,2.848257739734212125e-03,8.963427076200883433e-04,9.971504286144359241e-01,9.991024651898439135e-01
2.646666666666667389e+00,2.817432513276767365e-03,8.964260245281237532e-04,9.971812489796829659e-01,9.991023788722944721e-01
2.650000000000000355e+00,2.786157145593209407e-03,8.965105578241788775e-04,9.972125195335951320e-01,9.991022913344388412e-01
2.653333333333333766e+00,2.754445429656006850e-03,8.965962702293113051e-04,9.972442264842393822e-01,9.991022026135489842e-01
2.656666666666667176e+00,2.722311350871511795e-03,8.966831239444359933e-04,9.972763558472304002e-01,9.991021127474183361e-01
2.660000000000000142e+00,2.689769080912058144e-03,8.967710806669954189e-04,9.973088934518885562e-01,9.991020217743434850e-01
2.663333333333333997e+00,2.656832971465925095e-03,8.968601016078574109e-04,9.973418249474944597e-01,9.991019297331065196e-01
2.666666666666666963e+00,2.623517547907910571e-03,8.969501475084226683e-04,9.973751358096154540e-01,9.991018366629598191e-01
2.670000000000000373e+00,2.589837502893305773e-03,8.970411786579466241e-04,9.974088113465132688e-01,9.991017426036068461e-01
2.673333333333333783e+00,2.555807689878117090e-03,8.971331549110500700e-04,9.974428367056201727e-01,9.991016475951881581e-01
2.676666666666666750e+00,2.521443116568376427e-03,8.972260357054339351e-04,9.974771968800929534e-01,9.991015516782576489e-01
2.680000000000000604e+00,2.486758938301384444e-03,8.973197800797667791e-04,9.975118767154257382e-01,9.991014548937706685e-01
2.683333333333333570e+00,2.451770451361931155e-03,8.974143466917601768e-04,9.975468609161390887e-01,9.991013572830627076e-01
2.686666666666666980e+00,2.416493086236270321e-03,8.975096938364012043e-04,9.975821340525213854e-01,9.991012588878326328e-01
2.690000000000000391e+00,2.380942400806985298e-03,8.976057794643501567e-04,9.976176805674339398e-01,9.991011597501213704e-01
2.693333333333333801e+00,2.345134073491659827e-03,8.977025612004948260e-04,9.976534847831731723e-01,9.991010599122988056e-01
2.696666666666667211e+00,2.309083896328346149e-03,8.977999963626377006e-04,9.976895309083846364e-01,9.991009594170403574e-01
2.700000000000000178e+00,2.272807768011017582e-03,8.978980419803308339e-04,9.977258030450253390e-01,9.991008583073082150e-01
2.703333333333333588e+00,2.236321686877896456e-03,8.979966548138269399e-04,9.977622851953770189e-01,9.991007566263366835e-01
2.706666666666666998e+00,2.199641743855924782e-03,8.980957913731589656e-04,9.977989612690987276e-01,9.991006544176092019e-01
2.710000000000000409e+00,2.162784115364353547e-03,8.981954079373236392e-04,9.978358150903258172e-01,9.991005517248389145e-01
2.713333333333333819e+00,2.125765056180648621e-03,8.982954605735705110e-04,9.978728304048017916e-01,9.991004485919526834e-01
2.716666666666667229e+00,2.088600892271863952e-03,8.983959051567810914e-04,9.979099908870459057e-01,9.991003450630688842e-01
2.720000000000000639e+00,2.051308013594583309e-03,8.984966973889384114e-04,9.979472801475558486e-01,9.991002411824788654e-01
2.723333333333333606e+00,2.013902866866717437e-03,8.985977928186673815e-04,9.979846817400321868e-01,9.991001369946278521e-01
2.726666666666667016e+00,1.976401948314173741e-03,8.986991468608441060e-04,9.980221791686322286e-01,9.991000325440944074e-01
2.730000000000000426e+00,1.938821796395801163e-03,8.988007148162708996e-04,9.980597558952474246e-01,9.990999278755715585e-01
2.733333333333333837e+00,1.901178984509657938e-03,8.989024518913882756e-04,9.980973953467938697e-01,9.990998230338467012e-01
2.736666666666667247e+00,1.863490113683869591e-03,8.990043132180421202e-04,9.981350809225214560e-01,9.990997180637815056e-01
2.740000000000000213e+00,1.825771805255361211e-03,8.991062538732761279e-04,9.981727960013361267e-01,9.990996130102934858e-01
2.743333333333333623e+00,1.788040693539580221e-03,8.992082288991518849e-04,9.982105239491313453e-01,9.990995079183349059e-01
2.746666666666667034e+00,1.750313418494521892e-03,8.993101933225797944e-04,9.982482481261197860e-01,9.990994028328717969e-01
2.750000000000000444e+00,1.712606618382313869e-03,8.994121021751633367e-04,9.982859518941734622e-01,9.990992977988681911e-01
2.753333333333333854e+00,1.674936922431466196e-03,8.995139105130365003e-04,9.983236186241641885e-01,9.990991928612629192e-01
2.756666666666667265e+00,1.637320943503225252e-03,8.996155734366910201e-04,9.983612317032933836e-01,9.990990880649491812e-01
2.760000000000000231e+00,1.599775270765022061e-03,8.997170461107850768e-04,9.983987745424204308e-01,9.990989834547584492e-01
2.763333333333333641e+00,1.562316462374500675e-03,8.998182837839253240e-04,9.984362305833770490e-01,9.990988790754367077e-01
2.766666666666667052e+00,1.524961038177150485e-03,8.999192418084041387e-04,9.984735833062727828e-01,9.990987749716269128e-01
2.770000000000000462e+00,1.487725472420844052e-03,9.000198756599051041e-04,9.985108162367768436e-01,9.990986711878486748e-01
2.773333333333333872e+00,1.450626186490556937e-03,9.001201409571385611e-04,9.985479129533849640e-01,9.990985677684796062e-01
2.776666666666666838e+00,1.413679541666297687e-03,9.002199934814234927e-04,9.985848570946628255e-01,9.990984647577342281e-01
2.780000000000000249e+00,1.376901831907656948e-03,9.003193891961969826e-04,9.986216323664589556e-01,9.990983621996454289e-01
2.783333333333333659e+00,1.340309276667987163e-03,9.004182842664372639e-04,9.986582225490934217e-01,9.990982601380448136e-01
2.786666666666667069e+00,1.303918013741457889e-03,9.005166350780074037e-04,9.986946115045092220e-01,9.990981586165428308e-01
2.790000000000000480e+00,1.267744092146157143e-03,9.006143982568905670e-04,9.987307831833894811e-01,9.990980576785101208e-01
2.793333333333333446e+00,1.231803465046306216e-03,9.007115306883288963e-04,9.987667216322352326e-01,9.990979573670599745e-01
2.796666666666667300e+00,1.196111982716774411e-03,9.008079895358404171e-04,9.988024110004017908e-01,9.990978577250249071e-01
2.800000000000000266e+00,1.160685385553002777e-03,9.009037322601204769e-04,9.988378355470899361e-01,9.990977587949432248e-01
2.803333333333333677e+00,1.125539297129320550e-03,9.009987166378012613e-04,9.988729796482852530e-01,9.990976606190357101e-01
2.806666666666667087e+00,1.090689217308871356e-03,9.010929007800845677e-04,9.989078278036503944e-01,9.990975632391891903e-01
2.810000000000000053e+00,1.056150515408016020e-03,9.011862431512176943e-04,9.989423646433615023e-01,9.990974666969388851e-01
2.813333333333333908e+00,1.021938423418384785e-03,9.012787025868176493e-04,9.989765749348842316e-01,9.990973710334476454e-01
2.816666666666666874e+00,9.880680292894633652e-04,9.013702383120274176e-04,9.990104435896930424e-01,9.990972762894899661e-01
2.820000000000000728e+00,9.545542702746833124e-04,9.014608099595055853e-04,9.990439556699260981e-01,9.990971825054323352e-01
2.823333333333333695e+00,9.214119263440551924e-04,9.015503775872317580e-04,9.990770963949714423e-01,9.990970897212163582e-01
2.826666666666666661e+00,8.886556136660554934e-04,9.016389016961260392e-04,9.991098511479856725e-01,9.990969979763422160e-01
2.830000000000000515e+00,8.562997781618561684e-04,9.017263432474734598e-04,9.991422054823422272e-01,9.990969073098486808e-01
2.833333333333333481e+00,8.243586891345919179e-04,9.018126636801417594e-04,9.991741451280005126e-01,9.990968177602977951e-01
2.836666666666667336e+00,7.928464329765124363e-04,9.018978249275938193e-04,9.992056559977983143e-01,9.990967293657566639e-01
2.840000000000000302e+00,7.617769069568452707e-04,9.019817894346747987e-04,9.992367241936681577e-01,9.990966421637825778e-01
2.843333333333333712e+00,7.311638130930157202e-04,9.020645201741823212e-04,9.992673360127618531e-01,9.990965561914048054e-01
2.846666666666667123e+00,7.010206521080214513e-04,9.021459806631939096e-04,9.992974779534979923e-01,9.990964714851079398e-01
2.850000000000000089e+00,6.713607174765498205e-04,9.022261349791614246e-04,9.993271367215138534e-01,9.990963880808174657e-01
2.853333333333333943e+00,6.421970895625158824e-04,9.023049477757523430e-04,9.993562992355286001e-01,9.990963060138824403e-01
2.856666666666666909e+00,6.135426298505968238e-04,9.023823842984457890e-04,9.993849526331127775e-01,9.990962253190601716e-01
2.860000000000000764e+00,5.854099752742460789e-04,9.024584103998522025e-04,9.994130842763619960e-01,9.990961460305021191e-01
2.863333333333333730e+00,5.578115326428115467e-04,9.025329925547816894e-04,9.994406817574664759e-01,9.990960681817365741e-01
2.866666666666667140e+00,5.307594731700741994e-04,9.026060978750260338e-04,9.994677329041884439e-01,9.990959918056572242e-01
2.870000000000000551e+00,5.042657271067254665e-04,9.026776941238643477e-04,9.994942257852261758e-01,9.990959169345046131e-01
2.873333333333333517e+00,4.783419784791291215e-04,9.027477497302797797e-04,9.995201487154792286e-01,9.990958435998538167e-01
2.876666666666667371e+00,4.529996599366028598e-04,9.028162338028824065e-04,9.995454902611971004e-01,9.990957718326033410e-01
2.880000000000000338e+00,4.282499477096473705e-04,9.028831161435327745e-04,9.995702392450268592e-01,9.990957016629552490e-01
2.883333333333333748e+00,4.041037566811887393e-04,9.029483672606582884e-04,9.995943847509388691e-01,9.990956331204073892e-01
2.886666666666667158e+00,3.805717355731135540e-04,9.030119583822592997e-04,9.996179161290436044e-01,9.990955662337385190e-01
2.890000000000000124e+00,3.576642622501862985e-04,9.030738614685956825e-04,9.996408230002842288e-01,9.990955010309943152e-01
2.893333333333333979e+00,3.353914391433891209e-04,9.031340492245518332e-04,9.996630952610203735e-01,9.990954375394768272e-01
2.896666666666666945e+00,3.137630887947620681e-04,9.031924951116707730e-04,9.996847230874782442e-01,9.990953757857308215e-01
2.900000000000000355e+00,2.927887495256495430e-04,9.032491733598583270e-04,9.997056969400854864e-01,9.990953157955355657e-01
2.903333333333333766e+00,2.724776712303088842e-04,9.033040589787430692e-04,9.997260075676778213e-01,9.990952575938878422e-01
2.906666666666667176e+00,2.528388112967168942e-04,9.033571277686950696e-04,9.997456460115803356e-01,9.990952012049959530e-01
2.910000000000000586e+00,2.338808306563489655e-04,9.034083563314958525e-04,9.997646036095558797e-01,9.990951466522658420e-01
2.913333333333333552e+00,2.156120899647347806e-04,9.034577220806540385e-04,9.997828719996270097e-01,9.990950939582929902e-01
2.916666666666666963e+00,1.980406459144004106e-04,9.035052032513609223e-04,9.998004431237633716e-01,9.990950431448510916e-01
2.920000000000000373e+00,1.811742476818778121e-04,9.035507789100871798e-04,9.998173092314367461e-01,9.990949942328827271e-01
2.923333333333333783e+00,1.650203335103449806e-04,9.035944289638107299e-04,9.998334628830358728e-01,9.990949472424898170e-01
2.926666666666667194e+00,1.495860274293413510e-04,9.036361341688708710e-04,9.998488969531492687e-01,9.990949021929260709e-01
2.930000000000000160e+00,1.348781361131076338e-04,9.036758761394528142e-04,9.998636046337094907e-01,9.990948591025867742e-01
2.933333333333334014e+00,1.209031458788343530e-04,9.037136373556904677e-04,9.998775794369920700e-01,9.990948179890027925e-01
2.936666666666666980e+00,1.076672198262244412e-04,9.037494011713885587e-04,9.998908151984815529e-01,9.990947788688294695e-01
2.940000000000000391e+00,9.517619511955995233e-05,9.037831518213546586e-04,9.999033060795831096e-01,9.990947417578434075e-01
2.943333333333333801e+00,8.343558041353699216e-05,9.038148744283526059e-04,9.999150465702033586e-01,9.990947066709316982e-01
2.946666666666667211e+00,7.245055342395793224e-05,9.038445550096529295e-04,9.999260314911800895e-01,9.990946736220881474e-01
2.950000000000000622e+00,6.222595864436267124e-05,9.038721804831944791e-04,9.999362559965622177e-01,9.990946426244063927e-01
2.953333333333333588e+00,5.276630520963099518e-05,9.038977386733472843e-04,9.999457155757508486e-01,9.990946136900727970e-01
2.956666666666666998e+00,4.407576490745164196e-05,9.039212183162785965e-04,9.999544060554863556e-01,9.990945868303628963e-01
2.960000000000000409e+00,3.615817033858010265e-05,9.039426090649107289e-04,9.999623236016904615e-01,9.990945620556348494e-01
2.963333333333333819e+00,2.901701322667364581e-05,9.039619014934771992e-04,9.999694647211563314e-01,9.990945393753263293e-01
2.966666666666667229e+00,2.265544287844299724e-05,9.039790871016785846e-04,9.999758262630892292e-01,9.990945187979495268e-01
2.970000000000000639e+00,1.707626479482341457e-05,9.039941583184152134e-04,9.999814054204940739e-01,9.990945003310865991e-01
2.973333333333333606e+00,1.228193943375119148e-05,9.040071085051269413e-04,9.999861997314178907e-01,9.990944839813890033e-01
2.976666666666667016e+00,8.274581125108963563e-06,9.040179319587098722e-04,9.999902070800319454e-01,9.990944697545715014e-01
2.980000000000000426e+00,5.055957138315189125e-06,9.040266239140256352e-04,9.999934256975657743e-01,9.990944576554111611e-01
2.983333333333333837e+00,2.627486902958573174e-06,9.040331805459948713e-04,9.999958541630857844e-01,9.990944476877460234e-01
2.986666666666667247e+00,9.902413828374164123e-07,9.040375989712779630e-04,9.999974914041266372e-01,9.990944398544706617e-01
2.990000000000000213e+00,1.449426036641788814e-07,9.040398772495378049e-04,9.999983366971578747e-01,9.990944341575384025e-01
2.993333333333333623e+00,9.196333465632944309e-08,9.040400143842883002e-04,9.999983896679084383e-01,9.990944305979572171e-01
2.996666666666667034e+00,8.313269241452548535e-07,9.040380103233274997e-04,9.999976502915275400e-01,9.990944291757914986e-01
3.000000000000000444e+00,2.362707289280139549e-06,9.040338659587526717e-04,9.999961188925986511e-01,9.990944298901627274e-01
3.003333333333333854e+00,4.685429059828434350e-06,9.040275831265582804e-04,9.999937961449950619e-01,9.990944327392453639e-01
3.006666666666666821e+00,7.798467876013889542e-06,9.040191646058212075e-04,9.999906830715828976e-01,9.990944377202742865e-01
3.010000000000000675e+00,1.170045084025626093e-05,9.040086141174655211e-04,9.999867810437690352e-01,9.990944448295397962e-01
3.013333333333333641e+00,1.638965712261355770e-05,9.039959363226148133e-04,9.999820917808963650e-01,9.990944540623920567e-01
3.016666666666667052e+00,2.186401871966781353e-05,9.039811368205310236e-04,9.999766173494899490e-01,9.990944654132456471e-01
3.020000000000000462e+00,2.812112136650454089e-05,9.039642221461344348e-04,9.999703601623379789e-01,9.990944788755766748e-01
3.023333333333333428e+00,3.515820560140171916e-05,9.039451997671170934e-04,9.999633229774331777e-01,9.990944944419286600e-01
3.026666666666667282e+00,4.297216798274675282e-05,9.039240780806430398e-04,9.999555088967558847e-01,9.990945121039170873e-01
3.030000000000000249e+00,5.155956245764167892e-05,9.039008664096353498e-04,9.999469213649027077e-01,9.990945318522305163e-01
3.033333333333333659e+00,6.091660188161346871e-05,9.038755749986600698e-04,9.999375641675726234e-01,9.990945536766349111e-01
3.036666666666667069e+00,7.103915968872827325e-05,9.038482150094002141e-04,9.999274414298924274e-01,9.990945775659809680e-01
3.040000000000000036e+00,8.192277171140764625e-05,9.038187985157292593e-04,9.999165576145995216e-01,9.990946035082060028e-01
3.043333333333333890e+00,9.356263814911496815e-05,9.037873384983753514e-04,9.999049175200752648e-01,9.990946314903403902e-01
3.046666666666666856e+00,1.059536256850544605e-04,9.037538488391958511e-04,9.998925262782271117e-01,9.990946614985122265e-01
3.050000000000000711e+00,1.190902697499694588e-04,9.037183443150456283e-04,9.998793893522242016e-01,9.990946935179558785e-01
3.053333333333333677e+00,1.329667769319913852e-04,9.036808405912556946e-04,9.998655125340897287e-01,9.990947275330160915e-01
3.056666666666667087e+00,1.475770275315469750e-04,9.036413542147174027e-04,9.998509019421473187e-01,9.990947635271567595e-01
3.060000000000000497e+00,1.629145782601214873e-04,9.035999026065837060e-04,9.998355640183202997e-01,9.990948014829666990e-01
3.063333333333333464e+00,1.789726650817566019e-04,9.035565040545765272e-04,9.998195055252924179e-01,9.990948413821679752e-01
3.066666666666667318e+00,1.957442061959801323e-04,9.035111777049183428e-04,9.998027335435247798e-01,9.990948832056231188e-01
3.070000000000000284e+00,2.132218051608696552e-04,9.034639435538854889e-04,9.997852554681340154e-01,9.990949269333464500e-01
3.073333333333334139e+00,2.313977541548914701e-04,9.034148224389819968e-04,9.997670790056296664e-01,9.990949725445082974e-01
3.076666666666667105e+00,2.502640373760379078e-04,9.033638360297479436e-04,9.997482121705154601e-01,9.990950200174487650e-01
3.080000000000000515e+00,2.698123345768073649e-04,9.033110068181985242e-04,9.997286632817566909e-01,9.990950693296841711e-01
3.083333333333333925e+00,2.900340247334242338e-04,9.032563581089003485e-04,9.997084409591082688e-01,9.990951204579183731e-01
3.086666666666666892e+00,3.109201898477124320e-04,9.031999140086910361e-04,9.996875541193172010e-01,9.990951733780515376e-01
3.090000000000000746e+00,3.324616188799521012e-04,9.031416994160462296e-04,9.996660119721859639e-01,9.990952280651946849e-01
3.093333333333333712e+00,3.546488118109379683e-04,9.030817400100926142e-04,9.996438240165136380e-01,9.990952844936741295e-01
3.096666666666667123e+00,3.774719838315071388e-04,9.030200622392835349e-04,9.996210000359071479e-01,9.990953426370494661e-01
3.100000000000000533e+00,4.009210696576580519e-04,9.029566933097333062e-04,9.995975500944630499e-01,9.990954024681213408e-01
3.103333333333333499e+00,4.249857279693312027e-04,9.028916611732133593e-04,9.995734845323321904e-01,9.990954639589435526e-01
3.106666666666667354e+00,4.496553459709821455e-04,9.028249945148270322e-04,9.995488139611599099e-01,9.990955270808389299e-01
3.110000000000000320e+00,4.749190440718137145e-04,9.027567227403571464e-04,9.995235492594042315e-01,9.990955918044059914e-01
3.113333333333333730e+00,5.007656806837243587e-04,9.026868759632945046e-04,9.994977015675378107e-01,9.990956580995371539e-01
3.116666666666667140e+00,5.271838571347643937e-04,9.026154849915612923e-04,9.994712822831373078e-01,9.990957259354297237e-01
3.120000000000000551e+00,5.541619226959718829e-04,9.025425813139183271e-04,9.994443030558555208e-01,9.990957952805997744e-01
3.123333333333333961e+00,5.816879797194038056e-04,9.024681970860842350e-04,9.994167757822827181e-01,9.990958661028961352e-01
3.126666666666666927e+00,6.097498888850056732e-04,9.023923651165490986e-04,9.993887126007019450e-01,9.990959383695143803e-01
3.130000000000000338e+00,6.383352745541273372e-04,9.023151188521097909e-04,9.993601258857340852e-01,9.990960120470117056e-01
3.133333333333333748e+00,6.674315302272034118e-04,9.022364923631197298e-04,9.993310282428817803e-01,9.990960871013206956e-01
3.136666666666667158e+00,6.970258241032696632e-04,9.021565203284643295e-04,9.993014325029699885e-01,9.990961634977661987e-01
3.140000000000000568e+00,7.271051047388658265e-04,9.020752380202686545e-04,9.992713517164860670e-01,9.990962412010784277e-01
3.143333333333333535e+00,7.576561068037568087e-04,9.019926812883436720e-04,9.992407991478273743e-01,9.990963201754110568e-01
3.146666666666667389e+00,7.886653569310278370e-04,9.019088865443789091e-04,9.992097882694466193e-01,9.990964003843535446e-01
3.150000000000000355e+00,8.201191796588970387e-04,9.018238907458872621e-04,9.991783327559153882e-01,9.990964817909507856e-01
3.153333333333333766e+00,8.520037034616731843e-04,9.017377313799092211e-04,9.991464464778909704e-01,9.990965643577169875e-01
3.156666666666667176e+00,8.843048668671949246e-04,9.016504464464817140e-04,9.991141434959983636e-01,9.990966480466526578e-01
3.160000000000000586e+00,9.170084246579946136e-04,9.015620744418853397e-04,9.990814380546297890e-01,9.990967328192631447e-01
3.163333333333333997e+00,9.500999541535685858e-04,9.014726543416694488e-04,9.990483445756659364e-01,9.990968186365739578e-01
3.166666666666666963e+00,9.835648615708386840e-04,9.013822255834682976e-04,9.990148776521117213e-01,9.990969054591468668e-01
3.170000000000000373e+00,1.017388388460151779e-03,9.012908280496139150e-04,9.989810520416606554e-01,9.990969932470994408e-01
3.173333333333333783e+00,1.051555618213841688e-03,9.011985020495467654e-04,9.989468826601896057e-01,9.990970819601215913e-01
3.176666666666667194e+00,1.086051482644567528e-03,9.011052883020518548e-04,9.989123845751780584e-01,9.990971715574942236e-01
3.180000000000000604e+00,1.120860768630529882e-03,9.010112279172985969e-04,9.988775729990632124e-01,9.990972619981057790e-01
3.183333333333334014e+00,1.155968124824548757e-03,9.009163623787208672e-04,9.988424632825337879e-01,9.990973532404729962e-01
3.186666666666666980e+00,1.191358068424174530e-03,9.008207335247255367e-04,9.988070709077571108e-01,9.990974452427540120e-01
3.190000000000000391e+00,1.227014991999733889e-03,9.007243835302478074e-04,9.987714114815512412e-01,9.990975379627733410e-01
3.193333333333333801e+00,1.262923170377340054e-03,9.006273548881580130e-04,9.987355007285050323e-01,9.990976313580339774e-01
3.196666666666667211e+00,1.299066767573869461e-03,9.005296903905248701e-04,9.986993544840413461e-01,9.990977253857443730e-01
3.200000000000000622e+00,1.335429843780762882e-03,9.004314331097552394e-04,9.986629886874324180e-01,9.990978200028273193e-01
3.203333333333333588e+00,1.371996362393674207e-03,9.003326263795999882e-04,9.986264193747739215e-01,9.990979151659463708e-01
3.206666666666666998e+00,1.408750197084776296e-03,9.002333137760524075e-04,9.985896626719089619e-01,9.990980108315236086e-01
3.210000000000000409e+00,1.445675138914638254e-03,9.001335390981390775e-04,9.985527347873188742e-01,9.990981069557554051e-01
3.213333333333333819e+00,1.482754903480569845e-03,9.000333463486059980e-04,9.985156520049737194e-01,9.990982034946357393e-01
3.216666666666667229e+00,1.519973138098215139e-03,8.999327797145250307e-04,9.984784306771529172e-01,9.990983004039742932e-01
3.220000000000000195e+00,1.557313429013312345e-03,8.998318835478116536e-04,9.984410872172311269e-01,9.990983976394141042e-01
3.223333333333334050e+00,1.594759308640344249e-03,8.997307023456727840e-04,9.984036380924404819e-01,9.990984951564541028e-01
3.226666666666667016e+00,1.632294262824946114e-03,8.996292807309899837e-04,9.983660998166100642e-01,9.990985929104672092e-01
3.230000000000000426e+00,1.669901738126899991e-03,8.995276634326489955e-04,9.983284889428813980e-01,9.990986908567200953e-01
3.233333333333333837e+00,1.707565149120374767e-03,8.994258952658194068e-04,9.982908220564080670e-01,9.990987889503929464e-01
3.236666666666666803e+00,1.745267885708379468e-03,8.993240211122002694e-04,9.982531157670436750e-01,9.990988871465978916e-01
3.240000000000000657e+00,1.782993320448019109e-03,8.992220859002321084e-04,9.982153867020145954e-01,9.990989854004032056e-01
3.243333333333333623e+00,1.820724815883444482e-03,8.991201345852927775e-04,9.981776514985870596e-01,9.990990836668471875e-01
3.246666666666667034e+00,1.858445731883229170e-03,8.990182121298773751e-04,9.981399267967320243e-01,9.990991819009621411e-01
3.250000000000000444e+00,1.896139432978898205e-03,8.989163634837772946e-04,9.981022292317851541e-01,9.990992800577926936e-01
3.253333333333333410e+00,1.933789295701452467e-03,8.988146335642652369e-04,9.980645754271105785e-01,9.990993780924161127e-01
3.256666666666667265e+00,1.971378715912573340e-03,8.987130672362939922e-04,9.980269819867709780e-01,9.990994759599618469e-01
3.260000000000000231e+00,2.008891116127308352e-03,8.986117092927157135e-04,9.979894654882025540e-01,9.990995736156313978e-01
3.263333333333334085e+00,2.046309952825028141e-03,8.985106044345362100e-04,9.979520424749080965e-01,9.990996710147174165e-01
3.266666666666667052e+00,2.083618723745381523e-03,8.984097972512111990e-04,9.979147294491568232e-01,9.990997681126251306e-01
3.270000000000000462e+00,2.120800975166111432e-03,8.983093322009837569e-04,9.978775428647108647e-01,9.990998648648898861e-01
3.273333333333333872e+00,2.157840309159387605e-03,8.982092535912913770e-04,9.978404991195649609e-01,9.990999612271987962e-01
3.276666666666666838e+00,2.194720390823624162e-03,8.981096055592258272e-04,9.978036145487186870e-01,9.991000571554082832e-01
3.280000000000000693e+00,2.231424955487456598e-03,8.980104320520815872e-04,9.977669054169693297e-01,9.991001526055642845e-01
3.283333333333333659e+00,2.267937815882742261e-03,8.979117768079755181e-04,9.977303879117416230e-01,9.991002475339234579e-01
3.286666666666667513e+00,2.304242869283490858e-03,8.978136833365705062e-04,9.976940781359467936e-01,9.991003418969702787e-01
3.290000000000000480e+00,2.340324104607432055e-03,8.977161948998870367e-04,9.976579921008822405e-01,9.991004356514356921e-01
3.293333333333333446e+00,2.376165609477247712e-03,8.976193544932352213e-04,9.976221457191707387e-01,9.991005287543189839e-01
3.296666666666667300e+00,2.411751577238231779e-03,8.975232048262577400e-04,9.975865547977427195e-01,9.991006211629031020e-01
3.300000000000000266e+00,2.447066313929326890e-03,8.974277883040996349e-04,9.975512350308625154e-01,9.991007128347779709e-01
3.303333333333334121e+00,2.482094245204514906e-03,8.973331470087139543e-04,9.975162019932134472e-01,9.991008037278557019e-01
3.306666666666667087e+00,2.516819923201385999e-03,8.972393226803063908e-04,9.974814711330205474e-01,9.991008938003901330e-01
3.310000000000000497e+00,2.551228033354007059e-03,8.971463566989352871e-04,9.974470577652472247e-01,9.991009830109944811e-01
3.313333333333333908e+00,2.585303401146945255e-03,8.970542900662653802e-04,9.974129770648335613e-01,9.991010713186608827e-01
3.316666666666666874e+00,2.619030998807556250e-03,8.969631633874902482e-04,9.973792440600084408e-01,9.991011586827791557e-01
3.320000000000000728e+00,2.652395951933575469e-03,8.968730168534298558e-04,9.973458736256601842e-01,9.991012450631523434e-01
3.323333333333333695e+00,2.685383546053045616e-03,8.967838902228108958e-04,9.973128804767775746e-01,9.991013304200163647e-01
3.326666666666667105e+00,2.717979233113726814e-03,8.966958228047338308e-04,9.972802791619597151e-01,9.991014147140557800e-01
3.330000000000000515e+00,2.750168637899134440e-03,8.966088534413425718e-04,9.972480840570007166e-01,9.991014979064225532e-01
3.333333333333333925e+00,2.781937564368299441e-03,8.965230204906985290e-04,9.972163093585487692e-01,9.991015799587544821e-01
3.336666666666667336e+00,2.813272001916597431e-03,8.964383618098636973e-04,9.971849690778462616e-01,9.991016608331887427e-01
3.340000000000000302e+00,2.844158131554709677e-03,8.963549147382130497e-04,9.971540770345517224e-01,9.991017404923799861e-01
3.343333333333333712e+00,2.874582332003160733e-03,8.962727160809630129e-04,9.971236468506441408e-01,9.991018188995184346e-01
3.346666666666667123e+00,2.904531185699609028e-03,8.961918020929476826e-04,9.970936919444128854e-01,9.991018960183435382e-01
3.350000000000000533e+00,2.933991484716295256e-03,8.961122084626305280e-04,9.970642255245465435e-01,9.991019718131627370e-01
3.353333333333333943e+00,2.962950236585102856e-03,8.960339702963601499e-04,9.970352605843008087e-01,9.991020462488642284e-01
3.356666666666666909e+00,2.991394670027509254e-03,8.959571221028996913e-04,9.970068098957753921e-01,9.991021192909351756e-01
3.360000000000000764e+00,3.019312240587080764e-03,8.958816977782003022e-04,9.969788860042751999e-01,9.991021909054746963e-01
3.363333333333333730e+00,3.046690636161842290e-03,8.958077305904549792e-04,9.969515012227804229e-01,9.991022610592097397e-01
3.366666666666667140e+00,3.073517782434256711e-03,8.957352531654279000e-04,9.969246676265185458e-01,9.991023297195109620e-01
3.370000000000000551e+00,3.099781848196295556e-03,8.956642974720653268e-04,9.968983970476354983e-01,9.991023968544048284e-01
3.373333333333333961e+00,3.125471250567297271e-03,8.955948948083951224e-04,9.968727010699791613e-01,9.991024624325893777e-01
3.376666666666667371e+00,3.150574660102314992e-03,8.955270757877221467e-04,9.968475910239921189e-01,9.991025264234471015e-01
3.380000000000000338e+00,3.175081005788696082e-03,8.954608703251292889e-04,9.968230779817127685e-01,9.991025887970591546e-01
3.383333333333333748e+00,3.198979479928688169e-03,8.953963076242787153e-04,9.967991727518927814e-01,9.991026495242187888e-01
3.386666666666667158e+00,3.222259542905911954e-03,8.953334161645337165e-04,9.967758858752322482e-01,9.991027085764424553e-01
3.390000000000001013e+00,3.244910927833599603e-03,8.952722236883930203e-04,9.967532276197296204e-01,9.991027659259847926e-01
3.393333333333333979e+00,3.266923645082572564e-03,8.952127571892566551e-04,9.967312079761538879e-01,9.991028215458486184e-01
3.396666666666666945e+00,3.288287986686932226e-03,8.951550428995152294e-04,9.967098366536386589e-01,9.991028754097984743e-01
3.400000000000000355e+00,3.308994530625527022e-03,8.950991062789813869e-04,9.966891230753999187e-01,9.991029274923713954e-01
3.403333333333333321e+00,3.329034144977302111e-03,8.950449720036542187e-04,9.966690763745812420e-01,9.991029777688884561e-01
3.406666666666667620e+00,3.348397991948742249e-03,8.949926639548349584e-04,9.966497053902250158e-01,9.991030262154667607e-01
3.410000000000000586e+00,3.367077531771547373e-03,8.949422052085879943e-04,9.966310186633766666e-01,9.991030728090253277e-01
3.413333333333333997e+00,3.385064526468927176e-03,8.948936180255636806e-04,9.966130244333132326e-01,9.991031175273028531e-01
3.416666666666666963e+00,3.402351043488744797e-03,8.948469238411717796e-04,9.965957306339162658e-01,9.991031603488608193e-01
3.420000000000000373e+00,3.418929459201997846e-03,8.948021432561255924e-04,9.965791448901674121e-01,9.991032012530957074e-01
3.423333333333334227e+00,3.434792462265042964e-03,8.947592960273490804e-04,9.965632745147887661e-01,9.991032402202489893e-01
3.426666666666667194e+00,3.449933056844073798e-03,8.947184010592609642e-04,9.965481265050167847e-01,9.991032772314136778e-01
3.430000000000000604e+00,3.464344565700502778e-03,8.946794763954281013e-04,9.965337075395185318e-01,9.991033122685436529e-01
3.433333333333333570e+00,3.478020633135768275e-03,8.946425392106047321e-04,9.965200239754423706e-01,9.991033453144637644e-01
3.436666666666666980e+00,3.490955227794389701e-03,8.946076058031481601e-04,9.965070818456182034e-01,9.991033763528721634e-01
3.440000000000000835e+00,3.503142645323940440e-03,8.945746915878289738e-04,9.964948868558949346e-01,9.991034053683525151e-01
3.443333333333333801e+00,3.514577510890813227e-03,8.945438110890225822e-04,9.964834443826247057e-01,9.991034323463794387e-01
3.446666666666667211e+00,3.525254781550672505e-03,8.945149779342956168e-04,9.964727594702936786e-01,9.991034572733230590e-01
3.450000000000000178e+00,3.535169748472517803e-03,8.944882048483918623e-04,9.964628368292924865e-01,9.991034801364571116e-01
3.453333333333333588e+00,3.544318039015387570e-03,8.944635036476120777e-04,9.964536808338462226e-01,9.991035009239624953e-01
3.456666666666667442e+00,3.552695618656824365e-03,8.944408852345918284e-04,9.964452955200781004e-01,9.991035196249371531e-01
3.460000000000000409e+00,3.560298792772165124e-03,8.944203595934908805e-04,9.964376845842343178e-01,9.991035362293937405e-01
3.463333333333333819e+00,3.567124208263990764e-03,8.944019357855777881e-04,9.964308513810523626e-01,9.991035507282699513e-01
3.466666666666666785e+00,3.573168855040898591e-03,8.943856219452281028e-04,9.964247989222807522e-01,9.991035631134300710e-01
3.470000000000000195e+00,3.578430067345035864e-03,8.943714252763275332e-04,9.964195298753536489e-01,9.991035733776687522e-01
3.473333333333334050e+00,3.582905524927733603e-03,8.943593520490864500e-04,9.964150465622100272e-01,9.991035815147135679e-01
3.476666666666667460e+00,3.586593254072797422e-03,8.943494075972675816e-04,9.964113509582744888e-01,9.991035875192298965e-01
3.480000000000000426e+00,3.589491628466948830e-03,8.943415963158236458e-04,9.964084446915831839e-01,9.991035913868202556e-01
3.483333333333333837e+00,3.591599369917047955e-03,8.943359216589540257e-04,9.964063290420666075e-01,9.991035931140307413e-01
3.486666666666666803e+00,3.592915548913788899e-03,8.943323861385684553e-04,9.964050049409848286e-01,9.991035926983453663e-01
3.490000000000000657e+00,3.593439585041623141e-03,8.943309913231726766e-04,9.964044729705172632e-01,9.991035901381969397e-01
3.493333333333334068e+00,3.593171247234702801e-03,8.943317378371701048e-04,9.964047333635057679e-01,9.991035854329565202e-01
3.496666666666667034e+00,3.592110653878763556e-03,8.943346253605746234e-04,9.964057860033513903e-01,9.991035785829447402e-01
3.500000000000000444e+00,3.590258272758886475e-03,8.943396526291458922e-04,9.964076304240676585e-01,9.991035695894219248e-01
3.503333333333333410e+00,3.587614920853166110e-03,8.943468174349377374e-04,9.964102658104834198e-01,9.991035584545959747e-01
3.506666666666667265e+00,3.584181763972360719e-03,8.943561166272628741e-04,9.964136909986042179e-01,9.991035451816143720e-01
3.510000000000000675e+00,3.579960316245714598e-03,8.943675461140730958e-04,9.964179044761245496e-01,9.991035297745675114e-01
3.513333333333333641e+00,3.574952439453144611e-03,8.943811008637603515e-04,9.964229043830956645e-01,9.991035122384851475e-01
3.516666666666667052e+00,3.569160342204122718e-03,8.943967749073622291e-04,9.964286885127465743e-01,9.991034925793339516e-01
3.520000000000000018e+00,3.562586578963563688e-03,8.944145613411903870e-04,9.964352543124538331e-01,9.991034708040152923e-01
3.523333333333333872e+00,3.555234048925217608e-03,8.944344523298646942e-04,9.964425988848708560e-01,9.991034469203616819e-01
3.526666666666667282e+00,3.547105994733002615e-03,8.944564391097629442e-04,9.964507189892043426e-01,9.991034209371348895e-01
3.530000000000000249e+00,3.538206001050869364e-03,8.944805119928771458e-04,9.964596110426426900e-01,9.991033928640202788e-01
3.533333333333333659e+00,3.528537992981831736e-03,8.945066603710782318e-04,9.964692711219377275e-01,9.991033627116219229e-01
3.536666666666667513e+00,3.518106234336847247e-03,8.945348727207900552e-04,9.964796949651328895e-01,9.991033304914613833e-01
3.540000000000000924e+00,3.506915325754319992e-03,8.945651366080624792e-04,9.964908779734443778e-01,9.991032962159699382e-01
3.543333333333333890e+00,3.494970202671058342e-03,8.945974386940467064e-04,9.965028152132887618e-01,9.991032598984824764e-01
3.546666666666666856e+00,3.482276133145561278e-03,8.946317647408750162e-04,9.965155014184580162e-01,9.991032215532331673e-01
3.550000000000000266e+00,3.468838715534636012e-03,8.946680996179314643e-04,9.965289309924424410e-01,9.991031811953505759e-01
3.553333333333334121e+00,3.454663876024309695e-03,8.947064273085190761e-04,9.965430980109002412e-01,9.991031388408465608e-01
3.556666666666667531e+00,3.439757866016196573e-03,8.947467309169167011e-04,9.965579962242655521e-01,9.991030945066127211e-01
3.560000000000000497e+00,3.424127259370415236e-03,8.947889926758283499e-04,9.965736190605112288e-01,9.991030482104130694e-01
3.563333333333333908e+00,3.407778949506293231e-03,8.948331939542086399e-04,9.965899596280410888e-01,9.991029999708742615e-01
3.566666666666666874e+00,3.390720146362137533e-03,8.948793152654801802e-04,9.966070107187324778e-01,9.991029498074778248e-01
3.570000000000000728e+00,3.372958373215430468e-03,8.949273362761177427e-04,9.966247648111137281e-01,9.991028977405534972e-01
3.573333333333334139e+00,3.354501463364815885e-03,8.949772358146143971e-04,9.966432140736826151e-01,9.991028437912677918e-01
3.576666666666667105e+00,3.335357556675370028e-03,8.950289918808144313e-04,9.966623503683573748e-01,9.991027879816153368e-01
3.580000000000000515e+00,3.315535095988648550e-03,8.950825816556103477e-04,9.966821652540688303e-01,9.991027303344113264e-01
3.583333333333333481e+00,3.295042823399145938e-03,8.951379815110064274e-04,9.967026499904800829e-01,9.991026708732780870e-01
3.586666666666667336e+00,3.273889776398760266e-03,8.951951670205328176e-04,9.967237955418446482e-01,9.991026096226359732e-01
3.590000000000000746e+00,3.252085283890988453e-03,8.952541129700172969e-04,9.967455925809852735e-01,9.991025466076938200e-01
3.593333333333333712e+00,3.229638962076583283e-03,8.953147933687020336e-04,9.967680314934136421e-01,9.991024818544361752e-01
3.596666666666667123e+00,3.206560710212533541e-03,8.953771814607065305e-04,9.967911023815678728e-01,9.991024153896136406e-01
3.600000000000000089e+00,3.182860706246193935e-03,8.954412497368219011e-04,9.968147950691748083e-01,9.991023472407284389e-01
3.603333333333333943e+00,3.158549402326522870e-03,8.955069699466453688e-04,9.968390991057416439e-01,9.991022774360256431e-01
3.606666666666667354e+00,3.133637520194380941e-03,8.955743131110353644e-04,9.968640037711640201e-01,9.991022060044765229e-01
3.610000000000000320e+00,3.108136046453927569e-03,8.956432495348958965e-04,9.968894980804513528e-01,9.991021329757702185e-01
3.613333333333333730e+00,3.082056227727219579e-03,8.957137488202674249e-04,9.969155707885727358e-01,9.991020583802981969e-01
3.616666666666666696e+00,3.055409565694159734e-03,8.957857798797363817e-04,9.969422103954160841e-01,9.991019822491395974e-01
3.620000000000000995e+00,3.028207812019908119e-03,8.958593109501445826e-04,9.969694051508611876e-01,9.991019046140507953e-01
3.623333333333333961e+00,3.000462963172107790e-03,8.959343096066014556e-04,9.969971430599574580e-01,9.991018255074494148e-01
3.626666666666667371e+00,2.972187255130104809e-03,8.960107427767803308e-04,9.970254118882174721e-01,9.991017449624001179e-01
3.630000000000000338e+00,2.943393157988544433e-03,8.960885767555118019e-04,9.970541991670112125e-01,9.991016630126006159e-01
3.633333333333333748e+00,2.914093370457766004e-03,8.961677772196436926e-04,9.970834921990647803e-01,9.991015796923654602e-01
3.636666666666667602e+00,2.884300814263312824e-03,8.962483092431873608e-04,9.971132780640606930e-01,9.991014950366140512e-01
3.640000000000000568e+00,2.854028628447150863e-03,8.963301373127197666e-04,9.971435436243349937e-01,9.991014090808497672e-01
3.643333333333333979e+00,2.823290163572990657e-03,8.964132253430498682e-04,9.971742755306688410e-01,9.991013218611511926e-01
3.646666666666666945e+00,2.792098975838379089e-03,8.964975366931361191e-04,9.972054602281810176e-01,9.991012334141500251e-01
3.650000000000000355e+00,2.760468821096078145e-03,8.965830341822506218e-04,9.972370839623010408e-01,9.991011437770189740e-01
3.653333333333334210e+00,2.728413648787396915e-03,8.966696801063807213e-04,9.972691327848370868e-01,9.991010529874527757e-01
3.656666666666667176e+00,2.695947595790180833e-03,8.967574362548609915e-04,9.973015925601266263e-01,9.991009610836546484e-01
3.660000000000000586e+00,2.663084980184085831e-03,8.968462639272293266e-04,9.973344489712697714e-01,9.991008681043151984e-01
3.663333333333333552e+00,2.629840294935992338e-03,8.969361239503043180e-04,9.973676875264454456e-01,9.991007740885996524e-01
3.666666666666666963e+00,2.596228201508286090e-03,8.970269766954599554e-04,9.974012935652984968e-01,9.991006790761265410e-01
3.670000000000000817e+00,2.562263523392804745e-03,8.971187820961131583e-04,9.974352522654090780e-01,9.991005831069543763e-01
3.673333333333333783e+00,2.527961239573383711e-03,8.972114996653999565e-04,9.974695486488254215e-01,9.991004862215621118e-01
3.676666666666667194e+00,2.493336477919778915e-03,8.973050885140363125e-04,9.975041675886745507e-01,9.991003884608276042e-01
3.680000000000000160e+00,2.458404508515950240e-03,8.973995073683576186e-04,9.975390938158267273e-01,9.991002898660165110e-01
3.683333333333333570e+00,2.423180736925658121e-03,8.974947145885276562e-04,9.975743119256353930e-01,9.991001904787601973e-01
3.686666666666667425e+00,2.387680697398273776e-03,8.975906681869132197e-04,9.976098063847267383e-01,9.991000903410370837e-01
3.690000000000000835e+00,2.351920046017901694e-03,8.976873258466032662e-04,9.976455615378518882e-01,9.990999894951544391e-01
3.693333333333333801e+00,2.315914553798684508e-03,8.977846449400849480e-04,9.976815616147890475e-01,9.990998879837313940e-01
3.696666666666666767e+00,2.279680099729515953e-03,8.978825825480466058e-04,9.977177907373006027e-01,9.990997858496775130e-01
3.700000000000000178e+00,2.243232663771094898e-03,8.979810954783162867e-04,9.977542329261356313e-01,9.990996831361768082e-01
3.703333333333334032e+00,2.206588319808470283e-03,8.980801402849199590e-04,9.977908721080744892e-01,9.990995798866666444e-01
3.706666666666667442e+00,2.169763228562179066e-03,8.981796732872451101e-04,9.978276921230193608e-01,9.990994761448173112e-01
3.710000000000000409e+00,2.132773630461048085e-03,8.982796505893194880e-04,9.978646767311191157e-01,9.990993719545175900e-01
3.713333333333333819e+00,2.095635838479898132e-03,8.983800280991759276e-04,9.979018096199334664e-01,9.990992673598511065e-01
3.716666666666666785e+00,2.058366230945257117e-03,8.984807615483049979e-04,9.979390744116254375e-01,9.990991624050764575e-01
3.720000000000000639e+00,2.020981244312222615e-03,8.985818065111916744e-04,9.979764546701855865e-01,9.990990571346114457e-01
3.723333333333334050e+00,1.983497365915743316e-03,8.986831184249106669e-04,9.980139339086773198e-01,9.990989515930102094e-01
3.726666666666667016e+00,1.945931126699418454e-03,8.987846526087954740e-04,9.980514955965112955e-01,9.990988458249470128e-01
3.730000000000000426e+00,1.908299093925090815e-03,8.988863642841461417e-04,9.980891231667330388e-01,9.990987398751914883e-01
3.733333333333334281e+00,1.870617863866452747e-03,8.989882085939914511e-04,9.981268000233317617e-01,9.990986337885927604e-01
3.736666666666667247e+00,1.832904054489865528e-03,8.990901406228783178e-04,9.981645095485562891e-01,9.990985276100589063e-01
3.740000000000000657e+00,1.795174298125527595e-03,8.991921154166910082e-04,9.982022351102461943e-01,9.990984213845373052e-01
3.743333333333333623e+00,1.757445234132446995e-03,8.992940880024845578e-04,9.982399600691655994e-01,9.990983151569926557e-01
3.746666666666667034e+00,1.719733501560221723e-03,8.993960134083288155e-04,9.982776677863399728e-01,9.990982089723910997e-01
3.750000000000000888e+00,1.682055731811018693e-03,8.994978466831515113e-04,9.983153416303978123e-01,9.990981028756767968e-01
3.753333333333333854e+00,1.644428541304922839e-03,8.995995429165690735e-04,9.983529649849013365e-01,9.990979969117536053e-01
3.756666666666667265e+00,1.606868524151833710e-03,8.997010572587060611e-04,9.983905212556762887e-01,9.990978911254646544e-01
3.760000000000000231e+00,1.569392244833318082e-03,8.998023449399800101e-04,9.984279938781310815e-01,9.990977855615752468e-01
3.763333333333333641e+00,1.532016230897447406e-03,8.999033612908554887e-04,9.984653663245590671e-01,9.990976802647471011e-01
3.766666666666667496e+00,1.494756965669971150e-03,9.000040617615550015e-04,9.985026221114323697e-01,9.990975752795271392e-01
3.770000000000000906e+00,1.457630880985007508e-03,9.001044019417110209e-04,9.985397448066638537e-01,9.990974706503192859e-01
3.773333333333333872e+00,1.420654349938372044e-03,9.002043375799646764e-04,9.985767180368620988e-01,9.990973664213708139e-01
3.776666666666667282e+00,1.383843679666946257e-03,9.003038246034839953e-04,9.986135254945465167e-01,9.990972626367500276e-01
3.780000000000000249e+00,1.347215104157003683e-03,9.004028191374147073e-04,9.986501509453417080e-01,9.990971593403282780e-01
3.783333333333334103e+00,1.310784777084901152e-03,9.005012775242341198e-04,9.986865782351357357e-01,9.990970565757590904e-01
3.786666666666667513e+00,1.274568764693175113e-03,9.005991563430137048e-04,9.987227912972054256e-01,9.990969543864600677e-01
3.790000000000000480e+00,1.238583038705129728e-03,9.006964124285742404e-04,9.987587741593006996e-01,9.990968528155940165e-01
3.793333333333333890e+00,1.202843469281228558e-03,9.007930028905330750e-04,9.987945109506904950e-01,9.990967519060486302e-01
3.796666666666666856e+00,1.167365818020179007e-03,9.008888851322235632e-04,9.988299859091598343e-01,9.990966517004182812e-01
3.800000000000000711e+00,1.132165731007966913e-03,9.009840168694880844e-04,9.988651833879638176e-01,9.990965522409861466e-01
3.803333333333334121e+00,1.097258731917834977e-03,9.010783561493334757e-04,9.989000878627229962e-01,9.990964535697028914e-01
3.806666666666667087e+00,1.062660215164179653e-03,9.011718613684379297e-04,9.989346839382765575e-01,9.990963557281710150e-01
3.810000000000000497e+00,1.028385439113553611e-03,9.012644912915057779e-04,9.989689563554667862e-01,9.990962587576266429e-01
3.813333333333333464e+00,9.944495193555977046e-04,9.013562050694567170e-04,9.990028899978706800e-01,9.990961626989176558e-01
3.816666666666667318e+00,9.608674220369902222e-04,9.014469622574488271e-04,9.990364698984651737e-01,9.990960675924893675e-01
3.820000000000000728e+00,9.276539572613107633e-04,9.015367228327181423e-04,9.990696812462303011e-01,9.990959734783658730e-01
3.823333333333333695e+00,8.948237725576364560e-04,9.016254472122333654e-04,9.991025093926777512e-01,9.990958803961315082e-01
3.826666666666667105e+00,8.623913464209703641e-04,9.017130962701582451e-04,9.991349398583133645e-01,9.990957883849135301e-01
3.830000000000000071e+00,8.303709819271129500e-04,9.017996313551110985e-04,9.991669583390228038e-01,9.990956974833649085e-01
3.833333333333334370e+00,7.987768004249551140e-04,9.018850143072121555e-04,9.991985507123782861e-01,9.990956077296485605e-01
3.836666666666667336e+00,7.676227353089311789e-04,9.019692074749165569e-04,9.992297030438678229e-01,9.990955191614190323e-01
3.840000000000000746e+00,7.369225258742740205e-04,9.020521737316232469e-04,9.992604015930416361e-01,9.990954318158073999e-01
3.843333333333333712e+00,7.066897112579818016e-04,9.021338764920482697e-04,9.992906328195683141e-01,9.990953457294012852e-01
3.846666666666667123e+00,6.769376244679920331e-04,9.022142797283635518e-04,9.993203833892119192e-01,9.990952609382341976e-01
3.850000000000000977e+00,6.476793865032917912e-04,9.022933479860854519e-04,9.993496401797067330e-01,9.990951774777642180e-01
3.853333333333333943e+00,6.189279005675335423e-04,9.023710463997144850e-04,9.993783902865476243e-01,9.990950953828637848e-01
3.856666666666667354e+00,5.906958463786428663e-04,9.024473407081082255e-04,9.994066210286812746e-01,9.990950146877977112e-01
3.860000000000000320e+00,5.629956745770812055e-04,9.025221972695967113e-04,9.994343199540974831e-01,9.990949354262156357e-01
3.863333333333333730e+00,5.358396012350587862e-04,9.025955830768128121e-04,9.994614748453207742e-01,9.990948576311304841e-01
3.866666666666667584e+00,5.092396024692338787e-04,9.026674657712541487e-04,9.994880737248008629e-01,9.990947813349085882e-01
3.870000000000000551e+00,4.832074091592434163e-04,9.027378136575485911e-04,9.995141048601892120e-01,9.990947065692526996e-01
3.873333333333333961e+00,4.577545017743250475e-04,9.028065957174328778e-04,9.995395567695201100e-01,9.990946333651877787e-01
3.876666666666666927e+00,4.328921053104617823e-04,9.028737816234315601e-04,9.995644182262711785e-01,9.990945617530508915e-01
3.880000000000000338e+00,4.086311843401235809e-04,9.029393417522278177e-04,9.995886782643125246e-01,9.990944917624740018e-01
3.883333333333334192e+00,3.849824381768878075e-04,9.030032471977252756e-04,9.996123261827455364e-01,9.990944234223726461e-01
3.886666666666667158e+00,3.619562961570593545e-04,9.030654697837959448e-04,9.996353515506233300e-01,9.990943567609313902e-01
3.890000000000000568e+00,3.395629130402879736e-04,9.031259820766984574e-04,9.996577442115476275e-01,9.990942918055953914e-01
3.893333333333333535e+00,3.178121645313590764e-04,9.031847573971790635e-04,9.996794942881495061e-01,9.990942285830530789e-01
3.896666666666666945e+00,2.967136429249828274e-04,9.032417698322279609e-04,9.997005921864453581e-01,9.990941671192292706e-01
3.900000000000000799e+00,2.762766528756070337e-04,9.032969942465052682e-04,9.997210286000697277e-01,9.990941074392691856e-01
3.903333333333334210e+00,2.565102072940814723e-04,9.033504062934216792e-04,9.997407945143753638e-01,9.990940495675324495e-01
3.906666666666667176e+00,2.374230233729411762e-04,9.034019824258709801e-04,9.997598812104122601e-01,9.990939935275766626e-01
3.910000000000000142e+00,2.190235187421581359e-04,9.034516999066086835e-04,9.997782802687740222e-01,9.990939393421521819e-01
3.913333333333333552e+00,2.013198077569573925e-04,9.034995368182717913e-04,9.997959835733055689e-01,9.990938870331890209e-01
3.916666666666667407e+00,1.843196979194077672e-04,9.035454720730409870e-04,9.998129833146882639e-01,9.990938366217867461e-01
3.920000000000000817e+00,1.680306864353293430e-04,9.035894854219357186e-04,9.998292719938808304e-01,9.990937881282080379e-01
3.923333333333333783e+00,1.524599569080151184e-04,9.036315574637315438e-04,9.998448424254272604e-01,9.990937415718682546e-01
3.926666666666667194e+00,1.376143761702937134e-04,9.036716696535153533e-04,9.998596877406252803e-01,9.990936969713254401e-01
3.930000000000000160e+00,1.235004912562549610e-04,9.037098043108562429e-04,9.998738013905553723e-01,9.990936543442737738e-01
3.933333333333334014e+00,1.101245265140261218e-04,9.037459446275900856e-04,9.998871771489717952e-01,9.990936137075362433e-01
3.936666666666667425e+00,9.749238086085871419e-05,9.037800746752294029e-04,9.998998091150437251e-01,9.990935750770554291e-01
3.940000000000000391e+00,8.560962518169040639e-05,9.038121794119790197e-04,9.999116917159626139e-01,9.990935384678886200e-01
3.943333333333333801e+00,7.448149987241938419e-05,9.038422446893595646e-04,9.999228197093953385e-01,9.990935038941980428e-01
3.946666666666666767e+00,6.411291252889173638e-05,9.038702572584413064e-04,9.999331881857975723e-01,9.990934713692490865e-01
3.950000000000000622e+00,5.450843578266756123e-05,9.038962047756743433e-04,9.999427925705827169e-01,9.990934409053998655e-01
3.953333333333334032e+00,4.567230528450485523e-05,9.039200758083284788e-04,9.999516286261329601e-01,9.990934125140978894e-01
3.956666666666666998e+00,3.760841783643397362e-05,9.039418598395238110e-04,9.999596924536738873e-01,9.990933862058777315e-01
3.960000000000000409e+00,3.032032967329360238e-05,9.039615472728566989e-04,9.999669804949895546e-01,9.990933619903498153e-01
3.963333333333334263e+00,2.381125489442796874e-05,9.039791294366293422e-04,9.999734895339945639e-01,9.990933398762020801e-01
3.966666666666667229e+00,1.808406404629194983e-05,9.039945985876568502e-04,9.999792166981517072e-01,9.990933198711939855e-01
3.970000000000000639e+00,1.314128285653278069e-05,9.040079479146786827e-04,9.999841594597369543e-01,9.990933019821527372e-01
3.973333333333333606e+00,8.985091120157556317e-06,9.040191715413494226e-04,9.999883156369570036e-01,9.990932862149711768e-01
3.976666666666667016e+00,5.617321738251302250e-06,9.040282645288227545e-04,9.999916833949105133e-01,9.990932725746040077e-01
3.980000000000000870e+00,3.039459909669103533e-06,9.040352228779162912e-04,9.999942612463962321e-01,9.990932610650673507e-01
3.983333333333334281e+00,1.252642476070862572e-06,9.040400435308710170e-04,9.999960480525695861e-01,9.990932516894339699e-01
3.986666666666667247e+00,2.576574205731675057e-07,9.040427243726847483e-04,9.999970430234451646e-01,9.990932444498354936e-01
3.990000000000000657e+00,5.494352025357670808e-08,9.040432642320373911e-04,9.999972457182457752e-01,9.990932393474601936e-01
3.993333333333333623e+00,6.445901526505631248e-07,9.040416628817982397e-04,9.999966560455941789e-01,9.990932363825507645e-01
3.996666666666667478e+00,2.026337256347895090e-06,9.040379210391135800e-04,9.999952742635581648e-01,9.990932355544065446e-01
4.000000000000000888e+00,4.199575445660504608e-06,9.040320403650841394e-04,9.999931009795293146e-01,9.990932368613827386e-01
4.003333333333333854e+00,7.163346279372555100e-06,9.040240234640223001e-04,9.999901371499629876e-01,9.990932403008906393e-01
4.006666666666666821e+00,1.091634268340854932e-05,9.040138738822905929e-04,9.999863840799519954e-01,9.990932458693996265e-01
4.010000000000000675e+00,1.545690952724617712e-05,9.040015961067324234e-04,9.999818434226519503e-01,9.990932535624392763e-01
4.013333333333334529e+00,2.078304435382925136e-05,9.039871955626808259e-04,9.999765171785532925e-01,9.990932633745994718e-01
4.016666666666667496e+00,2.689239826264131666e-05,9.039706786115592326e-04,9.999704076945963305e-01,9.990932752995348443e-01
4.020000000000000462e+00,3.378227694556943295e-05,9.039520525480649335e-04,9.999635176631376243e-01,9.990932893299652173e-01
4.023333333333333428e+00,4.144964187508725023e-05,9.039313255969452007e-04,9.999558501207646000e-01,9.990933054576813799e-01
4.026666666666667282e+00,4.989111164423659433e-05,9.039085069093570797e-04,9.999474084469538449e-01,9.990933236735471956e-01
4.030000000000001137e+00,5.910296345782510802e-05,9.038836065588292789e-04,9.999381963625815217e-01,9.990933439675041550e-01
4.033333333333334103e+00,6.908113477416530964e-05,9.038566355368057728e-04,9.999282179282811267e-01,9.990933663285747057e-01
4.036666666666667069e+00,7.982122509665317027e-05,9.038276057477939978e-04,9.999174775426546979e-01,9.990933907448695805e-01
4.040000000000000036e+00,9.131849791438076901e-05,9.037965300041065795e-04,9.999059799403331450e-01,9.990934172035895733e-01
4.043333333333333890e+00,1.035678827909258158e-04,9.037634220201997380e-04,9.998937301898842556e-01,9.990934456910346428e-01
4.046666666666667744e+00,1.165639776004093989e-04,9.037282964066232225e-04,9.998807336915832567e-01,9.990934761926073548e-01
4.050000000000000711e+00,1.303010509098217530e-04,9.036911686635655137e-04,9.998669961750262791e-01,9.990935086928212083e-01
4.053333333333333677e+00,1.447730445065827771e-04,9.036520551740138095e-04,9.998525236966046004e-01,9.990935431753052987e-01
4.056666666666666643e+00,1.599735760702116014e-04,9.036109731965221792e-04,9.998373226368355571e-01,9.990935796228148646e-01
4.060000000000000497e+00,1.758959419869128929e-04,9.035679408575936341e-04,9.998213996975483520e-01,9.990936180172343972e-01
4.063333333333334352e+00,1.925331203058790771e-04,9.035229771436799080e-04,9.998047618989254204e-01,9.990936583395897408e-01
4.066666666666667318e+00,2.098777738359492817e-04,9.034761018928043688e-04,9.997874165764096821e-01,9.990937005700555318e-01
4.070000000000000284e+00,2.279222533813269919e-04,9.034273357858077372e-04,9.997693713774669089e-01,9.990937446879606387e-01
4.073333333333334139e+00,2.466586011148719313e-04,9.033767003372211637e-04,9.997506342582167527e-01,9.990937906718015959e-01
4.076666666666667105e+00,2.660785540874904581e-04,9.033242178857763156e-04,9.997312134799192229e-01,9.990938384992514854e-01
4.080000000000000959e+00,2.861735478721091973e-04,9.032699115845490038e-04,9.997111176053337100e-01,9.990938881471651545e-01
4.083333333333333925e+00,3.069347203405810472e-04,9.032138053907437210e-04,9.996903554949446713e-01,9.990939395915970911e-01
4.086666666666666892e+00,3.283529155719051460e-04,9.031559240551263572e-04,9.996689363030496489e-01,9.990939928078038657e-01
4.090000000000000746e+00,3.504186878899871239e-04,9.030962931111061751e-04,9.996468694737260519e-01,9.990940477702630051e-01
4.093333333333333712e+00,3.731223060291945898e-04,9.030349388634718172e-04,9.996241647366633787e-01,9.990941044526765458e-01
4.096666666666667567e+00,3.964537574258541401e-04,9.029718883767888244e-04,9.996008321028732047e-01,9.990941628279887965e-01
4.100000000000000533e+00,4.204027526338095550e-04,9.029071694634645219e-04,9.995768818602747130e-01,9.990942228683946658e-01
4.103333333333333499e+00,4.449587298620957462e-04,9.028408106714794039e-04,9.995523245691571024e-01,9.990942845453534282e-01
4.106666666666667354e+00,4.701108596327098336e-04,9.027728412717952100e-04,9.995271710575213131e-01,9.990943478296009372e-01
4.110000000000000320e+00,4.958480495564156253e-04,9.027032912454490158e-04,9.995014324163069563e-01,9.990944126911611711e-01
4.113333333333334174e+00,5.221589492245467265e-04,9.026321912703288942e-04,9.994751199944996722e-01,9.990944790993645519e-01
4.116666666666667140e+00,5.490319552145406668e-04,9.025595727076467581e-04,9.994482453941250233e-01,9.990945470228530523e-01
4.120000000000000107e+00,5.764552162071049767e-04,9.024854675881087114e-04,9.994208204651330307e-01,9.990946164296020671e-01
4.123333333333333961e+00,6.044166382126856972e-04,9.024099085977882202e-04,9.993928573001732429e-01,9.990946872869302942e-01
4.126666666666666927e+00,6.329038899049525520e-04,9.023329290637160894e-04,9.993643682292583375e-01,9.990947595615139454e-01
4.130000000000000782e+00,6.619044080589770677e-04,9.022545629391839949e-04,9.993353658143315776e-01,9.990948332194037329e-01
4.133333333333333748e+00,6.914054030916444524e-04,9.021748447887736021e-04,9.993058628437201385e-01,9.990949082260381919e-01
4.136666666666667602e+00,7.213938647019465166e-04,9.020938097731129009e-04,9.992758723265008358e-01,9.990949845462594459e-01
4.140000000000000568e+00,7.518565676085693780e-04,9.020114936333808965e-04,9.992454074867610503e-01,9.990950621443289714e-01
4.143333333333333535e+00,7.827800773823163309e-04,9.019279326755417917e-04,9.992144817577658378e-01,9.990951409839425867e-01
4.146666666666667389e+00,8.141507563707641197e-04,9.018431637543412958e-04,9.991831087760347785e-01,9.990952210282466606e-01
4.150000000000000355e+00,8.459547697125349187e-04,9.017572242570582285e-04,9.991513023753268996e-01,9.990953022398552097e-01
4.153333333333334210e+00,8.781780914385668626e-04,9.016701520870210691e-04,9.991190765805414431e-01,9.990953845808654421e-01
4.156666666666667176e+00,9.108065106576643819e-04,9.015819856468945464e-04,9.990864456015318140e-01,9.990954680128744103e-01
4.160000000000001030e+00,9.438256378235755552e-04,9.014927638217541585e-04,9.990534238268379275e-01,9.990955524969979962e-01
4.163333333333333997e+00,9.772209110808715519e-04,9.014025259619407081e-04,9.990200258173423942e-01,9.990956379938843446e-01
4.166666666666666963e+00,1.010977602686878628e-03,9.013113118657130676e-04,9.989862662998475473e-01,9.990957244637345136e-01
4.170000000000000817e+00,1.045080825506674617e-03,9.012191617617022104e-04,9.989521601605815260e-01,9.990958118663182397e-01
4.173333333333333783e+00,1.079515539578473340e-03,9.011261162911811439e-04,9.989177224386329712e-01,9.990959001609925894e-01
4.176666666666667638e+00,1.114266558746347408e-03,9.010322164901435902e-04,9.988829683193181097e-01,9.990959893067193898e-01
4.180000000000000604e+00,1.149318557357440667e-03,9.009375037712171082e-04,9.988479131274855538e-01,9.990960792620832143e-01
4.183333333333333570e+00,1.184656077020759856e-03,9.008420199054090324e-04,9.988125723207555984e-01,9.990961699853104783e-01
4.186666666666667425e+00,1.220263533424439028e-03,9.007458070036890221e-04,9.987769614827041176e-01,9.990962614342869808e-01
4.190000000000000391e+00,1.256125223208576268e-03,9.006489074984291463e-04,9.987410963159907284e-01,9.990963535665766670e-01
4.193333333333334245e+00,1.292225330890585909e-03,9.005513641246989031e-04,9.987049926354324425e-01,9.990964463394406136e-01
4.196666666666667211e+00,1.328547935839930957e-03,9.004532199014259053e-04,9.986686663610304659e-01,9.990965397098561240e-01
4.200000000000001066e+00,1.365077019299379933e-03,9.003545181124352446e-04,9.986321335109488162e-01,9.990966336345337151e-01
4.203333333333334032e+00,1.401796471449388284e-03,9.002553022873672085e-04,9.985954101944491956e-01,9.990967280699397657e-01
4.206666666666666998e+00,1.438690098512739046e-03,9.001556161824927557e-04,9.985585126047867854e-01,9.990968229723128369e-01
4.210000000000000853e+00,1.475741629896172146e-03,9.000555037614227415e-04,9.985214570120715116e-01,9.990969182976834340e-01
4.213333333333333819e+00,1.512934725365894370e-03,8.999550091757317063e-04,9.984842597560887878e-01,9.990970140018955448e-01
4.216666666666667673e+00,1.550252982253882191e-03,8.998541767454949292e-04,9.984469372390957220e-01,9.990971100406217387e-01
4.220000000000000639e+00,1.587679942691603424e-03,8.997530509397525141e-04,9.984095059185871257e-01,9.990972063693875915e-01
4.223333333333333606e+00,1.625199100868195872e-03,8.996516763569085322e-04,9.983719823000385407e-01,9.990973029435884500e-01
4.226666666666667460e+00,1.662793910309712025e-03,8.995500977050719434e-04,9.983343829296245087e-01,9.990973997185097488e-01
4.230000000000000426e+00,1.700447791176349158e-03,8.994483597823500287e-04,9.982967243869245166e-01,9.990974966493458842e-01
4.233333333333334281e+00,1.738144137574424786e-03,8.993465074571020332e-04,9.982590232776102912e-01,9.990975936912228628e-01
4.236666666666667247e+00,1.775866324879777020e-03,8.992445856481615834e-04,9.982212962261204359e-01,9.990976907992136224e-01
4.240000000000000213e+00,1.813597717069473370e-03,8.991426393050363369e-04,9.981835598683318489e-01,9.990977879283616803e-01
4.243333333333334068e+00,1.851321674058566298e-03,8.990407133880953805e-04,9.981458308442229255e-01,9.990978850336993400e-01
4.246666666666667034e+00,1.889021559038583063e-03,8.989388528487514234e-04,9.981081257905315418e-01,9.990979820702674541e-01
4.250000000000000888e+00,1.926680745814680473e-03,8.988371026096451596e-04,9.980704613334229203e-01,9.990980789931367401e-01
4.253333333333333854e+00,1.964282626138004646e-03,8.987355075448445925e-04,9.980328540811541638e-01,9.990981757574245448e-01
4.256666666666666821e+00,2.001810617030248211e-03,8.986341124600646327e-04,9.979953206167512247e-01,9.990982723183169378e-01
4.260000000000000675e+00,2.039248168096987734e-03,8.985329620729160796e-04,9.979578774906958660e-01,9.990983686310889178e-01
4.263333333333334529e+00,2.076578768826676732e-03,8.984321009931942829e-04,9.979205412136247233e-01,9.990984646511227307e-01
4.266666666666667496e+00,2.113785955872126213e-03,8.983315737032155105e-04,9.978833282490504608e-01,9.990985603339282983e-01
4.270000000000000462e+00,2.150853320311060541e-03,8.982314245382074175e-04,9.978462550060994696e-01,9.990986556351616477e-01
4.273333333333333428e+00,2.187764514882804823e-03,8.981316976667660847e-04,9.978093378322773210e-01,9.990987505106462274e-01
4.276666666666667282e+00,2.224503261197694620e-03,8.980324370713863502e-04,9.977725930062566473e-01,9.990988449163922258e-01
4.280000000000001137e+00,2.261053356916134082e-03,8.979336865290722626e-04,9.977360367307004374e-01,9.990989388086137790e-01
4.283333333333334103e+00,2.297398682894173910e-03,8.978354895920399089e-04,9.976996851251155318e-01,9.990990321437502875e-01
4.286666666666667069e+00,2.333523210292334001e-03,8.977378895685173867e-04,9.976635542187427541e-01,9.990991248784859557e-01
4.290000000000000036e+00,2.369411007644654094e-03,8.976409295036538467e-04,9.976276599434917847e-01,9.990992169697676673e-01
4.293333333333333890e+00,2.405046247884772698e-03,8.975446521605424856e-04,9.975920181269092302e-01,9.990993083748235248e-01
4.296666666666667744e+00,2.440413215325950864e-03,8.974491000013685472e-04,9.975566444852040915e-01,9.990993990511848333e-01
4.300000000000000711e+00,2.475496312592083935e-03,8.973543151686903547e-04,9.975215546163137548e-01,9.990994889566998660e-01
4.303333333333333677e+00,2.510280067496400980e-03,8.972603394668592297e-04,9.974867639930250496e-01,9.990995780495567358e-01
4.306666666666666643e+00,2.544749139865062470e-03,8.971672143435910915e-04,9.974522879561524835e-01,9.990996662883002699e-01
4.310000000000000497e+00,2.578888328302484691e-03,8.970749808716903858e-04,9.974181417077709888e-01,9.990997536318496630e-01
4.313333333333334352e+00,2.612682576895450966e-03,8.969836797309434749e-04,9.973843403045140610e-01,9.990998400395174617e-01
4.316666666666667318e+00,2.646116981853174725e-03,8.968933511901844161e-04,9.973508986509305174e-01,9.990999254710282163e-01
4.320000000000000284e+00,2.679176798080127285e-03,8.968040350895364887e-04,9.973178314929138644e-01,9.991000098865338019e-01
4.323333333333333250e+00,2.711847445679000518e-03,8.967157708228510465e-04,9.972851534111987215e-01,9.991000932466324036e-01
4.326666666666667105e+00,2.744114516380730898e-03,8.966285973203353462e-04,9.972528788149309653e-01,9.991001755123881667e-01
4.330000000000000959e+00,2.775963779898888307e-03,8.965425530313860490e-04,9.972210219353124794e-01,9.991002566453438538e-01
4.333333333333333925e+00,2.807381190205585509e-03,8.964576759076390211e-04,9.971895968193233983e-01,9.991003366075411618e-01
4.336666666666666892e+00,2.838352891726065100e-03,8.963740033862314200e-04,9.971586173235326145e-01,9.991004153615365979e-01
4.339999999999999858e+00,2.868865225449354021e-03,8.962915723732950424e-04,9.971280971079832245e-01,9.991004928704172450e-01
4.343333333333334600e+00,2.898904734952210960e-03,8.962104192276821235e-04,9.970980496301657947e-01,9.991005690978176368e-01
4.346666666666667567e+00,2.928458172333704701e-03,8.961305797449296623e-04,9.970684881390898813e-01,9.991006440079369666e-01
4.350000000000000533e+00,2.957512504057892896e-03,8.960520891414770154e-04,9.970394256694360413e-01,9.991007175655514105e-01
4.353333333333333499e+00,2.986054916701912434e-03,8.959749820391320991e-04,9.970108750358103178e-01,9.991007897360347778e-01
4.356666666666667354e+00,3.014072822607006836e-03,8.958992924498056058e-04,9.969828488270920941e-01,9.991008604853683917e-01
4.360000000000001208e+00,3.041553865430003927e-03,8.958250537605077059e-04,9.969553594008809805e-01,9.991009297801594080e-01
4.363333333333334174e+00,3.068485925592743645e-03,8.957522987186258834e-04,9.969284188780493938e-01,9.991009975876562477e-01
4.366666666666667140e+00,3.094857125627166125e-03,8.956810594174793513e-04,9.969020391373958345e-01,9.991010638757598095e-01
4.370000000000000107e+00,3.120655835413511762e-03,8.956113672821634916e-04,9.968762318104055220e-01,9.991011286130394575e-01
4.373333333333333961e+00,3.145870677309558962e-03,8.955432530556898477e-04,9.968510082761240509e-01,9.991011917687481203e-01
4.376666666666667815e+00,3.170490531168398095e-03,8.954767467854251413e-04,9.968263796561351864e-01,9.991012533128339479e-01
4.380000000000000782e+00,3.194504539242732418e-03,8.954118778098360326e-04,9.968023568096586740e-01,9.991013132159527466e-01
4.383333333333333748e+00,3.217902110973411799e-03,8.953486747455459156e-04,9.967789503287604047e-01,9.991013714494850761e-01
4.386666666666666714e+00,3.240672927660147480e-03,8.952871654747137200e-04,9.967561705336825950e-01,9.991014279855433555e-01
4.390000000000000568e+00,3.262806947012327971e-03,8.952273771327282168e-04,9.967340274682903178e-01,9.991014827969888490e-01
4.393333333333334423e+00,3.284294407577902520e-03,8.951693360962418959e-04,9.967125308956434893e-01,9.991015358574398819e-01
4.396666666666667389e+00,3.305125833048478626e-03,8.951130679715286944e-04,9.966916902936910905e-01,9.991015871412887162e-01
4.400000000000000355e+00,3.325292036438576640e-03,8.950585975831867186e-04,9.966715148510921773e-01,9.991016366237058799e-01
4.403333333333333321e+00,3.344784124137363535e-03,8.950059489631846579e-04,9.966520134631629002e-01,9.991016842806557108e-01
4.406666666666668064e+00,3.363593499830948557e-03,8.949551453402580705e-04,9.966331947279515324e-01,9.991017300889070141e-01
4.410000000000001030e+00,3.381711868293578449e-03,8.949062091296534818e-04,9.966150669424509445e-01,9.991017740260406121e-01
4.413333333333333997e+00,3.399131239046050863e-03,8.948591619232441462e-04,9.965976380989379768e-01,9.991018160704630002e-01
4.416666666666666963e+00,3.415843929879748293e-03,8.948140244799935141e-04,9.965809158814458169e-01,9.991018562014106763e-01
4.419999999999999929e+00,3.431842570244642791e-03,8.947708167167927468e-04,9.965649076623791514e-01,9.991018943989646850e-01
4.423333333333334672e+00,3.447120104499948323e-03,8.947295576996733670e-04,9.965496204992626561e-01,9.991019306440565018e-01
4.426666666666667638e+00,3.461669795025791412e-03,8.946902656353853929e-04,9.965350611316260432e-01,9.991019649184771367e-01
4.430000000000000604e+00,3.475485225194714384e-03,8.946529578633642676e-04,9.965212359780335483e-01,9.991019972048846842e-01
4.433333333333333570e+00,3.488560302201555371e-03,8.946176508480701032e-04,9.965081511332543052e-01,9.991020274868112061e-01
4.436666666666667425e+00,3.500889259750520656e-03,8.945843601717202737e-04,9.964958123655711653e-01,9.991020557486739451e-01
4.440000000000001279e+00,3.512466660598277148e-03,8.945531005274076587e-04,9.964842251142415064e-01,9.991020819757764349e-01
4.443333333333334245e+00,3.523287398951900108e-03,8.945238857126113679e-04,9.964733944870951543e-01,9.991021061543193804e-01
4.446666666666667211e+00,3.533346702720660017e-03,8.944967286230997303e-04,9.964633252582831835e-01,9.991021282714049878e-01
4.450000000000000178e+00,3.542640135620623350e-03,8.944716412472360646e-04,9.964540218661711579e-01,9.991021483150429594e-01
4.453333333333334032e+00,3.551163599131163494e-03,8.944486346606794237e-04,9.964454884113831401e-01,9.991021662741557119e-01
4.456666666666667886e+00,3.558913334302486221e-03,8.944277190214912658e-04,9.964377286549938040e-01,9.991021821385830393e-01
4.460000000000000853e+00,3.565885923413422958e-03,8.944089035656428450e-04,9.964307460168674302e-01,9.991021958990865537e-01
4.463333333333333819e+00,3.572078291478716396e-03,8.943921966029348171e-04,9.964245435741529988e-01,9.991022075473554587e-01
4.466666666666666785e+00,3.577487707605137100e-03,8.943776055133178908e-04,9.964191240599238331e-01,9.991022170760074372e-01
4.470000000000000639e+00,3.582111786195873830e-03,8.943651367436292708e-04,9.964144898619730073e-01,9.991022244785932038e-01
4.473333333333334494e+00,3.585948488002614707e-03,8.943547958047400135e-04,9.964106430217650745e-01,9.991022297496012783e-01
4.476666666666667460e+00,3.588996121024875998e-03,8.943465872691124278e-04,9.964075852335271266e-01,9.991022328844557654e-01
4.480000000000000426e+00,3.591253341256203831e-03,8.943405147687712078e-04,9.964053178435098301e-01,9.991022338795231272e-01
4.483333333333333393e+00,3.592719153276885836e-03,8.943365809936941512e-04,9.964038418493884608e-01,9.991022327321114060e-01
4.486666666666667247e+00,3.593392910692913816e-03,8.943347876906115141e-04,9.964031578998255867e-01,9.991022294404715565e-01
4.490000000000001101e+00,3.593274316421043914e-03,8.943351356622278791e-04,9.964032662941821883e-01,9.991022240037982227e-01
4.493333333333334068e+00,3.592363422819781684e-03,8.943376247668541768e-04,9.964041669823915370e-01,9.991022164222314039e-01
4.496666666666667034e+00,3.590660631666241307e-03,8.943422539184639562e-04,9.964058595649737393e-01,9.991022066968547888e-01
4.500000000000000888e+00,3.588166693978927981e-03,8.943490210871573145e-04,9.964083432932160367e-01,9.991021948296945343e-01
4.503333333333333854e+00,3.584882709686481629e-03,8.943579233000487506e-04,9.964116170695044294e-01,9.991021808237228186e-01
4.506666666666667709e+00,3.580810127142518978e-03,8.943689566425651718e-04,9.964156794478037371e-01,9.991021646828498470e-01
4.510000000000000675e+00,3.575950742486851998e-03,8.943821162601654383e-04,9.964205286342975310e-01,9.991021464119280715e-01
4.513333333333333641e+00,3.570306698853287393e-03,8.943973963604684354e-04,9.964261624881799451e-01,9.991021260167461948e-01
4.516666666666667496e+00,3.563880485424402236e-03,8.944147902157984550e-04,9.964325785225980336e-01,9.991021035040295040e-01
4.520000000000000462e+00,3.556674936333715110e-03,8.944342901661456093e-04,9.964397739057491155e-01,9.991020788814339859e-01
4.523333333333334316e+00,3.548693229415683832e-03,8.944558876225303275e-04,9.964477454621305519e-01,9.991020521575456614e-01
4.526666666666667282e+00,3.539938884804187235e-03,8.944795730707850523e-04,9.964564896739388500e-01,9.991020233418750340e-01
4.530000000000000249e+00,3.530415763379971070e-03,8.945053360757387190e-04,9.964660026826206440e-01,9.991019924448532041e-01
4.533333333333334103e+00,3.520128065067860360e-03,8.945331652858134466e-04,9.964762802905767769e-01,9.991019594778273172e-01
4.536666666666667069e+00,3.509080326984434679e-03,8.945630484380208674e-04,9.964873179630096001e-01,9.991019244530567889e-01
4.540000000000000924e+00,3.497277421436976487e-03,8.945949723633618870e-04,9.964991108299281475e-01,9.991018873837060887e-01
4.543333333333333890e+00,3.484724553774623621e-03,8.946289229926274915e-04,9.965116536882898668e-01,9.991018482838397441e-01
4.546666666666666856e+00,3.471427260092602857e-03,8.946648853625971311e-04,9.965249410042994471e-01,9.991018071684160118e-01
4.550000000000000711e+00,3.457391404790617021e-03,8.947028436226278506e-04,9.965389669158476460e-01,9.991017640532806610e-01
4.553333333333333677e+00,3.442623177986439079e-03,8.947427810416414299e-04,9.965537252350963326e-01,9.991017189551595346e-01
4.556666666666667531e+00,3.427129092785868511e-03,8.947846800154953331e-04,9.965692094512078603e-01,9.991016718916505557e-01
4.560000000000000497e+00,3.410915982410207478e-03,8.948285220747418008e-04,9.965854127332162138e-01,9.991016228812191757e-01
4.563333333333334352e+00,3.393990997182593818e-03,8.948742878927647875e-04,9.966023279330386009e-01,9.991015719431844966e-01
4.566666666666667318e+00,3.376361601374455474e-03,8.949219572943008152e-04,9.966199475886303727e-01,9.991015190977160509e-01
4.570000000000000284e+00,3.358035569913543541e-03,8.949715092643338761e-04,9.966382639272728383e-01,9.991014643658233663e-01
4.573333333333334139e+00,3.339020984954909135e-03,8.950229219573537605e-04,9.966572688690010784e-01,9.991014077693434192e-01
4.576666666666667105e+00,3.319326232316436101e-03,8.950761727069929874e-04,9.966769540301713137e-01,9.991013493309378601e-01
4.580000000000000959e+00,3.298959997780415328e-03,8.951312380360141501e-04,9.966973107271531740e-01,9.991012890740759156e-01
4.583333333333333925e+00,3.277931263262840334e-03,8.951880936666639383e-04,9.967183299801609664e-01,9.991012270230276160e-01
4.586666666666667780e+00,3.256249302852113735e-03,8.952467145313790925e-04,9.967400025172152844e-01,9.991011632028534706e-01
4.590000000000000746e+00,3.233923678718896716e-03,8.953070747838360504e-04,9.967623187782302940e-01,9.991010976393925880e-01
4.593333333333333712e+00,3.210964236898866588e-03,8.953691478103513327e-04,9.967852689192295834e-01,9.991010303592489095e-01
4.596666666666667567e+00,3.187381102950358723e-03,8.954329062416147792e-04,9.968088428166892445e-01,9.991009613897844366e-01
4.600000000000000533e+00,3.163184677488680048e-03,8.954983219647630072e-04,9.968330300720004145e-01,9.991008907591045762e-01
4.603333333333334387e+00,3.138385631599124176e-03,8.955653661357746613e-04,9.968578200160552738e-01,9.991008184960438188e-01
4.606666666666667354e+00,3.112994902130752917e-03,8.956340091921930922e-04,9.968832017139536150e-01,9.991007446301557460e-01
4.610000000000000320e+00,3.087023686872873186e-03,8.957042208661642130e-04,9.969091639698255403e-01,9.991006691916987092e-01
4.613333333333334174e+00,3.060483439616553357e-03,8.957759701977873650e-04,9.969356953317638492e-01,9.991005922116245053e-01
4.616666666666667140e+00,3.033385865103149261e-03,8.958492255487701932e-04,9.969627840968822152e-01,9.991005137215611676e-01
4.620000000000000995e+00,3.005742913862202107e-03,8.959239546163855813e-04,9.969904183164705058e-01,9.991004337538010871e-01
4.623333333333333961e+00,2.977566776940953480e-03,8.960001244477165498e-04,9.970185858012655666e-01,9.991003523412889109e-01
4.626666666666666927e+00,2.948869880527717809e-03,8.960777014541993109e-04,9.970472741268271433e-01,9.991002695176017800e-01
4.630000000000000782e+00,2.919664880471657589e-03,8.961566514264321685e-04,9.970764706390178311e-01,9.991001853169392266e-01
4.633333333333333748e+00,2.889964656701190463e-03,8.962369395492735761e-04,9.971061624595827233e-01,9.991000997741071865e-01
4.636666666666667602e+00,2.859782307543621161e-03,8.963185304171972581e-04,9.971363364918270911e-01,9.991000129244992367e-01
4.640000000000000568e+00,2.829131143948473721e-03,8.964013880499112265e-04,9.971669794263975373e-01,9.990999248040859371e-01
4.643333333333334423e+00,2.798024683616984719e-03,8.964854759082346207e-04,9.971980777471443069e-01,9.990998354493946243e-01
4.646666666666667389e+00,2.766476645040500098e-03,8.965707569102133968e-04,9.972296177370876258e-01,9.990997448974977546e-01
4.650000000000000355e+00,2.734500941450272293e-03,8.966571934474860343e-04,9.972615854844635308e-01,9.990996531859918095e-01
4.653333333333334210e+00,2.702111674681393749e-03,8.967447474018708535e-04,9.972939668888616271e-01,9.990995603529839730e-01
4.656666666666667176e+00,2.669323128953599456e-03,8.968333801621875207e-04,9.973267476674418930e-01,9.990994664370745904e-01
4.660000000000001030e+00,2.636149764571527141e-03,8.969230526412917074e-04,9.973599133612343071e-01,9.990993714773394041e-01
4.663333333333333997e+00,2.602606211547447458e-03,8.970137252933201933e-04,9.973934493415124170e-01,9.990992755133124570e-01
4.666666666666666963e+00,2.568707263149072779e-03,8.971053581311403411e-04,9.974273408162509513e-01,9.990991785849707707e-01
4.670000000000000817e+00,2.534467869375415291e-03,8.971979107439964629e-04,9.974615728366419409e-01,9.990990807327130296e-01
4.673333333333333783e+00,2.499903130363553220e-03,8.972913423153344292e-04,9.974961303036937732e-01,9.990989819973440378e-01
4.676666666666667638e+00,2.465028289729069479e-03,8.973856116408170970e-04,9.975309979748844258e-01,9.990988824200575102e-01
4.680000000000000604e+00,2.429858727843362855e-03,8.974806771465020441e-04,9.975661604708883079e-01,9.990987820424162003e-01
4.683333333333333570e+00,2.394409955050563928e-03,8.975764969071900641e-04,9.976016022823532836e-01,9.990986809063329144e-01
4.686666666666667425e+00,2.358697604827183006e-03,8.976730286649217639e-04,9.976373077767475284e-01,9.990985790540549694e-01
4.690000000000000391e+00,2.322737426887442561e-03,8.977702298476242151e-04,9.976732612052464644e-01,9.990984765281437641e-01
4.693333333333334245e+00,2.286545280237310858e-03,8.978680575878990929e-04,9.977094467096816466e-01,9.990983733714543513e-01
4.696666666666667211e+00,2.250137126180423892e-03,8.979664687419363668e-04,9.977458483295358338e-01,9.990982696271201169e-01
4.700000000000000178e+00,2.213529021278840773e-03,8.980654199085528902e-04,9.977824500089774729e-01,9.990981653385320183e-01
4.703333333333334032e+00,2.176737110271797105e-03,8.981648674483462417e-04,9.978192356039452537e-01,9.990980605493178235e-01
4.706666666666667886e+00,2.139777618955637870e-03,8.982647675029470109e-04,9.978561888892659715e-01,9.990979553033249028e-01
4.710000000000000853e+00,2.102666847027882726e-03,8.983650760143772288e-04,9.978932935658103576e-01,9.990978496446014656e-01
4.713333333333333819e+00,2.065421160898854580e-03,8.984657487444893537e-04,9.979305332676808860e-01,9.990977436173749116e-01
4.716666666666666785e+00,2.028056986473784039e-03,8.985667412944892823e-04,9.979678915694297769e-01,9.990976372660345106e-01
4.720000000000000639e+00,1.990590801908722566e-03,8.986680091245265829e-04,9.980053519933025363e-01,9.990975306351090879e-01
4.723333333333334494e+00,1.953039130343462316e-03,8.987695075733505377e-04,9.980428980165044761e-01,9.990974237692511473e-01
4.726666666666667460e+00,1.915418532614492552e-03,8.988711918780181200e-04,9.980805130784886625e-01,9.990973167132144450e-01
4.730000000000000426e+00,1.877745599951502866e-03,8.989730171936462060e-04,9.981181805882565206e-01,9.990972095118331175e-01
4.733333333333333393e+00,1.840036946660359015e-03,8.990749386132010834e-04,9.981558839316783116e-01,9.990971022100059162e-01
4.736666666666667247e+00,1.802309202795975311e-03,8.991769111873146314e-04,9.981936064788169416e-01,9.990969948526744471e-01
4.740000000000001101e+00,1.764579006828258722e-03,8.992788899441191489e-04,9.982313315912652030e-01,9.990968874848012993e-01
4.743333333333334068e+00,1.726862998304261971e-03,8.993808299090935666e-04,9.982690426294790198e-01,9.990967801513522817e-01
4.746666666666667034e+00,1.689177810509971027e-03,8.994826861249078168e-04,9.983067229601203518e-01,9.990966728972786592e-01
4.750000000000000000e+00,1.651540063134793570e-03,8.995844136712608050e-04,9.983443559633893294e-01,9.990965657674926170e-01
4.753333333333333854e+00,1.613966354942073661e-03,8.996859676847043970e-04,9.983819250403556111e-01,9.990964588068500518e-01
4.756666666666667709e+00,1.576473256448875917e-03,8.997873033784369382e-04,9.984194136202776404e-01,9.990963520601320313e-01
4.760000000000000675e+00,1.539077302618128062e-03,8.998883760620682596e-04,9.984568051679113543e-01,9.990962455720215907e-01
4.763333333333333641e+00,1.501794985566578741e-03,8.999891411613389304e-04,9.984940831908020176e-01,9.990961393870886331e-01
4.766666666666666607e+00,1.464642747291550412e-03,9.000895542377875761e-04,9.985312312465566276e-01,9.990960335497648392e-01
4.770000000000001350e+00,1.427636972419875448e-03,9.001895710083608441e-04,9.985682329500985555e-01,9.990959281043287898e-01
4.773333333333334316e+00,1.390793980982130357e-03,9.002891473649513769e-04,9.986050719808881038e-01,9.990958230948846497e-01
4.776666666666667282e+00,1.354130021215279147e-03,9.003882393938598917e-04,9.986417320901261885e-01,9.990957185653404071e-01
4.780000000000000249e+00,1.317661262397105699e-03,9.004868033951733425e-04,9.986781971079151665e-01,9.990956145593935522e-01
4.783333333333333215e+00,1.281403787715384643e-03,9.005847959020442037e-04,9.987144509503922407e-01,9.990955111205077621e-01
4.786666666666667957e+00,1.245373587175078447e-03,9.006821736998685962e-04,9.987504776268231188e-01,9.990954082918950263e-01
4.790000000000000924e+00,1.209586550546622088e-03,9.007788938453543687e-04,9.987862612466532619e-01,9.990953061164956628e-01
4.793333333333333890e+00,1.174058460358358815e-03,9.008749136854681807e-04,9.988217860265158343e-01,9.990952046369617756e-01
4.796666666666666856e+00,1.138804984936376587e-03,9.009701908762529155e-04,9.988570362971932459e-01,9.990951038956358277e-01
4.800000000000000711e+00,1.103841671494629152e-03,9.010646834015069656e-04,9.988919965105254040e-01,9.990950039345333211e-01
4.803333333333334565e+00,1.069183939278527378e-03,9.011583495913273430e-04,9.989266512462692260e-01,9.990949047953238127e-01
4.806666666666667531e+00,1.034847072764962872e-03,9.012511481404870137e-04,9.989609852188975347e-01,9.990948065193137051e-01
4.810000000000000497e+00,1.000846214921707281e-03,9.013430381266599031e-04,9.989949832843415534e-01,9.990947091474255970e-01
4.813333333333333464e+00,9.671963605293267983e-04,9.014339790284732956e-04,9.990286304466672318e-01,9.990946127201824067e-01
4.816666666666667318e+00,9.339123495683627129e-04,9.015239307433857863e-04,9.990619118646900665e-01,9.990945172776893868e-01
4.820000000000001172e+00,9.010088606748634273e-04,9.016128536053744135e-04,9.990948128585237509e-01,9.990944228596149168e-01
4.823333333333334139e+00,8.685004046669905862e-04,9.017007084024347653e-04,9.991273189160450041e-01,9.990943295051735173e-01
4.826666666666667105e+00,8.364013181456877088e-04,9.017874563938763901e-04,9.991594156993056641e-01,9.990942372531094184e-01
4.830000000000000071e+00,8.047257571722121403e-04,9.018730593274132921e-04,9.991910890508463039e-01,9.990941461416803504e-01
4.833333333333333925e+00,7.734876910251962685e-04,9.019574794560346592e-04,9.992223249999431234e-01,9.990940562086374488e-01
4.836666666666667780e+00,7.427008960402134907e-04,9.020406795546556059e-04,9.992531097687707975e-01,9.990939674912115986e-01
4.840000000000000746e+00,7.123789495343003106e-04,9.021226229365353561e-04,9.992834297784763953e-01,9.990938800260952268e-01
4.843333333333333712e+00,6.825352238183486847e-04,9.022032734694579838e-04,9.993132716551694772e-01,9.990937938494274251e-01
4.846666666666666679e+00,6.531828802998830997e-04,9.022825955916682341e-04,9.993426222358191557e-01,9.990937089967761864e-01
4.850000000000001421e+00,6.243348636788174184e-04,9.023605543275555916e-04,9.993714685740595627e-01,9.990936255031256374e-01
4.853333333333334387e+00,5.960038962388535368e-04,9.024371153030787910e-04,9.993997979458991709e-01,9.990935434028572759e-01
4.856666666666667354e+00,5.682024722368853031e-04,9.025122447609237224e-04,9.994275978553330830e-01,9.990934627297375359e-01
4.860000000000000320e+00,5.409428523930262652e-04,9.025859095753922378e-04,9.994548560398527348e-01,9.990933835169024668e-01
4.863333333333334174e+00,5.142370584836193853e-04,9.026580772670049447e-04,9.994815604758552352e-01,9.990933057968396369e-01
4.866666666666668029e+00,4.880968680395925542e-04,9.027287160168294801e-04,9.995076993839434598e-01,9.990932296013792513e-01
4.870000000000000995e+00,4.625338091525941012e-04,9.027977946805040149e-04,9.995332612341252254e-01,9.990931549616764995e-01
4.873333333333333961e+00,4.375591553910612003e-04,9.028652828019731198e-04,9.995582347508931154e-01,9.990930819081985659e-01
4.876666666666666927e+00,4.131839208285657057e-04,9.029311506269163679e-04,9.995826089182018315e-01,9.990930104707120840e-01
4.880000000000000782e+00,3.894188551866314615e-04,9.029953691158614350e-04,9.996063729843220891e-01,9.990929406782689259e-01
4.883333333333334636e+00,3.662744390940690848e-04,9.030579099569937315e-04,9.996295164665874866e-01,9.990928725591927684e-01
4.886666666666667602e+00,3.437608794650599429e-04,9.031187455786303647e-04,9.996520291560111460e-01,9.990928061410705441e-01
4.890000000000000568e+00,3.218881049978725302e-04,9.031778491613781656e-04,9.996739011217942172e-01,9.990927414507342341e-01
4.893333333333333535e+00,3.006657617963196926e-04,9.032351946499539864e-04,9.996951227157004904e-01,9.990926785142539845e-01
4.896666666666667389e+00,2.801032091158414759e-04,9.032907567646699786e-04,9.997156845763163213e-01,9.990926173569235624e-01
4.900000000000001243e+00,2.602095152360626518e-04,9.033445110125750722e-04,9.997355776331735555e-01,9.990925580032512521e-01
4.903333333333334210e+00,2.409934534617212177e-04,9.033964336982497258e-04,9.997547931107548802e-01,9.990925004769487527e-01
4.906666666666667176e+00,2.224634982536144478e-04,9.034465019342471188e-04,9.997733225323619521e-01,9.990924448009186332e-01
4.910000000000000142e+00,2.046278214913838740e-04,9.034946936511799179e-04,9.997911577238506320e-01,9.990923909972477812e-01
4.913333333333333997e+00,1.874942888697393446e-04,9.035409876074462212e-04,9.998082908172424288e-01,9.990923390871937482e-01
4.916666666666667851e+00,1.710704564296808077e-04,9.035853633985844882e-04,9.998247142541891730e-01,9.990922890911783094e-01
4.920000000000000817e+00,1.553635672263195945e-04,9.036278014662684063e-04,9.998404207893082374e-01,9.990922410287763622e-01
4.923333333333333783e+00,1.403805481346803935e-04,9.036682831069170821e-04,9.998554034933773149e-01,9.990921949187104856e-01
4.926666666666667638e+00,1.261280067949698154e-04,9.037067904799398572e-04,9.998696557563916398e-01,9.990921507788388389e-01
4.930000000000000604e+00,1.126122286986277967e-04,9.037433066155891844e-04,9.998831712904777680e-01,9.990921086261499440e-01
4.933333333333334458e+00,9.983917441643213404e-05,9.037778154224369604e-04,9.998959441326654707e-01,9.990920684767530258e-01
4.936666666666667425e+00,8.781447696990437863e-05,9.038103016944601126e-04,9.999079686475216278e-01,9.990920303458737939e-01
4.940000000000000391e+00,7.654343934715276347e-05,9.038407511177350053e-04,9.999192395296310210e-01,9.990919942478446725e-01
4.943333333333334245e+00,6.603103216427089932e-05,9.038691502767393646e-04,9.999297518059386825e-01,9.990919601961004703e-01
4.946666666666667211e+00,5.628189147331258787e-05,9.038954866602569522e-04,9.999395008379422523e-01,9.990919282031733850e-01
4.950000000000001066e+00,4.730031671779725671e-05,9.039197486668846615e-04,9.999484823237383413e-01,9.990918982806820114e-01
4.953333333333334032e+00,3.909026883667233152e-05,9.039419256101369421e-04,9.999566922999183483e-01,9.990918704393342287e-01
4.956666666666666998e+00,3.165536851754468053e-05,9.039620077231470081e-04,9.999641271433176160e-01,9.990918446889174298e-01
4.960000000000000853e+00,2.499889459996890241e-05,9.039799861629604959e-04,9.999707835726128202e-01,9.990918210382925269e-01
4.963333333333333819e+00,1.912378262948908123e-05,9.039958530144259069e-04,9.999766586497694787e-01,9.990917994953956160e-01
4.966666666666667673e+00,1.403262356306846837e-05,9.040096012936709932e-04,9.999817497813358047e-01,9.990917800672323157e-01
4.970000000000000639e+00,9.727662626488599738e-06,9.040212249511738688e-04,9.999860547195906779e-01,9.990917627598706607e-01
4.973333333333333606e+00,6.210798324206124789e-06,9.040307188744133417e-04,9.999895715635298554e-01,9.990917475784443225e-01
4.976666666666667460e+00,3.483581602120044002e-06,9.040380788901164651e-04,9.999922987597079649e-01,9.990917345271466132e-01
4.980000000000000426e+00,1.547215163608717723e-06,9.040433017660829242e-04,9.999942351029201815e-01,9.990917236092295983e-01
4.983333333333334281e+00,4.025529391399605299e-07,9.040463852126028477e-04,9.999953797367394648e-01,9.990917148270032078e-01
4.986666666666667247e+00,5.009970969111009844e-08,9.040473278834485274e-04,9.999957321538872623e-01,9.990917081818344592e-01
4.990000000000000213e+00,4.900108841404422538e-07,9.040461293764609713e-04,9.999952921964632147e-01,9.990917036741460144e-01
4.993333333333334068e+00,1.722092430733001200e-06,9.040427902337127512e-04,9.999940600560082160e-01,9.990917013034137373e-01
4.996666666666667034e+00,3.745800962647660119e-06,9.040373119412578769e-04,9.999920362734291412e-01,9.990917010681731325e-01
5.000000000000000888e+00,6.560243977629358251e-06,9.040296969284647953e-04,9.999892217387508220e-01,9.990917029660140170e-01
5.003333333333333854e+00,1.016418025157872474e-05,9.040199485669331639e-04,9.999856176907289118e-01,9.990917069935842942e-01
5.006666666666667709e+00,1.455602038592991406e-05,9.040080711689932064e-04,9.999812257163029905e-01,9.990917131465920642e-01
5.010000000000000675e+00,1.973382750857268078e-05,9.039940699857971921e-04,9.999760477498944589e-01,9.990917214198034024e-01
5.013333333333334529e+00,2.569531812800592666e-05,9.039779512049905688e-04,9.999700860725562190e-01,9.990917318070513531e-01
5.016666666666667496e+00,3.243786314034887553e-05,9.039597219479695829e-04,9.999633433109647029e-01,9.990917443012318211e-01
5.020000000000000462e+00,3.995848898877866703e-05,9.039393902667341649e-04,9.999558224362627978e-01,9.990917588943116767e-01
5.023333333333334316e+00,4.825387897485356180e-05,9.039169651403244823e-04,9.999475267627477848e-01,9.990917755773304210e-01
5.026666666666667282e+00,5.732037472117798300e-05,9.038924564708516757e-04,9.999384599464116175e-01,9.990917943404040713e-01
5.030000000000001137e+00,6.715397778473486477e-05,9.038658750791199589e-04,9.999286259833267687e-01,9.990918151727279373e-01
5.033333333333334103e+00,7.775035142018534321e-05,9.038372326998482141e-04,9.999180292078848620e-01,9.990918380625866124e-01
5.036666666666667069e+00,8.910482249238335704e-05,9.038065419764825187e-04,9.999066742908852001e-01,9.990918629973518650e-01
5.040000000000000924e+00,1.012123835372060696e-04,9.037738164556127210e-04,9.998945662374746357e-01,9.990918899634938510e-01
5.043333333333333890e+00,1.140676949698469741e-04,9.037390705809913299e-04,9.998817103849404475e-01,9.990919189465850003e-01
5.046666666666667744e+00,1.276650874395616456e-04,9.037023196871522271e-04,9.998681124003552245e-01,9.990919499313065666e-01
5.050000000000000711e+00,1.419985643298377206e-04,9.036635799926458950e-04,9.998537782780791972e-01,9.990919829014558440e-01
5.053333333333333677e+00,1.570618044029201208e-04,9.036228685928738170e-04,9.998387143371155750e-01,9.990920178399517182e-01
5.056666666666667531e+00,1.728481645874470471e-04,9.035802034525470920e-04,9.998229272183248861e-01,9.990920547288441034e-01
5.060000000000000497e+00,1.893506829080604992e-04,9.035356033977543031e-04,9.998064238814938776e-01,9.990920935493209365e-01
5.063333333333334352e+00,2.065620815556190343e-04,9.034890881076563119e-04,9.997892116022689679e-01,9.990921342817167261e-01
5.066666666666667318e+00,2.244747700967093622e-04,9.034406781058003898e-04,9.997712979689464818e-01,9.990921769055204349e-01
5.070000000000001172e+00,2.430808488210503505e-04,9.033903947510635518e-04,9.997526908791247724e-01,9.990922213993866929e-01
5.073333333333334139e+00,2.623721122252398175e-04,9.033382602282304065e-04,9.997333985362221176e-01,9.990922677411424591e-01
5.076666666666667105e+00,2.823400526314008216e-04,9.032842975382051947e-04,9.997134294458599468e-01,9.990923159077972349e-01
5.080000000000000959e+00,3.029758639390680501e-04,9.032285304878634414e-04,9.996927924121100650e-01,9.990923658755573866e-01
5.083333333333333925e+00,3.242704455086726882e-04,9.031709836795516737e-04,9.996714965336142011e-01,9.990924176198290318e-01
5.086666666666667780e+00,3.462144061749653683e-04,9.031116825002345576e-04,9.996495511995668881e-01,9.990924711152374682e-01
5.090000000000000746e+00,3.687980683884950505e-04,9.030506531102971491e-04,9.996269660855794381e-01,9.990925263356302821e-01
5.093333333333333712e+00,3.920114724834581721e-04,9.029879224320054056e-04,9.996037511494106909e-01,9.990925832540947793e-01
5.096666666666667567e+00,4.158443810699018824e-04,9.029235181376350393e-04,9.995799166265757485e-01,9.990926418429668665e-01
5.100000000000000533e+00,4.402862835484315529e-04,9.028574686372650270e-04,9.995554730258312537e-01,9.990927020738444853e-01
5.103333333333334387e+00,4.653264007454425912e-04,9.027898030662490038e-04,9.995304311245413187e-01,9.990927639175989361e-01
5.106666666666667354e+00,4.909536896667231719e-04,9.027205512723681172e-04,9.995048019639258818e-01,9.990928273443908658e-01
5.110000000000000320e+00,5.171568483674743137e-04,9.026497438026690303e-04,9.994785968441886048e-01,9.990928923236782611e-01
5.113333333333334174e+00,5.439243209364900489e-04,9.025774118899921672e-04,9.994518273195359681e-01,9.990929588242344339e-01
5.116666666666667140e+00,5.712443025923354600e-04,9.025035874392032132e-04,9.994245051930796819e-01,9.990930268141596793e-01
5.120000000000000995e+00,5.991047448893292975e-04,9.024283030131226638e-04,9.993966425116322938e-01,9.990930962608951527e-01
5.123333333333333961e+00,6.274933610309368264e-04,9.023515918181697956e-04,9.993682515603947714e-01,9.990931671312399676e-01
5.126666666666666927e+00,6.563976312883065389e-04,9.022734876897231179e-04,9.993393448575369487e-01,9.990932393913612986e-01
5.130000000000000782e+00,6.858048085215229890e-04,9.021940250772001249e-04,9.993099351486783855e-01,9.990933130068121448e-01
5.133333333333334636e+00,7.157019238011241499e-04,9.021132390288730436e-04,9.992800354012668640e-01,9.990933879425476505e-01
5.136666666666667602e+00,7.460757921275338288e-04,9.020311651764145082e-04,9.992496587988596302e-01,9.990934641629374280e-01
5.140000000000000568e+00,7.769130182456460490e-04,9.019478397191910482e-04,9.992188187353088225e-01,9.990935416317836548e-01
5.143333333333333535e+00,8.082000025522586640e-04,9.018632994083053672e-04,9.991875288088537532e-01,9.990936203123363946e-01
5.146666666666667389e+00,8.399229470935571165e-04,9.017775815303920740e-04,9.991558028161268146e-01,9.990937001673091400e-01
5.150000000000001243e+00,8.720678616500663173e-04,9.016907238911860568e-04,9.991236547460657924e-01,9.990937811588963546e-01
5.153333333333334210e+00,9.046205699065020586e-04,9.016027647988538504e-04,9.990910987737472437e-01,9.990938632487883497e-01
5.156666666666667176e+00,9.375667157035639339e-04,9.015137430471066452e-04,9.990581492541311670e-01,9.990939463981906021e-01
5.160000000000000142e+00,9.708917693691263354e-04,9.014236978981040455e-04,9.990248207157351734e-01,9.990940305678396305e-01
5.163333333333333997e+00,1.004581034125934117e-03,9.013326690651434804e-04,9.989911278542238371e-01,9.990941157180195376e-01
5.166666666666667851e+00,1.038619652572965891e-03,9.012406966951582539e-04,9.989570855259291005e-01,9.990942018085814391e-01
5.170000000000000817e+00,1.072992613237729520e-03,9.011478213510181606e-04,9.989227087412969608e-01,9.990942887989584520e-01
5.173333333333333783e+00,1.107684757196396351e-03,9.010540839936563053e-04,9.988880126582697638e-01,9.990943766481867883e-01
5.176666666666666750e+00,1.142680784759031714e-03,9.009595259640100886e-04,9.988530125756005518e-01,9.990944653149217425e-01
5.180000000000000604e+00,1.177965262216920704e-03,9.008641889648007564e-04,9.988177239261045726e-01,9.990945547574554553e-01
5.183333333333334458e+00,1.213522628648927701e-03,9.007681150421540045e-04,9.987821622698555002e-01,9.990946449337371194e-01
5.186666666666667425e+00,1.249337202784082598e-03,9.006713465670666266e-04,9.987463432873215918e-01,9.990947358013915203e-01
5.190000000000000391e+00,1.285393189917129024e-03,9.005739262167336253e-04,9.987102827724519960e-01,9.990948273177353567e-01
5.193333333333333357e+00,1.321674688874177649e-03,9.004758969557350281e-04,9.986739966257087708e-01,9.990949194397976685e-01
5.196666666666667211e+00,1.358165699025289845e-03,9.003773020171049581e-04,9.986375008470590453e-01,9.990950121243400428e-01
5.200000000000001066e+00,1.394850127340904094e-03,9.002781848832697338e-04,9.986008115289135567e-01,9.990951053278733784e-01
5.203333333333334032e+00,1.431711795489118812e-03,9.001785892668904502e-04,9.985639448490327696e-01,9.990951990066773147e-01
5.206666666666666998e+00,1.468734446970447385e-03,9.000785590915944294e-04,9.985269170633934710e-01,9.990952931168216589e-01
5.209999999999999964e+00,1.505901754287190027e-03,8.999781384726148392e-04,9.984897444990149529e-01,9.990953876141834833e-01
5.213333333333334707e+00,1.543197326144040218e-03,8.998773716973505147e-04,9.984524435467651005e-01,9.990954824544665547e-01
5.216666666666667673e+00,1.580604714676830513e-03,8.997763032058463074e-04,9.984150306541257347e-01,9.990955775932249816e-01
5.220000000000000639e+00,1.618107422706304994e-03,8.996749775712043710e-04,9.983775223179428560e-01,9.990956729858750940e-01
5.223333333333333606e+00,1.655688911013570132e-03,8.995734394799439473e-04,9.983399350771511305e-01,9.990957685877230876e-01
5.226666666666667460e+00,1.693332605634133205e-03,8.994717337123013046e-04,9.983022855054772826e-01,9.990958643539802342e-01
5.230000000000001315e+00,1.731021905167244449e-03,8.993699051224982336e-04,9.982645902041342723e-01,9.990959602397821993e-01
5.233333333333334281e+00,1.768740188097328928e-03,8.992679986189693444e-04,9.982268657944978196e-01,9.990960562002130230e-01
5.236666666666667247e+00,1.806470820124388013e-03,8.991660591445708225e-04,9.981891289107781562e-01,9.990961521903188869e-01
5.240000000000000213e+00,1.844197161499904489e-03,8.990641316567740075e-04,9.981513961926810063e-01,9.990962481651337601e-01
5.243333333333334068e+00,1.881902574365305501e-03,8.989622611078461768e-04,9.981136842780728990e-01,9.990963440796959416e-01
5.246666666666667922e+00,1.919570430089429566e-03,8.988604924250418468e-04,9.980760097956414834e-01,9.990964398890681553e-01
5.250000000000000888e+00,1.957184116602095434e-03,8.987588704908000374e-04,9.980383893575622833e-01,9.990965355483580890e-01
5.253333333333333854e+00,1.994727045720282987e-03,8.986574401229623522e-04,9.980008395521747788e-01,9.990966310127376016e-01
5.256666666666666821e+00,2.032182660463772213e-03,8.985562460550166469e-04,9.979633769366630380e-01,9.990967262374648161e-01
5.260000000000000675e+00,2.069534442357094575e-03,8.984553329163851498e-04,9.979260180297573335e-01,9.990968211778986641e-01
5.263333333333334529e+00,2.106765918714402757e-03,8.983547452127486855e-04,9.978887793044464161e-01,9.990969157895246422e-01
5.266666666666667496e+00,2.143860669904299604e-03,8.982545273064315066e-04,9.978516771807156571e-01,9.990970100279696897e-01
5.270000000000000462e+00,2.180802336591148964e-03,8.981547233968477069e-04,9.978147280183032874e-01,9.990971038490245038e-01
5.273333333333333428e+00,2.217574626949832695e-03,8.980553775010185428e-04,9.977779481094871672e-01,9.990971972086619690e-01
5.276666666666668171e+00,2.254161323850782748e-03,8.979565334341702010e-04,9.977413536718978682e-01,9.990972900630571418e-01
5.280000000000001137e+00,2.290546292011988450e-03,8.978582347904194962e-04,9.977049608413706139e-01,9.990973823686052357e-01
5.283333333333334103e+00,2.326713485115021289e-03,8.977605249235579054e-04,9.976687856648229769e-01,9.990974740819433819e-01
5.286666666666667069e+00,2.362646952881764309e-03,8.976634469279410949e-04,9.976328440931846453e-01,9.990975651599666163e-01
5.290000000000000036e+00,2.398330848108774782e-03,8.975670436194914219e-04,9.975971519743587201e-01,9.990976555598498621e-01
5.293333333333334778e+00,2.433749433656245270e-03,8.974713575168243593e-04,9.975617250462330832e-01,9.990977452390641389e-01
5.296666666666667744e+00,2.468887089388378114e-03,8.973764308225023155e-04,9.975265789297418362e-01,9.990978341553974351e-01
5.300000000000000711e+00,2.503728319062201342e-03,8.972823054044334109e-04,9.974917291219757010e-01,9.990979222669730264e-01
5.303333333333333677e+00,2.538257757161763335e-03,8.971890227774113099e-04,9.974571909893451549e-01,9.990980095322656851e-01
5.306666666666667531e+00,2.572460175674594601e-03,8.970966240848135629e-04,9.974229797608078485e-01,9.990980959101233294e-01
5.310000000000001386e+00,2.606320490807648941e-03,8.970051500804623618e-04,9.973891105211502017e-01,9.990981813597830108e-01
5.313333333333334352e+00,2.639823769639514355e-03,8.969146411106573586e-04,9.973555982043346146e-01,9.990982658408897876e-01
5.316666666666667318e+00,2.672955236706223495e-03,8.968251370963857506e-04,9.973224575869131803e-01,9.990983493135132676e-01
5.320000000000000284e+00,2.705700280517532932e-03,8.967366775157214510e-04,9.972897032815157825e-01,9.990984317381667035e-01
5.323333333333334139e+00,2.738044460000907832e-03,8.966493013864189820e-04,9.972573497303977019e-01,9.990985130758242017e-01
5.326666666666667993e+00,2.769973510870394392e-03,8.965630472487097881e-04,9.972254111990778158e-01,9.990985932879371534e-01
5.330000000000000959e+00,2.801473351917448812e-03,8.964779531483061748e-04,9.971939017700434116e-01,9.990986723364521094e-01
5.333333333333333925e+00,2.832530091221120271e-03,8.963940566196260985e-04,9.971628353365413755e-01,9.990987501838263229e-01
5.336666666666666892e+00,2.863130032274695258e-03,8.963113946692416283e-04,9.971322255964514270e-01,9.990988267930452915e-01
5.340000000000000746e+00,2.893259680026162139e-03,8.962300037595580162e-04,9.971020860462428415e-01,9.990989021276390769e-01
5.343333333333334600e+00,2.922905746829888678e-03,8.961499197927368229e-04,9.970724299750255426e-01,9.990989761516990697e-01
5.346666666666667567e+00,2.952055158306736080e-03,8.960711780948596265e-04,9.970432704586889017e-01,9.990990488298904237e-01
5.350000000000000533e+00,2.980695059110219109e-03,8.959938134003497725e-04,9.970146203541316865e-01,9.990991201274744826e-01
5.353333333333333499e+00,3.008812818596022162e-03,8.959178598366508619e-04,9.969864922935989249e-01,9.990991900103149970e-01
5.356666666666667354e+00,3.036396036392390203e-03,8.958433509091774834e-04,9.969588986791034779e-01,9.990992584448999958e-01
5.360000000000001208e+00,3.063432547869037511e-03,8.957703194865348269e-04,9.969318516769619665e-01,9.990993253983558864e-01
5.363333333333334174e+00,3.089910429502000337e-03,8.956987977860193231e-04,9.969053632124286191e-01,9.990993908384580013e-01
5.366666666666667140e+00,3.115818004132252933e-03,8.956288173594103902e-04,9.968794449644337030e-01,9.990994547336505827e-01
5.370000000000000995e+00,3.141143846115608887e-03,8.955604090790474352e-04,9.968541083604357533e-01,9.990995170530534430e-01
5.373333333333333961e+00,3.165876786361708582e-03,8.954936031242143350e-04,9.968293645713793838e-01,9.990995777664839483e-01
5.376666666666667815e+00,3.190005917259883597e-03,8.954284289678230476e-04,9.968052245067721140e-01,9.990996368444626796e-01
5.380000000000000782e+00,3.213520597489656801e-03,8.953649153634113183e-04,9.967816988098704423e-01,9.990996942582305307e-01
5.383333333333333748e+00,3.236410456713874513e-03,8.953030903324528519e-04,9.967587978529878212e-01,9.990997499797629189e-01
5.386666666666667602e+00,3.258665400152266356e-03,8.952429811519989258e-04,9.967365317329193175e-01,9.990998039817777787e-01
5.390000000000000568e+00,3.280275613033499429e-03,8.951846143426379996e-04,9.967149102664908389e-01,9.990998562377498837e-01
5.393333333333334423e+00,3.301231564923743159e-03,8.951280156567909940e-04,9.966939429862258226e-01,9.990999067219215046e-01
5.396666666666667389e+00,3.321524013929831858e-03,8.950732100673509115e-04,9.966736391361471492e-01,9.990999554093170643e-01
5.400000000000000355e+00,3.341144010775174908e-03,8.950202217566575850e-04,9.966540076676949633e-01,9.991000022757501320e-01
5.403333333333334210e+00,3.360082902746626497e-03,8.949690741058256589e-04,9.966350572357819404e-01,9.991000472978361913e-01
5.406666666666667176e+00,3.378332337510532926e-03,8.949197896844243933e-04,9.966167961949767840e-01,9.991000904530008553e-01
5.410000000000001030e+00,3.395884266796332044e-03,8.948723902405142806e-04,9.965992325958182851e-01,9.991001317194936338e-01
5.413333333333333997e+00,3.412730949946043372e-03,8.948268966910456756e-04,9.965823741812657177e-01,9.991001710763944832e-01
5.416666666666666963e+00,3.428864957328088981e-03,8.947833291126243210e-04,9.965662283832852353e-01,9.991002085036229108e-01
5.420000000000000817e+00,3.444279173613957155e-03,8.947417067326459339e-04,9.965508023195701615e-01,9.991002439819490766e-01
5.423333333333333783e+00,3.458966800916216545e-03,8.947020479208080959e-04,9.965361027904032776e-01,9.991002774929997887e-01
5.426666666666667638e+00,3.472921361786582804e-03,8.946643701809956504e-04,9.965221362756585544e-01,9.991003090192696057e-01
5.430000000000000604e+00,3.486136702072594861e-03,8.946286901435483892e-04,9.965089089319424387e-01,9.991003385441244999e-01
5.433333333333334458e+00,3.498606993631775842e-03,8.945950235579199199e-04,9.964964265898791362e-01,9.991003660518129603e-01
5.436666666666667425e+00,3.510326736901965474e-03,8.945633852857150280e-04,9.964846947515382247e-01,9.991003915274699887e-01
5.440000000000001279e+00,3.521290763326761879e-03,8.945337892941253744e-04,9.964737185880117032e-01,9.991004149571267590e-01
5.443333333333334245e+00,3.531494237634955589e-03,8.945062486497578919e-04,9.964635029371291530e-01,9.991004363277138367e-01
5.446666666666667211e+00,3.540932659973030760e-03,8.944807755128596737e-04,9.964540523013266649e-01,9.991004556270689507e-01
5.450000000000001066e+00,3.549601867889652391e-03,8.944573811319378367e-04,9.964453708456612047e-01,9.991004728439407678e-01
5.453333333333334032e+00,3.557498038171429209e-03,8.944360758387943098e-04,9.964374623959723065e-01,9.991004879679949990e-01
5.456666666666667886e+00,3.564617688529008507e-03,8.944168690439488738e-04,9.964303304371971981e-01,9.991005009898196176e-01
5.460000000000000853e+00,3.570957679132838979e-03,8.943997692324790784e-04,9.964239781118321426e-01,9.991005119009259694e-01
5.463333333333333819e+00,3.576515213997886414e-03,8.943847839602654323e-04,9.964184082185469915e-01,9.991005206937572103e-01
5.466666666666667673e+00,3.581287842216716345e-03,8.943719198506426288e-04,9.964136232109515046e-01,9.991005273616868632e-01
5.470000000000000639e+00,3.585273459040362945e-03,8.943611825914705733e-04,9.964096251965124384e-01,9.991005318990243689e-01
5.473333333333334494e+00,3.588470306806559179e-03,8.943525769326080834e-04,9.964064159356246231e-01,9.991005343010178619e-01
5.476666666666667460e+00,3.590876975714871969e-03,8.943461066838071525e-04,9.964039968408358039e-01,9.991005345638547253e-01
5.480000000000000426e+00,3.592492404448424919e-03,8.943417747130185573e-04,9.964023689762203650e-01,9.991005326846639223e-01
5.483333333333334281e+00,3.593315880641928441e-03,8.943395829451147774e-04,9.964015330569147011e-01,9.991005286615183278e-01
5.486666666666667247e+00,3.593347041195811293e-03,8.943395323610281618e-04,9.964014894487963625e-01,9.991005224934341733e-01
5.490000000000001101e+00,3.592585872436314300e-03,8.943416229973036964e-04,9.964022381683287355e-01,9.991005141803717127e-01
5.493333333333334068e+00,3.591032710121487299e-03,8.943458539460733079e-04,9.964037788825477193e-01,9.991005037232358887e-01
5.496666666666667034e+00,3.588688239293048084e-03,8.943522233554406474e-04,9.964061109092149371e-01,9.991004911238753339e-01
5.500000000000000888e+00,3.585553493974231749e-03,8.943607284302856767e-04,9.964092332171119448e-01,9.991004763850807047e-01
5.503333333333333854e+00,3.581629856713692845e-03,8.943713654334884073e-04,9.964131444265008630e-01,9.991004595105872355e-01
5.506666666666667709e+00,3.576919057975735776e-03,8.943841296875606247e-04,9.964178428097282270e-01,9.991004405050672998e-01
5.510000000000000675e+00,3.571423175377068989e-03,8.943990155767001264e-04,9.964233262919901524e-01,9.991004193741331862e-01
5.513333333333334529e+00,3.565144632770471562e-03,8.944160165492545710e-04,9.964295924522457160e-01,9.991003961243329901e-01
5.516666666666667496e+00,3.558086199175760755e-03,8.944351251206005774e-04,9.964366385242846569e-01,9.991003707631463948e-01
5.520000000000000462e+00,3.550250987558524127e-03,8.944563328764328688e-04,9.964444613979487331e-01,9.991003432989830069e-01
5.523333333333334316e+00,3.541642453457159202e-03,8.944796304764653051e-04,9.964530576205014034e-01,9.991003137411788027e-01
5.526666666666667282e+00,3.532264393458850373e-03,8.945050076585394673e-04,9.964624233981492774e-01,9.991002820999905776e-01
5.530000000000001137e+00,3.522120943525093237e-03,8.945324532431423109e-04,9.964725545977216603e-01,9.991002483865926154e-01
5.533333333333334103e+00,3.511216577167582988e-03,8.945619551383233482e-04,9.964834467484852132e-01,9.991002126130716920e-01
5.536666666666667069e+00,3.499556103475222769e-03,8.945935003450227428e-04,9.964950950441198163e-01,9.991001747924214138e-01
5.540000000000000924e+00,3.487144664993119779e-03,8.946270749627949215e-04,9.965074943448384293e-01,9.991001349385343344e-01
5.543333333333333890e+00,3.473987735454541013e-03,8.946626641959267269e-04,9.965206391796519458e-01,9.991000930662029544e-01
5.546666666666667744e+00,3.460091117366777529e-03,8.947002523599596529e-04,9.965345237487832630e-01,9.991000491911026238e-01
5.550000000000000711e+00,3.445460939452042650e-03,8.947398228885991393e-04,9.965491419262243467e-01,9.991000033297942062e-01
5.553333333333333677e+00,3.430103653944477013e-03,8.947813583410112528e-04,9.965644872624375150e-01,9.990999554997109788e-01
5.556666666666667531e+00,3.414026033744492570e-03,8.948248404095094635e-04,9.965805529872008295e-01,9.990999057191539690e-01
5.560000000000000497e+00,3.397235169431688483e-03,8.948702499276256625e-04,9.965973320125930401e-01,9.990998540072814071e-01
5.563333333333334352e+00,3.379738466137645597e-03,8.949175668785539287e-04,9.966148169361186415e-01,9.990998003841018438e-01
5.566666666666667318e+00,3.361543640280043651e-03,8.949667704039764764e-04,9.966330000439738157e-01,9.990997448704662665e-01
5.570000000000000284e+00,3.342658716159426554e-03,8.950178388132547626e-04,9.966518733144476005e-01,9.990996874880559986e-01
5.573333333333334139e+00,3.323092022420254168e-03,8.950707495929985467e-04,9.966714284214596153e-01,9.990996282593761491e-01
5.576666666666667993e+00,3.302852188377695172e-03,8.951254794169839551e-04,9.966916567382312353e-01,9.990995672077449541e-01
5.580000000000000959e+00,3.281948140211804650e-03,8.951820041564429939e-04,9.967125493410914361e-01,9.990995043572803436e-01
5.583333333333333925e+00,3.260389097030814195e-03,8.952402988907040169e-04,9.967340970134098699e-01,9.990994397328943899e-01
5.586666666666666892e+00,3.238184566805204622e-03,8.953003379181765373e-04,9.967562902496641675e-01,9.990993733602777649e-01
5.590000000000000746e+00,3.215344342174406619e-03,8.953620947676875367e-04,9.967791192596301419e-01,9.990993052658923013e-01
5.593333333333334600e+00,3.191878496127963788e-03,8.954255422101590816e-04,9.968025739726995571e-01,9.990992354769565598e-01
5.596666666666667567e+00,3.167797377563005140e-03,8.954906522706100082e-04,9.968266440423217967e-01,9.990991640214357261e-01
5.600000000000000533e+00,3.143111606720108264e-03,8.955573962405009728e-04,9.968513188505658817e-01,9.990990909280262899e-01
5.603333333333333499e+00,3.117832070499448795e-03,8.956257446903928381e-04,9.968765875128045018e-01,9.990990162261469409e-01
5.606666666666667354e+00,3.091969917659354722e-03,8.956956674829305359e-04,9.969024388825125094e-01,9.990989399459233589e-01
5.610000000000001208e+00,3.065536553899432613e-03,8.957671337861365787e-04,9.969288615561837652e-01,9.990988621181767781e-01
5.613333333333334174e+00,3.038543636830262455e-03,8.958401120870098820e-04,9.969558438783595600e-01,9.990987827744074457e-01
5.616666666666667140e+00,3.011003070832122229e-03,8.959145702054275131e-04,9.969833739467679479e-01,9.990987019467840735e-01
5.620000000000000107e+00,2.982927001804815646e-03,8.959904753083445953e-04,9.970114396175753235e-01,9.990986196681270748e-01
5.623333333333333961e+00,2.954327811810996112e-03,8.960677939242758881e-04,9.970400285107394733e-01,9.990985359718955738e-01
5.626666666666667815e+00,2.925218113615378219e-03,8.961464919580653310e-04,9.970691280154692082e-01,9.990984508921725293e-01
5.630000000000000782e+00,2.895610745122131815e-03,8.962265347059230605e-04,9.970987252957875802e-01,9.990983644636480809e-01
5.633333333333333748e+00,2.865518763713073742e-03,8.963078868707459457e-04,9.971288072961912441e-01,9.990982767216080029e-01
5.636666666666666714e+00,2.834955440489005194e-03,8.963905125776840208e-04,9.971593607474077414e-01,9.990981877019114998e-01
5.640000000000001457e+00,2.803934254416853150e-03,8.964743753899736319e-04,9.971903721722497060e-01,9.990980974409841009e-01
5.643333333333334423e+00,2.772468886385108262e-03,8.965594383250106254e-04,9.972218278915548906e-01,9.990980059757946785e-01
5.646666666666667389e+00,2.740573213170183382e-03,8.966456638706739877e-04,9.972537140302207836e-01,9.990979133438419035e-01
5.650000000000000355e+00,2.708261301316474811e-03,8.967330140018757575e-04,9.972860165233232710e-01,9.990978195831377029e-01
5.653333333333333321e+00,2.675547400932656774e-03,8.968214501973377538e-04,9.973187211223206727e-01,9.990977247321883858e-01
5.656666666666668064e+00,2.642445939407069271e-03,8.969109334565960939e-04,9.973518134013346081e-01,9.990976288299817654e-01
5.660000000000001030e+00,2.608971515044914129e-03,8.970014243172045546e-04,9.973852787635141270e-01,9.990975319159666190e-01
5.663333333333333997e+00,2.575138890630055636e-03,8.970928828721549909e-04,9.974191024474725609e-01,9.990974340300359247e-01
5.666666666666666963e+00,2.540962986914344426e-03,8.971852687874842368e-04,9.974532695337968713e-01,9.990973352125105400e-01
5.670000000000000817e+00,2.506458876037199850e-03,8.972785413200738865e-04,9.974877649516281641e-01,9.990972355041192188e-01
5.673333333333334672e+00,2.471641774878542090e-03,8.973726593356315699e-04,9.975225734853050419e-01,9.990971349459825124e-01
5.676666666666667638e+00,2.436527038347770669e-03,8.974675813268445093e-04,9.975576797810804530e-01,9.990970335795946733e-01
5.680000000000000604e+00,2.401130152611960413e-03,8.975632654316962472e-04,9.975930683538848376e-01,9.990969314468035600e-01
5.683333333333333570e+00,2.365466728266186168e-03,8.976596694519395001e-04,9.976287235941605491e-01,9.990968285897947609e-01
5.686666666666667425e+00,2.329552493448873701e-03,8.977567508717230766e-04,9.976646297747436831e-01,9.990967250510698339e-01
5.690000000000001279e+00,2.293403286905483160e-03,8.978544668763526956e-04,9.977007710578009725e-01,9.990966208734307630e-01
5.693333333333334245e+00,2.257035051003236040e-03,8.979527743711861361e-04,9.977371315018126463e-01,9.990965160999588646e-01
5.696666666666667211e+00,2.220463824700293510e-03,8.980516300006538295e-04,9.977736950686059147e-01,9.990964107739966904e-01
5.700000000000000178e+00,2.183705736472281791e-03,8.981509901673911250e-04,9.978104456304234260e-01,9.990963049391298201e-01
5.703333333333334920e+00,2.146776997199315723e-03,8.982508110514807100e-04,9.978473669770402399e-01,9.990961986391642125e-01
5.706666666666667886e+00,2.109693893016792183e-03,8.983510486297913069e-04,9.978844428229087793e-01,9.990960919181112176e-01
5.710000000000000853e+00,2.072472778132869019e-03,8.984516586954075521e-04,9.979216568143457478e-01,9.990959848201657056e-01
5.713333333333333819e+00,2.035130067615999617e-03,8.985525968771385878e-04,9.979589925367384762e-01,9.990958773896877476e-01
5.716666666666666785e+00,1.997682230155661647e-03,8.986538186591009215e-04,9.979964335217881288e-01,9.990957696711800784e-01
5.720000000000001528e+00,1.960145780799367379e-03,8.987552794003657959e-04,9.980339632547707840e-01,9.990956617092738856e-01
5.723333333333334494e+00,1.922537273669326120e-03,8.988569343546589253e-04,9.980715651818214962e-01,9.990955535487038297e-01
5.726666666666667460e+00,1.884873294661783922e-03,8.989587386901107561e-04,9.981092227172325693e-01,9.990954452342916126e-01
5.730000000000000426e+00,1.847170454132413724e-03,8.990606475090401209e-04,9.981469192507713695e-01,9.990953368109239952e-01
5.733333333333334281e+00,1.809445379570946959e-03,8.991626158677695508e-04,9.981846381550022462e-01,9.990952283235357001e-01
5.736666666666668135e+00,1.771714708268172381e-03,8.992645987964602121e-04,9.982223627926225529e-01,9.990951198170864300e-01
5.740000000000001101e+00,1.733995079978746827e-03,8.993665513189559504e-04,9.982600765237964469e-01,9.990950113365432150e-01
5.743333333333334068e+00,1.696303129582780620e-03,8.994684284726362248e-04,9.982977627134955734e-01,9.990949029268605397e-01
5.746666666666667034e+00,1.658655479749662504e-03,8.995701853282548396e-04,9.983354047388361963e-01,9.990947946329593599e-01
5.750000000000000888e+00,1.621068733607286495e-03,8.996717770097676162e-04,9.983729859964066700e-01,9.990946864997076737e-01
5.753333333333334743e+00,1.583559467419852181e-03,8.997731587141401168e-04,9.984104899095934682e-01,9.990945785719018701e-01
5.756666666666667709e+00,1.546144223277582568e-03,8.998742857311153604e-04,9.984478999358880058e-01,9.990944708942454122e-01
5.760000000000000675e+00,1.508839501801431454e-03,8.999751134629433748e-04,9.984851995741860220e-01,9.990943635113288535e-01
5.763333333333333641e+00,1.471661754866165862e-03,9.000755974440673808e-04,9.985223723720610955e-01,9.990942564676128512e-01
5.766666666666667496e+00,1.434627378344917195e-03,9.001756933607376601e-04,9.985594019330220616e-01,9.990941498074061844e-01
5.770000000000001350e+00,1.397752704878427264e-03,9.002753570705727309e-04,9.985962719237464480e-01,9.990940435748471016e-01
5.773333333333334316e+00,1.361053996672241572e-03,9.003745446220346544e-04,9.986329660812781617e-01,9.990939378138817828e-01
5.776666666666667282e+00,1.324547438324869810e-03,9.004732122738209671e-04,9.986694682202038598e-01,9.990938325682483523e-01
5.780000000000000249e+00,1.288249129690260692e-03,9.005713165141713931e-04,9.987057622397899070e-01,9.990937278814572275e-01
5.783333333333334103e+00,1.252175078777662681e-03,9.006688140800609343e-04,9.987418321310836955e-01,9.990936237967670275e-01
5.786666666666667957e+00,1.216341194691901613e-03,9.007656619762914769e-04,9.987776619839702219e-01,9.990935203571729151e-01
5.790000000000000924e+00,1.180763280617414977e-03,9.008618174944648966e-04,9.988132359941946925e-01,9.990934176053813953e-01
5.793333333333333890e+00,1.145457026848868513e-03,9.009572382318192275e-04,9.988485384703276182e-01,9.990933155837956603e-01
5.796666666666667744e+00,1.110438003871656735e-03,9.010518821099462207e-04,9.988835538406861669e-01,9.990932143344929406e-01
5.800000000000000711e+00,1.075721655495221873e-03,9.011457073933483311e-04,9.989182666602021143e-01,9.990931138992109606e-01
5.803333333333334565e+00,1.041323292042201651e-03,9.012386727078553015e-04,9.989526616172339502e-01,9.990930143193256230e-01
5.806666666666667531e+00,1.007258083596544859e-03,9.013307370588769223e-04,9.989867235403165902e-01,9.990929156358328012e-01
5.810000000000000497e+00,9.735410533133566271e-04,9.014218598494858981e-04,9.990204374048556879e-01,9.990928178893325740e-01
5.813333333333334352e+00,9.401870707936393857e-04,9.015120008983317943e-04,9.990537883397514474e-01,9.990927211200099078e-01
5.816666666666667318e+00,9.072108455267190435e-04,9.016011204573597202e-04,9.990867616339583757e-01,9.990926253676170044e-01
5.820000000000001172e+00,8.746269204032790755e-04,9.016891792293501174e-04,9.991193427429718721e-01,9.990925306714568688e-01
5.823333333333334139e+00,8.424496653019168538e-04,9.017761383852487562e-04,9.991515172952433188e-01,9.990924370703632151e-01
5.826666666666667105e+00,8.106932707519271973e-04,9.018619595812972381e-04,9.991832710985181221e-01,9.990923446026855892e-01
5.830000000000000959e+00,7.793717416752347395e-04,9.019466049759414543e-04,9.992145901460933732e-01,9.990922533062730482e-01
5.833333333333333925e+00,7.484988912101923431e-04,9.020300372465262385e-04,9.992454606229976832e-01,9.990921632184567303e-01
5.836666666666667780e+00,7.180883346199091197e-04,9.021122196057548576e-04,9.992758689120815330e-01,9.990920743760309808e-01
5.840000000000000746e+00,6.881534832879386901e-04,9.021931158179111697e-04,9.993058016000232469e-01,9.990919868152411398e-01
5.843333333333333712e+00,6.587075388037597675e-04,9.022726902148444500e-04,9.993352454832445941e-01,9.990919005717648904e-01
5.846666666666667567e+00,6.297634871408639779e-04,9.023509077116941175e-04,9.993641875737335756e-01,9.990918156806963824e-01
5.850000000000000533e+00,6.013340929299309211e-04,9.024277338223667209e-04,9.993926151047731743e-01,9.990917321765342418e-01
5.853333333333334387e+00,5.734318938295702604e-04,9.025031346747372117e-04,9.994205155365709636e-01,9.990916500931605881e-01
5.856666666666667354e+00,5.460691949972474538e-04,9.025770770255890337e-04,9.994478765617877958e-01,9.990915694638320410e-01
5.860000000000000320e+00,5.192580636626283183e-04,9.026495282752693920e-04,9.994746861109694569e-01,9.990914903211614018e-01
5.863333333333334174e+00,4.930103238059531856e-04,9.027204564820652316e-04,9.995009323578653015e-01,9.990914126971028875e-01
5.866666666666668029e+00,4.673375509436370812e-04,9.027898303762817113e-04,9.995266037246467450e-01,9.990913366229403625e-01
5.870000000000000995e+00,4.422510670234926634e-04,9.028576193740319540e-04,9.995516888870119576e-01,9.990912621292723506e-01
5.873333333333333961e+00,4.177619354316862671e-04,9.029237935907160652e-04,9.995761767791786490e-01,9.990911892459992671e-01
5.876666666666667815e+00,3.938809561138301879e-04,9.029883238541974418e-04,9.996000565987684938e-01,9.990911180023093197e-01
5.880000000000000782e+00,3.706186608121855917e-04,9.030511817176609763e-04,9.996233178115666584e-01,9.990910484266648517e-01
5.883333333333334636e+00,3.479853084211706384e-04,9.031123394721506624e-04,9.996459501561704153e-01,9.990909805467922400e-01
5.886666666666667602e+00,3.259908804632044750e-04,9.031717701587804216e-04,9.996679436485130799e-01,9.990909143896676836e-01
5.890000000000000568e+00,3.046450766868273336e-04,9.032294475806218383e-04,9.996892885862674882e-01,9.990908499815068788e-01
5.893333333333334423e+00,2.839573107891529228e-04,9.032853463142397456e-04,9.997099755531255738e-01,9.990907873477512524e-01
5.896666666666667389e+00,2.639367062644102789e-04,9.033394417209029839e-04,9.997299954229508234e-01,9.990907265130581916e-01
5.900000000000001243e+00,2.445920923805184558e-04,9.033917099574352051e-04,9.997493393638003933e-01,9.990906675012913851e-01
5.903333333333334210e+00,2.259320002853727229e-04,9.034421279867246943e-04,9.997679988418260999e-01,9.990906103355066126e-01
5.906666666666667176e+00,2.079646592446178152e-04,9.034906735878707679e-04,9.997859656250314142e-01,9.990905550379464151e-01
5.910000000000001030e+00,1.906979930125626474e-04,9.035373253659721672e-04,9.998032317869073315e-01,9.990905016300249963e-01
5.913333333333333997e+00,1.741396163378143298e-04,9.035820627615548471e-04,9.998197897099233566e-01,9.990904501323246700e-01
5.916666666666667851e+00,1.582968316051845529e-04,9.036248660596222452e-04,9.998356320888910354e-01,9.990904005645807606e-01
5.920000000000000817e+00,1.431766256153667078e-04,9.036657163983425603e-04,9.998507519341822691e-01,9.990903529456773846e-01
5.923333333333333783e+00,1.287856665037456078e-04,9.037045957773510302e-04,9.998651425748151800e-01,9.990903072936369034e-01
5.926666666666667638e+00,1.151303007997858267e-04,9.037414870656789194e-04,9.998787976613927597e-01,9.990902636256135949e-01
5.930000000000000604e+00,1.022165506282110212e-04,9.037763740092933859e-04,9.998917111689052950e-01,9.990902219578833288e-01
5.933333333333334458e+00,9.005011105326876067e-05,9.038092412382518065e-04,9.999038773993874640e-01,9.990901823058394582e-01
5.936666666666667425e+00,7.863634756722815583e-05,9.038400742734703421e-04,9.999152909844297721e-01,9.990901446839840494e-01
5.940000000000001279e+00,6.798029372418823782e-05,9.038688595330908069e-04,9.999259468875469903e-01,9.990901091059233297e-01
5.943333333333334245e+00,5.808664892031932048e-05,9.038955843384601516e-04,9.999358404063991568e-01,9.990900755843588055e-01
5.946666666666667211e+00,4.895977632142007501e-05,9.039202369197071657e-04,9.999449671748660284e-01,9.990900441310845981e-01
5.950000000000001066e+00,4.060370093878424614e-05,9.039428064209163987e-04,9.999533231649725407e-01,9.990900147569804490e-01
5.953333333333334032e+00,3.302210785418454399e-05,9.039632829049053719e-04,9.999609046886628327e-01,9.990899874720079454e-01
5.956666666666667886e+00,2.621834059474949187e-05,9.039816573575890340e-04,9.999677083994289450e-01,9.990899622852041917e-01
5.960000000000000853e+00,2.019539965848567010e-05,9.039979216919425201e-04,9.999737312937883038e-01,9.990899392046820315e-01
5.963333333333333819e+00,1.495594119106422146e-05,9.040120687515523475e-04,9.999789707126049976e-01,9.990899182376214993e-01
5.966666666666667673e+00,1.050227581446628820e-05,9.040240923137582169e-04,9.999834243422635049e-01,9.990898993902689318e-01
5.970000000000000639e+00,6.836367608011177145e-06,9.040339870923810818e-04,9.999870902156892116e-01,9.990898826679358580e-01
5.973333333333334494e+00,3.959833242192384757e-06,9.040417487400419314e-04,9.999899667132153835e-01,9.990898680749922267e-01
5.976666666666667460e+00,1.873941265738212130e-06,9.040473738500646745e-04,9.999920525633010371e-01,9.990898556148711807e-01
5.980000000000000426e+00,5.796115461823381189e-07,9.040508599579606284e-04,9.999933468430849404e-01,9.990898452900597304e-01
5.983333333333334281e+00,7.741486420444682545e-08,9.040522055425043732e-04,9.999938489787990603e-01,9.990898371021033064e-01
5.986666666666667247e+00,3.675726619178529681e-07,9.040514100263895856e-04,9.999935587460172526e-01,9.990898310516032055e-01
5.990000000000001101e+00,1.449956945212798900e-06,9.040484737764684304e-04,9.999924762697566250e-01,9.990898271382157025e-01
5.993333333333334068e+00,3.324090340201559296e-06,9.040433981035777633e-04,9.999906020244209159e-01,9.990898253606541601e-01
5.996666666666667034e+00,5.989146303739989061e-06,9.040361852619452051e-04,9.999879368335926610e-01,9.990898257166876961e-01
6.000000000000000888e+00,9.443949487928194754e-06,9.040268384481825676e-04,9.999844818696687065e-01,9.990898282031417388e-01
6.003333333333334743e+00,1.368697625843610894e-05,9.040153617998631643e-04,9.999802386533439558e-01,9.990898328159021347e-01
6.006666666666667709e+00,1.871635536642443989e-05,9.040017603936821361e-04,9.999752090529404613e-01,9.990898395499145934e-01
6.010000000000000675e+00,2.452986877375803402e-05,9.039860402432092247e-04,9.999693952835826405e-01,9.990898483991879075e-01
6.013333333333333641e+00,3.112495263115684250e-05,9.039682082962184921e-04,9.999627999062210559e-01,9.990898593567950625e-01
6.016666666666667496e+00,3.849869840884829472e-05,9.039482724316181845e-04,9.999554258265048734e-01,9.990898724148803423e-01
6.020000000000001350e+00,4.664785417921550733e-05,9.039262414559597102e-04,9.999472762934962233e-01,9.990898875646572197e-01
6.023333333333334316e+00,5.556882605090197072e-05,9.039021250995447031e-04,9.999383548982399006e-01,9.990899047964159063e-01
6.026666666666667282e+00,6.525767975370265538e-05,9.038759340121230168e-04,9.999286655721798533e-01,9.990899240995280151e-01
6.030000000000000249e+00,7.571014237357304643e-05,9.038476797581855527e-04,9.999182125854250147e-01,9.990899454624474485e-01
6.033333333333334103e+00,8.692160423697850287e-05,9.038173748118532224e-04,9.999070005448651433e-01,9.990899688727210570e-01
6.036666666666667957e+00,9.888712094374167900e-05,9.037850325513668154e-04,9.998950343921397810e-01,9.990899943169889719e-01
6.040000000000000924e+00,1.116014155475395523e-04,9.037506672531805908e-04,9.998823194014594407e-01,9.990900217809925987e-01
6.043333333333333890e+00,1.250588808830028738e-04,9.037142940856515705e-04,9.998688611772784673e-01,9.990900512495823893e-01
6.046666666666666856e+00,1.392535820384948101e-04,9.036759291023482767e-04,9.998546656518234599e-01,9.990900827067216161e-01
6.050000000000000711e+00,1.541792589733889326e-04,9.036355892349589658e-04,9.998397390824780295e-01,9.990901161354959203e-01
6.053333333333334565e+00,1.698293292787340838e-04,9.035932922858222341e-04,9.998240880490231186e-01,9.990901515181204173e-01
6.056666666666667531e+00,1.861968910801160436e-04,9.035490569200628659e-04,9.998077194507327681e-01,9.990901888359431382e-01
6.060000000000000497e+00,2.032747260813649599e-04,9.035029026573626306e-04,9.997906405033357702e-01,9.990902280694621274e-01
6.063333333333333464e+00,2.210553027478284922e-04,9.034548498633385985e-04,9.997728587358282182e-01,9.990902691983255535e-01
6.066666666666667318e+00,2.395307796277828562e-04,9.034049197405637785e-04,9.997543819871581583e-01,9.990903122013446991e-01
6.070000000000001172e+00,2.586930088104959506e-04,9.033531343192073093e-04,9.997352184027636923e-01,9.990903570565028424e-01
6.073333333333334139e+00,2.785335395194909027e-04,9.032995164473189235e-04,9.997153764309848478e-01,9.990904037409655825e-01
6.076666666666667105e+00,2.990436218393212222e-04,9.032440897807472767e-04,9.996948648193348941e-01,9.990904522310883884e-01
6.080000000000000071e+00,3.202142105743004900e-04,9.031868787727067791e-04,9.996736926106438714e-01,9.990905025024295893e-01
6.083333333333334814e+00,3.420359692374492794e-04,9.031279086629918429e-04,9.996518691390711142e-01,9.990905545297613655e-01
6.086666666666667780e+00,3.644992741678685917e-04,9.030672054668435365e-04,9.996294040259845470e-01,9.990906082870785188e-01
6.090000000000000746e+00,3.875942187748403689e-04,9.030047959634767731e-04,9.996063071757246288e-01,9.990906637476107965e-01
6.093333333333333712e+00,4.113106179066122877e-04,9.029407076842719398e-04,9.995825887712300739e-01,9.990907208838361031e-01
6.096666666666667567e+00,4.356380123420999090e-04,9.028749689006315086e-04,9.995582592695501090e-01,9.990907796674921570e-01
6.100000000000001421e+00,4.605656734033845064e-04,9.028076086115149630e-04,9.995333293972311628e-01,9.990908400695871494e-01
6.103333333333334387e+00,4.860826076871418576e-04,9.027386565306525857e-04,9.995078101455888708e-01,9.990909020604141766e-01
6.106666666666667354e+00,5.121775619127336273e-04,9.026681430734433088e-04,9.994817127658568445e-01,9.990909656095646740e-01
6.110000000000000320e+00,5.388390278849434275e-04,9.025960993435438919e-04,9.994550487642280823e-01,9.990910306859402956e-01
6.113333333333334174e+00,5.660552475691510389e-04,9.025225571191553909e-04,9.994278298967784746e-01,9.990910972577685678e-01
6.116666666666668029e+00,5.938142182766188021e-04,9.024475488390175425e-04,9.994000681642839501e-01,9.990911652926148800e-01
6.120000000000000995e+00,6.221036979577868791e-04,9.023711075881018498e-04,9.993717758069257107e-01,9.990912347573978058e-01
6.123333333333333961e+00,6.509112106010363956e-04,9.022932670830292792e-04,9.993429652988938816e-01,9.990913056184042018e-01
6.126666666666666927e+00,6.802240517346702566e-04,9.022140616572075838e-04,9.993136493428859124e-01,9.990913778413027524e-01
6.130000000000000782e+00,7.100292940296605787e-04,9.021335262456960579e-04,9.992838408645045023e-01,9.990914513911610673e-01
6.133333333333334636e+00,7.403137930006354651e-04,9.020516963698065049e-04,9.992535530065550509e-01,9.990915262324583379e-01
6.136666666666667602e+00,7.710641928027091438e-04,9.019686081214445391e-04,9.992227991232539575e-01,9.990916023291036563e-01
6.140000000000000568e+00,8.022669321214772730e-04,9.018842981472034726e-04,9.991915927743341141e-01,9.990916796444500037e-01
6.143333333333333535e+00,8.339082501536040611e-04,9.017988036322090520e-04,9.991599477190694634e-01,9.990917581413124582e-01
6.146666666666668277e+00,8.659741926754859582e-04,9.017121622837316348e-04,9.991278779102036323e-01,9.990918377819815177e-01
6.150000000000001243e+00,8.984506181970863684e-04,9.016244123145661284e-04,9.990953974877979649e-01,9.990919185282434167e-01
6.153333333333334210e+00,9.313232041984936859e-04,9.015355924261893436e-04,9.990625207729959545e-01,9.990920003413942263e-01
6.156666666666667176e+00,9.645774534462374719e-04,9.014457417917054937e-04,9.990292622617051865e-01,9.990920831822577286e-01
6.160000000000001030e+00,9.981987003866586630e-04,9.013549000385785411e-04,9.989956366182088932e-01,9.990921670112031805e-01
6.163333333333334885e+00,1.032172117613572564e-03,9.012631072311686267e-04,9.989616586686926869e-01,9.990922517881619669e-01
6.166666666666667851e+00,1.066482722407231147e-03,9.011704038530773562e-04,9.989273433947117864e-01,9.990923374726463635e-01
6.170000000000000817e+00,1.101115383341882709e-03,9.010768307893028076e-04,9.988927059265804154e-01,9.990924240237658571e-01
6.173333333333333783e+00,1.136054826958839137e-03,9.009824293082249703e-04,9.988577615367011386e-01,9.990925114002472407e-01
6.176666666666667638e+00,1.171285644502213308e-03,9.008872410434155429e-04,9.988225256328265855e-01,9.990925995604504894e-01
6.180000000000001492e+00,1.206792298714340307e-03,9.007913079752931243e-04,9.987870137512687707e-01,9.990926884623883009e-01
6.183333333333334458e+00,1.242559130687842994e-03,9.006946724126221708e-04,9.987512415500434670e-01,9.990927780637460787e-01
6.186666666666667425e+00,1.278570366771380551e-03,9.005973769738665619e-04,9.987152248019669498e-01,9.990928683218979200e-01
6.190000000000000391e+00,1.314810125526018206e-03,9.004994645684113270e-04,9.986789793876992283e-01,9.990929591939259335e-01
6.193333333333334245e+00,1.351262424729084144e-03,9.004009783776492810e-04,9.986425212887418690e-01,9.990930506366413333e-01
6.196666666666668100e+00,1.387911188422537908e-03,9.003019618359562031e-04,9.986058665803871914e-01,9.990931426066005372e-01
6.200000000000001066e+00,1.424740254002610472e-03,9.002024586115476212e-04,9.985690314246320476e-01,9.990932350601274825e-01
6.203333333333334032e+00,1.461733379347755681e-03,9.001025125872365003e-04,9.985320320630463042e-01,9.990933279533296130e-01
6.206666666666666998e+00,1.498874249981604727e-03,9.000021678410922684e-04,9.984948848096149021e-01,9.990934212421195282e-01
6.210000000000000853e+00,1.536146486267848856e-03,8.999014686270222132e-04,9.984576060435401690e-01,9.990935148822336354e-01
6.213333333333334707e+00,1.573533650633904615e-03,8.998004593552634328e-04,9.984202122020175985e-01,9.990936088292512451e-01
6.216666666666667673e+00,1.611019254820026184e-03,8.996991845728164556e-04,9.983827197729905345e-01,9.990937030386149997e-01
6.220000000000000639e+00,1.648586767150945261e-03,8.995976889438130498e-04,9.983451452878748800e-01,9.990937974656506348e-01
6.223333333333333606e+00,1.686219619826517238e-03,8.994960172298329662e-04,9.983075053142702604e-01,9.990938920655859645e-01
6.226666666666667460e+00,1.723901216228366931e-03,8.993942142701792652e-04,9.982698164486557557e-01,9.990939867935698659e-01
6.230000000000001315e+00,1.761614938239252888e-03,8.992923249621173230e-04,9.982320953090649818e-01,9.990940816046950390e-01
6.233333333333334281e+00,1.799344153571864240e-03,8.991903942410894423e-04,9.981943585277638364e-01,9.990941764540138825e-01
6.236666666666667247e+00,1.837072223103972069e-03,8.990884670609116834e-04,9.981566227439121475e-01,9.990942712965612538e-01
6.240000000000001101e+00,1.874782508216515714e-03,8.989865883739624544e-04,9.981189045962236550e-01,9.990943660873735643e-01
6.243333333333334068e+00,1.912458378131478729e-03,8.988848031113733789e-04,9.980812207156339877e-01,9.990944607815073208e-01
6.246666666666667922e+00,1.950083217246370224e-03,8.987831561632267765e-04,9.980435877179597570e-01,9.990945553340612184e-01
6.250000000000000888e+00,1.987640432461932737e-03,8.986816923587715757e-04,9.980060221965768585e-01,9.990946497001939042e-01
6.253333333333333854e+00,2.025113460500028995e-03,8.985804564466668733e-04,9.979685407150977738e-01,9.990947438351452936e-01
6.256666666666667709e+00,2.062485775208312225e-03,8.984794930752586705e-04,9.979311598000696337e-01,9.990948376942546671e-01
6.260000000000000675e+00,2.099740894848533927e-03,8.983788467729046396e-04,9.978938959336844938e-01,9.990949312329810983e-01
6.263333333333334529e+00,2.136862389365313218e-03,8.982785619283458357e-04,9.978567655465123698e-01,9.990950244069251029e-01
6.266666666666667496e+00,2.173833887632040367e-03,8.981786827711433531e-04,9.978197850102523692e-01,9.990951171718447377e-01
6.270000000000000462e+00,2.210639084670905623e-03,8.980792533521850208e-04,9.977829706305162416e-01,9.990952094836771380e-01
6.273333333333334316e+00,2.247261748843666293e-03,8.979803175242691846e-04,9.977463386396341338e-01,9.990953012985572812e-01
6.276666666666667282e+00,2.283685729010100692e-03,8.978819189227720812e-04,9.977099051894973147e-01,9.990953925728389695e-01
6.280000000000001137e+00,2.319894961650997411e-03,8.977841009464196213e-04,9.976736863444356507e-01,9.990954832631103733e-01
6.283333333333334103e+00,2.355873477952449401e-03,8.976869067381527392e-04,9.976376980741330502e-01,9.990955733262184557e-01
6.286666666666667069e+00,2.391605410848442279e-03,8.975903791661131968e-04,9.976019562465843205e-01,9.990956627192835171e-01
6.290000000000000924e+00,2.427075002018549716e-03,8.974945608047463740e-04,9.975664766210968759e-01,9.990957513997188455e-01
6.293333333333334778e+00,2.462266608837665894e-03,8.973994939160297168e-04,9.975312748413409647e-01,9.990958393252520331e-01
6.296666666666667744e+00,2.497164711274711939e-03,8.973052204308472292e-04,9.974963664284507425e-01,9.990959264539405194e-01
6.300000000000000711e+00,2.531753918737330439e-03,8.972117819305010060e-04,9.974617667741816351e-01,9.990960127441924632e-01
6.303333333333334565e+00,2.566018976859416479e-03,8.971192196283818204e-04,9.974274911341175498e-01,9.990960981547833963e-01
6.306666666666667531e+00,2.599944774228669757e-03,8.970275743517971360e-04,9.973935546209479197e-01,9.990961826448766514e-01
6.310000000000001386e+00,2.633516349051018800e-03,8.969368865239715077e-04,9.973599721977993715e-01,9.990962661740371287e-01
6.313333333333334352e+00,2.666718895749096204e-03,8.968471961462253341e-04,9.973267586716403343e-01,9.990963487022546108e-01
6.316666666666667318e+00,2.699537771491854893e-03,8.967585427803374896e-04,9.972939286867480435e-01,9.990964301899566413e-01
6.320000000000001172e+00,2.731958502652359882e-03,8.966709655310980184e-04,9.972614967182512613e-01,9.990965105980283978e-01
6.323333333333334139e+00,2.763966791190996478e-03,8.965845030290696448e-04,9.972294770657478269e-01,9.990965898878314544e-01
6.326666666666667993e+00,2.795548520961229147e-03,8.964991934135526806e-04,9.971978838469970352e-01,9.990966680212157724e-01
6.330000000000000959e+00,2.826689763935120309e-03,8.964150743157617849e-04,9.971667309916941724e-01,9.990967449605416828e-01
6.333333333333333925e+00,2.857376786345960581e-03,8.963321828422366952e-04,9.971360322353278738e-01,9.990968206686935416e-01
6.336666666666667780e+00,2.887596054745141666e-03,8.962505555584757621e-04,9.971058011131215260e-01,9.990968951090983818e-01
6.340000000000000746e+00,2.917334241970751755e-03,8.961702284728070324e-04,9.970760509540657068e-01,9.990969682457381262e-01
6.343333333333334600e+00,2.946578233025148701e-03,8.960912370205115175e-04,9.970467948750386666e-01,9.990970400431706810e-01
6.346666666666667567e+00,2.975315130858974776e-03,8.960136160481904080e-04,9.970180457750225100e-01,9.990971104665411495e-01
6.350000000000000533e+00,3.003532262059111120e-03,8.959373997983967244e-04,9.969898163294149684e-01,9.990971794815990403e-01
6.353333333333334387e+00,3.031217182437921220e-03,8.958626218945291283e-04,9.969621189844382059e-01,9.990972470547151429e-01
6.356666666666667354e+00,3.058357682521453680e-03,8.957893153260011211e-04,9.969349659516513196e-01,9.990973131528910756e-01
6.360000000000001208e+00,3.084941792934110198e-03,8.957175124336887737e-04,9.969083692025648702e-01,9.990973777437810455e-01
6.363333333333334174e+00,3.110957789677420374e-03,8.956472448956613250e-04,9.968823404633609941e-01,9.990974407957000647e-01
6.366666666666668029e+00,3.136394199300650016e-03,8.955785437132039728e-04,9.968568912097200974e-01,9.990975022776397152e-01
6.370000000000000995e+00,3.161239803960849432e-03,8.955114391971443497e-04,9.968320326617660099e-01,9.990975621592832479e-01
6.373333333333333961e+00,3.185483646370200223e-03,8.954459609544722755e-04,9.968077757791099502e-01,9.990976204110193493e-01
6.376666666666667815e+00,3.209115034628458318e-03,8.953821378752804339e-04,9.967841312560241640e-01,9.990976770039510235e-01
6.380000000000000782e+00,3.232123546938334840e-03,8.953199981200127451e-04,9.967611095167213664e-01,9.990977319099130227e-01
6.383333333333334636e+00,3.254499036201790371e-03,8.952595691070374577e-04,9.967387207107598623e-01,9.990977851014820610e-01
6.386666666666667602e+00,3.276231634495134059e-03,8.952008775005452839e-04,9.967169747085662390e-01,9.990978365519888049e-01
6.390000000000000568e+00,3.297311757421036733e-03,8.951439491987824449e-04,9.966958810970830696e-01,9.990978862355301970e-01
6.393333333333334423e+00,3.317730108335488655e-03,8.950888093226174336e-04,9.966754491755428491e-01,9.990979341269816683e-01
6.396666666666667389e+00,3.337477682447832338e-03,8.950354822044539636e-04,9.966556879513620570e-01,9.990979802020056866e-01
6.400000000000001243e+00,3.356545770792132219e-03,8.949839913774850072e-04,9.966366061361741080e-01,9.990980244370657459e-01
6.403333333333334210e+00,3.374925964068003787e-03,8.949343595653076570e-04,9.966182121419854267e-01,9.990980668094339157e-01
6.406666666666667176e+00,3.392610156349351331e-03,8.948866086718849314e-04,9.966005140774645277e-01,9.990981072972024979e-01
6.410000000000001030e+00,3.409590548659276535e-03,8.948407597718784860e-04,9.965835197443678739e-01,9.990981458792929093e-01
6.413333333333333997e+00,3.425859652409591043e-03,8.947968331013378103e-04,9.965672366340996291e-01,9.990981825354663393e-01
6.416666666666667851e+00,3.441410292703496639e-03,8.947548480487636921e-04,9.965516719244051913e-01,9.990982172463311883e-01
6.420000000000000817e+00,3.456235611499867879e-03,8.947148231465451877e-04,9.965368324762085006e-01,9.990982499933508398e-01
6.423333333333333783e+00,3.470329070637812301e-03,8.946767760627727037e-04,9.965227248305847940e-01,9.990982807588547621e-01
6.426666666666667638e+00,3.483684454720163779e-03,8.946407235934302231e-04,9.965093552058780224e-01,9.990983095260441704e-01
6.430000000000000604e+00,3.496295873854589342e-03,8.946066816549740498e-04,9.964967294949554910e-01,9.990983362789983557e-01
6.433333333333334458e+00,3.508157766251195769e-03,8.945746652773015409e-04,9.964848532626110478e-01,9.990983610026866746e-01
6.436666666666667425e+00,3.519264900675377408e-03,8.945446885971060315e-04,9.964737317431114905e-01,9.990983836829679943e-01
6.440000000000000391e+00,3.529612378754922071e-03,8.945167648516253248e-04,9.964633698378869697e-01,9.990984043066031273e-01
6.443333333333334245e+00,3.539195637140279526e-03,8.944909063727918795e-04,9.964537721133686077e-01,9.990984228612571627e-01
6.446666666666668100e+00,3.548010449517095301e-03,8.944671245817778634e-04,9.964449427989781061e-01,9.990984393355057946e-01
6.450000000000001066e+00,3.556052928470102535e-03,8.944454299839417954e-04,9.964368857852587968e-01,9.990984537188413173e-01
6.453333333333334032e+00,3.563319527197543555e-03,8.944258321641810044e-04,9.964296046221619019e-01,9.990984660016762886e-01
6.456666666666666998e+00,3.569807041075362224e-03,8.944083397826884958e-04,9.964231025174816736e-01,9.990984761753470833e-01
6.460000000000000853e+00,3.575512609070490098e-03,8.943929605711181284e-04,9.964173823354379733e-01,9.990984842321192216e-01
6.463333333333334707e+00,3.580433715002614460e-03,8.943797013291595113e-04,9.964124465954160570e-01,9.990984901651907002e-01
6.466666666666667673e+00,3.584568188653826717e-03,8.943685679215239220e-04,9.964082974708530216e-01,9.990984939686942123e-01
6.470000000000000639e+00,3.587914206725709675e-03,8.943595652753391851e-04,9.964049367882821251e-01,9.990984956376977033e-01
6.473333333333333606e+00,3.590470293643430004e-03,8.943526973779673903e-04,9.964023660265255433e-01,9.990984951682120307e-01
6.476666666666667460e+00,3.592235322206439527e-03,8.943479672752240907e-04,9.964005863160414478e-01,9.990984925571881892e-01
6.480000000000001315e+00,3.593208514085567597e-03,8.943453770700260852e-04,9.963995984384266258e-01,9.990984878025190863e-01
6.483333333333334281e+00,3.593389440166243950e-03,8.943449279214424168e-04,9.963994028260716451e-01,9.990984809030424296e-01
6.486666666666667247e+00,3.592778020737680267e-03,8.943466200441747144e-04,9.963999995619712280e-01,9.990984718585401714e-01
6.490000000000000213e+00,3.591374525527990958e-03,8.943504527084436767e-04,9.964013883796850601e-01,9.990984606697375092e-01
6.493333333333334068e+00,3.589179573585171614e-03,8.943564242402976365e-04,9.964035686634566957e-01,9.990984473383034414e-01
6.496666666666667922e+00,3.586194133004044424e-03,8.943645320223372408e-04,9.964065394484875604e-01,9.990984318668534314e-01
6.500000000000000888e+00,3.582419520499226066e-03,8.943747724948535385e-04,9.964102994213562825e-01,9.990984142589407480e-01
6.503333333333333854e+00,3.577857400824375686e-03,8.943871411573883637e-04,9.964148469206046688e-01,9.990983945190617943e-01
6.506666666666666821e+00,3.572509786037942822e-03,8.944016325707019460e-04,9.964201799374660107e-01,9.990983726526507791e-01
6.510000000000001563e+00,3.566379034615722345e-03,8.944182403591603237e-04,9.964262961167514865e-01,9.990983486660773849e-01
6.513333333333334529e+00,3.559467850410658746e-03,8.944369572135367052e-04,9.964331927578927717e-01,9.990983225666464351e-01
6.516666666666667496e+00,3.551779281460297477e-03,8.944577748942182140e-04,9.964408668161267579e-01,9.990982943625915658e-01
6.520000000000000462e+00,3.543316718642470966e-03,8.944806842348331953e-04,9.964493149038423647e-01,9.990982640630725609e-01
6.523333333333334316e+00,3.534083894179765751e-03,8.945056751462780514e-04,9.964585332920741223e-01,9.990982316781727990e-01
6.526666666666668171e+00,3.524084879993448580e-03,8.945327366211593264e-04,9.964685179121443026e-01,9.990981972188925919e-01
6.530000000000001137e+00,3.513324085907570515e-03,8.945618567386366205e-04,9.964792643574617026e-01,9.990981606971462980e-01
6.533333333333334103e+00,3.501806257704068691e-03,8.945930226696716461e-04,9.964907678854592055e-01,9.990981221257555500e-01
6.536666666666667069e+00,3.489536475029671094e-03,8.946262206826724765e-04,9.965030234196903258e-01,9.990980815184447028e-01
6.540000000000000924e+00,3.476520149155581420e-03,8.946614361495468628e-04,9.965160255520653099e-01,9.990980388898330622e-01
6.543333333333334778e+00,3.462763020590901158e-03,8.946986535521412025e-04,9.965297685452363385e-01,9.990979942554319981e-01
6.546666666666667744e+00,3.448271156550852291e-03,8.947378564890788198e-04,9.965442463351278368e-01,9.990979476316341756e-01
6.550000000000000711e+00,3.433050948280896072e-03,8.947790276829855217e-04,9.965594525336117782e-01,9.990978990357067824e-01
6.553333333333333677e+00,3.417109108237979982e-03,8.948221489881030832e-04,9.965753804313233211e-01,9.990978484857878650e-01
6.556666666666667531e+00,3.400452667130089007e-03,8.948672013982863225e-04,9.965920230006205527e-01,9.990977960008740055e-01
6.560000000000001386e+00,3.383088970815479896e-03,8.949141650553815979e-04,9.966093728986835654e-01,9.990977416008129941e-01
6.563333333333334352e+00,3.365025677062876037e-03,8.949630192579776213e-04,9.966274224707520890e-01,9.990976853062968344e-01
6.566666666666667318e+00,3.346270752174144297e-03,8.950137424705325966e-04,9.966461637535024565e-01,9.990976271388498642e-01
6.570000000000000284e+00,3.326832467470894512e-03,8.950663123328697710e-04,9.966655884785587949e-01,9.990975671208217612e-01
6.573333333333335027e+00,3.306719395646524288e-03,8.951207056700352183e-04,9.966856880761388870e-01,9.990975052753762187e-01
6.576666666666667993e+00,3.285940406985441223e-03,8.951768985025164438e-04,9.967064536788337037e-01,9.990974416264818414e-01
6.580000000000000959e+00,3.264504665450917130e-03,8.952348660568173674e-04,9.967278761255183861e-01,9.990973761989001556e-01
6.583333333333333925e+00,3.242421624643511933e-03,8.952945827763839374e-04,9.967499459653930138e-01,9.990973090181765048e-01
6.586666666666666892e+00,3.219701023631770312e-03,8.953560223328736528e-04,9.967726534621486056e-01,9.990972401106242851e-01
6.590000000000001634e+00,3.196352882656940987e-03,8.954191576377721392e-04,9.967959885982622392e-01,9.990971695033225020e-01
6.593333333333334600e+00,3.172387498713800328e-03,8.954839608543328170e-04,9.968199410794146287e-01,9.990970972240931225e-01
6.596666666666667567e+00,3.147815441009320630e-03,8.955504034098653570e-04,9.968445003390290493e-01,9.990970233014953017e-01
6.600000000000000533e+00,3.122647546301360582e-03,8.956184560083344350e-04,9.968696555429320538e-01,9.990969477648132813e-01
6.603333333333334387e+00,3.096894914119342063e-03,8.956880886432845058e-04,9.968953955941316503e-01,9.990968706440378488e-01
6.606666666666668242e+00,3.070568901869029192e-03,8.957592706110779120e-04,9.969217091377107209e-01,9.990967919698603428e-01
6.610000000000001208e+00,3.043681119823606670e-03,8.958319705244384120e-04,9.969485845658346834e-01,9.990967117736523351e-01
6.613333333333334174e+00,3.016243426003203248e-03,8.959061563263051153e-04,9.969760100228709510e-01,9.990966300874569717e-01
6.616666666666667140e+00,2.988267920945186177e-03,8.959817953039703707e-04,9.970039734106153073e-01,9.990965469439725410e-01
6.620000000000000995e+00,2.959766942367512109e-03,8.960588541035147256e-04,9.970324623936308583e-01,9.990964623765371533e-01
6.623333333333334849e+00,2.930753059727440792e-03,8.961372987445280058e-04,9.970614644046847941e-01,9.990963764191165275e-01
6.626666666666667815e+00,2.901239068678094363e-03,8.962170946350991700e-04,9.970909666502909552e-01,9.990962891062883378e-01
6.630000000000000782e+00,2.871237985425232741e-03,8.962982065870817678e-04,9.971209561163562052e-01,9.990962004732233392e-01
6.633333333333333748e+00,2.840763040986773926e-03,8.963805988316248105e-04,9.971514195739124009e-01,9.990961105556752653e-01
6.636666666666667602e+00,2.809827675357587980e-03,8.964642350349509483e-04,9.971823435849566097e-01,9.990960193899636188e-01
6.640000000000001457e+00,2.778445531582113010e-03,8.965490783143981093e-04,9.972137145083735943e-01,9.990959270129536884e-01
6.643333333333334423e+00,2.746630449737485005e-03,8.966350912546915304e-04,9.972455185059543314e-01,9.990958334620457792e-01
6.646666666666667389e+00,2.714396460829681702e-03,8.967222359244559401e-04,9.972777415484966879e-01,9.990957387751546737e-01
6.650000000000000355e+00,2.681757780605545805e-03,8.968104738929603015e-04,9.973103694219935811e-01,9.990956429906948655e-01
6.653333333333334210e+00,2.648728803283310895e-03,8.968997662470734340e-04,9.973433877339009657e-01,9.990955461475635735e-01
6.656666666666668064e+00,2.615324095204409928e-03,8.969900736084413526e-04,9.973767819194848672e-01,9.990954482851239771e-01
6.660000000000001030e+00,2.581558388409433379e-03,8.970813561508669213e-04,9.974105372482451326e-01,9.990953494431842330e-01
6.663333333333333997e+00,2.547446574140937135e-03,8.971735736178853117e-04,9.974446388304112343e-01,9.990952496619863732e-01
6.666666666666667851e+00,2.513003696276103378e-03,8.972666853405352697e-04,9.974790716235082400e-01,9.990951489821826570e-01
6.670000000000000817e+00,2.478244944692070337e-03,8.973606502553081905e-04,9.975138204389928376e-01,9.990950474448205831e-01
6.673333333333334672e+00,2.443185648566872578e-03,8.974554269222680646e-04,9.975488699489484246e-01,9.990949450913243490e-01
6.676666666666667638e+00,2.407841269619011553e-03,8.975509735433499911e-04,9.975842046928469209e-01,9.990948419634768651e-01
6.680000000000000604e+00,2.372227395288467079e-03,8.976472479808027824e-04,9.976198090843677591e-01,9.990947381033994379e-01
6.683333333333334458e+00,2.336359731862359002e-03,8.977442077757924639e-04,9.976556674182687212e-01,9.990946335535351164e-01
6.686666666666667425e+00,2.300254097548205031e-03,8.978418101671388051e-04,9.976917638773142860e-01,9.990945283566309287e-01
6.690000000000001279e+00,2.263926415497733314e-03,8.979400121101934482e-04,9.977280825392513819e-01,9.990944225557157887e-01
6.693333333333334245e+00,2.227392706784575224e-03,8.980387702958371899e-04,9.977646073838287721e-01,9.990943161940841755e-01
6.696666666666667211e+00,2.190669083338595696e-03,8.981380411695968511e-04,9.978013222998650678e-01,9.990942093152761494e-01
6.700000000000001066e+00,2.153771740840290660e-03,8.982377809508705667e-04,9.978382110923529336e-01,9.990941019630567022e-01
6.703333333333334032e+00,2.116716951578231400e-03,8.983379456522517376e-04,9.978752574896002647e-01,9.990939941814012126e-01
6.706666666666667886e+00,2.079521057272687001e-03,8.984384910989437305e-04,9.979124451504060023e-01,9.990938860144696898e-01
6.710000000000000853e+00,2.042200461868698760e-03,8.985393729482614228e-04,9.979497576712696993e-01,9.990937775065905635e-01
6.713333333333333819e+00,2.004771624301640142e-03,8.986405467091981240e-04,9.979871785936210715e-01,9.990936687022441420e-01
6.716666666666667673e+00,1.967251051238585579e-03,8.987419677620696930e-04,9.980246914110840750e-01,9.990935596460354118e-01
6.720000000000001528e+00,1.929655289798642721e-03,8.988435913782036497e-04,9.980622795767492006e-01,9.990934503826817137e-01
6.723333333333334494e+00,1.892000920255419195e-03,8.989453727396834719e-04,9.980999265104771867e-01,9.990933409569897616e-01
6.726666666666667460e+00,1.854304548724886904e-03,8.990472669591337675e-04,9.981376156062092830e-01,9.990932314138343262e-01
6.730000000000000426e+00,1.816582799841852435e-03,8.991492290995248531e-04,9.981753302392877281e-01,9.990931217981423584e-01
6.733333333333334281e+00,1.778852309428264082e-03,8.992512141940138710e-04,9.982130537737917697e-01,9.990930121548702303e-01
6.736666666666668135e+00,1.741129717156621745e-03,8.993531772657861224e-04,9.982507695698701333e-01,9.990929025289847498e-01
6.740000000000001101e+00,1.703431659211666416e-03,8.994550733479103870e-04,9.982884609910835927e-01,9.990927929654441764e-01
6.743333333333334068e+00,1.665774760953589277e-03,8.995568575031818830e-04,9.983261114117388813e-01,9.990926835091766822e-01
6.746666666666667922e+00,1.628175629586092396e-03,8.996584848439569864e-04,9.983637042242208270e-01,9.990925742050611458e-01
6.750000000000000888e+00,1.590650846832394666e-03,8.997599105519624727e-04,9.984012228463189365e-01,9.990924650979086108e-01
6.753333333333334743e+00,1.553216961622509978e-03,8.998610898980765683e-04,9.984386507285372137e-01,9.990923562324417473e-01
6.756666666666667709e+00,1.515890482795021399e-03,8.999619782620695615e-04,9.984759713613949872e-01,9.990922476532738683e-01
6.760000000000000675e+00,1.478687871816468640e-03,9.000625311522931311e-04,9.985131682827061983e-01,9.990921394048913884e-01
6.763333333333334529e+00,1.441625535521715712e-03,9.001627042253156812e-04,9.985502250848411476e-01,9.990920315316323963e-01
6.766666666666667496e+00,1.404719818878355118e-03,9.002624533054933830e-04,9.985871254219613746e-01,9.990919240776677812e-01
6.770000000000001350e+00,1.367986997778434166e-03,9.003617344044610943e-04,9.986238530172278915e-01,9.990918170869826920e-01
6.773333333333334316e+00,1.331443271860659498e-03,9.004605037405449992e-04,9.986603916699799965e-01,9.990917106033554429e-01
6.776666666666667282e+00,1.295104757366199750e-03,9.005587177580833078e-04,9.986967252628820013e-01,9.990916046703405273e-01
6.780000000000002025e+00,1.258987480031273885e-03,9.006563331466423301e-04,9.987328377690266601e-01,9.990914993312455250e-01
6.783333333333334991e+00,1.223107368019748327e-03,9.007533068601297679e-04,9.987687132590077344e-01,9.990913946291163361e-01
6.786666666666667957e+00,1.187480244898607559e-03,9.008495961357888522e-04,9.988043359079413763e-01,9.990912906067160870e-01
6.790000000000000924e+00,1.152121822659707591e-03,9.009451585130622692e-04,9.988396900024487657e-01,9.990911873065042581e-01
6.793333333333333890e+00,1.117047694790680419e-03,9.010399518523297749e-04,9.988747599475840122e-01,9.990910847706244713e-01
6.796666666666667744e+00,1.082273329398069067e-03,9.011339343534982517e-04,9.989095302737091009e-01,9.990909830408766235e-01
6.800000000000000711e+00,1.047814062385843663e-03,9.012270645744456131e-04,9.989439856433219855e-01,9.990908821587076716e-01
6.803333333333333677e+00,1.013685090692147649e-03,9.013193014492999105e-04,9.989781108578168478e-01,9.990907821651864307e-01
6.806666666666666643e+00,9.799014655873909425e-04,9.014106043065579776e-04,9.990118908641861806e-01,9.990906831009889189e-01
6.810000000000000497e+00,9.464780860365361315e-04,9.015009328870286515e-04,9.990453107616626971e-01,9.990905850063794835e-01
6.813333333333335240e+00,9.134296921285819850e-04,9.015902473615882090e-04,9.990783558082878546e-01,9.990904879211943701e-01
6.816666666666668206e+00,8.807708585762022251e-04,9.016785083487533327e-04,9.991110114274139864e-01,9.990903918848202947e-01
6.820000000000001172e+00,8.485159882881007599e-04,9.017656769320486201e-04,9.991432632141339365e-01,9.990902969361837860e-01
6.823333333333334139e+00,8.166793060173589735e-04,9.018517146771739493e-04,9.991750969416318684e-01,9.990902031137257611e-01
6.826666666666667993e+00,7.852748520882685181e-04,9.019365836489545707e-04,9.992064985674609101e-01,9.990901104553910894e-01
6.830000000000000959e+00,7.543164762044801382e-04,9.020202464280737071e-04,9.992374542397307602e-01,9.990900189986091640e-01
6.833333333333333925e+00,7.238178313412396356e-04,9.021026661275731353e-04,9.992679503032214638e-01,9.990899287802786910e-01
6.836666666666666892e+00,6.937923677244009924e-04,9.021838064091218566e-04,9.992979733054040414e-01,9.990898398367488165e-01
6.840000000000000746e+00,6.642533268988505026e-04,9.022636314990398459e-04,9.993275100023721880e-01,9.990897522038052481e-01
6.843333333333334600e+00,6.352137358889322878e-04,9.023421062040729761e-04,9.993565473646834896e-01,9.990896659166551563e-01
6.846666666666668455e+00,6.066864014535476492e-04,9.024191959269126139e-04,9.993850725831068260e-01,9.990895810099096330e-01
6.850000000000001421e+00,5.786839044383062331e-04,9.024948666814453565e-04,9.994130730742686319e-01,9.990894975175689252e-01
6.853333333333334387e+00,5.512185942273808634e-04,9.025690851077459217e-04,9.994405364862075647e-01,9.990894154730091126e-01
6.856666666666667354e+00,5.243025832973985910e-04,9.026418184867744839e-04,9.994674507038151523e-01,9.990893349089648989e-01
6.860000000000001208e+00,4.979477418758693251e-04,9.027130347548087061e-04,9.994938038541840708e-01,9.990892558575169557e-01
6.863333333333334174e+00,4.721656927063456566e-04,9.027827025175754480e-04,9.995195843118422907e-01,9.990891783500772672e-01
6.866666666666667140e+00,4.469678059228365417e-04,9.028507910640875709e-04,9.995447807038786436e-01,9.990891024173733648e-01
6.870000000000000107e+00,4.223651940355446430e-04,9.029172703801830206e-04,9.995693819149616965e-01,9.990890280894411113e-01
6.873333333333333961e+00,3.983687070302783097e-04,9.029821111617542624e-04,9.995933770922393879e-01,9.990889553956018299e-01
6.876666666666668704e+00,3.749889275835667957e-04,9.030452848276587438e-04,9.996167556501264206e-01,9.990888843644586403e-01
6.880000000000001670e+00,3.522361663957663809e-04,9.031067635323192754e-04,9.996395072749711952e-01,9.990888150238761423e-01
6.883333333333334636e+00,3.301204576439824333e-04,9.031665201779922117e-04,9.996616219296061701e-01,9.990887474009739755e-01
6.886666666666667602e+00,3.086515545570417906e-04,9.032245284267066861e-04,9.996830898577723223e-01,9.990886815221127204e-01
6.890000000000001457e+00,2.878389251143125796e-04,9.032807627118703440e-04,9.997039015884258140e-01,9.990886174128805752e-01
6.893333333333334423e+00,2.676917478703507943e-04,9.033351982495327944e-04,9.997240479399087665e-01,9.990885550980849183e-01
6.896666666666667389e+00,2.482189079071498794e-04,9.033878110493054770e-04,9.997435200240037956e-01,9.990884946017400958e-01
6.900000000000000355e+00,2.294289929158425359e-04,9.034385779249241768e-04,9.997623092498517661e-01,9.990884359470550979e-01
6.903333333333334210e+00,2.113302894095429863e-04,9.034874765044666536e-04,9.997804073277390957e-01,9.990883791564274530e-01
6.906666666666667176e+00,1.939307790690096979e-04,9.035344852402030528e-04,9.997978062727578275e-01,9.990883242514296825e-01
6.910000000000001918e+00,1.772381352227189808e-04,9.035795834180856013e-04,9.998144984083223719e-01,9.990882712528007525e-01
6.913333333333334885e+00,1.612597194629802357e-04,9.036227511668686995e-04,9.998304763695565756e-01,9.990882201804376361e-01
6.916666666666667851e+00,1.460025783994562895e-04,9.036639694668578910e-04,9.998457331065446763e-01,9.990881710533865423e-01
6.920000000000000817e+00,1.314734405516253246e-04,9.037032201582849986e-04,9.998602618874359305e-01,9.990881238898335903e-01
6.923333333333334672e+00,1.176787133815283907e-04,9.037404859492977191e-04,9.998740563014152372e-01,9.990880787070965940e-01
6.926666666666667638e+00,1.046244804681019158e-04,9.037757504235733241e-04,9.998871102615323192e-01,9.990880355216203990e-01
6.930000000000000604e+00,9.231649882431310181e-05,9.038089980475398806e-04,9.998994180073833560e-01,9.990879943489638926e-01
6.933333333333333570e+00,8.076019635834508995e-05,9.038402141772119286e-04,9.999109741076532831e-01,9.990879552037998934e-01
6.936666666666667425e+00,6.996066947989844017e-05,9.038693850646329188e-04,9.999217734625086562e-01,9.990879180999037157e-01
6.940000000000000391e+00,5.992268085269374979e-05,9.038964978639201821e-04,9.999318113058504043e-01,9.990878830501493946e-01
6.943333333333335133e+00,5.065065729413636015e-05,9.039215406369140561e-04,9.999410832074135946e-01,9.990878500665031359e-01
6.946666666666668100e+00,4.214868782312488287e-05,9.039445023584280264e-04,9.999495850747182057e-01,9.990878191600169878e-01
6.950000000000001066e+00,3.442052185677784207e-05,9.039653729210882791e-04,9.999573131548824545e-01,9.990877903408282856e-01
6.953333333333334920e+00,2.746956755696685170e-05,9.039841431397805565e-04,9.999642640362685908e-01,9.990877636181493271e-01
6.956666666666667886e+00,2.129889032732165533e-05,9.040008047556804616e-04,9.999704346499922458e-01,9.990877390002672609e-01
6.960000000000000853e+00,1.591121146140065694e-05,9.040153504398794641e-04,9.999758222712751277e-01,9.990877164945396460e-01
6.963333333333333819e+00,1.130890694260071262e-05,9.040277737965990174e-04,9.999804245206472819e-01,9.990876961073905660e-01
6.966666666666667673e+00,7.494006396360543456e-06,9.040380693659965826e-04,9.999842393649949202e-01,9.990876778443074091e-01
6.970000000000000639e+00,4.468192195096873899e-06,9.040462326265529328e-04,9.999872651184585903e-01,9.990876617098405355e-01
6.973333333333333606e+00,2.232798716288063660e-06,9.040522599970530994e-04,9.999895004431743617e-01,9.990876477075985029e-01
6.976666666666668348e+00,7.888117540097253582e-07,9.040561488381475145e-04,9.999909443498672390e-01,9.990876358402481783e-01
6.980000000000001315e+00,1.368680842087605264e-07,9.040578974534987716e-04,9.999915961982848156e-01,9.990876261095149591e-01
6.983333333333334281e+00,2.772551838806509758e-07,9.040575050905135706e-04,9.999914556974793811e-01,9.990876185161781109e-01
6.986666666666668135e+00,1.209911104295774264e-06,9.040549719406591961e-04,9.999905229059379286e-01,9.990876130600719884e-01
6.990000000000001101e+00,2.934424498317334063e-06,9.040502991393657229e-04,9.999887982315563972e-01,9.990876097400895883e-01
6.993333333333334068e+00,5.450034801802258624e-06,9.040434887655035383e-04,9.999862824314578180e-01,9.990876085541784413e-01
6.996666666666667034e+00,8.755632569009793773e-06,9.040345438404565667e-04,9.999829766116596907e-01,9.990876094993434986e-01
7.000000000000000888e+00,1.284975996186300302e-05,9.040234683267749311e-04,9.999788822265867072e-01,9.990876125716480205e-01
7.003333333333333854e+00,1.773061139284909965e-05,9.040102671264093302e-04,9.999740010784265998e-01,9.990876177662155744e-01
7.006666666666666821e+00,2.339603432127952299e-05,9.039949460785363456e-04,9.999683353163404398e-01,9.990876250772322553e-01
7.010000000000001563e+00,2.984353020256131422e-05,9.039775119569742456e-04,9.999618874355087339e-01,9.990876344979486845e-01
7.013333333333334529e+00,3.707025559003407768e-05,9.039579724671750836e-04,9.999546602760344127e-01,9.990876460206838949e-01
7.016666666666668384e+00,4.507302338893824059e-05,9.039363362428190019e-04,9.999466570216907213e-01,9.990876596368286622e-01
7.020000000000001350e+00,5.384830426191306512e-05,9.039126128419925276e-04,9.999378811985164539e-01,9.990876753368470586e-01
7.023333333333334316e+00,6.339222818542768494e-05,9.038868127429607264e-04,9.999283366732583112e-01,9.990876931102844472e-01
7.026666666666667282e+00,7.370058615644472762e-05,9.038589473395374418e-04,9.999180276516703714e-01,9.990877129457699235e-01
7.030000000000001137e+00,8.476883204860163391e-05,9.038290289360473339e-04,9.999069586766554663e-01,9.990877348310197581e-01
7.033333333333334103e+00,9.659208461703042300e-05,9.037970707418903392e-04,9.998951346262618944e-01,9.990877587528469439e-01
7.036666666666667069e+00,1.091651296509832977e-04,9.037630868657083386e-04,9.998825607115349179e-01,9.990877846971623066e-01
7.040000000000000036e+00,1.224824222733017856e-04,9.037270923091499097e-04,9.998692424742151585e-01,9.990878126489840527e-01
7.043333333333334778e+00,1.365380893856961235e-04,9.036891029602514905e-04,9.998551857842975510e-01,9.990878425924444306e-01
7.046666666666667744e+00,1.513259322587641421e-04,9.036491355864185787e-04,9.998403968374394157e-01,9.990878745107946157e-01
7.050000000000001599e+00,1.668394292656489664e-04,9.036072078270267031e-04,9.998248821522303098e-01,9.990879083864124821e-01
7.053333333333334565e+00,1.830717387580612721e-04,9.035633381856343583e-04,9.998086485673193247e-01,9.990879442008127054e-01
7.056666666666667531e+00,2.000157020834543366e-04,9.035175460218179862e-04,9.997917032383910607e-01,9.990879819346525359e-01
7.060000000000000497e+00,2.176638467419622918e-04,9.034698515426298725e-04,9.997740536350201435e-01,9.990880215677392373e-01
7.063333333333334352e+00,2.360083896818120813e-04,9.034202757936809092e-04,9.997557075373686430e-01,9.990880630790442973e-01
7.066666666666667318e+00,2.550412407316258361e-04,9.033688406498550537e-04,9.997366730327604811e-01,9.990881064467077577e-01
7.070000000000000284e+00,2.747540061681929559e-04,9.033155688056628560e-04,9.997169585121109536e-01,9.990881516480466518e-01
7.073333333333335027e+00,2.951379924181325395e-04,9.032604837652276602e-04,9.996965726662291329e-01,9.990881986595719910e-01
7.076666666666667993e+00,3.161842098917166445e-04,9.032036098319181370e-04,9.996755244819818254e-01,9.990882474569915406e-01
7.080000000000001847e+00,3.378833769473570396e-04,9.031449720976343068e-04,9.996538232383339606e-01,9.990882980152259174e-01
7.083333333333334814e+00,3.602259239847693264e-04,9.030845964317350165e-04,9.996314785022533123e-01,9.990883503084161399e-01
7.086666666666667780e+00,3.832019976652207335e-04,9.030225094696341928e-04,9.996085001244920942e-01,9.990884043099368395e-01
7.090000000000000746e+00,4.068014652568396569e-04,9.029587386010579564e-04,9.995848982352448786e-01,9.990884599924079179e-01
7.093333333333333712e+00,4.310139191031931317e-04,9.028933119579604302e-04,9.995606832396760622e-01,9.990885173277054276e-01
7.096666666666667567e+00,4.558286812130928523e-04,9.028262584021274056e-04,9.995358658133366436e-01,9.990885762869763376e-01
7.100000000000000533e+00,4.812348079696141543e-04,9.027576075124481335e-04,9.995104568974526593e-01,9.990886368406485252e-01
7.103333333333333499e+00,5.072210949562423873e-04,9.026873895718743246e-04,9.994844676941001538e-01,9.990886989584435440e-01
7.106666666666668242e+00,5.337760818981088663e-04,9.026156355540735114e-04,9.994579096612654645e-01,9.990887626093958307e-01
7.110000000000001208e+00,5.608880577159442750e-04,9.025423771097711373e-04,9.994307945077933741e-01,9.990888277618578117e-01
7.113333333333335062e+00,5.885450656907827800e-04,9.024676465528026206e-04,9.994031341882210207e-01,9.990888943835207758e-01
7.116666666666668029e+00,6.167349087368602508e-04,9.023914768458642273e-04,9.993749408975058923e-01,9.990889624414239778e-01
7.120000000000000995e+00,6.454451547806357072e-04,9.023139015859906169e-04,9.993462270656497948e-01,9.990890319019736232e-01
7.123333333333333961e+00,6.746631422433739143e-04,9.022349549897400872e-04,9.993170053522151264e-01,9.990891027309553030e-01
7.126666666666667815e+00,7.043759856249390099e-04,9.021546718781200437e-04,9.992872886407428989e-01,9.990891748935483152e-01
7.130000000000000782e+00,7.345705811864179299e-04,9.020730876612337214e-04,9.992570900330696171e-01,9.990892483543437619e-01
7.133333333333333748e+00,7.652336127289164703e-04,9.019902383226788408e-04,9.992264228435497886e-01,9.990893230773572053e-01
7.136666666666666714e+00,7.963515574660686878e-04,9.019061604036880068e-04,9.991953005931855092e-01,9.990893990260460988e-01
7.140000000000001457e+00,8.279106919877205492e-04,9.018208909870242948e-04,9.991637370036615673e-01,9.990894761633262178e-01
7.143333333333335311e+00,8.598970983119601187e-04,9.017344676806395053e-04,9.991317459912936183e-01,9.990895544515868698e-01
7.146666666666668277e+00,8.922966700231362534e-04,9.016469286011005073e-04,9.990993416608939803e-01,9.990896338527093246e-01
7.150000000000001243e+00,9.250951184928198501e-04,9.015583123567937540e-04,9.990665382995470578e-01,9.990897143280805803e-01
7.153333333333334210e+00,9.582779791812440088e-04,9.014686580309117653e-04,9.990333503703118234e-01,9.990897958386136812e-01
7.156666666666667176e+00,9.918306180162570623e-04,9.013780051642291671e-04,9.989997925058425876e-01,9.990898783447629272e-01
7.160000000000001030e+00,1.025738237847052380e-03,9.012863937376795623e-04,9.989658795019330517e-01,9.990899618065414156e-01
7.163333333333333997e+00,1.059985884969873041e-03,9.011938641547396307e-04,9.989316263109971894e-01,9.990900461835398039e-01
7.166666666666666963e+00,1.094558455722705482e-03,9.011004572236236019e-04,9.988970480354679715e-01,9.990901314349437401e-01
7.169999999999999929e+00,1.129440703146123359e-03,9.010062141393045815e-04,9.988621599211420232e-01,9.990902175195500723e-01
7.173333333333334672e+00,1.164617243707390592e-03,9.009111764653583926e-04,9.988269773504547810e-01,9.990903043957878316e-01
7.176666666666668526e+00,1.200072564084643089e-03,9.008153861156547627e-04,9.987915158356944767e-01,9.990903920217362177e-01
7.180000000000001492e+00,1.235791028008561806e-03,9.007188853358843615e-04,9.987557910121653837e-01,9.990904803551381441e-01
7.183333333333334458e+00,1.271756883158023030e-03,9.006217166849468441e-04,9.987198186312872261e-01,9.990905693534279930e-01
7.186666666666667425e+00,1.307954268107098649e-03,9.005239230161999004e-04,9.986836145536526210e-01,9.990906589737419408e-01
7.190000000000001279e+00,1.344367219320091776e-03,9.004255474585720186e-04,9.986471947420313411e-01,9.990907491729413836e-01
7.193333333333334245e+00,1.380979678191642879e-03,9.003266333975657463e-04,9.986105752543295022e-01,9.990908399076293689e-01
7.196666666666667211e+00,1.417775498128788676e-03,9.002272244561361578e-04,9.985737722365090052e-01,9.990909311341731325e-01
7.200000000000000178e+00,1.454738451671791239e-03,9.001273644754716370e-04,9.985368019154657881e-01,9.990910228087199751e-01
7.203333333333334032e+00,1.491852237650605250e-03,9.000270974956779474e-04,9.984996805918754381e-01,9.990911148872189118e-01
7.206666666666667886e+00,1.529100488374001430e-03,8.999264677363699293e-04,9.984624246330023878e-01,9.990912073254375469e-01
7.210000000000001741e+00,1.566466776847819228e-03,8.998255195771905557e-04,9.984250504654831326e-01,9.990913000789845011e-01
7.213333333333334707e+00,1.603934624019589909e-03,8.997242975382544177e-04,9.983875745680813596e-01,9.990913931033272855e-01
7.216666666666667673e+00,1.641487506045961279e-03,8.996228462605304968e-04,9.983500134644206492e-01,9.990914863538126189e-01
7.220000000000000639e+00,1.679108861579981741e-03,8.995212104861739777e-04,9.983123837156974156e-01,9.990915797856856351e-01
7.223333333333334494e+00,1.716782099074884394e-03,8.994194350388084059e-04,9.982747019133777489e-01,9.990916733541093109e-01
7.226666666666667460e+00,1.754490604101174508e-03,8.993175648037778124e-04,9.982369846718801565e-01,9.990917670141853391e-01
7.230000000000000426e+00,1.792217746673897870e-03,8.992156447083642524e-04,9.981992486212477589e-01,9.990918607209732238e-01
7.233333333333333393e+00,1.829946888586674774e-03,8.991137197019954778e-04,9.981615103998147109e-01,9.990919544295100430e-01
7.236666666666667247e+00,1.867661390749423113e-03,8.990118347364320101e-04,9.981237866468692932e-01,9.990920480948297655e-01
7.240000000000001990e+00,1.905344620526503666e-03,8.989100347459647294e-04,9.980860939953148936e-01,9.990921416719862336e-01
7.243333333333334956e+00,1.942979959071881218e-03,8.988083646276063925e-04,9.980484490643347639e-01,9.990922351160661519e-01
7.246666666666667922e+00,1.980550808658450724e-03,8.987068692213130748e-04,9.980108684520633267e-01,9.990923283822176204e-01
7.250000000000000888e+00,2.018040599997794962e-03,8.986055932902216586e-04,9.979733687282658083e-01,9.990924214256639013e-01
7.253333333333334743e+00,2.055432799547606340e-03,8.985045815009203886e-04,9.979359664270330832e-01,9.990925142017230698e-01
7.256666666666667709e+00,2.092710916803245964e-03,8.984038784037675675e-04,9.978986780394834000e-01,9.990926066658323279e-01
7.260000000000000675e+00,2.129858511570323961e-03,8.983035284132565457e-04,9.978615200065003021e-01,9.990926987735625486e-01
7.263333333333333641e+00,2.166859201215157963e-03,8.982035757884395842e-04,9.978245087114706591e-01,9.990927904806421456e-01
7.266666666666667496e+00,2.203696667889807476e-03,8.981040646134256589e-04,9.977876604730677723e-01,9.990928817429729492e-01
7.270000000000001350e+00,2.240354665728556873e-03,8.980050387779446195e-04,9.977509915380508021e-01,9.990929725166507458e-01
7.273333333333335204e+00,2.276817028012607848e-03,8.979065419580076245e-04,9.977145180741017194e-01,9.990930627579865941e-01
7.276666666666668171e+00,2.313067674299988490e-03,8.978086175966534452e-04,9.976782561626935664e-01,9.990931524235249217e-01
7.280000000000001137e+00,2.349090617517300174e-03,8.977113088848028650e-04,9.976422217919986846e-01,9.990932414700605113e-01
7.283333333333334103e+00,2.384869971010322026e-03,8.976146587422161862e-04,9.976064308498399091e-01,9.990933298546621488e-01
7.286666666666667957e+00,2.420389955550382097e-03,8.975187097985752030e-04,9.975708991166808426e-01,9.990934175346863899e-01
7.290000000000000924e+00,2.455634906293280816e-03,8.974235043746941944e-04,9.975356422586690863e-01,9.990935044677990984e-01
7.293333333333333890e+00,2.490589279687828970e-03,8.973290844638606972e-04,9.975006758207265456e-01,9.990935906119953192e-01
7.296666666666666856e+00,2.525237660330895920e-03,8.972354917133227529e-04,9.974660152196921370e-01,9.990936759256162647e-01
7.300000000000000711e+00,2.559564767765902787e-03,8.971427674059302216e-04,9.974316757375265574e-01,9.990937603673656353e-01
7.303333333333335453e+00,2.593555463221831111e-03,8.970509524419320027e-04,9.973976725145708988e-01,9.990938438963321566e-01
7.306666666666668419e+00,2.627194756289736796e-03,8.969600873209446689e-04,9.973640205428665473e-01,9.990939264720046786e-01
7.310000000000001386e+00,2.660467811533896200e-03,8.968702121240946807e-04,9.973307346595520206e-01,9.990940080542912716e-01
7.313333333333334352e+00,2.693359955034517386e-03,8.967813664963466495e-04,9.972978295403099880e-01,9.990940886035345470e-01
7.316666666666668206e+00,2.725856680859265260e-03,8.966935896290214453e-04,9.972653196929006647e-01,9.990941680805337510e-01
7.320000000000001172e+00,2.757943657460715323e-03,8.966069202425147730e-04,9.972332194507649294e-01,9.990942464465569772e-01
7.323333333333334139e+00,2.789606733996904519e-03,8.965213965692201206e-04,9.972015429666978292e-01,9.990943236633627045e-01
7.326666666666667105e+00,2.820831946572131214e-03,8.964370563366716926e-04,9.971703042066124567e-01,9.990943996932127869e-01
7.330000000000000959e+00,2.851605524395401346e-03,8.963539367509027736e-04,9.971395169433792116e-01,9.990944744988916604e-01
7.333333333333333925e+00,2.881913895853647611e-03,8.962720744800387138e-04,9.971091947507496611e-01,9.990945480437218862e-01
7.336666666666668668e+00,2.911743694497120026e-03,8.961915056381203077e-04,9.970793509973745472e-01,9.990946202915799157e-01
7.340000000000001634e+00,2.941081764934286389e-03,8.961122657691796825e-04,9.970499988409031733e-01,9.990946912069139652e-01
7.343333333333334600e+00,2.969915168633726829e-03,8.960343898315586151e-04,9.970211512221870409e-01,9.990947607547567832e-01
7.346666666666667567e+00,2.998231189630299384e-03,8.959579121824836961e-04,9.969928208595668639e-01,9.990948289007424155e-01
7.350000000000001421e+00,3.026017340133148846e-03,8.958828665629195919e-04,9.969650202432669417e-01,9.990948956111230794e-01
7.353333333333334387e+00,3.053261366033194896e-03,8.958092860826738415e-04,9.969377616298860101e-01,9.990949608527801562e-01
7.356666666666667354e+00,3.079951252307434103e-03,8.957372032057922193e-04,9.969110570369937863e-01,9.990950245932433971e-01
7.360000000000000320e+00,3.106075228317869627e-03,8.956666497362363163e-04,9.968849182378271001e-01,9.990950868007013597e-01
7.363333333333334174e+00,3.131621773002659075e-03,8.955976568038483262e-04,9.968593567561033764e-01,9.990951474440175062e-01
7.366666666666667140e+00,3.156579619957169437e-03,8.955302548506131194e-04,9.968343838609344809e-01,9.990952064927427489e-01
7.370000000000001883e+00,3.180937762402739899e-03,8.954644736172268213e-04,9.968100105618561413e-01,9.990952639171322147e-01
7.373333333333334849e+00,3.204685458040932092e-03,8.954003421299677745e-04,9.967862476039787145e-01,9.990953196881506848e-01
7.376666666666667815e+00,3.227812233791148809e-03,8.953378886878895094e-04,9.967631054632412058e-01,9.990953737774957988e-01
7.380000000000001670e+00,3.250307890409546031e-03,8.952771408503262893e-04,9.967405943417976255e-01,9.990954261576026063e-01
7.383333333333334636e+00,3.272162506987098037e-03,8.952181254247272785e-04,9.967187241635122597e-01,9.990954768016573340e-01
7.386666666666667602e+00,3.293366445325000662e-03,8.951608684548258360e-04,9.966975045695884994e-01,9.990955256836118181e-01
7.390000000000000568e+00,3.313910354185326240e-03,8.951053952091380826e-04,9.966769449143125792e-01,9.990955727781932749e-01
7.393333333333333535e+00,3.333785173415154766e-03,8.950517301698064599e-04,9.966570542609303196e-01,9.990956180609141812e-01
7.396666666666667389e+00,3.352982137942325976e-03,8.949998970217909943e-04,9.966378413776522116e-01,9.990956615080859304e-01
7.400000000000000355e+00,3.371492781641042494e-03,8.949499186424070708e-04,9.966193147337807368e-01,9.990957030968262709e-01
7.403333333333335098e+00,3.389308941065627499e-03,8.949018170912242465e-04,9.966014824959832374e-01,9.990957428050728506e-01
7.406666666666668064e+00,3.406422759050787164e-03,8.948556136003217674e-04,9.965843525246831369e-01,9.990957806115884354e-01
7.410000000000001030e+00,3.422826688176844410e-03,8.948113285649084842e-04,9.965679323705992632e-01,9.990958164959747867e-01
7.413333333333334885e+00,3.438513494098289439e-03,8.947689815343142167e-04,9.965522292714097397e-01,9.990958504386786565e-01
7.416666666666667851e+00,3.453476258734303542e-03,8.947285912033513732e-04,9.965372501485671997e-01,9.990958824210021127e-01
7.420000000000000817e+00,3.467708383319795511e-03,8.946901754040531129e-04,9.965230016042422312e-01,9.990959124251098666e-01
7.423333333333333783e+00,3.481203591315601073e-03,8.946537510977927137e-04,9.965094899184108179e-01,9.990959404340366001e-01
7.426666666666667638e+00,3.493955931176564653e-03,8.946193343677882664e-04,9.964967210460887737e-01,9.990959664316966249e-01
7.430000000000000604e+00,3.505959778976313040e-03,8.945869404119896574e-04,9.964847006147008468e-01,9.990959904028885452e-01
7.433333333333333570e+00,3.517209840887518344e-03,8.945565835363602017e-04,9.964734339216042569e-01,9.990960123333026965e-01
7.436666666666668313e+00,3.527701155516579489e-03,8.945282771485486969e-04,9.964629259317472343e-01,9.990960322095290280e-01
7.440000000000001279e+00,3.537429096091688346e-03,8.945020337519608974e-04,9.964531812754844342e-01,9.990960500190612104e-01
7.443333333333335133e+00,3.546389372503340291e-03,8.944778649402267221e-04,9.964442042465309068e-01,9.990960657503014097e-01
7.446666666666668100e+00,3.554578033196342888e-03,8.944557813920654731e-04,9.964359988000699442e-01,9.990960793925685035e-01
7.450000000000001066e+00,3.561991466912498277e-03,8.944357928665637014e-04,9.964285685510098078e-01,9.990960909361004116e-01
7.453333333333334032e+00,3.568626404283250196e-03,8.944179081988495655e-04,9.964219167723897819e-01,9.990961003720582045e-01
7.456666666666666998e+00,3.574479919271493760e-03,8.944021352961833071e-04,9.964160463939332191e-01,9.990961076925307660e-01
7.460000000000000853e+00,3.579549430462008498e-03,8.943884811344434598e-04,9.964109600007605705e-01,9.990961128905401223e-01
7.463333333333333819e+00,3.583832702199875406e-03,8.943769517550418605e-04,9.964066598322453006e-01,9.990961159600405539e-01
7.466666666666668561e+00,3.587327845576415274e-03,8.943675522622341776e-04,9.964031477810285642e-01,9.990961168959237026e-01
7.470000000000001528e+00,3.590033319262190322e-03,8.943602868208566387e-04,9.964004253921835419e-01,9.990961156940211252e-01
7.473333333333334494e+00,3.591947930186723502e-03,8.943551586544675998e-04,9.963984938625345400e-01,9.990961123511055142e-01
7.476666666666668348e+00,3.593070834064635358e-03,8.943521700439113027e-04,9.963973540401290796e-01,9.990961068648919197e-01
7.480000000000001315e+00,3.593401535767907443e-03,8.943513223262938459e-04,9.963970064238625302e-01,9.990960992340379709e-01
7.483333333333334281e+00,3.592939889544225027e-03,8.943526158943777664e-04,9.963974511632617270e-01,9.990960894581470964e-01
7.486666666666667247e+00,3.591686099081173138e-03,8.943560501963893766e-04,9.963986880584144723e-01,9.990960775377664138e-01
7.490000000000001101e+00,3.589640717416354466e-03,8.943616237362508924e-04,9.964007165600609062e-01,9.990960634743866198e-01
7.493333333333334068e+00,3.586804646693432606e-03,8.943693340742191362e-04,9.964035357698346473e-01,9.990960472704418782e-01
7.496666666666667034e+00,3.583179137764180844e-03,8.943791778279510914e-04,9.964071444406590317e-01,9.990960289293089325e-01
7.500000000000001776e+00,3.578765789636774615e-03,8.943911506739762483e-04,9.964115409772973386e-01,9.990960084553054399e-01
7.503333333333334743e+00,3.573566548770513215e-03,8.944052473495916816e-04,9.964167234370545634e-01,9.990959858536884175e-01
7.506666666666667709e+00,3.567583708217315561e-03,8.944214616551681481e-04,9.964226895306376175e-01,9.990959611306504673e-01
7.510000000000001563e+00,3.560819906610354288e-03,8.944397864568698082e-04,9.964294366231615241e-01,9.990959342933196652e-01
7.513333333333334529e+00,3.553278127000281811e-03,8.944602136897876780e-04,9.964369617353137087e-01,9.990959053497520115e-01
7.516666666666667496e+00,3.544961695539557926e-03,8.944827343614846459e-04,9.964452615446653949e-01,9.990958743089345395e-01
7.520000000000000462e+00,3.535874280015449678e-03,8.945073385559487982e-04,9.964543323871397629e-01,9.990958411807738804e-01
7.523333333333334316e+00,3.526019888232382639e-03,8.945340154379554905e-04,9.964641702586259919e-01,9.990958059760981502e-01
7.526666666666667282e+00,3.515402866244320568e-03,8.945627532578341503e-04,9.964747708167449591e-01,9.990957687066486237e-01
7.530000000000000249e+00,3.504027896437955387e-03,8.945935393566412227e-04,9.964861293827654842e-01,9.990957293850740717e-01
7.533333333333334991e+00,3.491899995467581761e-03,8.946263601717318855e-04,9.964982409436667909e-01,9.990956880249294292e-01
7.536666666666667957e+00,3.479024512042587416e-03,8.946612012427353038e-04,9.965111001543484059e-01,9.990956446406650260e-01
7.540000000000001812e+00,3.465407124568401376e-03,8.946980472179203066e-04,9.965247013399894938e-01,9.990955992476231451e-01
7.543333333333334778e+00,3.451053838642131801e-03,8.947368818609599409e-04,9.965390384985505223e-01,9.990955518620286968e-01
7.546666666666667744e+00,3.435970984403860073e-03,8.947776880580874228e-04,9.965541053034183694e-01,9.990955025009859991e-01
7.550000000000000711e+00,3.420165213744825409e-03,8.948204478256335109e-04,9.965698951061994215e-01,9.990954511824666762e-01
7.553333333333334565e+00,3.403643497373675265e-03,8.948651423179541931e-04,9.965864009396484535e-01,9.990953979253049955e-01
7.556666666666667531e+00,3.386413121742140684e-03,8.949117518357404448e-04,9.966036155207448344e-01,9.990953427491889860e-01
7.560000000000000497e+00,3.368481685831471468e-03,8.949602558346949916e-04,9.966215312539008497e-01,9.990952856746506683e-01
7.563333333333333464e+00,3.349857097800989884e-03,8.950106329345973227e-04,9.966401402343134652e-01,9.990952267230572836e-01
7.566666666666668206e+00,3.330547571500332843e-03,8.950628609287257335e-04,9.966594342514500937e-01,9.990951659166027454e-01
7.570000000000001172e+00,3.310561622846901284e-03,8.951169167936510324e-04,9.966794047926683664e-01,9.990951032782970920e-01
7.573333333333335027e+00,3.289908066069999974e-03,8.951727766993894430e-04,9.967000430469711292e-01,9.990950388319574937e-01
7.576666666666667993e+00,3.268596009823499134e-03,8.952304160199118848e-04,9.967213399088915571e-01,9.990949726021942645e-01
7.580000000000000959e+00,3.246634853168654626e-03,8.952898093440054021e-04,9.967432859825107183e-01,9.990949046144058654e-01
7.583333333333333925e+00,3.224034281428771534e-03,8.953509304864830549e-04,9.967658715855985951e-01,9.990948348947613633e-01
7.586666666666667780e+00,3.200804261917709111e-03,8.954137524997305645e-04,9.967890867538846678e-01,9.990947634701942137e-01
7.590000000000000746e+00,3.176955039543977004e-03,8.954782476855984927e-04,9.968129212454527321e-01,9.990946903683863844e-01
7.593333333333333712e+00,3.152497132292428946e-03,8.955443876076185986e-04,9.968373645452578424e-01,9.990946156177593629e-01
7.596666666666666679e+00,3.127441326585498130e-03,8.956121431035515270e-04,9.968624058697626023e-01,9.990945392474595010e-01
7.600000000000001421e+00,3.101798672526066315e-03,8.956814842982505423e-04,9.968880341716942484e-01,9.990944612873451369e-01
7.603333333333335275e+00,3.075580479024117748e-03,8.957523806168451010e-04,9.969142381449133117e-01,9.990943817679746042e-01
7.606666666666668242e+00,3.048798308809062222e-03,8.958248007982341820e-04,9.969410062294051800e-01,9.990943007205925763e-01
7.610000000000001208e+00,3.021463973330349318e-03,8.958987129088750610e-04,9.969683266163720248e-01,9.990942181771148567e-01
7.613333333333334174e+00,2.993589527548252971e-03,8.959740843568797823e-04,9.969961872534435221e-01,9.990941341701169431e-01
7.616666666666668029e+00,2.965187264617303968e-03,8.960508819063967749e-04,9.970245758499939326e-01,9.990940487328161534e-01
7.620000000000000995e+00,2.936269710464679307e-03,8.961290716922741453e-04,9.970534798825575473e-01,9.990939618990600790e-01
7.623333333333333961e+00,2.906849618265943628e-03,8.962086192350138605e-04,9.970828866003570434e-01,9.990938737033111527e-01
7.626666666666666927e+00,2.876939962820581741e-03,8.962894894559789855e-04,9.971127830309221007e-01,9.990937841806297737e-01
7.630000000000000782e+00,2.846553934829744361e-03,8.963716466928844375e-04,9.971431559858118243e-01,9.990936933666596520e-01
7.633333333333334636e+00,2.815704935078818232e-03,8.964550547155303870e-04,9.971739920664328682e-01,9.990936012976115999e-01
7.636666666666668490e+00,2.784406568527441391e-03,8.965396767417962987e-04,9.972052776699449339e-01,9.990935080102518739e-01
7.640000000000001457e+00,2.752672638309242113e-03,8.966254754538766428e-04,9.972369989952624136e-01,9.990934135418783058e-01
7.643333333333334423e+00,2.720517139644404968e-03,8.967124130147513354e-04,9.972691420491398562e-01,9.990933179303090883e-01
7.646666666666667389e+00,2.687954253667467451e-03,8.968004510848877646e-04,9.973016926523435854e-01,9.990932212138654567e-01
7.650000000000001243e+00,2.654998341173071558e-03,8.968895508391628007e-04,9.973346364459017011e-01,9.990931234313549236e-01
7.653333333333334210e+00,2.621663936282543021e-03,8.969796729840040332e-04,9.973679588974424526e-01,9.990930246220516286e-01
7.656666666666667176e+00,2.587965740034016936e-03,8.970707777747310421e-04,9.974016453075964517e-01,9.990929248256817941e-01
7.660000000000000142e+00,2.553918613898988142e-03,8.971628250331020174e-04,9.974356808164850374e-01,9.990928240824055173e-01
7.663333333333333997e+00,2.519537573228031960e-03,8.972557741650501141e-04,9.974700504102698151e-01,9.990927224327985634e-01
7.666666666666668739e+00,2.484837780628757972e-03,8.973495841786027121e-04,9.975047389277752474e-01,9.990926199178344902e-01
7.670000000000001705e+00,2.449834539278817041e-03,8.974442137019757746e-04,9.975397310671741957e-01,9.990925165788668849e-01
7.673333333333334672e+00,2.414543286176810879e-03,8.975396210018396189e-04,9.975750113927377427e-01,9.990924124576119336e-01
7.676666666666667638e+00,2.378979585334321627e-03,8.976357640017407040e-04,9.976105643416403046e-01,9.990923075961276600e-01
7.680000000000001492e+00,2.343159120911901191e-03,8.977326003006742307e-04,9.976463742308248062e-01,9.990922020367976053e-01
7.683333333333334458e+00,2.307097690302008404e-03,8.978300871918064698e-04,9.976824252639170387e-01,9.990920958223128423e-01
7.686666666666667425e+00,2.270811197162113642e-03,8.979281816813258939e-04,9.977187015381950852e-01,9.990919889956476618e-01
7.690000000000000391e+00,2.234315644400870944e-03,8.980268405074201847e-04,9.977551870515987131e-01,9.990918816000490255e-01
7.693333333333334245e+00,2.197627127120576392e-03,8.981260201593785743e-04,9.977918657097906152e-01,9.990917736790104753e-01
7.696666666666668100e+00,2.160761825518917306e-03,8.982256768967967521e-04,9.978287213332488470e-01,9.990916652762574790e-01
7.700000000000001954e+00,2.123735997753290871e-03,8.983257667688874810e-04,9.978657376644085586e-01,9.990915564357244483e-01
7.703333333333334920e+00,2.086565972770628233e-03,8.984262456338822870e-04,9.979028983748264858e-01,9.990914472015380854e-01
7.706666666666667886e+00,2.049268143106088968e-03,8.985270691785161986e-04,9.979401870723838552e-01,9.990913376179969552e-01
7.710000000000000853e+00,2.011858957653699445e-03,8.986281929375921750e-04,9.979775873085163784e-01,9.990912277295520560e-01
7.713333333333334707e+00,1.974354914412174665e-03,8.987295723136074421e-04,9.980150825854667840e-01,9.990911175807872802e-01
7.716666666666667673e+00,1.936772553208997725e-03,8.988311625964411945e-04,9.980526563635612192e-01,9.990910072163992073e-01
7.720000000000000639e+00,1.899128448406151330e-03,8.989329189830906532e-04,9.980902920685026380e-01,9.990908966811777869e-01
7.723333333333333606e+00,1.861439201590596318e-03,8.990347965974487560e-04,9.981279730986829524e-01,9.990907860199877977e-01
7.726666666666667460e+00,1.823721434252756953e-03,8.991367505101131819e-04,9.981656828324995123e-01,9.990906752777459765e-01
7.730000000000002203e+00,1.785991780456161514e-03,8.992387357582166257e-04,9.982034046356901280e-01,9.990905644994045876e-01
7.733333333333335169e+00,1.748266879501708497e-03,8.993407073652774555e-04,9.982411218686670917e-01,9.990904537299298838e-01
7.736666666666668135e+00,1.710563368589455629e-03,8.994426203610489607e-04,9.982788178938551971e-01,9.990903430142819008e-01
7.740000000000001101e+00,1.672897875481422179e-03,8.995444298013695762e-04,9.983164760830286477e-01,9.990902323973970267e-01
7.743333333333334956e+00,1.635287011168571952e-03,8.996460907880016135e-04,9.983540798246458570e-01,9.990901219241635767e-01
7.746666666666667922e+00,1.597747362545189021e-03,8.997475584884455976e-04,9.983916125311755874e-01,9.990900116394065833e-01
7.750000000000000888e+00,1.560295485093854146e-03,8.998487881557305345e-04,9.984290576464091016e-01,9.990899015878672573e-01
7.753333333333333854e+00,1.522947895584324772e-03,8.999497351481609191e-04,9.984663986527643198e-01,9.990897918141793399e-01
7.756666666666666821e+00,1.485721064789445904e-03,9.000503549490193990e-04,9.985036190785702148e-01,9.990896823628553358e-01
7.760000000000000675e+00,1.448631410221423591e-03,9.001506031862145782e-04,9.985407025053311125e-01,9.990895732782620886e-01
7.763333333333335418e+00,1.411695288891485524e-03,9.002504356518625751e-04,9.985776325749642357e-01,9.990894646046045713e-01
7.766666666666668384e+00,1.374928990096388644e-03,9.003498083217939887e-04,9.986143929970192623e-01,9.990893563859024606e-01
7.770000000000001350e+00,1.338348728234602450e-03,9.004486773749854032e-04,9.986509675558585819e-01,9.990892486659757044e-01
7.773333333333334316e+00,1.301970635655673664e-03,9.005469992128942907e-04,9.986873401178089082e-01,9.990891414884204291e-01
7.776666666666668171e+00,1.265810755545723233e-03,9.006447304786994795e-04,9.987234946382786971e-01,9.990890348965935086e-01
7.780000000000001137e+00,1.229885034852298137e-03,9.007418280764306010e-04,9.987594151688318211e-01,9.990889289335911361e-01
7.783333333333334103e+00,1.194209317251636315e-03,9.008382491899847785e-04,9.987950858642226093e-01,9.990888236422310609e-01
7.786666666666667069e+00,1.158799336161493894e-03,9.009339513020183082e-04,9.988304909893820360e-01,9.990887190650317162e-01
7.790000000000000924e+00,1.123670707802617739e-03,9.010288922127045489e-04,9.988656149263586137e-01,9.990886152441965651e-01
7.793333333333333890e+00,1.088838924311908004e-03,9.011230300583543363e-04,9.989004421812043288e-01,9.990885122215922287e-01
7.796666666666668633e+00,1.054319346910245498e-03,9.012163233298834146e-04,9.989349573908122837e-01,9.990884100387339428e-01
7.800000000000001599e+00,1.020127199128201571e-03,9.013087308911263461e-04,9.989691453296858370e-01,9.990883087367620208e-01
7.803333333333334565e+00,9.862775600922907195e-04,9.014002119969812855e-04,9.990029909166566746e-01,9.990882083564290861e-01
7.806666666666668419e+00,9.527853578750370518e-04,9.014907263113844252e-04,9.990364792215358225e-01,9.990881089380780899e-01
7.810000000000001386e+00,9.196653629116422098e-04,9.015802339251048972e-04,9.990695954716970473e-01,9.990880105216274343e-01
7.813333333333334352e+00,8.869321814861610585e-04,9.016686953733439765e-04,9.991023250585926441e-01,9.990879131465497665e-01
7.816666666666667318e+00,8.546002492900420158e-04,9.017560716531453080e-04,9.991346535441951726e-01,9.990878168518589897e-01
7.820000000000000284e+00,8.226838250559631626e-04,9.018423242405968583e-04,9.991665666673658075e-01,9.990877216760902790e-01
7.823333333333334139e+00,7.911969842696718212e-04,9.019274151078166771e-04,9.991980503501424193e-01,9.990876276572826509e-01
7.826666666666667105e+00,7.601536129626816542e-04,9.020113067397304927e-04,9.992290907039503844e-01,9.990875348329648631e-01
7.830000000000001847e+00,7.295674015884340323e-04,9.020939621506087218e-04,9.992596740357245766e-01,9.990874432401355421e-01
7.833333333333334814e+00,6.994518389848514497e-04,9.021753449003798095e-04,9.992897868539515338e-01,9.990873529152503041e-01
7.836666666666667780e+00,6.698202064256733286e-04,9.022554191106974550e-04,9.993194158746162570e-01,9.990872638942017714e-01
7.840000000000001634e+00,6.406855717634079911e-04,9.023341494807574949e-04,9.993485480270618559e-01,9.990871762123080257e-01
7.843333333333334600e+00,6.120607836663776585e-04,9.024115013028663956e-04,9.993771704597563810e-01,9.990870899042934017e-01
7.846666666666667567e+00,5.839584659524638772e-04,9.024874404777369612e-04,9.994052705459560704e-01,9.990870050042750528e-01
7.850000000000000533e+00,5.563910120219646340e-04,9.025619335295254585e-04,9.994328358892777819e-01,9.990869215457477415e-01
7.853333333333334387e+00,5.293705793920991127e-04,9.026349476205860903e-04,9.994598543291627335e-01,9.990868395615691844e-01
7.856666666666667354e+00,5.029090843355331917e-04,9.027064505659469383e-04,9.994863139462428769e-01,9.990867590839438428e-01
7.860000000000000320e+00,4.770181966253161866e-04,9.027764108474920857e-04,9.995122030675941405e-01,9.990866801444113765e-01
7.863333333333335062e+00,4.517093343884644088e-04,9.028447976278571865e-04,9.995375102718876414e-01,9.990866027738315447e-01
7.866666666666668029e+00,4.269936590706295294e-04,9.029115807640183131e-04,9.995622243944243257e-01,9.990865270023695510e-01
7.870000000000000995e+00,4.028820705138534057e-04,9.029767308205729993e-04,9.995863345320588067e-01,9.990864528594840532e-01
7.873333333333334849e+00,3.793852021497490213e-04,9.030402190827117436e-04,9.996098300480098509e-01,9.990863803739133964e-01
7.876666666666667815e+00,3.565134163101700191e-04,9.031020175688733590e-04,9.996327005765488494e-01,9.990863095736649546e-01
7.880000000000000782e+00,3.342767996574430686e-04,9.031620990430654127e-04,9.996549360275726048e-01,9.990862404859991441e-01
7.883333333333333748e+00,3.126851587361349598e-04,9.032204370268715485e-04,9.996765265910544374e-01,9.990861731374205412e-01
7.886666666666667602e+00,2.917480156483900130e-04,9.032770058111083949e-04,9.996974627413670600e-01,9.990861075536656699e-01
7.890000000000000568e+00,2.714746038546954235e-04,9.033317804671516828e-04,9.997177352414865492e-01,9.990860437596896793e-01
7.893333333333333535e+00,2.518738641019367111e-04,9.033847368579189969e-04,9.997373351470656422e-01,9.990859817796566844e-01
7.896666666666668277e+00,2.329544404805336457e-04,9.034358516484924636e-04,9.997562538103769159e-01,9.990859216369305518e-01
7.900000000000001243e+00,2.147246766124363663e-04,9.034851023164007814e-04,9.997744828841275133e-01,9.990858633540622424e-01
7.903333333333335098e+00,1.971926119715694807e-04,9.035324671615319742e-04,9.997920143251404212e-01,9.990858069527811525e-01
7.906666666666668064e+00,1.803659783384550471e-04,9.035779253156869459e-04,9.998088403979026317e-01,9.990857524539848988e-01
7.910000000000001030e+00,1.642521963905127513e-04,9.036214567517682032e-04,9.998249536779736379e-01,9.990856998777305487e-01
7.913333333333333997e+00,1.488583724295690401e-04,9.036630422925901905e-04,9.998403470552624794e-01,9.990856492432258484e-01
7.916666666666667851e+00,1.341912952479708504e-04,9.037026636193251162e-04,9.998550137371632340e-01,9.990856005688191210e-01
7.920000000000000817e+00,1.202574331347592982e-04,9.037403032795568404e-04,9.998689472515479570e-01,9.990855538719953799e-01
7.923333333333333783e+00,1.070629310231609361e-04,9.037759446949649410e-04,9.998821414496249504e-01,9.990855091693635615e-01
7.926666666666668526e+00,9.461360778070441015e-05,9.038095721686144552e-04,9.998945905086472630e-01,9.990854664766514182e-01
7.930000000000001492e+00,8.291495364310170102e-05,9.038411708918600790e-04,9.999062889344830785e-01,9.990854258087007445e-01
7.933333333333334458e+00,7.197212779305702847e-05,9.038707269508578857e-04,9.999172315640345587e-01,9.990853871794558305e-01
7.936666666666668313e+00,6.178995608510750150e-05,9.038982273326819604e-04,9.999274135675216835e-01,9.990853506019626851e-01
7.940000000000001279e+00,5.237292891741219441e-05,9.039236599310467111e-04,9.999368304506062177e-01,9.990853160883592654e-01
7.943333333333334245e+00,4.372519925150877813e-05,9.039470135516207601e-04,9.999454780563745704e-01,9.990852836498721468e-01
7.946666666666667211e+00,3.585058078087084856e-05,9.039682779169505231e-04,9.999533525671737699e-01,9.990852532968101940e-01
7.950000000000001066e+00,2.875254624907361473e-05,9.039874436709700563e-04,9.999604505062937854e-01,9.990852250385635624e-01
7.953333333333334032e+00,2.243422591832423539e-05,9.040045023831066052e-04,9.999667687395000781e-01,9.990851988835939279e-01
7.956666666666666998e+00,1.689840618902970732e-05,9.040194465519828292e-04,9.999723044764164959e-01,9.990851748394337095e-01
7.960000000000001741e+00,1.214752837099518955e-05,9.040322696087016094e-04,9.999770552717547334e-01,9.990851529126866248e-01
7.963333333333334707e+00,8.183687606821578157e-06,9.040429659197273156e-04,9.999810190263953569e-01,9.990851331090156995e-01
7.966666666666668561e+00,5.008631947940642528e-06,9.040515307893482464e-04,9.999841939883111763e-01,9.990851154331497064e-01
7.970000000000001528e+00,2.623761583739066166e-06,9.040579604617306501e-04,9.999865787533396277e-01,9.990850998888763934e-01
7.973333333333334494e+00,1.030128224073693550e-06,9.040622521225558702e-04,9.999881722658046090e-01,9.990850864790401520e-01
7.976666666666667460e+00,2.284346354703687179e-07,9.040644039002422409e-04,9.999889738189786659e-01,9.990850752055446815e-01
7.980000000000001315e+00,2.190343312051300823e-07,9.040644148667524929e-04,9.999889830553970738e-01,9.990850660693487706e-01
7.983333333333334281e+00,1.001931415405152399e-06,9.040622850379877520e-04,9.999881999670154897e-01,9.990850590704667411e-01
7.986666666666667247e+00,2.576780581237837335e-06,9.040580153737589166e-04,9.999866248952108405e-01,9.990850542079690033e-01
7.990000000000000213e+00,4.942887263187474434e-06,9.040516077773489648e-04,9.999842585306352172e-01,9.990850514799820559e-01
7.993333333333334956e+00,8.099207943360818259e-06,9.040430650946581700e-04,9.999811019129047907e-01,9.990850508836895960e-01
7.996666666666667922e+00,1.204435061166609393e-05,9.040323911129272355e-04,9.999771564301495053e-01,9.990850524153338519e-01
8.000000000000001776e+00,1.677657537969625025e-05,9.040195905590576488e-04,9.999724238183934633e-01,9.990850560702150274e-01
8.003333333333333854e+00,2.229379524800452784e-05,9.040046690975085458e-04,9.999669061607930898e-01,9.990850618426981855e-01
8.006666666666667709e+00,2.859357702647308697e-05,9.039876333277841814e-04,9.999606058867178682e-01,9.990850697262100288e-01
8.010000000000001563e+00,3.567314240734291881e-05,9.039684907815092934e-04,9.999535257706781977e-01,9.990850797132465599e-01
8.013333333333333641e+00,4.352936919042972922e-05,9.039472499190944225e-04,9.999456689311017055e-01,9.990850917953739696e-01
8.016666666666667496e+00,5.215879266002524105e-05,9.039239201259921617e-04,9.999370388289600120e-01,9.990851059632318565e-01
8.020000000000001350e+00,6.155760711282018828e-05,9.038985117085431443e-04,9.999276392662400648e-01,9.990851222065388892e-01
8.023333333333333428e+00,7.172166753620843845e-05,9.038710358894226117e-04,9.999174743842667024e-01,9.990851405140970254e-01
8.026666666666669059e+00,8.264649143624275501e-05,9.038415048026774779e-04,9.999065486618794463e-01,9.990851608737971734e-01
8.030000000000001137e+00,9.432726081438734663e-05,9.038099314883654917e-04,9.998948669134540834e-01,9.990851832726211912e-01
8.033333333333334991e+00,1.067588242922775792e-04,9.037763298867954129e-04,9.998824342867813630e-01,9.990852076966515449e-01
8.036666666666668846e+00,1.199356993834429331e-04,9.037407148323676597e-04,9.998692562607958134e-01,9.990852341310751950e-01
8.040000000000000924e+00,1.338520749110955611e-04,9.037031020470282210e-04,9.998553386431597856e-01,9.990852625601915893e-01
8.043333333333334778e+00,1.485018135708545046e-04,9.036635081333236914e-04,9.998406875677012806e-01,9.990852929674186589e-01
8.046666666666666856e+00,1.638784546372800582e-04,9.036219505670737987e-04,9.998253094917102235e-01,9.990853253352997010e-01
8.050000000000000711e+00,1.799752168130632683e-04,9.035784476896594744e-04,9.998092111930907411e-01,9.990853596455108176e-01
8.053333333333334565e+00,1.967850012195774656e-04,9.035330186999287420e-04,9.997923997673674457e-01,9.990853958788730171e-01
8.056666666666666643e+00,2.143003945274679102e-04,9.034856836457238940e-04,9.997748826245652642e-01,9.990854340153544344e-01
8.060000000000002274e+00,2.325136722259616914e-04,9.034364634150388474e-04,9.997566674859320601e-01,9.990854740340836537e-01
8.063333333333334352e+00,2.514168020293299595e-04,9.033853797268012568e-04,9.997377623805387969e-01,9.990855159133564811e-01
8.066666666666668206e+00,2.710014474191972753e-04,9.033324551212967325e-04,9.997181756417371501e-01,9.990855596306473796e-01
8.070000000000002061e+00,2.912589713208911459e-04,9.032777129502257306e-04,9.996979159034835583e-01,9.990856051626183509e-01
8.073333333333334139e+00,3.121804399124438844e-04,9.032211773664015723e-04,9.996769920965334899e-01,9.990856524851298159e-01
8.076666666666667993e+00,3.337566265644092913e-04,9.031628733131045550e-04,9.996554134445011508e-01,9.990857015732499402e-01
8.080000000000000071e+00,3.559780159088022831e-04,9.031028265130782752e-04,9.996331894597922929e-01,9.990857524012674018e-01
8.083333333333333925e+00,3.788348080354224118e-04,9.030410634571932110e-04,9.996103299394074604e-01,9.990858049427012721e-01
8.086666666666667780e+00,4.023169228136243996e-04,9.029776113927608658e-04,9.995868449606253314e-01,9.990858591703133396e-01
8.089999999999999858e+00,4.264140043376562247e-04,9.029124983115266630e-04,9.995627448765546097e-01,9.990859150561209878e-01
8.093333333333335489e+00,4.511154254936950532e-04,9.028457529373268460e-04,9.995380403115683432e-01,9.990859725714079653e-01
8.096666666666667567e+00,4.764102926463612193e-04,9.027774047134259731e-04,9.995127421566211146e-01,9.990860316867370416e-01
8.100000000000001421e+00,5.022874504429179071e-04,9.027074837895434625e-04,9.994868615644439958e-01,9.990860923719651066e-01
8.103333333333335275e+00,5.287354867327732390e-04,9.026360210085565029e-04,9.994604099446252610e-01,9.990861545962537171e-01
8.106666666666667354e+00,5.557427376003093011e-04,9.025630478929118567e-04,9.994333989585814093e-01,9.990862183280851960e-01
8.110000000000001208e+00,5.832972925087046316e-04,9.024885966307297485e-04,9.994058405144105039e-01,9.990862835352746218e-01
8.113333333333333286e+00,6.113869995525121614e-04,9.024127000616190318e-04,9.993777467616433707e-01,9.990863501849838180e-01
8.116666666666667140e+00,6.399994708167444602e-04,9.023353916622049329e-04,9.993491300858857729e-01,9.990864182437391161e-01
8.120000000000000995e+00,6.691220878399859037e-04,9.022567055313751192e-04,9.993200031033525610e-01,9.990864876774424586e-01
8.123333333333334849e+00,6.987420071792011618e-04,9.021766763752529826e-04,9.992903786553080092e-01,9.990865584513866082e-01
8.126666666666668704e+00,7.288461660737206469e-04,9.020953394919050761e-04,9.992602698023996810e-01,9.990866305302741335e-01
8.130000000000000782e+00,7.594212882060895602e-04,9.020127307557868242e-04,9.992296898189002574e-01,9.990867038782282883e-01
8.133333333333334636e+00,7.904538895569391665e-04,9.019288866019332289e-04,9.991986521868523319e-01,9.990867784588115530e-01
8.136666666666668490e+00,8.219302843515126182e-04,9.018438440099073652e-04,9.991671705901226108e-01,9.990868542350421766e-01
8.140000000000000568e+00,8.538365910952360870e-04,9.017576404875034127e-04,9.991352589083681845e-01,9.990869311694074995e-01
8.143333333333334423e+00,8.861587386955266854e-04,9.016703140542230892e-04,9.991029312109140914e-01,9.990870092238837152e-01
8.146666666666668277e+00,9.188824726672328164e-04,9.015819032245220169e-04,9.990702017505495025e-01,9.990870883599520802e-01
8.150000000000000355e+00,9.519933614190016508e-04,9.014924469908413077e-04,9.990370849572416390e-01,9.990871685386127909e-01
8.153333333333334210e+00,9.854768026177262909e-04,9.014019848064294639e-04,9.990035954317716405e-01,9.990872497204071889e-01
8.156666666666668064e+00,1.019318029628265947e-03,9.013105565679568713e-04,9.989697479392952717e-01,9.990873318654314161e-01
8.160000000000001918e+00,1.053502118025659989e-03,9.012182025979413157e-04,9.989355574028334628e-01,9.990874149333541787e-01
8.163333333333335773e+00,1.088013992176993646e-03,9.011249636269806195e-04,9.989010388966886866e-01,9.990874988834372861e-01
8.166666666666667851e+00,1.122838431889839565e-03,9.010308807758105054e-04,9.988662076397962775e-01,9.990875836745508609e-01
8.170000000000001705e+00,1.157960079124501851e-03,9.009359955371859519e-04,9.988310789890160191e-01,9.990876692651921021e-01
8.173333333333333783e+00,1.193363444767099688e-03,9.008403497576021948e-04,9.987956684323562317e-01,9.990877556135053794e-01
8.176666666666667638e+00,1.229032915460413116e-03,9.007439856188588457e-04,9.987599915821456786e-01,9.990878426772968890e-01
8.180000000000001492e+00,1.264952760489518541e-03,9.006469456194763409e-04,9.987240641681479625e-01,9.990879304140579675e-01
8.183333333333333570e+00,1.301107138719246074e-03,9.005492725559713363e-04,9.986879020306221877e-01,9.990880187809806356e-01
8.186666666666667425e+00,1.337480105580267668e-03,9.004510095040062266e-04,9.986515211133405456e-01,9.990881077349761386e-01
8.190000000000001279e+00,1.374055620100847084e-03,9.003521997994075841e-04,9.986149374565546077e-01,9.990881972326974836e-01
8.193333333333335133e+00,1.410817551981086463e-03,9.002528870190747677e-04,9.985781671899230938e-01,9.990882872305547613e-01
8.196666666666668988e+00,1.447749688706620940e-03,9.001531149617859667e-04,9.985412265253968966e-01,9.990883776847355735e-01
8.200000000000001066e+00,1.484835742698525614e-03,9.000529276288957159e-04,9.985041317500699121e-01,9.990884685512256835e-01
8.203333333333334920e+00,1.522059358496324292e-03,8.999523692049530470e-04,9.984668992189967840e-01,9.990885597858253364e-01
8.206666666666666998e+00,1.559404119971001361e-03,8.998514840382350723e-04,9.984295453479803406e-01,9.990886513441736838e-01
8.210000000000000853e+00,1.596853557564734257e-03,8.997503166212068425e-04,9.983920866063320521e-01,9.990887431817629949e-01
8.213333333333334707e+00,1.634391155554138159e-03,8.996489115709194054e-04,9.983545395096057318e-01,9.990888352539619710e-01
8.216666666666666785e+00,1.672000359334027035e-03,8.995473136093535453e-04,9.983169206123195805e-01,9.990889275160340643e-01
8.220000000000000639e+00,1.709664582718185399e-03,8.994455675437131080e-04,9.982792465006513627e-01,9.990890199231566848e-01
8.223333333333334494e+00,1.747367215254125392e-03,8.993437182466854736e-04,9.982415337851253678e-01,9.990891124304419613e-01
8.226666666666668348e+00,1.785091629548518286e-03,8.992418106366674435e-04,9.982037990932856042e-01,9.990892049929566143e-01
8.230000000000002203e+00,1.822821188600218852e-03,8.991398896579785513e-04,9.981660590623662177e-01,9.990892975657401642e-01
8.233333333333334281e+00,1.860539253137383914e-03,8.990380002610534474e-04,9.981283303319490319e-01,9.990893901038274683e-01
8.236666666666668135e+00,1.898229188955641040e-03,8.989361873826358026e-04,9.980906295366304137e-01,9.990894825622661513e-01
8.240000000000000213e+00,1.935874374254115951e-03,8.988344959259799089e-04,9.980529732986826996e-01,9.990895748961368117e-01
8.243333333333334068e+00,1.973458206965862400e-03,8.987329707410625802e-04,9.980153782207241697e-01,9.990896670605744490e-01
8.246666666666667922e+00,2.010964112079682408e-03,8.986316566048191228e-04,9.979778608783967941e-01,9.990897590107861159e-01
8.250000000000000000e+00,2.048375548949997287e-03,8.985305982014130241e-04,9.979404378130573017e-01,9.990898507020724573e-01
8.253333333333333854e+00,2.085676018591567805e-03,8.984298401025441307e-04,9.979031255244804610e-01,9.990899420898455841e-01
8.256666666666667709e+00,2.122849070955831492e-03,8.983294267478042060e-04,9.978659404635843444e-01,9.990900331296516113e-01
8.260000000000001563e+00,2.159878312185640244e-03,8.982294024250977570e-04,9.978288990251749091e-01,9.990901237771864229e-01
8.263333333333335418e+00,2.196747411845340579e-03,8.981298112511154445e-04,9.977920175407144487e-01,9.990902139883183208e-01
8.266666666666667496e+00,2.233440110122744422e-03,8.980306971518986752e-04,9.977553122711224631e-01,9.990903037191064540e-01
8.270000000000001350e+00,2.269940225000012784e-03,8.979321038434743413e-04,9.977187993995997317e-01,9.990903929258196925e-01
8.273333333333335204e+00,2.306231659390244396e-03,8.978340748125884395e-04,9.976824950244956858e-01,9.990904815649562787e-01
8.276666666666667282e+00,2.342298408236642877e-03,8.977366532975375934e-04,9.976464151522074220e-01,9.990905695932635888e-01
8.280000000000001137e+00,2.378124565571005083e-03,8.976398822691121406e-04,9.976105756901205712e-01,9.990906569677563409e-01
8.283333333333333215e+00,2.413694331528626683e-03,8.975438044116511088e-04,9.975749924395931334e-01,9.990907436457359125e-01
8.286666666666667069e+00,2.448992019316341591e-03,8.974484621042292483e-04,9.975396810889889387e-01,9.990908295848094367e-01
8.290000000000000924e+00,2.484002062130707175e-03,8.973538974019735180e-04,9.975046572067577388e-01,9.990909147429085646e-01
8.293333333333334778e+00,2.518709020023290369e-03,8.972601520175227949e-04,9.974699362345702536e-01,9.990909990783063410e-01
8.296666666666668633e+00,2.553097586710058840e-03,8.971672673026366606e-04,9.974355334805059536e-01,9.990910825496388536e-01
8.300000000000000711e+00,2.587152596321717381e-03,8.970752842299668187e-04,9.974014641123066793e-01,9.990911651159192219e-01
8.303333333333334565e+00,2.620859030092210096e-03,8.969842433749894081e-04,9.973677431506833280e-01,9.990912467365603566e-01
8.306666666666668419e+00,2.654202022982327450e-03,8.968941848981162087e-04,9.973343854626924854e-01,9.990913273713899478e-01
8.310000000000000497e+00,2.687166870235515540e-03,8.968051485269823561e-04,9.973014057551826683e-01,9.990914069806678954e-01
8.313333333333334352e+00,2.719739033862956373e-03,8.967171735389325733e-04,9.972688185683030726e-01,9.990914855251042948e-01
8.316666666666666430e+00,2.751904149055210344e-03,8.966302987436948610e-04,9.972366382690991404e-01,9.990915629658794206e-01
8.320000000000002061e+00,2.783648030517399917e-03,8.965445624662710285e-04,9.972048790451690792e-01,9.990916392646564947e-01
8.323333333333335915e+00,2.814956678725170219e-03,8.964600025300278018e-04,9.971735548984107522e-01,9.990917143836017811e-01
8.326666666666667993e+00,2.845816286098934184e-03,8.963766562400194088e-04,9.971426796388467295e-01,9.990917882854003507e-01
8.330000000000001847e+00,2.876213243093225097e-03,8.962945603665309086e-04,9.971122668785338261e-01,9.990918609332708478e-01
8.333333333333333925e+00,2.906134144198877119e-03,8.962137511288566834e-04,9.970823300255586830e-01,9.990919322909842526e-01
8.336666666666667780e+00,2.935565793855124221e-03,8.961342641793298156e-04,9.970528822781270506e-01,9.990920023228805347e-01
8.340000000000001634e+00,2.964495212269188055e-03,8.960561345875837002e-04,9.970239366187411134e-01,9.990920709938790889e-01
8.343333333333333712e+00,2.992909641140658120e-03,8.959793968250921899e-04,9.969955058084757349e-01,9.990921382695009401e-01
8.346666666666667567e+00,3.020796549288187922e-03,8.959040847499482631e-04,9.969676023813501820e-01,9.990922041158791789e-01
8.350000000000001421e+00,3.048143638176065498e-03,8.958302315919333680e-04,9.969402386388002135e-01,9.990922684997758374e-01
8.353333333333335275e+00,3.074938847338161158e-03,8.957578699378518534e-04,9.969134266442551962e-01,9.990923313885967660e-01
8.356666666666669130e+00,3.101170359696832531e-03,8.956870317171494603e-04,9.968871782178131413e-01,9.990923927504048452e-01
8.360000000000001208e+00,3.126826606774599834e-03,8.956177481878236811e-04,9.968615049310340925e-01,9.990924525539359724e-01
8.363333333333335062e+00,3.151896273796098592e-03,8.955500499226277207e-04,9.968364181018334325e-01,9.990925107686087214e-01
8.366666666666667140e+00,3.176368304678160032e-03,8.954839667955749984e-04,9.968119287894913194e-01,9.990925673645437710e-01
8.370000000000000995e+00,3.200231906905801754e-03,8.954195279687555747e-04,9.967880477897745894e-01,9.990926223125726757e-01
8.373333333333334849e+00,3.223476556292000604e-03,8.953567618794578895e-04,9.967647856301786735e-01,9.990926755842520768e-01
8.376666666666666927e+00,3.246092001619110996e-03,8.952956962276186880e-04,9.967421525652814251e-01,9.990927271518770247e-01
8.380000000000000782e+00,3.268068269159874785e-03,8.952363579635909440e-04,9.967201585722234025e-01,9.990927769884908605e-01
8.383333333333334636e+00,3.289395667076107106e-03,8.951787732762427887e-04,9.966988133463070554e-01,9.990928250678993150e-01
8.386666666666668490e+00,3.310064789692999943e-03,8.951229675813955795e-04,9.966781262967200350e-01,9.990928713646828330e-01
8.390000000000002345e+00,3.330066521647229768e-03,8.950689655105966607e-04,9.966581065423878449e-01,9.990929158542040112e-01
8.393333333333334423e+00,3.349392041907108940e-03,8.950167909002424305e-04,9.966387629079495047e-01,9.990929585126223644e-01
8.396666666666668277e+00,3.368032827662809786e-03,8.949664667810466184e-04,9.966201039198692158e-01,9.990929993169026524e-01
8.400000000000002132e+00,3.385980658085149548e-03,8.949180153678706852e-04,9.966021378026749256e-01,9.990930382448260927e-01
8.403333333333334210e+00,3.403227617951143803e-03,8.948714580499039870e-04,9.965848724753284538e-01,9.990930752749986876e-01
8.406666666666668064e+00,3.419766101134823037e-03,8.948268153812151708e-04,9.965683155477373933e-01,9.990931103868634366e-01
8.410000000000000142e+00,3.435588813961688252e-03,8.947841070716710046e-04,9.965524743173971300e-01,9.990931435607052213e-01
8.413333333333333997e+00,3.450688778425380510e-03,8.947433519782206938e-04,9.965373557661725279e-01,9.990931747776651273e-01
8.416666666666667851e+00,3.465059335265151513e-03,8.947045680965643290e-04,9.965229665572192808e-01,9.990932040197425534e-01
8.420000000000001705e+00,3.478694146902731790e-03,8.946677725531960350e-04,9.965093130320454851e-01,9.990932312698079798e-01
8.423333333333335560e+00,3.491587200237304157e-03,8.946329815978302765e-04,9.964964012077145439e-01,9.990932565116080744e-01
8.426666666666667638e+00,3.503732809297456161e-03,8.946002105962166332e-04,9.964842367741932883e-01,9.990932797297740198e-01
8.430000000000001492e+00,3.515125617748776198e-03,8.945694740233421779e-04,9.964728250918390984e-01,9.990933009098265094e-01
8.433333333333335347e+00,3.525760601256101943e-03,8.945407854570294791e-04,9.964621711890409017e-01,9.990933200381844070e-01
8.436666666666667425e+00,3.535633069699331641e-03,8.945141575719266517e-04,9.964522797599962844e-01,9.990933371021705200e-01
8.440000000000001279e+00,3.544738669241873693e-03,8.944896021338960687e-04,9.964431551626466987e-01,9.990933520900143749e-01
8.443333333333333357e+00,3.553073384250740076e-03,8.944671299948085642e-04,9.964348014167504486e-01,9.990933649908601000e-01
8.446666666666667211e+00,3.560633539067496484e-03,8.944467510877346719e-04,9.964272222021144376e-01,9.990933757947724203e-01
8.450000000000001066e+00,3.567415799629293765e-03,8.944284744225428725e-04,9.964204208569684695e-01,9.990933844927368801e-01
8.453333333333334920e+00,3.573417174939216064e-03,8.944123080819088622e-04,9.964144003764945356e-01,9.990933910766658377e-01
8.456666666666668775e+00,3.578635018385325529e-03,8.943982592177267352e-04,9.964091634115043172e-01,9.990933955394051269e-01
8.460000000000000853e+00,3.583067028907862325e-03,8.943863340479392106e-04,9.964047122672724521e-01,9.990933978747317257e-01
8.463333333333334707e+00,3.586711252013997150e-03,8.943765378537710730e-04,9.964010489025179051e-01,9.990933980773594181e-01
8.466666666666668561e+00,3.589566080639756789e-03,8.943688749773841522e-04,9.963981749285416578e-01,9.990933961429427912e-01
8.470000000000000639e+00,3.591630255858728037e-03,8.943633488199408295e-04,9.963960916085145003e-01,9.990933920680737934e-01
8.473333333333334494e+00,3.592902867437213019e-03,8.943599618400847450e-04,9.963947998569203657e-01,9.990933858502901721e-01
8.476666666666666572e+00,3.593383354235605599e-03,8.943587155528407665e-04,9.963943002391563164e-01,9.990933774880722540e-01
8.480000000000000426e+00,3.593071504455802850e-03,8.943596105289239187e-04,9.963945929712770821e-01,9.990933669808417239e-01
8.483333333333334281e+00,3.591967455734543582e-03,8.943626463944731033e-04,9.963956779199054647e-01,9.990933543289691743e-01
8.486666666666668135e+00,3.590071695082648791e-03,8.943678218311965989e-04,9.963975546022877383e-01,9.990933395337642242e-01
8.490000000000001990e+00,3.587385058670156633e-03,8.943751345769354122e-04,9.964002221865073672e-01,9.990933225974836240e-01
8.493333333333334068e+00,3.583908731457486393e-03,8.943845814266484931e-04,9.964036794918524897e-01,9.990933035233258153e-01
8.496666666666667922e+00,3.579644246672764128e-03,8.943961582338056087e-04,9.964079249893365020e-01,9.990932823154294873e-01
8.500000000000001776e+00,3.574593485135557636e-03,8.944098599122016473e-04,9.964129568023711858e-01,9.990932589788751317e-01
8.503333333333333854e+00,3.568758674427306970e-03,8.944256804381858468e-04,9.964187727075963785e-01,9.990932335196767156e-01
8.506666666666667709e+00,3.562142387908834740e-03,8.944436128533029108e-04,9.964253701358581905e-01,9.990932059447852343e-01
8.510000000000001563e+00,3.554747543585337795e-03,8.944636492673475317e-04,9.964327461733435420e-01,9.990931762620829382e-01
8.513333333333333641e+00,3.546577402819414086e-03,8.944857808618318857e-04,9.964408975628643583e-01,9.990931444803778927e-01
8.516666666666667496e+00,3.537635568892612617e-03,8.945099978938620897e-04,9.964498207052946421e-01,9.990931106094051994e-01
8.520000000000001350e+00,3.527925985416225079e-03,8.945362897004228596e-04,9.964595116611576486e-01,9.990930746598166712e-01
8.523333333333335204e+00,3.517452934591994412e-03,8.945646447030704794e-04,9.964699661523612750e-01,9.990930366431813869e-01
8.526666666666669059e+00,3.506221035323425512e-03,8.945950504130244316e-04,9.964811795640879932e-01,9.990929965719776984e-01
8.530000000000001137e+00,3.494235241178680375e-03,8.946274934366722168e-04,9.964931469468280012e-01,9.990929544595880119e-01
8.533333333333334991e+00,3.481500838205852603e-03,8.946619594814614503e-04,9.965058630185615884e-01,9.990929103202926820e-01
8.536666666666667069e+00,3.468023442601582754e-03,8.946984333621986430e-04,9.965193221670902712e-01,9.990928641692663481e-01
8.540000000000000924e+00,3.453808998234093961e-03,8.947368990077385125e-04,9.965335184525100365e-01,9.990928160225669430e-01
8.543333333333334778e+00,3.438863774021725956e-03,8.947773394680629553e-04,9.965484456098312460e-01,9.990927658971319181e-01
8.546666666666666856e+00,3.423194361168089422e-03,8.948197369217535850e-04,9.965640970517425368e-01,9.990927138107701388e-01
8.550000000000002487e+00,3.406807670255100964e-03,8.948640726838460189e-04,9.965804658715143871e-01,9.990926597821521149e-01
8.553333333333334565e+00,3.389710928195175440e-03,8.949103272140654765e-04,9.965975448460464570e-01,9.990926038308040047e-01
8.556666666666668419e+00,3.371911675043868899e-03,8.949584801254417427e-04,9.966153264390517075e-01,9.990925459770996220e-01
8.560000000000002274e+00,3.353417760674469623e-03,8.950085101933001304e-04,9.966338028043804087e-01,9.990924862422468911e-01
8.563333333333334352e+00,3.334237341315912477e-03,8.950603953646165192e-04,9.966529657894811489e-01,9.990924246482850712e-01
8.566666666666668206e+00,3.314378875955619440e-03,8.951141127677479615e-04,9.966728069389939604e-01,9.990923612180695468e-01
8.570000000000000284e+00,3.293851122608779450e-03,8.951696387225156542e-04,9.966933174984824451e-01,9.990922959752641663e-01
8.573333333333334139e+00,3.272663134455791427e-03,8.952269487506522025e-04,9.967144884182912445e-01,9.990922289443310289e-01
8.576666666666667993e+00,3.250824255849507193e-03,8.952860175865989725e-04,9.967363103575384020e-01,9.990921601505183824e-01
8.580000000000000071e+00,3.228344118194075366e-03,8.953468191886515808e-04,9.967587736882349558e-01,9.990920896198515200e-01
8.583333333333335702e+00,3.205232635697164746e-03,8.954093267504485351e-04,9.967818684995315426e-01,9.990920173791186798e-01
8.586666666666667780e+00,3.181500000997535688e-03,8.954735127127991202e-04,9.968055846020861255e-01,9.990919434558603873e-01
8.590000000000001634e+00,3.157156680669741429e-03,8.955393487758424005e-04,9.968299115325615078e-01,9.990918678783600182e-01
8.593333333333335489e+00,3.132213410608041069e-03,8.956068059115353860e-04,9.968548385582379767e-01,9.990917906756247024e-01
8.596666666666667567e+00,3.106681191291569850e-03,8.956758543764611457e-04,9.968803546817436301e-01,9.990917118773806616e-01
8.600000000000001421e+00,3.080571282932820665e-03,8.957464637249571955e-04,9.969064486459103813e-01,9.990916315140540016e-01
8.603333333333333499e+00,3.053895200511532338e-03,8.958186028225478955e-04,9.969331089387327705e-01,9.990915496167587229e-01
8.606666666666667354e+00,3.026664708696277968e-03,8.958922398596890976e-04,9.969603237984482336e-01,9.990914662172866167e-01
8.610000000000001208e+00,2.998891816655907452e-03,8.959673423658036850e-04,9.969880812187217334e-01,9.990913813480865047e-01
8.613333333333333286e+00,2.970588772763200786e-03,8.960438772236165679e-04,9.970163689539441876e-01,9.990912950422564665e-01
8.616666666666668917e+00,2.941768059192943503e-03,8.961218106837700540e-04,9.970451745246270425e-01,9.990912073335243004e-01
8.620000000000000995e+00,2.912442386417059704e-03,8.962011083797214372e-04,9.970744852229126431e-01,9.990911182562377535e-01
8.623333333333334849e+00,2.882624687598857923e-03,8.962817353429139130e-04,9.971042881181717554e-01,9.990910278453435378e-01
8.626666666666668704e+00,2.852328112889219135e-03,8.963636560182096542e-04,9.971345700627122222e-01,9.990909361363765617e-01
8.630000000000000782e+00,2.821566023627044510e-03,8.964468342795885170e-04,9.971653176975725508e-01,9.990908431654413890e-01
8.633333333333334636e+00,2.790351986446593623e-03,8.965312334460930760e-04,9.971965174584159763e-01,9.990907489691982502e-01
8.636666666666668490e+00,2.758699767294238436e-03,8.966168162980261720e-04,9.972281555815099008e-01,9.990906535848472769e-01
8.640000000000000568e+00,2.726623325357362647e-03,8.967035450933751647e-04,9.972602181098004781e-01,9.990905570501067423e-01
8.643333333333334423e+00,2.694136806908029296e-03,8.967913815844811079e-04,9.972926908990619177e-01,9.990904594032049557e-01
8.646666666666666501e+00,2.661254539064176593e-03,8.968802870349201024e-04,9.973255596241372700e-01,9.990903606828578365e-01
8.650000000000002132e+00,2.627991023470981763e-03,8.969702222366063684e-04,9.973588097852574830e-01,9.990902609282518165e-01
8.653333333333334210e+00,2.594360929905379677e-03,8.970611475271018584e-04,9.973924267144309574e-01,9.990901601790287412e-01
8.656666666666668064e+00,2.560379089806313641e-03,8.971530228071289415e-04,9.974263955819180349e-01,9.990900584752662184e-01
8.660000000000001918e+00,2.526060489733783151e-03,8.972458075582713044e-04,9.974607014027663254e-01,9.990899558574630746e-01
8.663333333333333997e+00,2.491420264759451175e-03,8.973394608608668659e-04,9.974953290434231956e-01,9.990898523665187048e-01
8.666666666666667851e+00,2.456473691791785999e-03,8.974339414120700419e-04,9.975302632284064330e-01,9.990897480437158640e-01
8.670000000000001705e+00,2.421236182838604721e-03,8.975292075440923639e-04,9.975654885470409683e-01,9.990896429307014603e-01
8.673333333333333783e+00,2.385723278210108347e-03,8.976252172425946670e-04,9.976009894602586581e-01,9.990895370694707900e-01
8.676666666666667638e+00,2.349950639665293346e-03,8.977219281652390904e-04,9.976367503074478060e-01,9.990894305023472199e-01
8.679999999999999716e+00,2.313934043504828775e-03,8.978192976603849513e-04,9.976727553133604154e-01,9.990893232719629813e-01
8.683333333333335347e+00,2.277689373613385731e-03,8.979172827859166744e-04,9.977089885950695125e-01,9.990892154212411835e-01
8.686666666666669201e+00,2.241232614454639199e-03,8.980158403282083313e-04,9.977454341689732109e-01,9.990891069933777180e-01
8.690000000000001279e+00,2.204579844021759515e-03,8.981149268211974668e-04,9.977820759578448495e-01,9.990889980318200525e-01
8.693333333333335133e+00,2.167747226746769614e-03,8.982144985655787306e-04,9.978188977979208785e-01,9.990888885802505781e-01
8.696666666666667211e+00,2.130751006371770905e-03,8.983145116480982300e-04,9.978558834460327098e-01,9.990887786825657368e-01
8.700000000000001066e+00,2.093607498785205346e-03,8.984149219609385232e-04,9.978930165867664348e-01,9.990886683828557047e-01
8.703333333333334920e+00,2.056333084826240248e-03,8.985156852211933836e-04,9.979302808396606217e-01,9.990885577253890704e-01
8.706666666666666998e+00,2.018944203060626420e-03,8.986167569904182422e-04,9.979676597664275395e-01,9.990884467545881886e-01
8.710000000000000853e+00,1.981457342530989953e-03,8.987180926942500182e-04,9.980051368782072441e-01,9.990883355150123046e-01
8.713333333333334707e+00,1.943889035484987638e-03,8.988196476420846296e-04,9.980426956428344321e-01,9.990882240513381252e-01
8.716666666666668561e+00,1.906255850084266797e-03,8.989213770468062201e-04,9.980803194921319399e-01,9.990881124083389464e-01
8.720000000000002416e+00,1.868574383097788968e-03,8.990232360445614889e-04,9.981179918292177877e-01,9.990880006308662242e-01
8.723333333333334494e+00,1.830861252582334205e-03,8.991251797145613425e-04,9.981556960358218822e-01,9.990878887638283690e-01
8.726666666666668348e+00,1.793133090553763413e-03,8.992271630989166981e-04,9.981934154796179293e-01,9.990877768521717606e-01
8.730000000000000426e+00,1.755406535652086425e-03,8.993291412224787337e-04,9.982311335215570125e-01,9.990876649408600985e-01
8.733333333333334281e+00,1.717698225803656296e-03,8.994310691126961585e-04,9.982688335232062782e-01,9.990875530748577482e-01
8.736666666666668135e+00,1.680024790883592354e-03,8.995329018194651123e-04,9.983064988540859552e-01,9.990874412991034292e-01
8.740000000000000213e+00,1.642402845381842709e-03,8.996345944349721244e-04,9.983441128990018232e-01,9.990873296584984464e-01
8.743333333333334068e+00,1.604848981076010660e-03,8.997361021135165827e-04,9.983816590653783463e-01,9.990872181978798228e-01
8.746666666666667922e+00,1.567379759714221908e-03,8.998373800913014343e-04,9.984191207905707133e-01,9.990871069620048672e-01
8.750000000000001776e+00,1.530011705711188880e-03,8.999383837061947222e-04,9.984564815491698830e-01,9.990869959955305246e-01
8.753333333333335631e+00,1.492761298860841024e-03,9.000390684174411392e-04,9.984937248602943072e-01,9.990868853429917262e-01
8.756666666666667709e+00,1.455644967068512154e-03,9.001393898253170957e-04,9.985308342948526761e-01,9.990867750487848475e-01
8.760000000000001563e+00,1.418679079106126978e-03,9.002393036907307099e-04,9.985677934827946745e-01,9.990866651571451706e-01
8.763333333333335418e+00,1.381879937393423654e-03,9.003387659547404821e-04,9.986045861203263208e-01,9.990865557121304530e-01
8.766666666666667496e+00,1.345263770808461518e-03,9.004377327580018707e-04,9.986411959771018809e-01,9.990864467575983898e-01
8.770000000000001350e+00,1.308846727530526503e-03,9.005361604601197587e-04,9.986776069033828085e-01,9.990863383371888506e-01
8.773333333333333428e+00,1.272644867918698791e-03,9.006340056589084379e-04,9.987138028371568277e-01,9.990862304943043393e-01
8.776666666666667282e+00,1.236674157429087451e-03,9.007312252095413295e-04,9.987497678112243760e-01,9.990861232720922303e-01
8.780000000000001137e+00,1.200950459573972518e-03,9.008277762435869728e-04,9.987854859602389723e-01,9.990860167134230085e-01
8.783333333333334991e+00,1.165489528925927167e-03,9.009236161879261842e-04,9.988209415277057301e-01,9.990859108608742822e-01
8.786666666666668846e+00,1.130307004169863339e-03,9.010187027835349924e-04,9.988561188729263574e-01,9.990858057567083561e-01
8.790000000000000924e+00,1.095418401206362316e-03,9.011129941041252185e-04,9.988910024779017460e-01,9.990857014428587979e-01
8.793333333333334778e+00,1.060839106309047339e-03,9.012064485746460601e-04,9.989255769541720564e-01,9.990855979609064574e-01
8.796666666666668633e+00,1.026584369339152234e-03,9.012990249896213118e-04,9.989598270496040655e-01,9.990854953520644788e-01
8.800000000000000711e+00,9.926692970202797422e-04,9.013906825313273150e-04,9.989937376551202286e-01,9.990853936571604255e-01
8.803333333333334565e+00,9.591088462762387221e-04,9.014813807877973279e-04,9.990272938113563539e-01,9.990852929166145202e-01
8.806666666666666643e+00,9.259178176349975274e-04,9.015710797706463515e-04,9.990604807152648759e-01,9.990851931704267663e-01
8.810000000000000497e+00,8.931108487015918798e-04,9.016597399327102311e-04,9.990932837266398581e-01,9.990850944581565196e-01
8.813333333333336128e+00,8.607024077028808690e-04,9.017473221854856993e-04,9.991256883745744943e-01,9.990849968189039476e-01
8.816666666666668206e+00,8.287067871070338647e-04,9.018337879163665881e-04,9.991576803638416715e-01,9.990849002912969290e-01
8.820000000000002061e+00,7.971380973204740235e-04,9.019190990056800061e-04,9.991892455812004803e-01,9.990848049134681830e-01
8.823333333333334139e+00,7.660102604651739715e-04,9.020032178434858345e-04,9.992203701016199036e-01,9.990847107230447222e-01
8.826666666666667993e+00,7.353370042389497643e-04,9.020861073461669717e-04,9.992510401944172393e-01,9.990846177571270914e-01
8.830000000000001847e+00,7.051318558615257562e-04,9.021677309727794275e-04,9.992812423293189195e-01,9.990845260522734916e-01
8.833333333333333925e+00,6.754081361090171322e-04,9.022480527411573872e-04,9.993109631824202976e-01,9.990844356444845697e-01
8.836666666666667780e+00,6.461789534394265502e-04,9.023270372437865823e-04,9.993401896420700536e-01,9.990843465691878755e-01
8.839999999999999858e+00,6.174571982117969858e-04,9.024046496634037908e-04,9.993689088146445743e-01,9.990842588612212083e-01
8.843333333333333712e+00,5.892555370015520669e-04,9.024808557883490321e-04,9.993971080302402887e-01,9.990841725548177399e-01
8.846666666666669343e+00,5.615864070145226575e-04,9.025556220276447590e-04,9.994247748482580906e-01,9.990840876835912487e-01
8.850000000000001421e+00,5.344620106021736325e-04,9.026289154258018308e-04,9.994518970628910592e-01,9.990840042805190224e-01
8.853333333333335275e+00,5.078943098802661408e-04,9.027007036773414261e-04,9.994784627085062656e-01,9.990839223779327538e-01
8.856666666666667354e+00,4.818950214536471066e-04,9.027709551410334357e-04,9.995044600649233280e-01,9.990838420074968917e-01
8.860000000000001208e+00,4.564756112491891453e-04,9.028396388538407124e-04,9.995298776625819448e-01,9.990837632002008695e-01
8.863333333333335062e+00,4.316472894593187198e-04,9.029067245445583341e-04,9.995547042876014032e-01,9.990836859863430064e-01
8.866666666666667140e+00,4.074210055983482699e-04,9.029721826471535191e-04,9.995789289867238470e-01,9.990836103955157421e-01
8.870000000000000995e+00,3.838074436737145276e-04,9.030359843137920981e-04,9.996025410721474103e-01,9.990835364565960885e-01
8.873333333333334849e+00,3.608170174743677489e-04,9.030981014275428704e-04,9.996255301262377824e-01,9.990834641977284214e-01
8.876666666666666927e+00,3.384598659782728615e-04,9.031585066147655889e-04,9.996478860061253080e-01,9.990833936463167086e-01
8.880000000000002558e+00,3.167458488811608977e-04,9.032171732571670723e-04,9.996695988481728579e-01,9.990833248290093005e-01
8.883333333333334636e+00,2.956845422484119133e-04,9.032740755035232726e-04,9.996906590723311226e-01,9.990832577716873830e-01
8.886666666666668490e+00,2.752852342919836050e-04,9.033291882810628570e-04,9.997110573863614569e-01,9.990831924994562074e-01
8.890000000000000568e+00,2.555569212743760590e-04,9.033824873065088301e-04,9.997307847899344901e-01,9.990831290366305462e-01
8.893333333333334423e+00,2.365083035412599368e-04,9.034339490967675758e-04,9.997498325785973972e-01,9.990830674067252559e-01
8.896666666666668277e+00,2.181477816846587846e-04,9.034835509792691092e-04,9.997681923476150478e-01,9.990830076324469511e-01
8.900000000000000355e+00,2.004834528383032846e-04,9.035312711019455323e-04,9.997858559956758207e-01,9.990829497356805700e-01
8.903333333333334210e+00,1.835231071067963573e-04,9.035770884428493159e-04,9.998028157284637452e-01,9.990828937374818253e-01
8.906666666666668064e+00,1.672742241302126512e-04,9.036209828194034961e-04,9.998190640620979730e-01,9.990828396580678783e-01
8.910000000000000142e+00,1.517439697855902389e-04,9.036629348972845428e-04,9.998345938264301402e-01,9.990827875168067917e-01
8.913333333333335773e+00,1.369391930267762421e-04,9.037029261989243476e-04,9.998493981682087250e-01,9.990827373322123117e-01
8.916666666666667851e+00,1.228664228640921976e-04,9.037409391116429328e-04,9.998634705541014078e-01,9.990826891219319883e-01
8.920000000000001705e+00,1.095318654850184161e-04,9.037769568953931245e-04,9.998768047735745457e-01,9.990826429027407363e-01
8.923333333333335560e+00,9.694140151730702508e-05,9.038109636901198998e-04,9.998893949416346461e-01,9.990825986905341738e-01
8.926666666666667638e+00,8.510058343562656113e-05,9.038429445227348430e-04,9.999012355014220699e-01,9.990825565003224051e-01
8.930000000000001492e+00,7.401463311294146708e-05,9.038728853136995291e-04,9.999123212266611826e-01,9.990825163462199177e-01
8.933333333333333570e+00,6.368843951768218175e-05,9.039007728832092713e-04,9.999226472239673980e-01,9.990824782414432503e-01
8.936666666666667425e+00,5.412655655772341372e-05,9.039265949569875308e-04,9.999322089350031195e-01,9.990824421983028891e-01
8.940000000000001279e+00,4.533320107211300139e-05,9.039503401716736429e-04,9.999410021384893543e-01,9.990824082281978269e-01
8.943333333333333357e+00,3.731225097147238212e-05,9.039719980798153511e-04,9.999490229520655582e-01,9.990823763416130099e-01
8.946666666666668988e+00,3.006724352783355487e-05,9.039915591544521629e-04,9.999562678340040422e-01,9.990823465481102339e-01
8.950000000000001066e+00,2.360137381473218288e-05,9.040090147932959260e-04,9.999627335847709464e-01,9.990823188563279222e-01
8.953333333333334920e+00,1.791749329816417279e-05,9.040243573225035254e-04,9.999684173484360006e-01,9.990822932739760187e-01
8.956666666666668775e+00,1.301810857911492355e-05,9.040375800000384531e-04,9.999733166139348484e-01,9.990822698078331010e-01
8.960000000000000853e+00,8.905380288147037263e-06,9.040486770186236323e-04,9.999774292161736078e-01,9.990822484637424949e-01
8.963333333333334707e+00,5.581122132567806043e-06,9.040576435082801855e-04,9.999807533369854395e-01,9.990822292466079446e-01
8.966666666666666785e+00,3.046800096593450893e-06,9.040644755384566987e-04,9.999832875059311288e-01,9.990822121603962769e-01
8.970000000000000639e+00,1.303531794845825313e-06,9.040691701197395508e-04,9.999850306009481216e-01,9.990821972081308511e-01
8.973333333333334494e+00,3.520859794917074933e-07,9.040717252051518960e-04,9.999859818488469054e-01,9.990821843918938905e-01
8.976666666666668348e+00,1.928822012218744646e-07,9.040721396910389148e-04,9.999861408256484063e-01,9.990821737128224855e-01
8.980000000000002203e+00,8.259906242296809117e-07,9.040704134175304432e-04,9.999855074567751689e-01,9.990821651711107032e-01
8.983333333333334281e+00,2.251131995266879805e-06,9.040665471685968091e-04,9.999840820170795563e-01,9.990821587660080327e-01
8.986666666666668135e+00,4.467677766793649162e-06,9.040605426716826973e-04,9.999818651307266215e-01,9.990821544958196077e-01
8.990000000000001990e+00,7.474650374162687460e-06,9.040524025969283667e-04,9.999788577709164406e-01,9.990821523579067609e-01
8.993333333333334068e+00,1.127072366672376469e-05,9.040421305559731254e-04,9.999750612594562327e-01,9.990821523486910216e-01
8.996666666666667922e+00,1.585422349265102598e-05,9.040297311003463740e-04,9.999704772661771601e-01,9.990821544636505624e-01
9.000000000000001776e+00,2.122312843723589683e-05,9.040152097194461113e-04,9.999651078081951416e-01,9.990821586973271939e-01
9.003333333333333854e+00,2.737507071433008379e-05,9.039985728380987200e-04,9.999589552490261157e-01,9.990821650433265866e-01
9.006666666666667709e+00,3.430733721053143889e-05,9.039798278137139119e-04,9.999520222975397665e-01,9.990821734943194921e-01
9.010000000000001563e+00,4.201687068165630893e-05,9.039589829330246405e-04,9.999443120067662560e-01,9.990821840420487376e-01
9.013333333333335418e+00,5.050027110097603326e-05,9.039360474084174018e-04,9.999358277725498567e-01,9.990821966773296703e-01
9.016666666666667496e+00,5.975379715863374204e-05,9.039110313738602962e-04,9.999265733320518157e-01,9.990822113900551527e-01
9.020000000000001350e+00,6.977336791154462470e-05,9.038839458804188770e-04,9.999165527620995642e-01,9.990822281691997819e-01
9.023333333333335204e+00,8.055456458307839660e-05,9.038548028913711684e-04,9.999057704773917088e-01,9.990822470028274394e-01
9.026666666666667282e+00,9.209263251174995167e-05,9.038236152769240240e-04,9.998942312285502565e-01,9.990822678780918453e-01
9.030000000000001137e+00,1.043824832480089962e-04,9.037903968085248593e-04,9.998819401000245133e-01,9.990822907812453302e-01
9.033333333333334991e+00,1.174186967982342308e-04,9.037551621527817715e-04,9.998689025078500991e-01,9.990823156976454955e-01
9.036666666666667069e+00,1.311955240149551461e-04,9.037179268649847812e-04,9.998551241972579717e-01,9.990823426117582118e-01
9.040000000000000924e+00,1.457068891322220894e-04,9.036787073822421818e-04,9.998406112401440060e-01,9.990823715071682765e-01
9.043333333333334778e+00,1.609463924450088633e-04,9.036375210162207218e-04,9.998253700323883608e-01,9.990824023665844100e-01
9.046666666666668633e+00,1.769073131314699641e-04,9.035943859455118458e-04,9.998094072910368446e-01,9.990824351718479157e-01
9.050000000000002487e+00,1.935826122168474801e-04,9.035493212076054544e-04,9.997927300513359539e-01,9.990824699039392298e-01
9.053333333333334565e+00,2.109649356776485967e-04,9.035023466904928665e-04,9.997753456636335745e-01,9.990825065429891350e-01
9.056666666666668419e+00,2.290466176847585683e-04,9.034534831238931300e-04,9.997572617901341330e-01,9.990825450682839781e-01
9.060000000000000497e+00,2.478196839840909166e-04,9.034027520701086444e-04,9.997384864015207429e-01,9.990825854582778831e-01
9.063333333333334352e+00,2.672758554132394064e-04,9.033501759145171409e-04,9.997190277734406827e-01,9.990826276905997450e-01
9.066666666666668206e+00,2.874065515525783278e-04,9.032957778556976363e-04,9.996988944828557599e-01,9.990826717420652203e-01
9.070000000000000284e+00,3.082028945092637399e-04,9.032395818952029375e-04,9.996780954042568945e-01,9.990827175886861644e-01
9.073333333333334139e+00,3.296557128323788859e-04,9.031816128269743588e-04,9.996566397057530251e-01,9.990827652056800678e-01
9.076666666666667993e+00,3.517555455575725699e-04,9.031218962264130718e-04,9.996345368450285651e-01,9.990828145674831573e-01
9.080000000000001847e+00,3.744926463793271025e-04,9.030604584391026691e-04,9.996117965651691861e-01,9.990828656477592773e-01
9.083333333333335702e+00,3.978569879491579550e-04,9.029973265691968159e-04,9.995884288903672532e-01,9.990829184194134349e-01
9.086666666666667780e+00,4.218382662976687125e-04,9.029325284674710175e-04,9.995644441215006948e-01,9.990829728546030131e-01
9.090000000000001634e+00,4.464259053786153093e-04,9.028660927190478242e-04,9.995398528315896369e-01,9.990830289247509821e-01
9.093333333333333712e+00,4.716090617330059181e-04,9.027980486307968840e-04,9.995146658611333557e-01,9.990830866005550037e-01
9.096666666666667567e+00,4.973766292710813178e-04,9.027284262184191678e-04,9.994888943133299897e-01,9.990831458520058606e-01
9.100000000000001421e+00,5.237172441701381425e-04,9.026572561932187265e-04,9.994625495491807898e-01,9.990832066483961160e-01
9.103333333333333499e+00,5.506192898860376135e-04,9.025845699485708726e-04,9.994356431824764631e-01,9.990832689583359905e-01
9.106666666666667354e+00,5.780709022761467818e-04,9.025103995460834238e-04,9.994081870746787111e-01,9.990833327497660177e-01
9.110000000000001208e+00,6.060599748314467313e-04,9.024347777014741015e-04,9.993801933296881934e-01,9.990833979899715889e-01
9.113333333333335062e+00,6.345741640155825279e-04,9.023577377701530282e-04,9.993516742885042436e-01,9.990834646455983847e-01
9.116666666666668917e+00,6.636008947084531340e-04,9.022793137325248484e-04,9.993226425237865529e-01,9.990835326826659202e-01
9.120000000000000995e+00,6.931273657518663813e-04,9.021995401790177402e-04,9.992931108343067192e-01,9.990836020665816442e-01
9.123333333333334849e+00,7.231405555949274241e-04,9.021184522948451703e-04,9.992630922393049842e-01,9.990836727621592583e-01
9.126666666666668704e+00,7.536272280366399044e-04,9.020360858445001769e-04,9.992325999727494912e-01,9.990837447336309296e-01
9.130000000000000782e+00,7.845739380631462558e-04,9.019524771560035381e-04,9.992016474774985113e-01,9.990838179446647205e-01
9.133333333333334636e+00,8.159670377770511431e-04,9.018676631048947682e-04,9.991702483993727402e-01,9.990838923583806874e-01
9.136666666666666714e+00,8.477926824162451388e-04,9.017816810979910943e-04,9.991384165811366680e-01,9.990839679373664239e-01
9.140000000000000568e+00,8.800368364595742956e-04,9.016945690569064991e-04,9.991061660563954616e-01,9.990840446436948241e-01
9.143333333333334423e+00,9.126852798165776713e-04,9.016063654013442737e-04,9.990735110434026955e-01,9.990841224389385156e-01
9.146666666666668277e+00,9.457236140986349923e-04,9.015171090321756576e-04,9.990404659387938091e-01,9.990842012841889552e-01
9.150000000000002132e+00,9.791372689688521147e-04,9.014268393143027224e-04,9.990070453112330773e-01,9.990842811400741930e-01
9.153333333333334210e+00,1.012911508567645264e-03,9.013355960593155821e-04,9.989732638949916366e-01,9.990843619667718611e-01
9.156666666666668064e+00,1.047031438011384675e-03,9.012434195079574830e-04,9.989391365834486836e-01,9.990844437240332665e-01
9.160000000000001918e+00,1.081482009961197161e-03,9.011503503123974475e-04,9.989046784225228404e-01,9.990845263711941593e-01
9.163333333333333997e+00,1.116248031258990645e-03,9.010564295183246756e-04,9.988699046040360185e-01,9.990846098671996023e-01
9.166666666666667851e+00,1.151314169627731853e-03,9.009616985468640524e-04,9.988348304590155546e-01,9.990846941706154061e-01
9.169999999999999929e+00,1.186664960433216716e-03,9.008661991763361812e-04,9.987994714509312866e-01,9.990847792396523319e-01
9.173333333333335560e+00,1.222284813504090177e-03,9.007699735238487151e-04,9.987638431688765639e-01,9.990848650321799695e-01
9.176666666666669414e+00,1.258158020007234257e-03,9.006730640267486933e-04,9.987279613206944129e-01,9.990849515057484975e-01
9.180000000000001492e+00,1.294268759375651013e-03,9.005755134239240654e-04,9.986918417260479686e-01,9.990850386176050035e-01
9.183333333333335347e+00,1.330601106285420835e-03,9.004773647369808572e-04,9.986555003094462757e-01,9.990851263247134684e-01
9.186666666666667425e+00,1.367139037679003868e-03,9.003786612512921844e-04,9.986189530932181313e-01,9.990852145837754161e-01
9.190000000000001279e+00,1.403866439831564106e-03,9.002794464969290878e-04,9.985822161904500671e-01,9.990853033512443471e-01
9.193333333333335133e+00,1.440767115457376431e-03,9.001797642294857675e-04,9.985453057978773694e-01,9.990853925833500515e-01
9.196666666666667211e+00,1.477824790852974883e-03,9.000796584108057205e-04,9.985082381887419034e-01,9.990854822361160403e-01
9.200000000000001066e+00,1.515023123074110255e-03,8.999791731896146377e-04,9.984710297056160755e-01,9.990855722653764204e-01
9.203333333333333144e+00,1.552345707143205217e-03,8.998783528820731778e-04,9.984336967531944884e-01,9.990856626267995422e-01
9.206666666666668775e+00,1.589776083284189000e-03,8.997772419522529798e-04,9.983962557910599500e-01,9.990857532759045423e-01
9.210000000000002629e+00,1.627297744181386858e-03,8.996758849925505508e-04,9.983587233264257232e-01,9.990858441680836588e-01
9.213333333333334707e+00,1.664894142259645349e-03,8.995743267040407637e-04,9.983211159068533513e-01,9.990859352586176634e-01
9.216666666666668561e+00,1.702548696981953181e-03,8.994726118767855773e-04,9.982834501129568272e-01,9.990860265027001752e-01
9.220000000000000639e+00,1.740244802161728917e-03,8.993707853700981959e-04,9.982457425510888882e-01,9.990861178554538702e-01
9.223333333333334494e+00,1.777965833286380493e-03,8.992688920927847853e-04,9.982080098460194284e-01,9.990862092719544618e-01
9.226666666666668348e+00,1.815695154849030499e-03,8.991669769833537723e-04,9.981702686336025865e-01,9.990863007072448010e-01
9.230000000000000426e+00,1.853416127685010226e-03,8.990650849902189629e-04,9.981325355534395039e-01,9.990863921163595229e-01
9.233333333333334281e+00,1.891112116309965913e-03,8.989632610518940962e-04,9.980948272415416378e-01,9.990864834543432549e-01
9.236666666666668135e+00,1.928766496256450374e-03,8.988615500771950963e-04,9.980571603229939637e-01,9.990865746762690458e-01
9.240000000000001990e+00,1.966362661405578454e-03,8.987599969254480691e-04,9.980195514046211747e-01,9.990866657372604598e-01
9.243333333333335844e+00,2.003884031310505884e-03,8.986586463867276588e-04,9.979820170676674262e-01,9.990867565925112270e-01
9.246666666666667922e+00,2.041314058508872029e-03,8.985575431621158939e-04,9.979445738604799665e-01,9.990868471973013420e-01
9.250000000000001776e+00,2.078636235820402293e-03,8.984567318440070047e-04,9.979072382912140826e-01,9.990869375070220437e-01
9.253333333333333854e+00,2.115834103626901795e-03,8.983562568964564756e-04,9.978700268205519253e-01,9.990870274771926907e-01
9.256666666666667709e+00,2.152891257131245208e-03,8.982561626355848499e-04,9.978329558544427602e-01,9.990871170634798570e-01
9.260000000000001563e+00,2.189791353592206689e-03,8.981564932100477789e-04,9.977960417368691992e-01,9.990872062217177607e-01
9.263333333333333641e+00,2.226518119531928006e-03,8.980572925815795806e-04,9.977593007426368565e-01,9.990872949079282472e-01
9.266666666666667496e+00,2.263055357912789178e-03,8.979586045056175709e-04,9.977227490702000878e-01,9.990873830783411069e-01
9.270000000000001350e+00,2.299386955280662351e-03,8.978604725120162755e-04,9.976864028345162616e-01,9.990874706894086188e-01
9.273333333333335204e+00,2.335496888871258121e-03,8.977629398858595448e-04,9.976502780599394438e-01,9.990875576978304196e-01
9.276666666666669059e+00,2.371369233676403222e-03,8.976660496483820657e-04,9.976143906731538280e-01,9.990876440605698239e-01
9.280000000000001137e+00,2.406988169467431504e-03,8.975698445380081826e-04,9.975787564961516862e-01,9.990877297348729202e-01
9.283333333333334991e+00,2.442337987772094741e-03,8.974743669915038026e-04,9.975433912392507319e-01,9.990878146782879998e-01
9.286666666666668846e+00,2.477403098802415451e-03,8.973796591252769430e-04,9.975083104941714351e-01,9.990878988486833201e-01
9.290000000000000924e+00,2.512168038330035279e-03,8.972857627168046978e-04,9.974735297271568601e-01,9.990879822042681990e-01
9.293333333333334778e+00,2.546617474506322407e-03,8.971927191862143778e-04,9.974390642721554512e-01,9.990880647036065598e-01
9.296666666666666856e+00,2.580736214624011413e-03,8.971005695780238107e-04,9.974049293240548897e-01,9.990881463056411338e-01
9.300000000000000711e+00,2.614509211817508082e-03,8.970093545430410202e-04,9.973711399319847848e-01,9.990882269697084483e-01
9.303333333333334565e+00,2.647921571698912298e-03,8.969191143204390025e-04,9.973377109926774287e-01,9.990883066555547032e-01
9.306666666666668419e+00,2.680958558926770097e-03,8.968298887200133003e-04,9.973046572438992730e-01,9.990883853233584189e-01
9.310000000000002274e+00,2.713605603704580694e-03,8.967417171046225891e-04,9.972719932579507951e-01,9.990884629337434264e-01
9.313333333333334352e+00,2.745848308206569159e-03,8.966546383728329862e-04,9.972397334352410825e-01,9.990885394478001835e-01
9.316666666666668206e+00,2.777672452927335521e-03,8.965686909417572986e-04,9.972078919979355804e-01,9.990886148270987643e-01
9.320000000000002061e+00,2.809064002953004600e-03,8.964839127301140386e-04,9.971764829836868849e-01,9.990886890337093984e-01
9.323333333333334139e+00,2.840009114150929270e-03,8.964003411414979677e-04,9.971455202394401418e-01,9.990887620302183469e-01
9.326666666666667993e+00,2.870494139275294333e-03,8.963180130478842853e-04,9.971150174153304846e-01,9.990888337797426688e-01
9.330000000000000071e+00,2.900505633985856705e-03,8.962369647733600675e-04,9.970849879586599629e-01,9.990889042459473179e-01
9.333333333333333925e+00,2.930030362777170418e-03,8.961572320780972645e-04,9.970554451079701730e-01,9.990889733930639061e-01
9.336666666666667780e+00,2.959055304815819652e-03,8.960788501425783186e-04,9.970264018872010414e-01,9.990890411859011389e-01
9.340000000000001634e+00,2.987567659682863457e-03,8.960018535520719064e-04,9.969978710999490845e-01,9.990891075898656881e-01
9.343333333333335489e+00,3.015554853019083038e-03,8.959262762813707337e-04,9.969698653238212582e-01,9.990891725709727389e-01
9.346666666666667567e+00,3.043004542070666327e-03,8.958521516797981034e-04,9.969423969048869516e-01,9.990892360958667506e-01
9.350000000000001421e+00,3.069904621132581602e-03,8.957795124564940994e-04,9.969154779522337861e-01,9.990892981318276744e-01
9.353333333333335275e+00,3.096243226887488223e-03,8.957083906659718455e-04,9.968891203326265549e-01,9.990893586467958221e-01
9.356666666666667354e+00,3.122008743637742865e-03,8.956388176939748466e-04,9.968633356652778499e-01,9.990894176093771950e-01
9.360000000000001208e+00,3.147189808428195804e-03,8.955708242436208853e-04,9.968381353167177217e-01,9.990894749888612481e-01
9.363333333333335062e+00,3.171775316057530349e-03,8.955044403218461336e-04,9.968135303957867954e-01,9.990895307552344340e-01
9.366666666666667140e+00,3.195754423975899396e-03,8.954396952261584790e-04,9.967895317487334150e-01,9.990895848791936373e-01
9.370000000000000995e+00,3.219116557066751400e-03,8.953766175317023424e-04,9.967661499544311354e-01,9.990896373321574986e-01
9.373333333333334849e+00,3.241851412310729850e-03,8.953152350786384561e-04,9.967433953197167851e-01,9.990896880862790708e-01
9.376666666666668704e+00,3.263948963329479577e-03,8.952555749598521554e-04,9.967212778748387736e-01,9.990897371144603634e-01
9.380000000000000782e+00,3.285399464807595669e-03,8.951976635089848710e-04,9.966998073690398474e-01,9.990897843903627784e-01
9.383333333333334636e+00,3.306193456790481114e-03,8.951415262888049763e-04,9.966789932662545315e-01,9.990898298884178796e-01
9.386666666666668490e+00,3.326321768856409233e-03,8.950871880799150630e-04,9.966588447409354679e-01,9.990898735838407152e-01
9.390000000000000568e+00,3.345775524160905269e-03,8.950346728698039926e-04,9.966393706740080960e-01,9.990899154526377002e-01
9.393333333333334423e+00,3.364546143351632157e-03,8.949840038422484951e-04,9.966205796489556734e-01,9.990899554716227149e-01
9.396666666666668277e+00,3.382625348352060954e-03,8.949352033670690846e-04,9.966024799480300844e-01,9.990899936184194363e-01
9.400000000000000355e+00,3.400005166012300909e-03,8.948882929902449547e-04,9.965850795486028701e-01,9.990900298714785466e-01
9.403333333333335986e+00,3.416677931625443799e-03,8.948432934243900211e-04,9.965683861196461546e-01,9.990900642100842832e-01
9.406666666666668064e+00,3.432636292307829178e-03,8.948002245395957500e-04,9.965524070183495731e-01,9.990900966143603235e-01
9.410000000000001918e+00,3.447873210241865754e-03,8.947591053546504218e-04,9.965371492868775327e-01,9.990901270652856603e-01
9.413333333333335773e+00,3.462381965779825089e-03,8.947199540286262642e-04,9.965226196492616983e-01,9.990901555446967119e-01
9.416666666666667851e+00,3.476156160407361650e-03,8.946827878528494172e-04,9.965088245084371410e-01,9.990901820352993123e-01
9.420000000000001705e+00,3.489189719565361902e-03,8.946476232432534889e-04,9.964957699434171534e-01,9.990902065206719307e-01
9.423333333333333783e+00,3.501476895328967543e-03,8.946144757331165936e-04,9.964834617066159472e-01,9.990902289852786611e-01
9.426666666666667638e+00,3.513012268942496998e-03,8.945833599661871848e-04,9.964719052213052430e-01,9.990902494144718871e-01
9.430000000000001492e+00,3.523790753209220857e-03,8.945542896902056217e-04,9.964611055792301775e-01,9.990902677944989430e-01
9.433333333333333570e+00,3.533807594734903607e-03,8.945272777508131217e-04,9.964510675383581040e-01,9.990902841125123279e-01
9.436666666666669201e+00,3.543058376024120232e-03,8.945023360858723842e-04,9.964417955207830468e-01,9.990902983565674855e-01
9.440000000000001279e+00,3.551539017428431352e-03,8.944794757201712625e-04,9.964332936107747063e-01,9.990903105156372366e-01
9.443333333333335133e+00,3.559245778945572050e-03,8.944587067605437461e-04,9.964255655529772326e-01,9.990903205796098918e-01
9.446666666666668988e+00,3.566175261868835631e-03,8.944400383913880858e-04,9.964186147507588798e-01,9.990903285392974675e-01
9.450000000000001066e+00,3.572324410285928047e-03,8.944234788705924697e-04,9.964124442647098734e-01,9.990903343864361297e-01
9.453333333333334920e+00,3.577690512426643776e-03,8.944090355258730229e-04,9.964070568112928239e-01,9.990903381136939654e-01
9.456666666666666998e+00,3.582271201858777242e-03,8.943967147515195738e-04,9.964024547616450178e-01,9.990903397146720932e-01
9.460000000000000853e+00,3.586064458531704711e-03,8.943865220055524428e-04,9.963986401405332538e-01,9.990903391839068837e-01
9.463333333333334707e+00,3.589068609667232877e-03,8.943784618072965400e-04,9.963956146254601132e-01,9.990903365168734007e-01
9.466666666666666785e+00,3.591282330497249254e-03,8.943725377353648571e-04,9.963933795459241072e-01,9.990903317099874004e-01
9.470000000000002416e+00,3.592704644847928910e-03,8.943687524260600288e-04,9.963919358828347006e-01,9.990903247606068849e-01
9.473333333333334494e+00,3.593334925570172266e-03,8.943671075721902749e-04,9.963912842680774373e-01,9.990903156670317697e-01
9.476666666666668348e+00,3.593172894816120885e-03,8.943676039223064480e-04,9.963914249842374948e-01,9.990903044285081025e-01
9.480000000000002203e+00,3.592218624161634590e-03,8.943702412803485827e-04,9.963923579644735629e-01,9.990902910452245100e-01
9.483333333333334281e+00,3.590472534574634059e-03,8.943750185057150687e-04,9.963940827925485966e-01,9.990902755183139750e-01
9.486666666666668135e+00,3.587935396229372225e-03,8.943819335137482640e-04,9.963965987030125593e-01,9.990902578498530584e-01
9.490000000000001990e+00,3.584608328166696486e-03,8.943909832766349256e-04,9.963999045815390421e-01,9.990902380428621221e-01
9.493333333333334068e+00,3.580492797800422736e-03,8.944021638247239480e-04,9.964039989654179807e-01,9.990902161013024418e-01
9.496666666666667922e+00,3.575590620270110900e-03,8.944154702482609793e-04,9.964088800442014726e-01,9.990901920300743200e-01
9.500000000000000000e+00,3.569903957640441911e-03,8.944308966995401277e-04,9.964145456605006945e-01,9.990901658350164194e-01
9.503333333333335631e+00,3.563435317947613330e-03,8.944484363954661489e-04,9.964209933109368089e-01,9.990901375229020998e-01
9.506666666666667709e+00,3.556187554093149551e-03,8.944680816205289545e-04,9.964282201472471900e-01,9.990901071014367529e-01
9.510000000000001563e+00,3.548163862585610156e-03,8.944898237301971648e-04,9.964362229775395319e-01,9.990900745792534732e-01
9.513333333333335418e+00,3.539367782130756288e-03,8.945136531547181287e-04,9.964449982677002771e-01,9.990900399659123909e-01
9.516666666666667496e+00,3.529803192070810839e-03,8.945395594033192076e-04,9.964545421429528149e-01,9.990900032718914581e-01
9.520000000000001350e+00,3.519474310673482900e-03,8.945675310688324397e-04,9.964648503895673359e-01,9.990899645085860037e-01
9.523333333333335204e+00,3.508385693271503722e-03,8.945975558327095168e-04,9.964759184567167916e-01,9.990899236883022949e-01
9.526666666666667282e+00,3.496542230253533740e-03,8.946296204704483248e-04,9.964877414584863979e-01,9.990898808242517637e-01
9.530000000000001137e+00,3.483949144907278958e-03,8.946637108574125074e-04,9.965003141760278016e-01,9.990898359305460108e-01
9.533333333333333215e+00,3.470611991115811999e-03,8.946998119750584726e-04,9.965136310598569080e-01,9.990897890221888122e-01
9.536666666666668846e+00,3.456536650908057992e-03,8.947379079175476167e-04,9.965276862323089180e-01,9.990897401150722335e-01
9.540000000000002700e+00,3.441729331864613189e-03,8.947779818987587272e-04,9.965424734901217052e-01,9.990896892259660822e-01
9.543333333333334778e+00,3.426196564379938025e-03,8.948200162596846264e-04,9.965579863071776234e-01,9.990896363725159102e-01
9.546666666666668633e+00,3.409945198782194861e-03,8.948639924762170688e-04,9.965742178373795390e-01,9.990895815732285801e-01
9.550000000000000711e+00,3.392982402312005440e-03,8.949098911673121926e-04,9.965911609176684172e-01,9.990895248474692680e-01
9.553333333333334565e+00,3.375315655961441674e-03,8.949576921035375023e-04,9.966088080711856811e-01,9.990894662154502504e-01
9.556666666666668419e+00,3.356952751174614984e-03,8.950073742159940938e-04,9.966271515105663559e-01,9.990894056982232430e-01
9.560000000000000497e+00,3.337901786411393359e-03,8.950589156056037131e-04,9.966461831413774286e-01,9.990893433176692984e-01
9.563333333333334352e+00,3.318171163575674241e-03,8.951122935527716000e-04,9.966658945656847735e-01,9.990892790964903680e-01
9.566666666666666430e+00,3.297769584309882037e-03,8.951674845274103709e-04,9.966862770857575216e-01,9.990892130581974229e-01
9.570000000000002061e+00,3.276706046157219863e-03,8.952244641993133394e-04,9.967073217079043257e-01,9.990891452271016826e-01
9.573333333333335915e+00,3.254989838593496960e-03,8.952832074488960333e-04,9.967290191464379667e-01,9.990890756283039575e-01
9.576666666666667993e+00,3.232630538930119073e-03,8.953436883782747886e-04,9.967513598277724096e-01,9.990890042876814370e-01
9.580000000000001847e+00,3.209638008090212428e-03,8.954058803226956501e-04,9.967743338946439824e-01,9.990889312318782522e-01
9.583333333333333925e+00,3.186022386259637282e-03,8.954697558623028438e-04,9.967979312104577883e-01,9.990888564882947076e-01
9.586666666666667780e+00,3.161794088414868198e-03,8.955352868342353291e-04,9.968221413637586847e-01,9.990887800850720701e-01
9.590000000000001634e+00,3.136963799729645778e-03,8.956024443450592365e-04,9.968469536728221669e-01,9.990887020510825778e-01
9.593333333333333712e+00,3.111542470862505363e-03,8.956711987835198202e-04,9.968723571903670422e-01,9.990886224159155615e-01
9.596666666666667567e+00,3.085541313127217536e-03,8.957415198336084790e-04,9.968983407083802373e-01,9.990885412098653440e-01
9.600000000000001421e+00,3.058971793548284114e-03,8.958133764879488590e-04,9.969248927630615098e-01,9.990884584639173616e-01
9.603333333333335275e+00,3.031845629803604694e-03,8.958867370614795930e-04,9.969520016398789597e-01,9.990883742097342868e-01
9.606666666666669130e+00,3.004174785056730208e-03,8.959615692054432191e-04,9.969796553787346749e-01,9.990882884796412622e-01
9.610000000000001208e+00,2.975971462680705813e-03,8.960378399216656657e-04,9.970078417792386238e-01,9.990882013066146872e-01
9.613333333333335062e+00,2.947248100876081762e-03,8.961155155771269526e-04,9.970365484060905725e-01,9.990881127242640103e-01
9.616666666666667140e+00,2.918017367185324427e-03,8.961945619188050032e-04,9.970657625945632541e-01,9.990880227668191838e-01
9.620000000000000995e+00,2.888292152906139776e-03,8.962749440888002645e-04,9.970954714560881227e-01,9.990879314691150093e-01
9.623333333333334849e+00,2.858085567406016929e-03,8.963566266397268245e-04,9.971256618839385855e-01,9.990878388665752619e-01
9.626666666666666927e+00,2.827410932340702725e-03,8.964395735503607023e-04,9.971563205590101564e-01,9.990877449951978129e-01
9.630000000000000782e+00,2.796281775779014666e-03,8.965237482415469366e-04,9.971874339556939804e-01,9.990876498915380877e-01
9.633333333333334636e+00,2.764711826236638127e-03,8.966091135923467178e-04,9.972189883478440597e-01,9.990875535926940776e-01
9.636666666666668490e+00,2.732715006621534628e-03,8.966956319564326925e-04,9.972509698148276369e-01,9.990874561362877992e-01
9.640000000000002345e+00,2.700305428093550258e-03,8.967832651787079404e-04,9.972833642476658378e-01,9.990873575604514167e-01
9.643333333333334423e+00,2.667497383841162858e-03,8.968719746121558848e-04,9.973161573552553616e-01,9.990872579038085899e-01
9.646666666666668277e+00,2.634305342777784435e-03,8.969617211349029248e-04,9.973493346706698848e-01,9.990871572054575989e-01
9.650000000000002132e+00,2.600743943160686682e-03,8.970524651674970399e-04,9.973828815575432882e-01,9.990870555049552459e-01
9.653333333333334210e+00,2.566827986135218013e-03,8.971441666903803586e-04,9.974167832165208303e-01,9.990869528422982038e-01
9.656666666666668064e+00,2.532572429207181810e-03,8.972367852615669662e-04,9.974510246917882572e-01,9.990868492579054738e-01
9.660000000000000142e+00,2.497992379646237285e-03,8.973302800344939685e-04,9.974855908776660840e-01,9.990867447926011780e-01
9.663333333333333997e+00,2.463103087823313199e-03,8.974246097760633749e-04,9.975204665252715985e-01,9.990866394875953516e-01
9.666666666666667851e+00,2.427919940484885887e-03,8.975197328848489968e-04,9.975556362492443707e-01,9.990865333844691776e-01
9.670000000000001705e+00,2.392458453967155185e-03,8.976156074094642423e-04,9.975910845345302702e-01,9.990864265251517828e-01
9.673333333333335560e+00,2.356734267352967108e-03,8.977121910670912393e-04,9.976267957432239930e-01,9.990863189519054721e-01
9.676666666666667638e+00,2.320763135574767117e-03,8.978094412621468942e-04,9.976627541214662109e-01,9.990862107073039677e-01
9.680000000000001492e+00,2.284560922466340443e-03,8.979073151050953171e-04,9.976989438063923465e-01,9.990861018342169775e-01
9.683333333333335347e+00,2.248143593766593808e-03,8.980057694313870994e-04,9.977353488331242026e-01,9.990859923757889893e-01
9.686666666666667425e+00,2.211527210078429069e-03,8.981047608205153590e-04,9.977719531418136611e-01,9.990858823754213969e-01
9.690000000000001279e+00,2.174727919785670368e-03,8.982042456151941934e-04,9.978087405847255731e-01,9.990857718767535145e-01
9.693333333333333357e+00,2.137761951931411043e-03,8.983041799406305894e-04,9.978456949333572856e-01,9.990856609236403729e-01
9.696666666666667211e+00,2.100645609060742755e-03,8.984045197239006342e-04,9.978827998855964720e-01,9.990855495601385083e-01
9.700000000000002842e+00,2.063395260031070880e-03,8.985052207134096433e-04,9.979200390729118242e-01,9.990854378304824257e-01
9.703333333333334920e+00,2.026027332793219754e-03,8.986062384984281823e-04,9.979573960675680588e-01,9.990853257790660580e-01
9.706666666666668775e+00,1.988558307146422958e-03,8.987075285287048510e-04,9.979948543898741198e-01,9.990852134504242255e-01
9.710000000000000853e+00,1.951004707470541241e-03,8.988090461341321927e-04,9.980323975154509197e-01,9.990851008892120966e-01
9.713333333333334707e+00,1.913383095438540805e-03,8.989107465444736442e-04,9.980700088825161798e-01,9.990849881401864252e-01
9.716666666666668561e+00,1.875710062712604691e-03,8.990125849091233374e-04,9.981076718991899188e-01,9.990848752481836792e-01
9.720000000000000639e+00,1.838002223627001504e-03,8.991145163169146897e-04,9.981453699508129329e-01,9.990847622581027210e-01
9.723333333333334494e+00,1.800276207860900977e-03,8.992164958159423304e-04,9.981830864072708254e-01,9.990846492148843794e-01
9.726666666666668348e+00,1.762548653104532761e-03,8.993184784334097223e-04,9.982208046303306936e-01,9.990845361634895783e-01
9.730000000000000426e+00,1.724836197721737194e-03,8.994204191954822047e-04,9.982585079809782602e-01,9.990844231488824612e-01
9.733333333333336057e+00,1.687155473412282978e-03,8.995222731471417708e-04,9.982961798267562248e-01,9.990843102160099631e-01
9.736666666666668135e+00,1.649523097877109374e-03,8.996239953720286181e-04,9.983338035490967322e-01,9.990841974097793843e-01
9.740000000000001990e+00,1.611955667489672677e-03,8.997255410122708807e-04,9.983713625506547285e-01,9.990840847750418474e-01
9.743333333333334068e+00,1.574469749976886582e-03,8.998268652882845465e-04,9.984088402626229986e-01,9.990839723565710928e-01
9.746666666666667922e+00,1.537081877112487062e-03,8.999279235185378119e-04,9.984462201520434288e-01,9.990838601990426060e-01
9.750000000000001776e+00,1.499808537426417865e-03,9.000286711392746714e-04,9.984834857290952881e-01,9.990837483470164093e-01
9.753333333333333854e+00,1.462666168933239846e-03,9.001290637241805013e-04,9.985206205543680769e-01,9.990836368449161897e-01
9.756666666666667709e+00,1.425671151882809380e-03,9.002290570039905068e-04,9.985576082461122827e-01,9.990835257370082045e-01
9.760000000000001563e+00,1.388839801536444207e-03,9.003286068860283462e-04,9.985944324874637124e-01,9.990834150673855163e-01
9.763333333333333641e+00,1.352188360971770748e-03,9.004276694736631148e-04,9.986310770336395137e-01,9.990833048799435678e-01
9.766666666666669272e+00,1.315732993919408378e-03,9.005262010856797004e-04,9.986675257191006683e-01,9.990831952183649722e-01
9.770000000000001350e+00,1.279489777634669955e-03,9.006241582755549228e-04,9.987037624646846190e-01,9.990830861260988627e-01
9.773333333333335204e+00,1.243474695807316550e-03,9.007214978506312151e-04,9.987397712846918241e-01,9.990829776463412415e-01
9.776666666666669059e+00,1.207703631512704618e-03,9.008181768911674653e-04,9.987755362939404469e-01,9.990828698220161064e-01
9.780000000000001137e+00,1.172192360207211783e-03,9.009141527692832814e-04,9.988110417147693099e-01,9.990827626957567986e-01
9.783333333333334991e+00,1.136956542771197943e-03,9.010093831677604657e-04,9.988462718839946630e-01,9.990826563098875734e-01
9.786666666666667069e+00,1.102011718602461136e-03,9.011038260987160129e-04,9.988812112598215442e-01,9.990825507064046151e-01
9.790000000000000924e+00,1.067373298763269049e-03,9.011974399221221255e-04,9.989158444286954097e-01,9.990824459269560531e-01
9.793333333333334778e+00,1.033056559184018395e-03,9.012901833641752012e-04,9.989501561120999185e-01,9.990823420128265298e-01
9.796666666666666856e+00,9.990766339264775010e-04,9.013820155355024063e-04,9.989841311732960971e-01,9.990822390049166613e-01
9.800000000000002487e+00,9.654485085095908161e-04,9.014728959491978121e-04,9.990177546239961126e-01,9.990821369437244970e-01
9.803333333333334565e+00,9.321870133008574970e-04,9.015627845386755190e-04,9.990510116309755384e-01,9.990820358693319747e-01
9.806666666666668419e+00,8.993068169759937990e-04,9.016516416753444282e-04,9.990838875226123461e-01,9.990819358213811618e-01
9.810000000000002274e+00,8.668224200500758338e-04,9.017394281860829789e-04,9.991163677953607269e-01,9.990818368390613768e-01
9.813333333333334352e+00,8.347481484827271557e-04,9.018261053705116815e-04,9.991484381201436449e-01,9.990817389610900934e-01
9.816666666666668206e+00,8.030981473603422726e-04,9.019116350180605198e-04,9.991800843486741135e-01,9.990816422256946217e-01
9.820000000000000284e+00,7.718863746580952945e-04,9.019959794248158264e-04,9.992112925196953155e-01,9.990815466706002290e-01
9.823333333333334139e+00,7.411265950843946761e-04,9.020791014101439209e-04,9.992420488651363453e-01,9.990814523330053820e-01
9.826666666666667993e+00,7.108323740106480817e-04,9.021609643330819701e-04,9.992723398161857951e-01,9.990813592495737527e-01
9.830000000000001847e+00,6.810170714888993428e-04,9.022415321084910822e-04,9.993021520092729704e-01,9.990812674564119034e-01
9.833333333333335702e+00,6.516938363600820574e-04,9.023207692229641549e-04,9.993314722919649506e-01,9.990811769890560745e-01
9.836666666666667780e+00,6.228756004552610899e-04,9.023986407504762256e-04,9.993602877287648401e-01,9.990810878824576413e-01
9.840000000000001634e+00,5.945750728927538635e-04,9.024751123677822017e-04,9.993885856068158713e-01,9.990810001709644617e-01
9.843333333333335489e+00,5.668047344734072944e-04,9.025501503695388793e-04,9.994163534415113626e-01,9.990809138883078866e-01
9.846666666666667567e+00,5.395768321765179610e-04,9.026237216831620907e-04,9.994435789819954286e-01,9.990808290675881054e-01
9.850000000000001421e+00,5.129033737589330831e-04,9.026957938833983812e-04,9.994702502165708768e-01,9.990807457412586023e-01
9.853333333333335275e+00,4.867961224596413375e-04,9.027663352066109996e-04,9.994963553779924181e-01,9.990806639411117240e-01
9.856666666666667354e+00,4.612665918121620456e-04,9.028353145647758640e-04,9.995218829486606227e-01,9.990805836982652455e-01
9.860000000000001208e+00,4.363260405670986268e-04,9.029027015591766609e-04,9.995468216656963056e-01,9.990805050431480483e-01
9.863333333333335062e+00,4.119854677270226063e-04,9.029684664937957187e-04,9.995711605259121058e-01,9.990804280054885744e-01
9.866666666666668917e+00,3.882556076959574136e-04,9.030325803883930630e-04,9.995948887906613844e-01,9.990803526142986168e-01
9.870000000000000995e+00,3.651469255454551678e-04,9.030950149912707293e-04,9.996179959905773238e-01,9.990802788978629945e-01
9.873333333333334849e+00,3.426696123995562316e-04,9.031557427917156090e-04,9.996404719301867914e-01,9.990802068837263405e-01
9.876666666666668704e+00,3.208335809405175030e-04,9.032147370321120475e-04,9.996623066924108514e-01,9.990801365986807792e-01
9.880000000000000782e+00,2.996484610373077923e-04,9.032719717197236530e-04,9.996834906429343803e-01,9.990800680687533797e-01
9.883333333333334636e+00,2.791235954988730223e-04,9.033274216381363990e-04,9.997040144344565560e-01,9.990800013191971640e-01
9.886666666666668490e+00,2.592680359539662025e-04,9.033810623583595541e-04,9.997238690108135595e-01,9.990799363744763406e-01
9.890000000000000568e+00,2.400905388593985222e-04,9.034328702495798835e-04,9.997430456109714925e-01,9.990798732582589770e-01
9.893333333333334423e+00,2.215995616384444959e-04,9.034828224895583883e-04,9.997615357728918406e-01,9.990798119934051202e-01
9.896666666666668277e+00,2.038032589511584898e-04,9.035308970746774989e-04,9.997793313372606017e-01,9.990797526019553620e-01
9.900000000000002132e+00,1.867094790981852143e-04,9.035770728296184471e-04,9.997964244510898491e-01,9.990796951051232888e-01
9.903333333333335986e+00,1.703257605596499339e-04,9.036213294166799831e-04,9.998128075711782969e-01,9.990796395232853788e-01
9.906666666666668064e+00,1.546593286707348316e-04,9.036636473447252123e-04,9.998284734674391938e-01,9.990795858759715653e-01
9.910000000000001918e+00,1.397170924353190061e-04,9.037040079777510209e-04,9.998434152260887720e-01,9.990795341818571318e-01
9.913333333333333997e+00,1.255056414791123269e-04,9.037423935430870291e-04,9.998576262526946978e-01,9.990794844587540524e-01
9.916666666666667851e+00,1.120312431436632828e-04,9.037787871392061840e-04,9.998711002750867438e-01,9.990794367236031093e-01
9.920000000000001705e+00,9.929983972247395467e-05,9.038131727431573991e-04,9.998838313461190230e-01,9.990793909924684524e-01
9.923333333333333783e+00,8.731704584045436163e-05,9.038455352176058208e-04,9.998958138462965550e-01,9.990793472805259423e-01
9.926666666666667638e+00,7.608814597789751550e-05,9.038758603174847344e-04,9.999070424862488426e-01,9.990793056020613738e-01
9.930000000000001492e+00,6.561809214003692741e-05,9.039041346962549883e-04,9.999175123090690009e-01,9.990792659704619272e-01
9.933333333333335347e+00,5.591150167323568222e-05,9.039303459117655403e-04,9.999272186924940131e-01,9.990792283982088406e-01
9.936666666666669201e+00,4.697265522872506090e-05,9.039544824317135002e-04,9.999361573509460976e-01,9.990791928968759672e-01
9.940000000000001279e+00,3.880549487486715122e-05,9.039765336387114731e-04,9.999443243374218637e-01,9.990791594771193385e-01
9.943333333333335133e+00,3.141362235871434717e-05,9.039964898349429076e-04,9.999517160452333631e-01,9.990791281486779418e-01
9.946666666666667211e+00,2.480029751764192112e-05,9.040143422464127099e-04,9.999583292095968190e-01,9.990790989203646166e-01
9.950000000000001066e+00,1.896843684176758853e-05,9.040300830267972458e-04,9.999641609090778038e-01,9.990790718000656101e-01
9.953333333333334920e+00,1.392061218779323325e-05,9.040437052608780088e-04,9.999692085668721031e-01,9.990790467947359144e-01
9.956666666666666998e+00,9.659049644817379446e-06,9.040552029675687131e-04,9.999734699519466918e-01,9.990790239103954917e-01
9.960000000000000853e+00,6.185628552635767614e-06,9.040645711025313645e-04,9.999769431800243913e-01,9.990790031521279424e-01
9.963333333333334707e+00,3.501880672957831280e-06,9.040718055603769740e-04,9.999796267144112072e-01,9.990789845240762856e-01
9.966666666666668561e+00,1.608989513904471460e-06,9.040769031764541667e-04,9.999815193666780067e-01,9.990789680294435149e-01
9.970000000000002416e+00,5.077898080765247825e-07,9.040798617282225398e-04,9.999826202971794364e-01,9.990789536704901552e-01
9.973333333333334494e+00,1.987671444436349771e-07,9.040806799362144592e-04,9.999829290154311767e-01,9.990789414485324871e-01
9.976666666666668348e+00,6.820577541976946970e-07,9.040793574645735820e-04,9.999824453803195512e-01,9.990789313639423241e-01
9.980000000000000426e+00,1.957448450672894286e-06,9.040758949211886476e-04,9.999811696001676964e-01,9.990789234161498999e-01
9.983333333333334281e+00,4.024376723359462478e-06,9.040702938573983577e-04,9.999791022326419698e-01,9.990789176036372066e-01
9.986666666666668135e+00,6.881930985965489846e-06,9.040625567672974866e-04,9.999762441845071459e-01,9.990789139239466543e-01
9.990000000000000213e+00,1.052885097842527062e-05,9.040526870866109378e-04,9.999725967112258473e-01,9.990789123736760757e-01
9.993333333333334068e+00,1.496352832266848687e-05,9.040406891911632837e-04,9.999681614164032117e-01,9.990789129484830555e-01
9.996666666666667922e+00,2.018400723190659702e-05,9.040265683949353336e-04,9.999629402510831211e-01,9.990789156430865958e-01
1.000000000000000000e+01,2.618798537312561246e-05,9.040103309476995967e-04,9.999569355128848924e-01,9.990789204512696697e-01
