P_e2,concurrence,Vmin,Re_a2,Abs_pair,n_cavity,P_cavity_excited,omega_c_t
8.791773365455209e-35,0.0,0.5,-1.2569270865340912e-18,2.5304508389434215e-34,3.7413320294271907e-33,4.440892098500626e-16,0.0
0.00046110665028167256,0.0001426154069285359,0.4999142286534837,-0.0008223307344063832,0.0004985657207387259,0.001004280103505427,0.001001941140491347,0.31484620252813156
0.0015713156681931495,0.0003645783003501432,0.4999542323672167,-0.002521020564185795,0.0018259841512173107,0.0037334537185938106,0.0037144777586737288,0.6296924050562631
0.002673983168611896,0.0009574880687855961,0.5002238010173048,-0.003372765312314627,0.0035294205732910888,0.007491702492712831,0.007428441456708179,0.9445386075843947
0.0031202977614331346,0.0023032113656699105,0.5012252362125174,-0.0020537627384555686,0.00500236786017538,0.011548499016861287,0.011424391432466097,1.2593848101125262
0.002656714955233248,0.005019689207209817,0.5038426765855433,0.0011573194621785335,0.005645077574198974,0.015523147715817557,0.01536193675908204,1.5742310126406578
0.0015779616845781651,0.010009467476946926,0.5091560328856829,0.004198591444340343,0.00502040180395955,0.019554748147237868,0.01941616398232071,1.8890772151687893
0.0005538432340735209,0.01828237826740193,0.5180025450743693,0.004313791040876553,0.0029850242520321566,0.024155635095824097,0.024085735111217033,2.203923417696921
0.0002318038225695205,0.029237325491471875,0.5287623705094221,-0.00016661318449013454,0.00027176656757326513,0.029828368554542198,0.029800153711209476,2.5187696202250525
0.000851802968759551,0.028678641833318294,0.527579810276879,-0.008449453637723177,0.0040969891159275676,0.03666914101981581,0.03657175296786597,2.833615822753184
0.002104818307119548,0.029236179491996913,0.5269245875443667,-0.01727003478220258,0.007803822334267098,0.04419826761625479,0.04390229298962722,3.1484620252813156
0.0033217696956265156,0.031709346250057224,0.5279541793147808,-0.022447861343299836,0.01057587021439738,0.05153185676830689,0.05099299791455025,3.4633082278094474
0.0038804272611472094,0.036874452474573494,0.5313687143853858,-0.02123387156888157,0.01177640534601203,0.057804754555925535,0.057123787637920254,3.7781544303375787
0.003584348519451229,0.045541693012088456,0.5377108210469728,-0.014095409890407107,0.011046562283823481,0.06259550335854969,0.06197359126401869,4.09300063286571
0.0027830890726349205,0.058265269567307605,0.5472668292019243,-0.004796757022313516,0.008379231457185204,0.06609323195085953,0.06569959160722527,4.407846835393842
0.002159405349319246,0.07484872331330021,0.5597639505756109,0.001431596645484408,0.004148325101455741,0.06889887778474307,0.06874272799121717,4.722693037921974
0.0023121548474903967,0.09001172926298628,0.5682942401651275,0.0007113110816295391,0.0010350210016467304,0.0715786807369634,0.07148593384088442,5.037539240450105
0.0033890738935469992,0.08929159817859886,0.5594821150049913,-0.007247656495620811,0.006057529787315878,0.0742457021305728,0.07396941230989795,5.352385442978236
0.004994282411840334,0.08998295283285619,0.5520578937601115,-0.018809184501662593,0.010192411084545244,0.07643321989984117,0.0758261156893053,5.667231645506368
0.006428015828312744,0.0931303853597774,0.547286654103773,-0.02824395190791928,0.012676711070072472,0.07734503348276736,0.07647038083968083,5.9820778480345
0.007112235292192238,0.09954434499209185,0.5455655261551605,-0.030762279539058864,0.013100452850509424,0.07633109073602178,0.07542845968245526,6.296924050562631
0.006940834914488563,0.10975463837884908,0.5468558266204796,-0.025065597894559928,0.011418771853505042,0.0732923568644236,0.0726202457268218,6.6117702530907625
0.006339154290842766,0.12367737941512061,0.5507634462011028,-0.01399377144316556,0.00795278516673843,0.06876140153231523,0.06842925580766879,6.926616455618895
0.005996720522001031,0.1402563573217893,0.5563984435054284,-0.0029310988308140712,0.003352130283354781,0.06360940789766358,0.06351759146919589,7.241462658147026
0.006438307329318087,0.15117039112221484,0.5539101539051281,0.0030971427205845753,0.0016156429050690224,0.05856443736890256,0.05848864675972987,7.556308860675157
0.007696803542734357,0.14951980895658773,0.5397560000253881,0.002000930573736405,0.00587730931157459,0.05383969214180842,0.053591052900809566,7.871155063203289
0.00928743123867895,0.14921580037713128,0.528611438484524,-0.004511052614354683,0.008831935596175159,0.04909544859287382,0.04863910786062997,8.18600126573142
0.010497781637285836,0.15091474985512338,0.520912845482512,-0.01214456458679593,0.010044291114916313,0.04374769451423811,0.04320323735670817,8.500847468259552
0.010816137343028095,0.15501665303191992,0.516270211070016,-0.016502906981865177,0.009481149496659708,0.03742507376481837,0.03696422007083455,8.815693670787685
0.010237897312825343,0.16155489290718605,0.5139972687760265,-0.01538731589647305,0.007458247631753532,0.030292035419846635,0.030019721059921567,9.130539873315815
0.009265345109864952,0.16991575321977995,0.5133622606990692,-0.009676509290831229,0.004554506125905077,0.023045437081175513,0.02294925180699403,9.445386075843947
0.008602515360188733,0.1786928865849163,0.5135277058259302,-0.002446140793940007,0.001489463462404581,0.01659344680883798,0.016582785354324447,9.760232278372078
0.008730809306438754,0.18180124383469792,0.5086055426743014,0.00299029958514404,0.001047496794324937,0.011613716168858028,0.011600516013013706,10.07507848090021
0.009621186107793193,0.17990061181302644,0.5020988170575433,0.004894091716782867,0.0025496093561937793,0.008251096912251149,0.00820342536312857,10.389924683428342
0.01075446415187246,0.17884791760059993,0.4992436811965646,0.0037538030912513775,0.002856775843819215,0.00612343889320028,0.006060108713071499,10.704770885956473
0.011435645913044076,0.1784433485571595,0.4991498130866214,0.0015438512956638382,0.0021539851569987215,0.004620118118327081,0.004569258074617277,11.019617088484605
0.011213523955876933,0.17844766237336404,0.500457046345485,0.00020101124684804774,0.0009005859574860675,0.0033122234314786557,0.0032803401294116963,11.334463291012735
0.010155878408776884,0.1772809340658576,0.5017660072106465,0.0003444685455732275,0.0003129295049251024,0.0022365117505516647,0.002212164093469471,11.649309493540867
0.00881725342502035,0.1745805536373011,0.5005115101221317,0.0010345115267714705,0.0009263617760228409,0.0018923515061215327,0.0018683962846747226,11.964155696069
0.007918496290128606,0.17459270392039714,0.5018862094178324,0.0006609646248073451,0.0005653189146299528,0.0029550618414966963,0.0029365974119597293,12.27900189859713
0.007927951662924076,0.17377352441768862,0.503987046487486,-0.0016851696712040295,0.0008412671635578191,0.005869758186218428,0.005855846519384533,12.593848101125262
0.008792865664149023,0.16915510291080985,0.504627943226899,-0.005320611201278412,0.0030235202434852598,0.010559103178327164,0.010520863128408164,12.908694303653395
0.00998078830944158,0.16393843443612183,0.5057579930655522,-0.00821861999926708,0.0054377146481953895,0.01641642373275731,0.016304343741320615,13.223540506181525
0.010806556276279609,0.15975960536876438,0.5079584700599694,-0.008312176077761252,0.0074117997065858456,0.022594293905276744,0.022379946077261348,13.538386708709657
0.010850219145653171,0.15852762344762267,0.5119339797175078,-0.005043497139844442,0.00831396605735066,0.02842720983919935,0.02814417201223729,13.85323291123779
0.010216468775160557,0.16183910028933635,0.5185160711019232,-0.00011547830761271686,0.0077039590996537104,0.03374408853798886,0.03348135168392097,14.16807911376592
0.009479643204705299,0.170394584285255,0.528387232031736,0.0031734346752721517,0.0054512918660459524,0.03888379189646666,0.03872033634113503,14.482925316294052
0.009345470012348846,0.18363321145097927,0.541635302015035,0.001768378591026631,0.0018017656381770694,0.04439756474261903,0.04432303779327185,14.797771518822183
0.01023099902449321,0.1891983241283054,0.5437958266162818,-0.005158145395925178,0.002662303151844545,0.050610970429378316,0.05050336986013626,15.112617721350315
0.012015490365196895,0.18823276349768103,0.540866413468077,-0.015318427419475046,0.007101183632647093,0.057311551338990616,0.057007535048553826,15.427463923878447
0.014114100298667227,0.18913180679560013,0.539526009441631,-0.024206988365583635,0.010669775909058066,0.06376255285033285,0.06318082825049409,15.742310126406577
0.015831330069545457,0.1932302249366972,0.5405621922109953,-0.027434079862868877,0.012660915908746968,0.06904791522694673,0.06827246517638696,16.05715632893471
0.01678013330450751,0.20170368908155423,0.5444451816804817,-0.02323056480085843,0.012647961072089271,0.07254572988080926,0.07179391711372285,16.37200253146284
0.01711114029870313,0.21515408352591991,0.5513606905754773,-0.01365125713858647,0.010555679591535952,0.07423984593694617,0.07372405067529297,16.686848733990974
0.017411636052798874,0.2331905296643874,0.5610719260277969,-0.0036803036695497045,0.0066865085088019666,0.07467380249852006,0.07445107694016251,17.001694936519105
0.01833577860355939,0.2542056403620891,0.572305058009993,0.0013633315925062432,0.0017107941005813205,0.07457232279073199,0.07449471451509393,17.316541139047235
0.020192334911981368,0.2615753706326255,0.5638038832658883,-0.0012890272539464035,0.0036178289775395398,0.07436447883220088,0.07417398557641808,17.63138734157537
0.022742749952323355,0.2630145943392581,0.5530128713518094,-0.010305810765111265,0.008200556905433361,0.07390642275998142,0.07341214029770071,17.9462335441035
0.02533386309872904,0.26633779345122227,0.5449486350529166,-0.02093771926297221,0.011340463729779447,0.07257809118634206,0.07178991120817102,18.26107974663163
0.027284237745351183,0.27260119083372863,0.5400673633903215,-0.02756692826474633,0.012544497156194217,0.06969368185174926,0.06881681838759579,18.57592594915976
0.028287069976138016,0.2825029545100285,0.538253679850433,-0.026696314958199224,0.011686938946991113,0.0649682438057908,0.06426456311578777,18.890772151687894
0.02858271869551279,0.29605434876146824,0.5390550446243251,-0.01871916964527451,0.009006865809898703,0.05874873966792603,0.05836687208161395,19.205618354216025
0.028796352092022078,0.31228195288345806,0.5417120743320173,-0.007535832057864495,0.00506855061592903,0.05186841200527445,0.0517621965371895,19.520464556744155
0.02954220994342922,0.3290733363586161,0.5432556873301361,0.001677240179503666,0.0007363701311304806,0.045219314259829446,0.0452030252663711,19.83531075927229
0.03103783240828079,0.3310314222256678,0.529794112739608,0.005227311901044756,0.00340827381101627,0.0393080560904529,0.0391956896179817,20.15015696180042
0.032963233624983386,0.33097316680615196,0.5183877091427727,0.0026610157713934804,0.006318130003298383,0.034061094052885696,0.03378363695493336,20.46500316432855
0.03464907509383948,0.3322113685934519,0.5106759944482797,-0.0033575725839353554,0.007707966960009731,0.028985875324759724,0.02861004475789586,20.779849366856684
0.035478141926619494,0.33516885192961615,0.5061862808458485,-0.00881636797600504,0.007532613882265585,0.02357767744116116,0.023230946747438974,21.094695569384815
0.035256710421285406,0.339913804247042,0.5040295675420142,-0.010648034990488076,0.0060939587371897155,0.017720550839665405,0.01749327198062489,21.409541771912945
0.03433234288833812,0.34595080404763523,0.5033062266003794,-0.008228528722150942,0.003936415312441162,0.011843688169587092,0.01174210011018495,21.72438797444108
0.033388687880377944,0.3521153239738208,0.5031484697835724,-0.0033330999258234543,0.0017144252089062535,0.006746647511290645,0.006717388102449151,22.03923417696921
0.033042200781659425,0.3567797331966889,0.5010636599627444,0.001247441788728201,4.497794660625752e-05,0.003202736225295066,0.0031904691216231296,22.35408037949734
0.033483202635114444,0.35584067452185014,0.49808533589769904,0.0034738275123101367,0.0006929405451550234,0.001573988872349131,0.0015573424502282052,22.66892658202547
0.03437499374975632,0.3553562644217376,0.49845429682348746,0.0031216143275410698,0.0003920468516812782,0.0016565050931493831,0.0016401171374197387,22.983772784553604
0.03506930373545612,0.3523742332864893,0.5012628107146704,0.0015748108785111575,0.0006838847000101039,0.002837635196800629,0.0028231278671174698,23.298618987081735
0.03500837753901413,0.34663751242397484,0.5022264286754538,0.000603503043785279,0.0020294861048106945,0.00446922699246289,0.004442591545955055,23.613465189609865
0.03407436505568397,0.3417737962021724,0.501891589318901,0.0009943664220313606,0.0030421869666416965,0.006242042201138598,0.006189588250219535,23.928311392138
0.03267846868704899,0.33955867386985494,0.5032806613845525,0.0019578963649861643,0.003186701487931935,0.008347726671050704,0.008277186549870752,24.24315759466613
0.03153615896879527,0.34084525252298536,0.5076923527269319,0.0017125368056802013,0.002144997010968886,0.011334411566075307,0.011270031222703536,24.55800379719426
0.03126074509008575,0.34503438875834685,0.5140348392503896,-0.0011335102429316903,7.688270024400013e-05,0.01573621696041904,0.015685365816197283,24.872849999722394
0.03201619137921256,0.33935935285852514,0.5152637667622043,-0.006334488508557482,0.0031220003065915596,0.021690112456781176,0.021614808035788524,25.187696202250525
0.03343595213566806,0.3333464038662712,0.5162654446113114,-0.011790706795015218,0.00636008912642105,0.028767700232041102,0.028598721965917617,25.502542404778655
0.0348567002667978,0.3285986977144565,0.5184327151113655,-0.01463343262264044,0.009044553812878796,0.03613015040643388,0.03582448104506908,25.81738860730679
0.035727738137189706,0.32700481630279515,0.5224486807634399,-0.013031958969774361,0.010490779977292027,0.04292563850019044,0.04252128161615487,26.13223480983492
0.03595106467714886,0.3301856638452071,0.5289650450930653,-0.007606241911542709,0.010227354267420063,0.048699981760313024,0.0483114611810217,26.44708101236305
0.03594730452935334,0.338912547322935,0.5385016021536525,-0.0014668284047748106,0.008104760002210715,0.05357455104254136,0.05331514961886463,26.761927214891184
0.03640608345233974,0.3527175207095432,0.5511302766055726,0.0013203047666663758,0.004353068782581935,0.05807794231092868,0.05796031338368224,27.076773417419314
0.03786950407849304,0.3681267870030787,0.5593271674582098,-0.001929711704861534,0.00044881021901303927,0.06272650211699919,0.06262483282067399,27.391619619947445
0.04040002552535665,0.3663776885126611,0.5534973188420215,-0.010737921346354708,0.005428980270685203,0.06760868245966237,0.06732848532395608,27.70646582247558
0.043535237943051724,0.3660554625870908,0.5490558726538807,-0.021376157363780224,0.009714484427576461,0.07223553951836884,0.07165341469374553,28.02131202500371
0.0465586268781563,0.36862080294862876,0.5469823380752546,-0.02868311840732615,0.012522088606202627,0.07576066814554157,0.07493227933715152,28.33615822753184
0.04892216738094799,0.3753913986936594,0.54774608132817,-0.028850317145792233,0.01334631744672827,0.07744161845029635,0.07658862153127677,28.65100443005997
0.050562834289127105,0.38715419354944836,0.5514420980454837,-0.021607905561770866,0.012027070573773412,0.07705872953772665,0.07643167062012857,28.965850632588104
0.05191972716069709,0.4037425222954435,0.557810592619261,-0.01051813847532788,0.008777442254522483,0.07502971683469588,0.07473948469968306,29.280696835116235
0.053642086715397046,0.42380897991548816,0.5660528108382726,-0.001143000973179577,0.004170593349191375,0.07214740709463961,0.07208713652605259,29.595543037644365
0.05616798880667373,0.4408543467005375,0.5629031826718728,0.0019242418637676765,0.0011237406586439662,0.06910368886178737,0.06902049310058544,29.9103892401725
0.05943258876228915,0.4419211068824613,0.549406150956038,-0.0024907365722875623,0.005806185927677023,0.06609568903078833,0.06576289712519456,30.22523544270063
0.06288506047082171,0.4441509494339833,0.5387353610741059,-0.011576483353254204,0.009355950220110917,0.06275708365042729,0.06212476132977751,30.54008164522876
0.06580373301678272,0.4488032813773738,0.5314728752640248,-0.020141886627172586,0.011153735237579461,0.058452605700910855,0.057672111464761366,30.854927847756894
0.06771596613217394,0.45666163189403364,0.5274329470517378,-0.02345453957864846,0.011012628026926496,0.05274722915064922,0.05205971840773116,31.169774050285024
0.06866587109266206,0.46787207905081846,0.5260429919397719,-0.019705748651246007,0.009111862264975727,0.04575637183741492,0.04533253860956987,31.484620252813155
0.06916783411412816,0.48166056937819957,0.5265313702233482,-0.010771067497697703,0.005945753719572935,0.03816360580689824,0.03800919655357604,31.79946645534129
0.06987713752876304,0.4962925009578046,0.5274815798699806,-0.0009546157129742263,0.0022384139713979025,0.030901748194352114,0.030884677018476747,32.11431265786942
0.07118074805802112,0.5045194687073846,0.5186897726302226,0.005456258719948381,0.0012833961345159533,0.02469651986788584,0.024658268757668966,32.42915886039755
0.07295719835192323,0.5042153163505528,0.508431645279049,0.006400826409799136,0.003814583480617338,0.01974577288957548,0.019605739997139993,32.74400506292568
0.0746493276341914,0.5046272725280879,0.5020241941866723,0.002836853477910285,0.005051998122908523,0.015715596981788992,0.01549795507984486,33.05885126545381
0.07560375685354981,0.5061027446503589,0.4990158847660538,-0.002182868921959499,0.004961872355378407,0.012041807022789541,0.011824088468525784,33.37369746798195
0.07547127538275704,0.5086920090422588,0.498285932425441,-0.005463931033962223,0.0038591849500429257,0.008348839593799172,0.008189295745935188,33.68854367051008
0.07442744443661152,0.5120133092182804,0.49860388604004496,-0.0054491708756490165,0.0022787676788525594,0.004737685106163181,0.004641363563954837,34.00338987303821
0.07308200862713879,0.5151519658494049,0.4986260666086637,-0.0028274206911404285,0.000828839285049279,0.0017784895154471477,0.0017166942742306013,34.31823607556634
0.07213255835232404,0.5168077699850758,0.4972157118206836,0.0002543775585576136,3.8053570910317424e-05,0.00021769696615149152,0.00016739886415872984,34.63308227809447
0.07196995643046353,0.5159066864245305,0.4973403789239594,0.001757461168279158,0.00020983713946632124,0.0005720677392419992,0.0005325717735761293,34.9479284806226
0.07247007940538279,0.5119352392995252,0.5002207350952171,0.0010598316257109791,0.0013256427944959626,0.00284232762672112,0.0028183881410901446,35.26277468315074
0.07309413630455804,0.5056293234428129,0.5028897786890352,-0.0007975420331947387,0.0030407127273776625,0.006508155123688484,0.006486254960899274,35.57762088567887
0.07323648476294269,0.49867362682804944,0.5043670371609218,-0.002022734744505135,0.004783740300494416,0.010806704530999786,0.010756692123181422,35.892467088207
0.07261278407630943,0.4932004775848819,0.5063503650468683,-0.0014959387636078393,0.0059174128891900475,0.015137075755748925,0.015040861705910125,36.20731329073513
0.07145746908258986,0.49105095685838557,0.5101009981832089,0.0002714366860223705,0.005907343128219822,0.019359837767063362,0.01923506434389033,36.52215949326326
0.07041175240254027,0.4931412014717284,0.5166363093430207,0.0013281493879082438,0.004465682852877629,0.023816139255575696,0.02370236595611397,36.83700569579139
0.0701666690859087,0.4991723909045482,0.525883016862255,-0.0004291807895235118,0.0016477547957442341,0.029049506144554094,0.028961310981100552,37.15185189831952
0.07107235850577334,0.49927673745206747,0.5297190412931623,-0.005669789068095516,0.00213226780086051,0.035389413848172846,0.03528009895020068,37.46669810084766
0.07294665157843139,0.49249332030702203,0.5298286362015526,-0.012809706214728295,0.006173203819937292,0.04264556565984502,0.04242565790613373,37.78154430337579
0.07519817526952945,0.48698187868286014,0.5308523505506619,-0.01861243904793468,0.009662270458172055,0.050105113910373845,0.04971441124071452,38.09639050590392
0.07719102106523099,0.4846216548869993,0.5337014848278931,-0.01998770992781125,0.011851396532535065,0.056847666023743366,0.056325439127183685,38.41123670843205
0.0786323466417395,0.48708867411230744,0.5389425000025633,-0.01596312295161387,0.012214122764618505,0.06219816434445196,0.061684002377017544,38.72608291096018
0.0797491475313516,0.49528674532639905,0.5469494192748467,-0.008589325651590665,0.01054982702797904,0.06604583470520277,0.06569205308907478,39.04092911348831
0.0811461574708129,0.5089281110351143,0.5577427054660067,-0.0020917933009436036,0.007038357238059452,0.06883049786486524,0.06868195020228307,39.35577531601645
0.08342928082435108,0.526471857803619,0.5703591405474138,-0.0006118611890789217,0.0022324518828048096,0.0711978399188557,0.07113396939620309,39.67062151854458
0.0868224732369119,0.5333463960247165,0.5626240513114927,-0.005779758972074716,0.003053075057023686,0.07353276652100574,0.0733305119741039,39.98546772107271
0.09101203883338618,0.5322256202366006,0.5547952453818976,-0.01556303482678943,0.007870399784679766,0.0756628121564779,0.07514847303566718,40.30031392360084
0.0953147332216891,0.533471225185794,0.5493576368295054,-0.025161063788118176,0.011395296425072643,0.07692263249985158,0.07610577217612746,40.61516012612897
0.09906784528560526,0.5384978958101315,0.5468515593569814,-0.029534534880057563,0.013044140503378748,0.07654451478810509,0.07563084079988325,40.9300063286571
0.10200299823369008,0.5482609316553633,0.5472973813459815,-0.026172677758812476,0.012572161882564645,0.0741325724301308,0.07339807984450863,41.24485253118523
0.10437568974047351,0.5628345005327668,0.5503607466217951,-0.01651992653115772,0.010101359429390569,0.0699244616342662,0.06953628876358142,41.55969873371337
0.10677310682960209,0.5811460497430749,0.5553389518688362,-0.005232427398982061,0.00611035424889444,0.0646784291743642,0.0645890414685234,41.8745449362415
0.10972016055514189,0.6009566663012507,0.5566107544249683,0.002326309315308645,0.0014251870079843578,0.05925796071272938,0.05924627442102259,42.18939113876963
0.11332658629549044,0.6069244718393738,0.5416411652565324,0.0029419807491682434,0.003361700163949648,0.054172192939367585,0.05399852445487996,42.50423734129776
0.11719157473167442,0.6082791887362728,0.5293843694484902,-0.002830472844662684,0.007008950500929448,0.04935281730564809,0.04891488197219063,42.81908354382589
0.12062363386802959,0.6113934975608519,0.5208292755886758,-0.01114087350439548,0.009129761891808388,0.04429692512012789,0.04367999512842646,43.13392974635402
0.12304012803976222,0.6170942325193434,0.5157452075051367,-0.017068103316147967,0.009493986688510727,0.038477790110577406,0.03787540586952054,43.44877594888216
0.12430206248526579,0.6256253897216,0.5133916643480309,-0.0172873824816185,0.008248648293588528,0.03176491232116837,0.03134044733415875,43.76362215141029
0.12478144068108386,0.6364006682769936,0.5128443133324309,-0.011695518754122435,0.005843385713573398,0.024597759468871966,0.024390363690247052,44.07846835393842
0.12512344092248567,0.6479440862404611,0.5127829514490975,-0.0031814638701678027,0.0029304734291107242,0.017815288976657805,0.017746903747540954,44.39331455646655
0.1258509003548148,0.6581099150948168,0.5077737765445851,0.004184503867220426,0.00027429533403862486,0.012251504440603739,0.012209365160350427,44.70816075899468
0.12705145348035748,0.6586219783883784,0.5001773156048008,0.007415881850919243,0.0016970224320162377,0.008339182776251794,0.008258129984832885,45.02300696152281
0.12833458531191377,0.6585215843777558,0.4962000683248554,0.006043927542699332,0.002466468737691852,0.005948389950057449,0.005833462898997777,45.33785316405094
0.1290818853483911,0.6589047164524008,0.4957244345341412,0.0020075581519759618,0.0021420731466599077,0.004542679037116777,0.004431735562178574,45.65269936657908
0.12883832868548553,0.6597087413452242,0.497398918102511,-0.0017843688819866217,0.0010775293551453869,0.0035524102178044353,0.0034662922712673794,45.96754556910721
0.1276093879970057,0.6597316703194034,0.4992360519063088,-0.003262797315134326,0.00017861262699198066,0.002745005198416916,0.0026716490121363456,46.28239177163534
0.12588634195076767,0.6569251882353094,0.498812813740138,-0.002286280367731891,0.001042896775394952,0.0023794323307467975,0.0022972165765030583,46.59723797416347
0.12438500898411714,0.6557451412299824,0.4984254391100107,-0.0004238339130894191,0.0010509899672870862,0.003058715041625236,0.002965664382899802,46.9120841766916
0.12365367588853705,0.6562645792667673,0.5008272960858534,0.00032197536129904093,1.2494743282577201e-05,0.005366969859931358,0.0052816270435652735,47.22693037921973
0.12378279710741284,0.6499908746486007,0.5052867896110015,-0.0010313065997196054,0.0020244028635167982,0.009499862984812804,0.009433781902670746,47.54177658174787
0.12438761735812487,0.6417251457349398,0.5088431104710779,-0.003769966521891723,0.004551940336829566,0.01510209254228772,0.015036664195297478,47.856622784276
0.12487286904257622,0.6332466903707402,0.511616948114415,-0.006018583472404624,0.006943992271939685,0.02140994994046076,0.02130764256392348,48.17146898680413
0.12482184862431354,0.6267301955549248,0.5150288253135943,-0.0061301030637566254,0.008509485205951706,0.027623668319693283,0.02746719453829627,48.48631518933226
0.12427802331781879,0.624095048800065,0.520092738370985,-0.004004879751704848,0.008688375306400388,0.033298470906233064,0.03311732433951953,48.80116139186039
0.1237497508270884,0.6263535855592243,0.527623751068562,-0.0014169305232404955,0.007191266523754271,0.03852438241332101,0.038373433566796344,49.11600759438852
0.12393250697519491,0.6332664479598944,0.537751047638833,-0.0010303481163614523,0.004088049675468969,0.04378161483243995,0.043681174692220326,49.43085379691666
0.125312356800974,0.6426174845164441,0.5448933134548489,-0.004642692989713119,0.00023656399535998133,0.04955044452734543,0.04944121904601062,49.74569999944479
0.1278875653925553,0.6353605429013224,0.5438545729436846,-0.011758833986317833,0.004882541045352487,0.05590910612022023,0.055673975144029164,50.06054620197292
0.13117626914259867,0.6290503388898946,0.5428601556695015,-0.019486538170538265,0.009138725396044283,0.06237062299466547,0.061921996581188354,50.37539240450105
0.13450685874750995,0.625652465928008,0.5435930183538571,-0.02397685717400871,0.012146166457622636,0.06807033117351971,0.06743927054410181,50.69023860702918
0.1374169964236809,0.6269142593698661,0.546653997981706,-0.02265834320843085,0.013310604962510401,0.07220065264695381,0.07154832893532381,51.00508480955731
0.1399204889043966,0.6339096745834354,0.5523009639786735,-0.015942797141008883,0.012358141437820179,0.07443165805767255,0.07395600361261467,51.31993101208544
0.14247992188131553,0.6465923661039629,0.5604767029503618,-0.007297946862664787,0.009389328074655857,0.075057109973368,0.0748515750911316,51.63477721461358
0.145700905233431,0.6636552473123962,0.5705954831025989,-0.001503125472450618,0.004882944068007531,0.07477086113628072,0.07474048036787129,51.94962341714171
0.1499338830307874,0.6810674651207785,0.5667195214624138,-0.002000182508594279,0.0004836568532606403,0.07420864070919767,0.07411643533831236,52.26446961966984
0.15502729035902751,0.6796865479057497,0.5556227827453633,-0.008855802853710891,0.005497746161303978,0.07354049063048815,0.07316266721832343,52.57931582219797
0.16038407847736685,0.6798540239836831,0.5469960493598244,-0.0185631525047731,0.009538123327144998,0.07237019758216537,0.07165309331829894,52.8941620247261
0.1652875268450592,0.6832239056862176,0.5415202181719778,-0.02586762280905103,0.011876943388848413,0.07000488078217382,0.06910931350015792,53.20900822725423
0.16929692936383703,0.6908818319575182,0.5391674699217613,-0.02661775305375182,0.012195269855145912,0.06592410924986039,0.06512289261277193,53.52385442978237
0.17247183229120736,0.703108401746718,0.5394849964115012,-0.020033267274192367,0.010539163380637213,0.06015435219397693,0.05965576329154909,53.8387006323105
0.17529022992985177,0.719090592140972,0.5417302022590897,-0.009113751219004004,0.0073032211472506825,0.053317957374334625,0.05313995431384355,54.15354683483863
0.1783143692309403,0.7369357437044936,0.5437938700261759,0.0010204395827748567,0.0031812217475786623,0.04633105117915449,0.04630991672587792,54.46839303736676
0.18181136789077404,0.7498618896939938,0.5308994026526183,0.005893906836069447,0.0011811428219697913,0.039939696793730335,0.0398566750949122,54.78323923989489
0.18556142919629115,0.7507537449058225,0.5182697736629387,0.003992477163084686,0.004555708805489146,0.034376290638215366,0.03410396026017004,55.09808544242302
0.18896979540506023,0.7526185141106976,0.509598583405038,-0.0026219963236084947,0.006683209241998031,0.029336693226076745,0.028902774286370447,55.41293164495116
0.19141221021069083,0.7563501711264972,0.5046913105720716,-0.00964996479485459,0.007274275331103965,0.024278913420701556,0.023816080866460143,55.72777784747929
0.19260208938249188,0.7622346350563698,0.5026210577382277,-0.01299923213965095,0.006470341920367231,0.018851912491562213,0.018488152147400738,56.04262405000742
0.1927568276095227,0.7698359065260361,0.5021718139370935,-0.0109272992703554,0.00470327363694919,0.013193828793190648,0.012972099898582612,56.35747025253555
0.19246520465986908,0.7779224300781256,0.5017449273752559,-0.004735559181731307,0.002576291742726234,0.00792727782177307,0.007805449283187493,56.67231645506368
0.19233935339450753,0.7847216807512716,0.4986001511084705,0.002242834824925073,0.000727153443855106,0.003863302847622975,0.0037745345176398715,56.98716265759181
0.19266254605361485,0.7871669849788103,0.49467881849703227,0.006654378575586508,0.000349700349376804,0.0015923271313863206,0.0015033611413561854,57.30200886011994
0.19324330890489688,0.7869151530638278,0.4940117603589339,0.006931402820192738,0.0003940225612642089,0.0011975021825012615,0.001118105527599056,57.61685506264808
0.19356070893487265,0.7849075697988791,0.4968437992326863,0.0039013521632143655,0.0004633607841880556,0.002249121459240706,0.0021978667882562863,57.93170126517621
0.19311155685123657,0.7793255697059123,0.5016201171766858,-3.551166636148626e-05,0.0018047268931293354,0.004077209740856443,0.004046824256863091,58.24654746770434
0.19175072340709942,0.7736657382271017,0.5033962291699037,-0.0025508352960237064,0.0030449451983009797,0.00616336899262014,0.006121392952944671,58.56139367023247
0.1898206961863797,0.7697125624819228,0.5029561629115837,-0.0028032907641804042,0.003601224724495187,0.00842702546292703,0.008347103748085338,58.8762398727606
0.18799240942605713,0.7684158456144555,0.504455593532232,-0.0017744808376292168,0.0030500976788241656,0.01124136989140051,0.011128705524883875,59.19108607528873
0.18691117391271952,0.769702833608809,0.5087479922794536,-0.0013838476222831266,0.0012483324591496866,0.01516818093609929,0.015049988800957093,59.50593227781687
0.18685707516560837,0.7662639592063016,0.5145952179013916,-0.0030132200812148574,0.0016069288512151206,0.020563216280165185,0.020452985444519123,59.820778480345
0.1876204178684329,0.7561191273879879,0.5190569929415014,-0.006435181968263819,0.004989930705886121,0.027282773755685455,0.027157284233557788,60.13562468287313
0.18866553869459038,0.7459904875427698,0.5224168420913191,-0.009874179343743366,0.008178761029969221,0.03466970612657273,0.03448834457243399,60.45047088540126
0.18948563997637022,0.7380861554494965,0.5262793300769729,-0.011197111304861805,0.010419096711471957,0.04183860131932961,0.041591784055190706,60.76531708792939
0.18993723463961176,0.734416658780086,0.5316096384067999,-0.009478300596302692,0.011103041752642614,0.04810208066814841,0.04784004090599925,61.08016329045752
0.19035308635130938,0.7361348814538609,0.5390619450219225,-0.0058861055160431075,0.00990630750200538,0.05328760880509224,0.053090400949036276,61.39500949298565
0.19136314209674332,0.7431408996918801,0.5487861707559197,-0.003211755086859539,0.006872994872339943,0.05774931899005888,0.05765127308725493,61.70985569551379
0.1935280779288219,0.7541043707549145,0.557626085436353,-0.0042106339823420194,0.0024352050087961233,0.06205918977713083,0.06199104182540527,62.02470189804192
0.1970046686411777,0.7562161648670472,0.5558045834218108,-0.00973293291502209,0.0026890945025983635,0.06656160828654824,0.06637190472855437,62.33954810057005
0.20144524969891345,0.7492678573737195,0.5521515122104673,-0.017851681847055295,0.007560417273277497,0.07106800077248679,0.07062535605235254,62.65439430309818
0.20619339330712036,0.7447924525807016,0.5500973669368824,-0.024659065665747437,0.011336129660174412,0.07488852172114169,0.07419425092602638,62.96924050562631
0.2106587908485441,0.744607798601588,0.5504160846971569,-0.026393617474879068,0.013349025666011247,0.07719039311290345,0.07640927195628622,63.28408670815444
0.21464511672444722,0.749962744308129,0.5532914915252866,-0.021696941883844544,0.013244367920036863,0.07746652798194976,0.07683682159051952,63.59893291068258
0.21843238614096483,0.7610729133568314,0.5585611904367549,-0.012630491458645273,0.011031576050266077,0.07582462115938453,0.07550057585698344,63.91377911321071
0.22256426703813692,0.7769089290151069,0.5657001114226925,-0.0037510217512946495,0.007095601756035244,0.07291505228518547,0.07285403086207332,64.22862531573884
0.22747108615736986,0.7953466938629681,0.5653472118769266,0.0003230196080771071,0.0021683960319523587,0.06954049495076274,0.06952237705706454,64.54347151826697
0.23316037820448124,0.8022071495671709,0.551403569504142,-0.0025027641990420456,0.0029863412276742232,0.06619003534136347,0.06596196482234595,64.8583177207951
0.23916547661780713,0.8016726284606978,0.540087656868829,-0.010558929794470644,0.00725494919898046,0.06278747938818625,0.06223334359330035,65.17316392332323
0.2447835982180699,0.8036336413653893,0.5322542314848037,-0.019263883802012525,0.010051517386601854,0.05880650996518517,0.05802103410001991,65.48801012585136
0.24945689115732017,0.8092733761009794,0.5278650004429569,-0.02360641814083519,0.01099051070829082,0.053673745575273345,0.052891836418684335,65.80285632837949
0.2530635511821564,0.8190275907330281,0.5263221754097659,-0.02086064063239136,0.010064200382362868,0.047204107349616074,0.046641934803518414,66.11770253090762
0.255943702749784,0.8323048686814455,0.5267205321376268,-0.012017309031353495,0.007606379956304242,0.03980038291973466,0.0395242263333877,66.43254873343575
0.258648701630674,0.8474649779121292,0.5272734035754362,-0.0011681398079656856,0.004229009415786723,0.03230084024443361,0.03221058247045727,66.7473949359639
0.26157090874311756,0.8620574121527884,0.518706495411576,0.006756881648435234,0.00077966810766863,0.025574391442411182,0.025498510489015747,67.06224113849203
0.26468142461027977,0.8652812607291642,0.5072297464156382,0.008600235975609603,0.002322489666161061,0.020109496877078744,0.01992956240093635,67.37708734102016
0.2675346172838116,0.866264299933981,0.49961407486347653,0.004499371993327297,0.004129469835452143,0.015837162783654657,0.015550131307335513,67.69193354354829
0.26953414210377197,0.8683869748935275,0.4959735726781133,-0.002444514346729372,0.004631758534578898,0.012281018834782753,0.011967264286925183,68.00677974607642
0.2702964961475833,0.8719090647445946,0.4952227599605472,-0.008052107461476582,0.003991266052986857,0.008932325965602372,0.008672886279532555,68.32162594860455
0.2698912445217558,0.8764879813304434,0.495724936627117,-0.0093693446278884,0.0026482934040865385,0.005621645448321129,0.005438733290581199,68.63647215113268
0.268814515559585,0.8811049883249936,0.49546970359930104,-0.00610186049981195,0.001179611316669359,0.002670910407147459,0.0025327259673055824,68.95131835366081
0.2677144663678,0.8842297893192582,0.4935460485139205,-0.00047063623076801236,0.00015480932635486653,0.0007441140811347946,0.0006139444507693437,69.26616455618894
0.26703504201142586,0.884513186203626,0.49270988979442837,0.004291432832729469,1.8790092079965727e-05,0.0004884415446439773,0.0003640147980876751,69.58101075871707
0.2667904213460809,0.8811776746914017,0.4953217530756079,0.005842222337696767,0.0008210483789732663,0.002172958395941244,0.002080736928350868,69.8958569612452
0.26660247278088917,0.8745744704797858,0.5014405977658281,0.0039202708665634495,0.002437368467277313,0.005529882804833815,0.005487083915371116,70.21070316377333
0.2659765342396559,0.8663283007581603,0.5087755550071729,0.00019738563385388174,0.004341216322225924,0.009888783775926346,0.009876108448245047,70.52554936630148
0.2646495376043632,0.858570143601417,0.5100233368024094,-0.0030074948463727175,0.005888604584117407,0.014529183920340884,0.01450287050134147,70.8403955688296
0.2628017208532943,0.8532212255478788,0.5114319872700365,-0.004283417654120399,0.006471328832925816,0.01905135278258707,0.018981200652215646,71.15524177135774
0.26100414180834625,0.8513523260586034,0.5146649732879544,-0.003957921064004768,0.00567663899198272,0.023550275780693575,0.023443060607841293,71.47008797388587
0.25993116675229405,0.8529141498236988,0.5201832054729307,-0.003701044992888782,0.0034015572106216208,0.02848721419918524,0.028369397083750858,71.784934176414
0.26000696165020554,0.8562494016111968,0.5267039879990244,-0.005199772609880027,0.00022229119559156942,0.034328938268014766,0.03420500221333456,72.09978037894213
0.26119482499783714,0.8447879519792203,0.5313467915260167,-0.008805998492174057,0.004259805497606991,0.041165974124054344,0.04099750644866873,72.41462658147026
0.26305440131870605,0.8331161218093291,0.5343935334609059,-0.013092062609328535,0.008261326641619148,0.048542230775929396,0.048277460235768066,72.72947278399839
0.2650334632711391,0.8236714511747724,0.5377259873879632,-0.015673792098393438,0.011305023170944457,0.0556102892219337,0.05524457368707991,73.04431898652652
0.2668208736708051,0.8185558500963033,0.5423756528282915,-0.01482727222518223,0.012722588708063639,0.06153281993025027,0.06114240551722594,73.35916518905465
0.26854884577708804,0.8190976841695548,0.548878348903194,-0.010854563102695487,0.012130045706659659,0.06589500043101577,0.0655992110483059,73.67401139158278
0.2707207920993396,0.8254103742201939,0.5573480797053262,-0.006232542582306875,0.009509975823879213,0.06887515383657972,0.06874221048427631,73.98885759411091
0.27390561252808354,0.8363365890581511,0.5660978712005521,-0.00430460359846927,0.005235485800169115,0.0710619006668394,0.0710311740442724,74.30370379663904
0.278381691504124,0.8495523250951902,0.5639160594076692,-0.007219589308628909,0.00010828035259188482,0.07302506615931538,0.07291939916783452,74.61854999916719
0.28394636509159915,0.8425884230180958,0.5571297872193627,-0.014380544204927216,0.005247020843945363,0.07490619685195245,0.07454295488856788,74.93339620169532
0.2900075605657378,0.8372141833602402,0.5518574880009977,-0.022446072409417202,0.009635231667281365,0.07628731142338714,0.07561490844222285,75.24824240422345
0.29590325920783245,0.8356037744773794,0.5491600220189201,-0.02702517807554271,0.01241992624819965,0.07642416014215889,0.07558010178961383,75.56308860675158
0.30125579321423523,0.8391607767358656,0.5491965941314215,-0.025161372526915374,0.013167690228597711,0.0747013880902252,0.07393850864587836,75.87793480927971
0.3061467152534401,0.848345470759086,0.5516777539739511,-0.01716118451772271,0.011801847811678392,0.07102688133770894,0.07055158738204104,76.19278101180784
0.3110075904026372,0.8624081756271703,0.5560104795449242,-0.006639711506493624,0.008613901986223558,0.06591989282329146,0.065755599707634,76.50762721433597
0.3162960231329518,0.8794763433627906,0.5587970113468425,0.001330790465835541,0.00423521720252335,0.060238914132108475,0.060213690686882426,76.8224734168641
0.32215780299873864,0.8945652744630385,0.5430497854855835,0.002965978529627356,0.0007700450157795614,0.05471979445231955,0.05458746851608853,77.13731961939223
0.32828369119354334,0.8940642338970343,0.5298270622886896,-0.002143877174049247,0.0048017242982099344,0.04960990568703208,0.04921635444925432,77.45216582192036
0.3340482514444047,0.8949912103949564,0.5204435810934905,-0.010797424814634781,0.007755479857103947,0.04461836426520656,0.04399452406724491,77.76701202444849
0.3388440713185809,0.8988584381943973,0.5149105574727655,-0.017929229514284144,0.009061536037985242,0.03920138409907461,0.0385236414206408,78.08185822697662
0.3424061478372979,0.9061993185797012,0.5124890055680883,-0.019348337709951993,0.008681561633527443,0.03299676210194607,0.03245519023029153,78.39670442950475
0.3449302830265455,0.9165982667185656,0.5120172224867928,-0.013941808450652671,0.0069152013209660326,0.026139108723801204,0.02581615948409821,78.7115506320329
0.34691778711600346,0.9286430503588288,0.5115957333876616,-0.0041586108681014,0.004317212003513475,0.019270237712127523,0.019112794846139813,79.02639683456103
0.34884576248040594,0.9402309536485014,0.5063198677376628,0.005421578000814112,0.0015898388753044594,0.013247153431920546,0.01313587791419324,79.34124303708916
0.35086594582952146,0.9466867438347476,0.49791407412183925,0.010574729491015851,0.0007009518052490054,0.008726724377633284,0.008574688981854983,79.65608923961729
0.3527143762659462,0.9471586329907683,0.4926056097163749,0.009580316545441852,0.0018843484047226288,0.005870296598184924,0.005672398725560024,79.97093544214542
0.35388381916813993,0.9481242361645461,0.4912401717027133,0.003896812518122931,0.001980865306546914,0.004332784038925231,0.004139137637309442,80.28578164467355
0.3539513442990046,0.9497589950539637,0.4926651930846954,-0.002897317792982096,0.0011889837568426409,0.003531485321921224,0.0033832005237115492,80.60062784720168
0.35286143604865916,0.951311149305532,0.49468349768164727,-0.007193185130822257,2.0688589046166135e-05,0.0030306909226922797,0.0029204707346953684,80.91547404972981
0.350994535141199,0.9490895909755617,0.49493518341389364,-0.007252779895752047,0.0010555808991550902,0.0028182292383175135,0.002706016951776413,81.23032025225794
0.348981476251761,0.9475035388909488,0.49416995714996914,-0.003899171166175753,0.0014089711354909468,0.0033177415184588803,0.0031774628276700634,81.54516645478607
0.3473757487016225,0.94702853649233,0.4953852448478889,0.00027629933337490714,0.0007414519249463148,0.005132542115530692,0.0049800665722409265,81.8600126573142
0.34637819759334343,0.943306542741923,0.5000891133588612,0.0026091996942358125,0.0009889304160411228,0.008668110139525769,0.00854375288780751,82.17485885984233
0.34577595404990175,0.9336046784748755,0.5077905106181345,0.001906320961126054,0.003476163592116737,0.013849575590660421,0.013775272052180432,82.48970506237046
0.3451299253520812,0.9225358206023806,0.5153639691845066,-0.0010571837273644373,0.006142013219977036,0.02010039046695278,0.020056111505712404,82.8045512648986
0.3440979639269822,0.9123540665060785,0.5196175424104068,-0.004307113206383986,0.008274505667596377,0.02660272723579674,0.02654600535699636,83.11939746742674
0.3427000233796994,0.9051488175307036,0.5230767993101875,-0.006137108619739029,0.009218596656405098,0.032696358108300995,0.0326042390367538,83.43424366995487
0.34136525324638545,0.9021592043503595,0.5276082893495776,-0.006284767643743132,0.008539439719523636,0.03818501799240477,0.038073595339617405,83.749089872483
0.34073004641189414,0.9034368953793497,0.5336905291215259,-0.006039596958650569,0.006134388101653607,0.04336522464882075,0.043262923009381504,84.06393607501113
0.3413044219253459,0.9079262928400735,0.5400160706021038,-0.007216852032375975,0.0022883819507615684,0.048753090144828246,0.048651391334670224,84.37878227753926
0.34320359072761336,0.9042490535707837,0.5437013744919418,-0.010692364392086044,0.002467595117896914,0.054668041603600843,0.05450194095047722,84.69362848006739
0.3461044759829792,0.8913664438407711,0.5452645459400621,-0.015514014728572452,0.007164732431917682,0.060926693627189464,0.060616270576540954,85.00847468259552
0.3494543976376561,0.8804533102093811,0.5469925087116406,-0.019265689577249723,0.011013898182590225,0.0668424319240512,0.06637046067424757,85.32332088512365
0.35280865397826217,0.873706035577286,0.5500536767353991,-0.019552427086805328,0.01327300269873733,0.07154433430022929,0.07100224431757185,85.63816708765178
0.3560948901025845,0.8726410252402946,0.5549025924833118,-0.015701012803440557,0.01348526592626683,0.07442982290669677,0.07397849321014749,85.95301329017991
0.35964401596884166,0.8776288838823454,0.561581151984607,-0.009538460204898805,0.011551232533784107,0.07547415068100359,0.0752330153392442,86.26785949270804
0.3639674792140568,0.8877571158884909,0.5692778716042195,-0.00461556443685415,0.0077582754990618945,0.075201122055453,0.07514568969551239,86.58270569523617
0.3694152431019168,0.9011014355509822,0.5674933756646177,-0.004207748990599249,0.0027475721248743103,0.07432896664839825,0.07428339423164987,86.89755189776432
0.3759227960679245,0.9049285213830482,0.5572722793393559,-0.00924921613765981,0.002604655079919723,0.0733110068304047,0.07305583495923607,87.21239810029245
0.3830021608443519,0.8990374191021051,0.5486014353053495,-0.017493117216517178,0.007360174113884947,0.07205853248819555,0.07148338636512608,87.52724430282058
0.3899832294870987,0.8962599976250447,0.542861351059921,-0.02451622086421394,0.010731214522151753,0.07001829363543875,0.06920814101304407,87.84209050534871
0.3963591188926334,0.8981201831736706,0.5402352744501373,-0.026092480474687704,0.012213925897649252,0.06655375721141535,0.06574124932538761,88.15693670787684
0.402026346299783,0.9052827418640795,0.5403017794933799,-0.020609053967765672,0.011659453883310604,0.06139033377121919,0.060804582561292286,88.47178291040497
0.4072759405846261,0.9172486676279745,0.5422816777017947,-0.010115626822261737,0.009281668860944432,0.054847927027833254,0.05456717858156179,88.7866291129331
0.41254491076970085,0.932378649612512,0.5441909798324785,0.0006483465615559619,0.005625429205789441,0.04771968734143601,0.04763210797899009,89.10147531546123
0.41808430937317703,0.948217694198501,0.5319868991954911,0.006746403650474988,0.001524263202044684,0.04087622604719841,0.04077173695648584,89.41632151798936
0.4237497535778651,0.9531572104402093,0.5181118233859411,0.005675732567976037,0.0024828935027144273,0.034840557761551885,0.03456042386361913,89.73116772051749
0.4290425059786928,0.9534997140766746,0.5081952868868921,-0.0013278461546980865,0.005254125159833745,0.029588730809916152,0.029122583003230895,90.04601392304562
0.4333736211091927,0.9559634569730908,0.5024793199886071,-0.01001467499909611,0.006617454430553463,0.024684585757042663,0.024152558324763485,90.36086012557375
0.43638768629051333,0.9611258709490741,0.5001353050211712,-0.015436846135317867,0.006524102486686168,0.01965235776349876,0.019200779363905518,90.67570632810188
0.4381494170702167,0.9686916632191415,0.49971198956637186,-0.014554537755928982,0.005267559875930552,0.01435508463757902,0.014054158799632677,90.99055253063003
0.43908330895769954,0.977450857280169,0.49914849798766725,-0.007725126398665581,0.003369215523086479,0.00915509230386274,0.008972671684422395,91.30539873315816
0.4397076609158912,0.9855397048425737,0.49589233015987183,0.001665926467153253,0.001456713392880225,0.004769524869470792,0.004625657424653484,91.62024493568629
0.440327039386972,0.9909814162546178,0.4913272484572579,0.009136271630970354,0.0001475052165308831,0.0019124388626611175,0.0017559671792024556,91.93509113821442
0.440868983570029,0.991552903396932,0.48941332257584036,0.011479173941170973,0.00031419589863543334,0.0009332393442593926,0.0007742338485583478,92.24993734074255
0.44096072831332916,0.9907426227971793,0.4912921563966687,0.008283763375716386,0.0002616542217713019,0.001656953856058534,0.001536429588779309,92.56478354327068
0.440195940516497,0.9861374035592264,0.49583498666694215,0.001853094436368292,0.0015095588231127583,0.003512581843171575,0.0034477011792155565,92.87962974579881
0.4384281762733985,0.9807064189694789,0.49992631874350313,-0.004305283853508425,0.0028950396437467402,0.005871452576121976,0.005831000857143165,93.19447594832694
0.43591397547330685,0.9761275861121387,0.5006879760840224,-0.007470867558626057,0.003813889246034585,0.008400334199871575,0.008331192515043884,93.50932215085507
0.4332201794202664,0.9733656283411622,0.5008698844842957,-0.0070439724538658354,0.0037609313704831827,0.011227455855452437,0.011102815348212669,93.8241683533832
0.4309505819943767,0.9725165504185186,0.5032610745241066,-0.004538790304947275,0.0024597677533903023,0.014825552410471947,0.014666514263281805,94.13901455591133
0.4294531005285204,0.9727063331509634,0.5088000474694188,-0.0023679283293925064,7.305652624384743e-05,0.01967637055645147,0.01952661723606619,94.45386075843946
0.42867929449926423,0.9602763867155938,0.5167385357820174,-0.002244886864778823,0.003386431561597498,0.025908730631335114,0.025788871459208718,94.7687069609676
0.428278087314904,0.9465049400587852,0.5245771955460519,-0.00420814460727967,0.00689185863307885,0.0331248821478784,0.03301315710907293,95.08355316349574
0.4278673288476104,0.9338039571392235,0.5304459244285478,-0.006835725186579554,0.009789093600775687,0.04052830178108804,0.040387770918509314,95.39839936602387
0.4273209179954056,0.9244201493107328,0.5353981161328374,-0.008439895584904423,0.011365552399054646,0.0472907788957834,0.04711527635209145,95.713245568552
0.4268985808888312,0.9197956072973266,0.5408084293394324,-0.008394396516449711,0.011138890156726072,0.05294801939320366,0.052776929767033964,96.02809177108013
0.42713781440884996,0.9201633037804984,0.547100220038645,-0.0076627190483653206,0.008968020714222726,0.057585473924475286,0.057464596914515886,96.34293797360826
0.4285691197647023,0.9245689452565522,0.5528386316112983,-0.008130441327840111,0.005102552408271204,0.06169547828064897,0.06161494297549852,96.65778417613639
0.431422258260803,0.9307171453722135,0.5546161204257247,-0.0111591721837331,0.0004255865917776169,0.06578620030836381,0.06565660815592411,96.97263037866452
0.4354986832710181,0.9180966694795485,0.5534552488122109,-0.016343656785053076,0.005114816959214338,0.0699801507597147,0.0696829570969737,97.28747658119265
0.44028788131111873,0.9059931921259028,0.5524539234111921,-0.02138499530184783,0.009656854045838529,0.07385414743811107,0.07333820744357544,97.60232278372078
0.44525983688059195,0.8976729300515581,0.5530233621417899,-0.023305831222314985,0.01274287845785241,0.07662891633102323,0.07597599301601177,97.91716898624891
0.450158913946613,0.894838092512765,0.5555864337237814,-0.020342356832343582,0.01383603384105901,0.07759941340853072,0.07699404514010688,98.23201518877704
0.4551218744201314,0.8981270132575737,0.5600782463429608,-0.013325153177304264,0.012748553539627061,0.07654186461107594,0.07615268008392295,98.54686139130517
0.4605484946242884,0.9069055591368487,0.5660451183895698,-0.005578330083108067,0.009672068206182613,0.07384273011474511,0.07369784980649796,98.86170759383332
0.46680425138669274,0.9194446241877239,0.5666606197017485,-0.0012368093352013638,0.005160070580531413,0.07026747895184343,0.07022149001656386,99.17655379636145
0.47393787308068047,0.9328973326733964,0.5530235637890522,-0.002881630479763557,0.0002523821385963812,0.06651394155528738,0.06634003964125124,99.49139999888958
0.4815875751689734,0.9276680474432882,0.5411554110103581,-0.009885848498721438,0.004801784636903599,0.06282909122749154,0.06237477217220144,99.80624620141771
0.48913379311402144,0.9241830804994908,0.5326478889219911,-0.018514551330014298,0.008484286919363884,0.05892415208279302,0.05821788716433718,100.12109240394584
0.49600516731517547,0.9246660759353804,0.5277553210640732,-0.023821822816749796,0.010481251123079698,0.054232937533253145,0.05346408329619157,100.43593860647397
0.5019516616911456,0.929930473677816,0.5259516231541729,-0.022329447666525698,0.010591019509547757,0.04834570751095618,0.04773402253616643,100.7507848090021
0.5071206225121532,0.9396827455930703,0.5262198898706267,-0.013987567515178913,0.00897226123925648,0.04134774379808056,0.04099948810042542,101.06563101153023
0.5118939356969655,0.9524976205867434,0.5265717323005721,-0.002297682897919413,0.006101453342845684,0.03385755877512876,0.033710857024968455,101.38047721405836
0.5165911500136536,0.9661576313942439,0.5191624927138695,0.0074925611004148995,0.0026954870408453895,0.026748041220515138,0.026638773713154595,101.69532341658649
0.5212238277639554,0.9759619520364359,0.5068001356444122,0.011131173885304813,0.0007449801125254483,0.020725373846261982,0.02051404767692311,102.01016961911462
0.5254516356154201,0.9762923175297583,0.4976980717984121,0.0075377713042813635,0.0029323614277415007,0.01601845168769097,0.01567928849867284,102.32501582164275
0.5287642215213307,0.9777820086558141,0.49289338359626006,-0.0007459771830707415,0.004022656351515006,0.012354534571172108,0.011967536282738056,102.63986202417088
0.5307746540284755,0.9811520595109058,0.4915906467761643,-0.009015240794921081,0.003904748650487939,0.00922066779990402,0.008888534322374575,102.95470822669903
0.5314449889035443,0.9861614118755225,0.4920621195785277,-0.012917382492050536,0.0028961063306385867,0.006245396322272106,0.006011831522563904,103.26955442922716
0.531109496886091,0.9917552805764788,0.4920624865521141,-0.010646206114729618,0.0015125296621304478,0.003474924248908872,0.0033079911246322036,103.58440063175529
0.5302854579192412,0.9962744732673567,0.490268993200319,-0.003680273165782369,0.00033038411161102584,0.0013876765459092252,0.0012292720862698836,103.89924683428342
0.5293885166659444,0.9974734128082386,0.48865420575125884,0.004232164811751313,0.00015428130457785012,0.0006441246751182998,0.0004714427244342234,104.21409303681155
0.5285240296289629,0.9960340138092029,0.490020907992173,0.009186234185535973,0.00034925860987497845,0.001717839716100008,0.001560217907510486,104.52893923933968
0.5274772183863002,0.9902874942223621,0.49533462037862286,0.009127342807163112,0.0017595291149211658,0.004618858812029819,0.004520160736507184,104.84378544186781
0.5259042133698868,0.9821394742410309,0.5037815863715754,0.004685671472991073,0.0037043033018997473,0.008867630438274465,0.008834980745401566,105.15863164439594
0.5236061606758697,0.9735889065799647,0.5112966529818767,-0.001509281375340035,0.0055689138690874175,0.013736336823885666,0.013725524796970978,105.47347784692407
0.5207204983470506,0.9665268888284541,0.5119547908183889,-0.006512065513693475,0.006699568078815385,0.018622247473662812,0.018572725568253512,105.7883240494522
0.5177142254687142,0.9620996237474462,0.5128244385395764,-0.008700007885111752,0.00657720685199469,0.023340017333673788,0.023224713328066304,106.10317025198033
0.5151817604446123,0.9604566993700459,0.5157133089186168,-0.0084326052332526,0.004948594947985799,0.028161900647620693,0.028003655904907165,106.41801645450846
0.5135650736450714,0.9608869564663572,0.5210631697041258,-0.007441330031715373,0.0019077997905379326,0.03357669839508127,0.03341616113072776,106.73286265703659
0.512959597063929,0.9537159208145237,0.5280769820993202,-0.0074442905182513725,0.0021514152423864306,0.03990330755760693,0.03975112488260679,107.04770885956474
0.5131196763751116,0.9376483729466931,0.5349227851728077,-0.008934521743573402,0.0064386104562575135,0.046988348834952225,0.0468112475171385,107.36255506209287
0.5136603227571432,0.9225868524443213,0.5406000817792432,-0.010939611692557197,0.010159722100306058,0.054178350152052655,0.05393646443182143,107.677401264621
0.5143354107485136,0.9109185717467508,0.5457693290513311,-0.011885372232951764,0.012535016617496569,0.06059825219024582,0.060298900209381334,107.99224746714913
0.5152254588889825,0.9043012361788768,0.551320682922534,-0.010939496204712304,0.013018938583781387,0.0655792516916466,0.06529045861280047,108.30709366967726
0.5167203571792288,0.9032072541318589,0.5575470715616517,-0.008862303325811357,0.011404887478044246,0.06897846652445529,0.06877806283193788,108.62193987220539
0.5193043687655694,0.9068694869731954,0.5630560486505131,-0.007698418687270703,0.007875260270041885,0.0711908854240457,0.0710877462854107,108.93678607473352
0.5232700232311325,0.9136054616081033,0.5628940845988952,-0.009421980076986384,0.0029913732664741555,0.07284090968383636,0.0727391116489583,109.25163227726165
0.5285321222566027,0.9116202208301555,0.5581299046906355,-0.014393229216539504,0.002488327543510267,0.07434132170146038,0.07409101177279798,109.56647847978978
0.5346549710186317,0.8988089337009729,0.5535049751930444,-0.020695938344403468,0.00750675986114577,0.07559430391838609,0.07510238424615667,109.88132468231791
0.5410785525178067,0.8892190038188941,0.5508427736856811,-0.024933167006166535,0.011288553545113445,0.07602440157802248,0.07534133939155163,110.19617088484604
0.547408742069739,0.8847303374937926,0.550612191333505,-0.024142193467620254,0.013212416717411244,0.0749268676772608,0.07423399779198336,110.51101708737417
0.5535967349318162,0.8862339100516575,0.5526345616127379,-0.01771791556730369,0.013004766306222798,0.07191544169777578,0.0714100655360086,110.82586328990232
0.5598998423387973,0.8933715358528964,0.5563871813845955,-0.00812021920042486,0.010765790445293915,0.06718937808447101,0.06694736045453731,111.14070949243045
0.5666498924608926,0.9046304863456223,0.5608896113389188,0.00019638248473944408,0.0069583143129260125,0.061453648974315926,0.061373073108642484,111.45555569495858
0.5739738264750264,0.9177720545329315,0.5453201883448046,0.0031313926844536086,0.0023489387541985748,0.055545193772713095,0.05541675824977699,111.7704018974867
0.5816398213904154,0.921681591569838,0.531047165440144,-0.0007418926298276586,0.002289645063222618,0.04999970700814512,0.04965369705112166,112.08524810001484
0.58912377377719,0.9180945787197992,0.5204713608113254,-0.009237837324388905,0.005943662983815871,0.04482331293684909,0.04424509392675702,112.40009430254297
0.5958548434463764,0.9176835106942773,0.513990548385011,-0.017594667837484722,0.008155689349039673,0.03959905814833865,0.0389306331222693,112.7149405050711
0.6014897225454493,0.921360438410098,0.5110376597683879,-0.020960413584500116,0.008689145194126068,0.03385025422270385,0.03328298523956008,113.02978670759923
0.606049977113007,0.9289782622200117,0.5103804390880758,-0.01697631408977581,0.007675138383412512,0.02743118646754635,0.027074732585484096,113.34463291012736
0.6098431192892781,0.9392982375446411,0.5099887591356351,-0.007042660077188142,0.0055438510648806345,0.020708431213834047,0.020532216628647237,113.65947911265549
0.613221419720278,0.9502912499718255,0.5056443477978886,0.004415977056168801,0.0029339925589281614,0.014430030204133307,0.014311110866394472,113.97432531518362
0.6163301652850915,0.9596510190281227,0.4970696750970804,0.012264733948476289,0.0006109004553288683,0.009368434900628846,0.009196359486064232,114.28917151771175
0.618999779362249,0.9618368844514383,0.49042264634121213,0.013281215545884089,0.001155069221845874,0.00595200114860967,0.005703771234868205,114.60401772023988
0.6208445756864042,0.9627455479644231,0.4877945383262353,0.007690553773288216,0.0016753287796647288,0.004096787677574194,0.0038294971943806377,114.91886392276803
0.6215037270404914,0.9647816760451159,0.48859153320073984,-0.001145046350609821,0.0012154502773692386,0.0033259672162828367,0.0031072832915517434,115.23371012529616
0.6208757404247428,0.9676658631013912,0.49079534195920294,-0.008623910941906884,0.00014503948619891304,0.0030975641399477,0.002942064182148041,115.54855632782429
0.6192053648342275,0.9665639328039803,0.49182671396185595,-0.011307338196710872,0.0009985676026587663,0.003147668676146565,0.0030127067854879286,115.86340253035242
0.6169732439283155,0.965264684130055,0.49117414942562876,-0.00854142498319301,0.0016563381713843672,0.0036535675081617704,0.0034898528174640564,116.17824873288055
0.6146567653606285,0.9645696735790745,0.49137989747866473,-0.0025044701987530452,0.0014019580437435863,0.0051253068075364765,0.004929132848228268,116.49309493540868
0.6125053401122778,0.9641375855202253,0.49479264286334457,0.0032229989375045817,0.00011492292851407538,0.008087158645063418,0.007904541236817275,116.80794113793681
0.6104621468625712,0.9550867310706467,0.5021715529388185,0.005676560313783686,0.0022580999660145643,0.012730350990346723,0.012611346676108415,117.12278734046494
0.6082755352731118,0.9433650930755668,0.5127389159750586,0.003965570032435435,0.005033873140279425,0.018738844478208453,0.018687030118608394,117.43763354299307
0.6057302936835002,0.93148615327167,0.5231388145499942,-0.0005797040659335644,0.0075991202758909976,0.025395662095323637,0.02536087568403589,117.7524797455212
0.6028586201431704,0.9215746933428457,0.5257922453833277,-0.005517264959635455,0.009238570081963758,0.03191716847148994,0.03183794192381506,118.06732594804933
0.6000034829778432,0.9150039806841421,0.5277189088607597,-0.008879963688272915,0.009393601176803414,0.03782682661148879,0.03768188493128344,118.38217215057746
0.5976944331849628,0.9120623671341911,0.5308604032934487,-0.01023816020393304,0.007796031541190459,0.04314938174649188,0.04296887423270768,118.69701835310559
0.5964063484514416,0.9120443581210289,0.5354140724138888,-0.010630015309110006,0.004542664502813033,0.04830475987205072,0.048130118467771044,119.01186455563374
0.5963410955960159,0.9129856052021388,0.5405615043380075,-0.011503296885528657,0.000421506815422083,0.0537570933021998,0.0535887242579598,119.32671075816187
0.5973601839754384,0.8961115951068639,0.5450568937093339,-0.01345370858471895,0.004880291194698524,0.059626818825037904,0.059413588193644284,119.64155696069
0.5991088504054355,0.879071659761996,0.5487592429712321,-0.01566710738020465,0.009362702000785277,0.06550693629828747,0.06519402859312429,119.95640316321813
0.6012586717485856,0.8652401141310068,0.5525035697119735,-0.016486889742367686,0.01258666770612765,0.07060822165447392,0.07020255806438502,120.27124936574626
0.603723813255744,0.8564944609567614,0.5569826644942282,-0.014739163873039562,0.013930469831158058,0.07415607984686295,0.07374478865643308,120.58609556827439
0.6067199793117153,0.8535788615493468,0.5623994814684812,-0.010881747674009843,0.013105483750527114,0.07579956825299765,0.07549287118518389,120.90094177080252
0.61062863950521,0.855974243554496,0.5679496120753098,-0.007097705204227203,0.010206267444400396,0.07577860718682072,0.0756159191548873,121.21578797333065
0.6157468194025878,0.8621598737318696,0.5675050429052086,-0.006123153265150558,0.005705797757274678,0.07474288811845348,0.07464091428440711,121.53063417585878
0.6220733577676073,0.8699763704550587,0.558974537240077,-0.009459917858236699,0.00043176073390368956,0.0733335241599173,0.07312930774131798,121.84548037838691
0.6292622595517834,0.8587050238777526,0.5503718294041315,-0.01611080709550893,0.004864598578169279,0.07178773136249075,0.07135476496035942,122.16032658091504
0.636773550559504,0.8483880659351266,0.544162821267071,-0.022746586338270564,0.009105810078151219,0.06981275116830718,0.06916438922052892,122.47517278344317
0.6441319592194776,0.842633718110227,0.5409461051066002,-0.02537398049584734,0.011689612816851106,0.06680609243221322,0.06610229779441545,122.7900189859713
0.651137500417773,0.8425431306989847,0.540472437374673,-0.02162384480535488,0.012269545636352392,0.062281555531269045,0.06172587056832923,123.10486518849945
0.6579015162439119,0.8480041910305085,0.5420123288905517,-0.012316424054737183,0.010868257443842014,0.05623274170396141,0.05593235223394721,123.41971139102758
0.6646895964372764,0.8577156516794767,0.5441214299180492,-0.0013063358273843714,0.007866918282019155,0.04920885933515158,0.04910217575538922,123.7345575935557
0.671671959260427,0.8695708347001293,0.5348500354999092,0.006414519603273041,0.003948015433688375,0.042061251785289265,0.041967111926912604,124.04940379608384
0.6787377509244465,0.8801051166796904,0.5199049797932146,0.0073522775505608495,0.0005326953618463625,0.035522529206191665,0.03527219169198914,124.36424999861197
0.6854880767128998,0.8776753993916864,0.5084778494662499,0.0014235756134970863,0.003503206651752233,0.02987533921169503,0.02942713267091701,124.6790962011401
0.6914108452604665,0.8769292932489052,0.5014324470234016,-0.00793273832065316,0.0055880273905034505,0.024902395962497475,0.024356850934321495,124.99394240366823
0.6961291269498695,0.8794645032999282,0.49826106988779195,-0.015526626564444593,0.0062354997685636765,0.020133218649546935,0.019646488248622584,125.30878860619636
0.6995720894429716,0.8852162620923956,0.49756637921856833,-0.017116466152433073,0.005580212437724151,0.015227651972851038,0.014897351065007225,125.62363480872449
0.7019680562454518,0.8930886517368651,0.4972310656541637,-0.011585344420984878,0.0040351086069275776,0.010263685828189578,0.010074682365654564,125.93848101125262
0.7036696487543604,0.9012282349419779,0.49462245603248944,-0.0014476328944814931,0.002181807930585413,0.0057629365886095315,0.005625086869734286,126.25332721378075
0.7049223502688908,0.9076031097296945,0.4898984627896962,0.008537227882219578,0.0006413034374695222,0.0024457719867522786,0.002280286821300326,126.56817341630888
0.7057185683756093,0.9102431063317257,0.4868308539546805,0.013849261507974995,0.0001534398475066962,0.0008637583393474796,0.0006617708287649515,126.88301961883701
0.7058229075850592,0.9104294836226406,0.4875066030643787,0.012445464803410558,0.0001046439702285891,0.0011217550057054306,0.0009312949102369128,127.19786582136516
0.7049482585802808,0.9073010343795365,0.4915237974736448,0.005600896982877143,0.0011712999149312469,0.002844603622248349,0.0027080951519150576,127.51271202389329
0.7029723259058875,0.9029219040076254,0.49642711734126577,-0.002997229830537966,0.002612039556807187,0.005402493116035844,0.0053075876058309435,127.82755822642142
0.7000631737294687,0.8987765105388443,0.49870013581515577,-0.009312318914013075,0.003830217608612446,0.008264990301440208,0.008153704217897184,128.14240442894953
0.6966395838284761,0.8957835956323507,0.4987994037397893,-0.011013482102021202,0.004261952265718405,0.01128308751607691,0.011107399500465576,128.45725063147768
0.6931909780108488,0.8941485365300221,0.4999597148245909,-0.008438267774223613,0.003516091975048611,0.014737797089456396,0.01450704043695239,128.7720968340058
0.6900636566255209,0.8935252463450085,0.5041638705437236,-0.004042423803944781,0.0014788081665849462,0.019123394332153393,0.01889802140453445,129.08694303653394
0.6873381847308616,0.8868006253909176,0.5119351269328348,-0.0007795180508202092,0.001625153180223054,0.02478586749242295,0.02462310306919946,129.40178923906208
0.6848676167713185,0.8717916412427199,0.5222514790513216,-0.0004229386452899554,0.005246318601199876,0.031627239180502725,0.03152897386632314,129.7166354415902
0.6824509203031935,0.8566772632201124,0.5321080752043422,-0.002797386317198569,0.008628466798289491,0.03905694852837589,0.038967993859433614,130.03148164411834
0.6800364382125181,0.8437869939440384,0.5381543580100039,-0.006272669212316668,0.010992231361395452,0.046231604412604155,0.04608976731142811,130.34632784664646
0.6778327373049258,0.8347377449574243,0.5419846089264166,-0.009079029983025587,0.011722605112389258,0.052451939597078244,0.05224316782068528,130.6611740491746
0.676258514122162,0.8300235367368552,0.5456771113588464,-0.010521660129118135,0.010505686669441551,0.057484403751177304,0.0572507468238167,130.97602025170272
0.6757577551707945,0.8290438393863547,0.5494941639470582,-0.011291834989580607,0.007401230547525197,0.06161087449619914,0.06140226847099106,131.29086645423087
0.6765864982643097,0.83043740726824,0.5524388998949084,-0.012706722680067865,0.0028646774457910303,0.0653690309791486,0.06518372564359731,131.60571265675898
0.6786963666430729,0.8228868712609277,0.5536718750181086,-0.015450526369882386,0.002525043301561153,0.06913646077747049,0.06890953304090752,131.92055885928713
0.6817849448034228,0.8044784392991481,0.5540500497097249,-0.01875156419384423,0.007574790003945779,0.07281553989645252,0.07247382580909711,132.23540506181524
0.6854845981097467,0.7888326617119741,0.5549460013992773,-0.020657612299453374,0.011574574678984375,0.07582165212899608,0.07536077082904069,132.5502512643434
0.6895775550264548,0.7780738005642575,0.5571121811800073,-0.01932160162545194,0.013803813738049994,0.0773906631763218,0.0769025783433348,132.8650974668715
0.6941075864270686,0.7732313947441679,0.5606860484985329,-0.014472723794077184,0.013881983282165245,0.07701864137868725,0.07663487562891014,133.17994366939965
0.6993200066150753,0.7740662444027471,0.5652966272244974,-0.0080334415772213,0.011806192511423435,0.07475996283445452,0.07454801960049084,133.4947898719278
0.7054659502793668,0.779255721640636,0.567407230669309,-0.0033274602273706527,0.007954676887625692,0.07119753888719664,0.07109418909813725,133.8096360744559
0.7125904917004562,0.786875207533467,0.5560556103171844,-0.0032196372557571876,0.003029285280255429,0.0671047721899261,0.06694739432833141,134.12448227698405
0.7204353263053824,0.7866988842074052,0.5438110375462357,-0.008266710960194622,0.0020770093166254193,0.06301083645709486,0.0626518020190363,134.43932847951217
0.7285175662166592,0.7763885272634844,0.534344078039828,-0.016052483883174512,0.006468857492505964,0.05893812266745843,0.05835811467325913,134.75417468204031
0.7363384823927874,0.7699903294407868,0.5284272444342802,-0.022239311503640162,0.009439925898391318,0.05446941334126555,0.05380101232720813,135.06902088456843
0.7435962296735362,0.7687461671827698,0.525811081427728,-0.02285353226231358,0.010599251359259348,0.049094850976223695,0.048534403597850106,135.38386708709658
0.7502747313768507,0.7727320169676254,0.5255875662070514,-0.016546128932473696,0.009917410521321375,0.04261684273659449,0.04228908521356756,135.6987132896247
0.7565584091763201,0.7808321718201601,0.526120870109005,-0.005517742354367052,0.007711815648238976,0.03536175443135516,0.035238567170816304,136.01355949215284
0.7626304592956051,0.7910749763914251,0.5214226064363925,0.005476864636640631,0.004587781404371712,0.028074115123604127,0.028005906070096342,136.32840569468095
0.7684828854475824,0.8011635905785522,0.5089243436981327,0.011546694107607752,0.0013568059715255848,0.02156603366202367,0.02139645283713021,136.6432518972091
0.773856178373413,0.8038013829835066,0.49837310012146624,0.010201240659834687,0.001560179912105199,0.016336987401659692,0.016010140734295852,136.9580980997372
0.7783438560516152,0.8032449818386602,0.4921063922210147,0.002634204721361043,0.003179412296162584,0.012385647852245017,0.01196760195308988,137.27294430226536
0.7815952569442414,0.8051178619228467,0.48984688877040033,-0.006926448387331484,0.0036087108329198635,0.009312635585832976,0.008921637650085579,137.5877905047935
0.7834920194317497,0.809404958645204,0.4900714680384628,-0.013432941011284252,0.0030052591219042447,0.006641214361695059,0.006351899785908444,137.90263670732162
0.7841933071101236,0.815100462283821,0.4904749981450778,-0.01359975020579795,0.0017991687346326653,0.004161975528016582,0.003961440207972955,138.21748290984976
0.7840273251700072,0.8204943464412963,0.48913124529804525,-0.007491886000218189,0.0005437045446872755,0.00210154773313989,0.0019240470429005008,138.53232911237788
0.783299767481865,0.8228670562639183,0.4870509635852508,0.001671929835664897,0.00021772808066451756,0.0010216627080277428,0.0008207910700186449,138.84717531490602
0.7821368744365458,0.8230100638709273,0.4871771858468967,0.009317481541654297,0.00013187340836470012,0.0015099617111049794,0.0013001500043621217,139.16202151743414
0.7804553265159893,0.819402509017089,0.4912210112697767,0.011893498029878866,0.0010472098331043894,0.0038404642625009784,0.0036733604996118663,139.47686771996229
0.7780717727432964,0.8126222142006854,0.49899190724458614,0.008557102324305505,0.002902061536043368,0.007796953596164826,0.007699784238559548,139.7917139224904
0.7748811909046727,0.8048014339217271,0.5079544828068631,0.0013346789151136489,0.004961875851127161,0.012760864206554099,0.012697769748885923,140.10656012501855
0.7709947635613862,0.7977068803176949,0.5113690155123239,-0.006210533450604218,0.006561391103510609,0.018017549332819398,0.01791201386470731,140.42140632754666
0.7667546229918121,0.7924884700265116,0.5117032130807538,-0.010973321340636668,0.007100136091757097,0.023110480414775134,0.022909459617001082,140.7362525300748
0.7626165353456199,0.789440365928383,0.5132432724676489,-0.011828257723614085,0.006189751742588902,0.02804037652748803,0.02776144147409565,141.05109873260295
0.7589687176121077,0.7881425834198735,0.5173676448898814,-0.009884756591679542,0.0037504928335870716,0.03318846271754671,0.03290600969858537,141.36594493513107
0.7559914581392579,0.7874710682301568,0.5243543112271103,-0.007460166210432097,0.00016120645859549798,0.03900102093208453,0.03878275047147861,141.6807911376592
0.753637686442641,0.7702535545851472,0.5331745862211884,-0.0065065143640078375,0.004307842536720637,0.04561836116334562,0.04546842698245357,141.99563734018733
0.7517436111722247,0.7522716732445055,0.541563514200549,-0.007499721698840138,0.008505282272052524,0.05267478643701226,0.052534154633478325,142.31048354271547
0.7502022536733545,0.7365189386202939,0.54782292422421,-0.00943901772818089,0.011705016613527549,0.0594018544679478,0.059204786083319805,142.6253297452436
0.7490954902528191,0.7248566605776952,0.5525331549731064,-0.010851316362587168,0.013222930973353775,0.06498536374808812,0.06471998056065564,142.94017594777173
0.7487039267799991,0.7180283684717933,0.5567376211860128,-0.011038441508680306,0.012675969244014719,0.06896690493388453,0.06868344302949625,143.25502215029985
0.7493853958101249,0.7156170955517136,0.5603607387064685,-0.010665230015774614,0.010056340871968236,0.07144522846697238,0.07120271107424392,143.569868352828
0.7513911712908222,0.7163629224922642,0.5616786662213861,-0.011251930716966412,0.0057455111236811955,0.07294912690427537,0.07274884044941254,143.8847145553561
0.7547281499862754,0.7181483609072995,0.5595033706903262,-0.013904299137052822,0.0007012410060677967,0.07405530965850153,0.07382557527055189,144.19956075788426
0.7591505223905535,0.7011027030457981,0.5558921576493119,-0.01818215213836325,0.005057140727149083,0.07498730822636411,0.07464117376473456,144.51440696041237
0.764288322417864,0.6842310807521149,0.5531069413078353,-0.021977113252656614,0.00963593543544049,0.07544847660082837,0.07496916814061927,144.82925316294052
0.7698373588439098,0.671847072577131,0.5521640466585351,-0.022629258055146387,0.01264300769031395,0.07479704173087563,0.07427470904552191,145.14409936546866
0.7756964404296253,0.6652583375809932,0.5531917357059011,-0.018662724538677847,0.013605521678127933,0.072454336229899,0.07203307736122855,145.45894556799678
0.781968837287871,0.6645086321060568,0.5558256342239268,-0.011029391754399627,0.012424215887476121,0.06828949370461383,0.06805889674954169,145.77379177052492
0.788827828444385,0.6684918447882575,0.559333303325265,-0.002968214119510922,0.009382115692210192,0.06274066153234745,0.06265743389750711,146.08863797305304
0.7963301574640714,0.6753818230310602,0.5497154146383415,0.0015930096429978753,0.0051008958349812415,0.05660067113425325,0.0565077896211128,146.40348417558118
0.804293927446453,0.6830339591776536,0.5348334541799724,0.00024839112843992367,0.0004705575251121634,0.05060401362571868,0.05033945045652222,146.7183303781093
0.8123180516474365,0.675334278477383,0.5230265634290768,-0.006350767722210144,0.0038022020251304444,0.045070364765713834,0.04458520990669179,147.03317658063744
0.8199329686597145,0.6690569587212534,0.5152162034463408,-0.014600771724473232,0.006822512044182077,0.03981776892752684,0.03921351993731048,147.34802278316556
0.8267914369035739,0.6672843813974364,0.5112148456915235,-0.01973505143872949,0.008260384678229045,0.034387327274243096,0.033843664467662404,147.6628689856937
0.8327845544953655,0.6702044657784416,0.5099928051404831,-0.018360750723158455,0.008069558301980898,0.028430588784193998,0.02807950084530575,147.97771518822182
0.8380162024488762,0.6768377044010276,0.5097718254440878,-0.010343479502054796,0.006533195456200821,0.02201853289895907,0.021860427115588443,148.29256139074997
0.8426577152342183,0.685339704115514,0.5069585481483593,0.0010194538789982002,0.0041937222864613325,0.015688646635951688,0.015609666019499091,148.60740759327808
0.846777314473288,0.6935759680983768,0.4988629057985038,0.01065308841415516,0.0017453177687440868,0.010210405664131138,0.010078775946426144,148.92225379580623
0.8502507949900957,0.698736646053369,0.4910869354569535,0.01429931222615418,0.00039869561550703116,0.006214772625252261,0.0059749711963974494,149.23709999833437
0.8528060245509488,0.6988338111461095,0.48707907993759136,0.010665907877622324,0.0012383379021104312,0.003904257031542225,0.0035976451536080534,149.5519462008625
0.8541700640413055,0.7004425390323396,0.486965169109351,0.0020065434362772365,0.0011547699486593626,0.0030043618905987593,0.0027111807938935417,149.86679240339063
0.8542266206797539,0.7035737584549249,0.4890886797347309,-0.007134847242401945,0.0002895100708224368,0.0029752976537094663,0.002737213880266709,150.18163860591875
0.8530889348523569,0.704114326487846,0.4907505608815327,-0.01230587111301794,0.0008800604409330058,0.0033569757325946597,0.0031485610147933274,150.4964848084469
0.8510476894788365,0.703559473648995,0.4904400653902981,-0.011372283424930846,0.0017925734464397899,0.004048898302896273,0.0038169333421043117,150.811331010975
0.8484296124960118,0.7033269735359853,0.4900037656548287,-0.005436259978481407,0.0019518964357362347,0.005365822468466347,0.005093360980644057,151.12617721350315
0.8454536310217224,0.7034425535341494,0.49214974729475564,0.0019649159843294823,0.0010547829170378972,0.007837226214152929,0.007569304794037723,151.44102341603127
0.8421686604814174,0.7000605980285179,0.4983385677921601,0.006856316578363631,0.000969768634628591,0.011863844533096525,0.011669265111551863,151.75586961855942
0.8385050305911905,0.6896988185681374,0.5085501558102664,0.006885028257649144,0.003676825669789067,0.017427768562221238,0.017331438332374383,152.07071582108753
0.8344034225425769,0.6783393880661874,0.5215096779322256,0.002342798700562111,0.006518239846209133,0.024026584018674454,0.023975380724206796,152.38556202361568
0.8299411741408544,0.6680406204658035,0.5265597398660637,-0.0043136498305075,0.008746435014891836,0.03087835378708261,0.030774809678902004,152.7004082261438
0.825379582081121,0.6602112685859108,0.5270163471152037,-0.010050490325414281,0.009705501563179099,0.037288532444006386,0.03706612021979239,153.01525442867194
0.8211030981409313,0.6553046716223502,0.5287083040425153,-0.012962000989150143,0.008978809418045103,0.04296940371001749,0.04264493085366394,153.33010063120008
0.8174842245985883,0.652919508238902,0.532295747940952,-0.013102861131540498,0.006482484817300895,0.04812040075001194,0.0477778094128265,153.6449468337282
0.8147508799004125,0.6521219128456167,0.537837347107565,-0.012043701306592675,0.0025090331980952337,0.05321306978770174,0.05293271608275463,153.95979303625634
0.81293177343507,0.6423803632049859,0.5443634033941885,-0.01155441814940968,0.0024098476975050872,0.058603818368765624,0.05839888290691564,154.27463923878446
0.8119103368999463,0.6221589039116927,0.5502143166741819,-0.012343443245109153,0.007284539589515723,0.0642108339717558,0.06402539128620999,154.5894854413126
0.8115544837133365,0.6038945212897591,0.5546459739678182,-0.013690898808795753,0.011309437038351855,0.06946119256905434,0.06922909798265964,154.90433164384072
0.8118444496364886,0.5897065739837394,0.5583088400888601,-0.01417749110319623,0.013714518566827217,0.07355154706275717,0.07326101823881848,155.21917784636886
0.8129209377055229,0.5806168213852827,0.5619023383092357,-0.012953048050787397,0.01402933241142944,0.07586968356022776,0.07557345242660551,155.53402404889698
0.8150219588784052,0.5764492939467942,0.5652807954981296,-0.010610156216067541,0.012155498448124467,0.07631894686464716,0.07607906238587836,155.84887025142513
0.8183432804223955,0.576099647015676,0.5662453396049602,-0.008983378539513687,0.00838581564778696,0.07534269326121616,0.07515977876169666,156.16371645395324
0.8229051568131461,0.5779873268079757,0.561509780567053,-0.009926162384617345,0.0033711597289322187,0.07363078305129253,0.07342570875584475,156.4785626564814
0.8285070922869422,0.5722229851012264,0.5540109537779551,-0.01385108433620159,0.00215718471344959,0.07169013911985987,0.07136296348794113,156.7934088590095
0.834801052717614,0.5549408678906766,0.5474353878521676,-0.0190580085727236,0.007013538171028678,0.06954839393117558,0.06907003669172052,157.10825506153765
0.8414416202950716,0.54158474165677,0.5432302095629412,-0.022427877510608405,0.010568150798751551,0.06677526384016497,0.06623246636376212,157.4231012640658
0.8482235306284732,0.533723756815874,0.541598949362017,-0.021187864924572357,0.01226082228234748,0.06280399771527072,0.06235137033527538,157.7379474665939
0.8551239205557621,0.5316490778545565,0.542077174213156,-0.01471581030607167,0.01191354941776894,0.057346780121371406,0.05709603736946178,158.05279366912205
0.8622252839755187,0.5344594325684567,0.5438600249332065,-0.0052394130604796665,0.009725009346965303,0.050643958386383824,0.05057577467835073,158.36763987165017
0.8695692429841896,0.5404405350687684,0.5400910269249363,0.003105382077460312,0.006235579152559724,0.04339686778886161,0.043367193199473575,158.6824860741783
0.8770341557595109,0.5476035362464394,0.5244573606571651,0.006422370969541933,0.0022365959650835973,0.036432109823389174,0.03627175575313757,158.99733227670643
0.8843142044568559,0.5483060462939852,0.5117556602927023,0.0032289168602178567,0.0015790318754152696,0.030305705362478334,0.02993855903571896,159.31217847923457
0.8910138000940241,0.5429547263986216,0.5032859396812654,-0.004595149600999681,0.004279605344666018,0.025083445215741976,0.024574296205667534,159.6270246817627
0.8967994873988047,0.5413368891760961,0.49898359912341783,-0.012674532442913639,0.005650069161252013,0.02041894625613132,0.019917944338757043,159.94187088429084
0.9015172845028883,0.5437230145164794,0.4977339894702908,-0.01639605828814046,0.0056437782291956185,0.015869128082256795,0.015500557675769078,160.25671708681895
0.905207353167963,0.5492123879158135,0.4975741820098458,-0.013343337827351717,0.004546291584194098,0.011249759929900014,0.011032840158089363,160.5715632893471
0.9080133297726575,0.5560589114286356,0.4957454523764835,-0.004587597286944727,0.0028645277018517178,0.00681977054687489,0.006677599408243751,160.8864094918752
0.9100479810882783,0.5622371049382592,0.4911123362995693,0.005857878094772521,0.0012114983390010673,0.0031921310701396796,0.00303039870479771,161.20125569440336
0.9113000285876902,0.5661069602905675,0.487026818342211,0.013113414399633712,0.00016345902009419456,0.0010298293096506206,0.0008128991900892002,161.5161018969315
0.9116369506155716,0.5670328538560534,0.486386030533147,0.013921042513561445,1.8041014323740455e-05,0.0007041589738164067,0.0004662542473727882,161.83094809945962
0.9108970435946864,0.565564652484906,0.4895227701820709,0.008233975525708767,0.0008118776313056164,0.0021078862013787824,0.001898934126854157,162.14579430198776
0.909010413403706,0.5626857305855564,0.49451742034200863,-0.0008960201836734029,0.00220843534984499,0.004725976912003275,0.004549189601262382,162.46064050451588
0.90607447332411,0.559723175060648,0.4976952821679152,-0.009016115883596142,0.003642552952346719,0.007922919042420477,0.007724744363773461,162.77548670704402
0.9023405277654303,0.557515282402192,0.4980765520833497,-0.012601774516674468,0.004518926779643216,0.011284869270555685,0.011006848525534019,163.09033290957214
0.8981226630286144,0.5563411347137471,0.49861595623937227,-0.010762322344742383,0.00435373070302209,0.01482205748009822,0.014465580330108363,163.40517911210029
0.8936847744785009,0.5560806566657567,0.5017747498135903,-0.005454162627912959,0.002891710956607989,0.018912751962917394,0.018554185184972427,163.7200253146284
0.889170900341484,0.5562280647896926,0.5087443600178223,-0.00018257417820742147,0.0002504516404781642,0.024016339644788734,0.023753343379433023,164.03487151715655
0.8846152692884557,0.5435587724500407,0.5194168875681113,0.0020002992928429266,0.003357677432718398,0.030319086587973665,0.03019074680100009,164.34971771968466
0.880020703361263,0.5289094745231144,0.53194802028945,5.282522517098196e-05,0.007036794146450594,0.03752242681505549,0.03747153285218685,164.6645639222128
0.8754552801474802,0.5154540993767257,0.5395320068326482,-0.004770730893404912,0.01005543452726356,0.044908252161439205,0.04482027623751195,164.97941012474092
0.8711082314709707,0.504859050775256,0.5414324032701782,-0.009955243682205028,0.011689794699589449,0.051655919210602454,0.051444370171605525,165.29425632726907
0.8672704342221197,0.49778057910732215,0.543268918914604,-0.01335504611721969,0.011468238746718876,0.05723159873597312,0.05689955183573647,165.6091025297972
0.8642483733994212,0.4939151946017267,0.5461317775221864,-0.014384134627535301,0.009267369420147548,0.06161682829880687,0.06124480792927989,165.92394873232533
0.8622590691018358,0.49233429069686896,0.5500024075611527,-0.014066594449267812,0.0053466129660953085,0.06523141237916608,0.06490512545731675,166.23879493485347
0.8613654532990339,0.4912018106047015,0.5539158392417015,-0.014013256228775401,0.0006383412691290561,0.06859103738682469,0.06833325660765144,166.5536411373816
0.8614894834055273,0.47116977202016563,0.5566024410237487,-0.015091640246922276,0.005141173010015474,0.07190899160260415,0.07167365411731585,166.86848733990973
0.862495571486643,0.4509824980516409,0.5580566747587161,-0.01673461641742958,0.00984300181093881,0.07489302072383623,0.07462255458554423,167.18333354243785
0.8642950798624557,0.43460043485630323,0.5593041229179302,-0.01737453828015922,0.013098285390900872,0.07687021555697839,0.0765602673123108,167.498179744966
0.8669086684283717,0.4233369194890893,0.5610533640073345,-0.015702566258169518,0.01433881871850125,0.07716724706052182,0.0768766385075288,167.8130259474941
0.87044692003536,0.41728895208034195,0.5632785850791951,-0.011862789658863188,0.013362374904052201,0.07551100135260956,0.07530459945817691,168.12787215002226
0.8750185640834108,0.4155545745442264,0.5644794370587407,-0.0076943841851275915,0.01036004582615033,0.07219967315835452,0.07207447034303538,168.44271835255037
0.8806210774217827,0.4166779830441858,0.5591002761165904,-0.00574494366964214,0.005886820925003935,0.06793730802663682,0.06780192034215027,168.75756455507852
0.8870818509092414,0.4190317877108379,0.5485111432895414,-0.007610155999341346,0.0007942827583094457,0.06343587770939374,0.06317098423284295,169.07241075760663
0.894089219018069,0.4051598687658202,0.5387131429493625,-0.012664735399311277,0.00413018250304521,0.05903385231452331,0.05859019175152158,169.38725696013478
0.9012978578800227,0.3916672501277066,0.5317308823709287,-0.018081079653722517,0.007919997767261327,0.05456616050931195,0.05401879318297975,169.70210316266292
0.908446519891607,0.38325451781771536,0.5279058957443341,-0.020262212282883274,0.010073173890051811,0.0495582408454996,0.04906629131353246,170.01694936519104
0.9154179517056292,0.38038159102298896,0.5266940426269824,-0.016919530814785668,0.01036906002860283,0.043613765334916225,0.04331080439202184,170.33179556771918
0.922207040692215,0.3823012333339603,0.5270084605390903,-0.008572707373825697,0.008949551175481229,0.03675134851230304,0.03664969591196088,170.6466417702473
0.9288208731693601,0.3874006599273617,0.5255024329825347,0.0014674450105429272,0.00628336834533602,0.02948641423308833,0.02946961599625597,170.96148797277544
0.9351765430917951,0.3937398310314213,0.5134912671590243,0.008714088653740475,0.003078281474998056,0.022615978009386993,0.022524463527315408,171.27633417530356
0.9410624448308879,0.39897359737892113,0.5017538468361102,0.009870731796276564,0.0004312780468754461,0.016842038696000268,0.01658440431682373,171.5911803778317
0.9461872169045491,0.39588357414630454,0.4940946270601303,0.004645446796956986,0.0021547278251581184,0.012457982960930158,0.012063280319417502,171.90602658035982
0.9502849666780345,0.3950137910490585,0.49073291421622495,-0.0040106524120143774,0.0031281834482467566,0.009275928773637594,0.008853018461873807,172.22087278288797
0.9532116572331123,0.3973843138559401,0.49048569193503894,-0.011402912901665074,0.002978993275252265,0.00682604917963914,0.00647116349204091,172.53571898541608
0.9549760913529666,0.40212924665626865,0.49111221840484465,-0.013535451671057703,0.0020271066343621087,0.004701651150305254,0.004432646411138941,172.85056518794423
0.9556922396505406,0.4075482341730086,0.4901806184373128,-0.009185685154472784,0.0007780875496939703,0.0028462226286878126,0.002612590365110634,173.16541139047234
0.9554883485426829,0.4109131596348469,0.4877953062970054,-0.0005086461548777584,0.00020721515335477824,0.001619456639114285,0.001368851800394033,173.4802575930005
0.954431485365116,0.41149856636166837,0.4868264119059244,0.008128581725629028,0.00045568388589953274,0.0016085040411154409,0.0013432951468745902,173.79510379552863
0.9525116160722041,0.41127290608299283,0.489521494154956,0.012434806523600576,0.00037025723859260745,0.003293443939221771,0.003064576498627458,174.10994999805675
0.9496893276110271,0.40673139108738765,0.49627251188138594,0.010376429471851292,0.0019905946514784507,0.006755954334143804,0.0066019772646986885,174.4247962005849
0.9459725780078497,0.4008276827985662,0.5050945841688822,0.003109306920651467,0.004113795672453865,0.011597026642571766,0.01148831533037753,174.739642403113
0.9414733393561514,0.3951848035559077,0.5097843815168913,-0.0057879545646813985,0.006076252457938471,0.017115269465889846,0.016960340697146026,175.05448860564115
0.9364106852744355,0.39089537524598794,0.510268305745114,-0.012303030553294304,0.007224608994518416,0.022650743788373763,0.022365802178781147,175.36933480816927
0.9310604919648151,0.3883467929015458,0.5112524194253987,-0.014077580764634981,0.007058218251504926,0.02790029633666736,0.02748443839499637,175.68418101069742
0.9256823458601701,0.3873731257799632,0.5146735534408445,-0.011459489607555147,0.0053411498010344895,0.03301922667070427,0.03256853263842108,175.99902721322553
0.9204646430927682,0.38751908477843094,0.5214250923770593,-0.007011164557170009,0.002170222337972231,0.038443315684508456,0.03808651446953515,176.31387341575368
0.9155155566629801,0.38018617769597723,0.5313188030896066,-0.0038576268096290017,0.0020075937610554437,0.04453059291138059,0.04433513946601597,176.6287196182818
0.9109001782382581,0.36288318050342966,0.5424318606600234,-0.003895337892652,0.0064583076072965715,0.05123609183167149,0.05115972946482561,176.94356582080994
0.9066985244765917,0.3466893928529642,0.5500798013945616,-0.006901293741304774,0.010317365879108737,0.05802242587792983,0.05794875412076572,177.25841202333805
0.9030483745203377,0.33349984397903865,0.5528552013698192,-0.010987780116525037,0.012789929359529327,0.06407317754922928,0.06390082418799281,177.5732582258662
0.9001458716732499,0.32418464051979634,0.5544485506055699,-0.014010002080408071,0.013327369333069442,0.06869116572279227,0.0684031282698655,177.88810442839434
0.8982006126965751,0.31859160363689454,0.5563326182809473,-0.01496647736471701,0.011734185506297179,0.07164257419527133,0.07130170932815849,178.20295063092246
0.8973682687352265,0.31587345038340403,0.5585000317893104,-0.014486992551919408,0.008204492521506445,0.07323219467049431,0.07291351190467132,178.5177968334506
0.8976982232250111,0.3148390778657392,0.559905012268548,-0.014140835405625718,0.0033182809277834424,0.07405799516065993,0.07378169905766419,178.83264303597872
0.8991271398238666,0.30536137001081093,0.5593742416114544,-0.015099279224975906,0.0023860313806282254,0.07459556979720162,0.07432034952127098,179.14748923850686
0.9015239600512539,0.28410583770324066,0.5574650189419718,-0.017118476632869348,0.007469189314851517,0.07487348889431734,0.07455251798515938,179.46233544103498
0.9047613097310577,0.26610657390743003,0.5557257866966789,-0.018584144854448398,0.011399237793472232,0.0744448380820785,0.07408888397029256,179.77718164356313
0.9087709532595531,0.25300302723930074,0.5550437790231397,-0.017629199431852656,0.013484088167882826,0.07267311153490415,0.07235779243596296,180.09202784609124
0.9135487151489441,0.2451476886411939,0.5554690748897277,-0.013585852883323679,0.013422056010927668,0.0691524898316128,0.0689567313901176,180.4068740486194
0.9191044006312977,0.24185656043199708,0.5562317222628221,-0.007762472242779266,0.011302003339145595,0.06399926918182179,0.06392584384266486,180.7217202511475
0.9253871694445261,0.241829372653218,0.5523730617159263,-0.0029322050485133338,0.007586190125322297,0.057833985317501016,0.057784416094290414,181.03656645367565
0.9322341852607321,0.24360300837629853,0.5399542956574886,-0.0017455463006842192,0.0030257034268668308,0.051468466921476136,0.05130269195229853,181.35141265620376
0.93937762816809,0.2399020575291842,0.5279783430149112,-0.0050097092333477675,0.0015002934995814105,0.04549446386152769,0.045133980437980226,181.6662588587319
0.946509144847677,0.2271183656666228,0.5191912190101549,-0.010934785348289414,0.005180159604371392,0.04002585343211562,0.0395185519145832,181.98110506126005
0.9533644388556685,0.21896684160500524,0.5140753707670671,-0.015906607248554954,0.00745447882114447,0.03474360949541251,0.03423564128711931,182.29595126378817
0.9597779973718037,0.21597800423357472,0.5120259682978141,-0.016430128790055305,0.00810101559211757,0.029202606382939207,0.02883656657716349,182.6107974663163
0.9656775381839364,0.21747799171052115,0.5116726934558723,-0.011157992746520181,0.007244103354684652,0.023203921915816345,0.023021821858823288,182.92564366884443
0.9710266670934596,0.2219144067529583,0.5101678276857144,-0.0018228749002910144,0.00530654799343359,0.01700717049988943,0.016931657044464088,183.24048987137257
0.975756617049832,0.2273850488811798,0.502659471833234,0.007511542228778685,0.0029199144225450085,0.01126228508808281,0.011165303025613582,183.5553360739007
0.9797327282623973,0.2321770540053674,0.4938505064608961,0.012523537140651814,0.0007962733633136745,0.006708244965769579,0.006507205506228186,183.87018227642884
0.9827764227855812,0.23297022348832164,0.48848283911940793,0.010920317251691382,0.0006778380912955839,0.0038177407181831896,0.0035221564083612877,184.18502847895695
0.9847265628836566,0.23325133697193515,0.48727305705286716,0.0036895622107144897,0.000992298829282865,0.0025906316952984715,0.002268917289181327,184.4998746814851
0.985500061295848,0.2358833744216138,0.48895777756372966,-0.005380275157959421,0.00040558624431987384,0.0026081820399031642,0.0023130528269258432,184.8147208840132
0.9851152139167199,0.23757140916921834,0.49084837779149637,-0.01166567963545875,0.0007059170595272976,0.003310306379793831,0.0030329913709750134,185.12956708654136
0.983667859079639,0.23780812443365987,0.49078211100471303,-0.012107882449958161,0.0018047885200519155,0.004334354825644709,0.004026953943790268,185.4444132890695
0.981280674895874,0.2382990383823446,0.4899665023836819,-0.006766317495277887,0.0023515764622300066,0.005722868564312288,0.005363548867749479,185.75925949159762
0.9780597788915463,0.23930695481773298,0.4911418415644253,0.0012874447537369236,0.0019351150957139364,0.007883025633805224,0.007518327909493916,186.07410569412576
0.9740833494136786,0.24086313853398914,0.4961719212435022,0.007649550163798175,0.00047785608781342415,0.011319488604250244,0.011038066616823827,186.38895189665388
0.9694233833340832,0.23503322437783233,0.505551094419578,0.008911293445209922,0.0021894721649611316,0.01629054584603063,0.01614579567789931,186.70379809918202
0.9641808824985849,0.22631241637391175,0.5181869298020765,0.004376991104513941,0.005136833548530521,0.022585585484786178,0.02253464599190702,187.01864430171014
0.9585092098692923,0.2181121117201752,0.5248730600043963,-0.0037288136553842353,0.00782359493016205,0.02955992238748853,0.02947772349447575,187.33349050423828
0.9526109220994756,0.21177787903431813,0.5247975336999586,-0.011617336300034309,0.009519683724011288,0.03641850634279859,0.03618350703288398,187.6483367067664
0.9467109417059492,0.20782853378828428,0.5256638893239525,-0.016040201065388546,0.009679291506906698,0.04259120452121669,0.04217709486726995,187.96318290929455
0.9410219480127827,0.20612147810564832,0.5286404313532029,-0.0159387228419536,0.00805227414200454,0.04797899292777594,0.04747818352742861,188.27802911182266
0.935719830142692,0.20617011236889773,0.5343684875830861,-0.01274548908244813,0.004740245753557707,0.052918740209428425,0.0524772110709838,188.5928753143508
0.9309391369318339,0.20705009741937272,0.5426577920760155,-0.009265577123896156,0.00031056535244770704,0.0578809714785357,0.05759526820104832,188.90772151687892
0.9267868526718919,0.18954921313659806,0.5518162660629143,-0.007895657330836518,0.004850749485360508,0.06308112182972413,0.06293768775251463,189.22256771940707
0.9233638097204139,0.17191046033459295,0.5582295823736297,-0.009285494234079594,0.009465470829272972,0.06824560279517154,0.06814633458540553,189.5374139219352
0.920779970278449,0.1571958766659873,0.5604181111467783,-0.012212719447954174,0.012811258273160783,0.07268593449734018,0.07253286145260351,189.85226012446333
0.919153127177916,0.14639531722330007,0.5609864401880051,-0.014648044534596238,0.014250917023663382,0.07564564440397112,0.07541161616092895,190.16710632699147
0.9185889330229455,0.13947717989505692,0.5614560629377342,-0.015235918027688101,0.013492035446056693,0.07671077426084898,0.07644006958348648,190.4819525295196
0.9191505103211715,0.13573576747261912,0.5618464015205846,-0.014181829753104622,0.010635090831835683,0.07602832707919387,0.07577504777471056,190.79679873204773
0.920833348428366,0.13417381951737814,0.5610239901736981,-0.012969240904646427,0.006160794898455268,0.07419354448877587,0.07395986742071281,191.11164493457585
0.9235607733837581,0.13340407055289816,0.5576516687647628,-0.013137720779541062,0.0010148531547579055,0.07187556592770471,0.07160890511954454,191.426491137104
0.9272053792455718,0.11550699411528173,0.5526034300887334,-0.014997966341419212,0.0045629582299787355,0.06941684317522256,0.06906857187724746,191.7413373396321
0.9316267474822403,0.09698220651794151,0.547995522165951,-0.017208342022324543,0.008888666285414982,0.06665654124991473,0.06624642637916978,192.05618354216026
0.9367045414033385,0.08276821708913625,0.544989595464664,-0.017560762980816914,0.01160260586718453,0.06308411511858743,0.06270656388062423,192.37102974468837
0.9423470000181832,0.07325101199282437,0.543689858559465,-0.014503680524632644,0.012326589045245787,0.0582212884576112,0.05797952233204984,192.68587594721652
0.9484693297952731,0.06786406305545162,0.5435719937158888,-0.008403823731733892,0.011067237955850273,0.05199105333574444,0.05191017280464916,193.00072214974463
0.9549562953940437,0.06555908065737386,0.5422982303298102,-0.0016629775861330984,0.00820127058903946,0.044845768214320465,0.04483879499390031,193.31556835227278
0.9616350779852882,0.06519400561494974,0.5294162391678411,0.0024973504799021833,0.0044047537182882405,0.03757993862770782,0.03750069765902542,193.63041455480092
0.9682790801814097,0.06564100972913345,0.5165040442633025,0.0019207817807900477,0.000552578267410126,0.030947575466149273,0.03069304458059907,193.94526075732904
0.9746434010422984,0.05552831014337412,0.5071268139072176,-0.0030596786379117466,0.0027666120829224496,0.025317870698260646,0.024900340863857173,194.26010695985718
0.9805115969187087,0.04777136711232631,0.5018275547804598,-0.009567838571873136,0.004808763815275927,0.020570062852819385,0.02010280467236758,194.5749531623853
0.9857259791032852,0.04487519944638411,0.49992800115143804,-0.013623970296713375,0.005467522940997484,0.016277002430059792,0.015887171491694718,194.88979936491344
0.990185467071975,0.04613026532336019,0.49973233163215036,-0.01231862785086149,0.004885140169177658,0.012055532324022364,0.011795700258570796,195.20464556744156
0.9938175432047179,0.05000214937215857,0.4984202370620939,-0.005507484244673821,0.0034728905528256184,0.007871964177721413,0.007698750816748645,195.5194917699697
0.9965479358037116,0.054611333690626596,0.4937525467123151,0.003948772548648499,0.0018082099500493019,0.0041270709479888255,0.0039560772588337345,195.83433797249782
0.9982911861866361,0.058254743346970075,0.48867960669860233,0.01158343674646851,0.0004980272314888023,0.0014771335711152279,0.0012597818900227375,196.14918417502597
0.9989682255507071,0.059904778700245874,0.48667677838460616,0.013640142007430403,1.8335060153208135e-05,0.0004972058074062333,0.0002513357795336235,196.46403037755408
0.9985366885689548,0.059668412958642975,0.48863195720071556,0.009065650522089625,0.00047329673600412316,0.0013784753105547012,0.0011504277971970955,196.77887658008223
0.9970111325252218,0.05834299611260603,0.4930715850281816,9.502193723052119e-05,0.0017250024705253476,0.003829760669068578,0.0036292664342566505,197.09372278261034
0.9944593114049892,0.05704537747743124,0.4964152309951863,-0.008900282516582347,0.0032724287420903553,0.007237963508572035,0.0070118800811524995,197.4085689851385
0.990979401213047,0.05651703902093094,0.49698505533213705,-0.013689581076777414,0.0045204490490082395,0.010997274632092232,0.010672184962912556,197.72341518766663
0.9866768025894171,0.05708314072186174,0.4972283672896282,-0.012364293874736169,0.004918972410419442,0.014821468044007637,0.01438019027733295,198.03826139019475
0.9816576632625266,0.05893298024754278,0.499677408031986,-0.006259534139000224,0.004090955753620541,0.0188606261706003,0.018381812843086154,198.3531075927229
0.9760415753066725,0.06231621590949346,0.5058843215481416,0.000857613765649348,0.001943125862198877,0.023551402070470375,0.02316830560775074,198.667953795251
0.9699800732430353,0.062148983220289146,0.5163479631019586,0.00486209478627936,0.0013949080695249425,0.029282042128441453,0.02908530926155073,198.98279999777915
0.9636628558406581,0.054044810304281016,0.5303584510347442,0.003454637979250825,0.00514206853193923,0.03606606609623611,0.03602730121867548,199.29764620030727
0.9573031139821293,0.04749778222994803,0.5405806521561417,-0.0027365353374706122,0.008652374195012014,0.043423446108559006,0.043404847485933984,199.61249240283541
0.9511090804290937,0.043754179352271765,0.5397325936840678,-0.010697247627004873,0.011103375021055403,0.050553295545589134,0.050400998411971876,199.92733860536353
0.9452588480299562,0.04322407339780249,0.5397998839993436,-0.01683010179113043,0.011879983586556663,0.05670750472315636,0.05635827553962247,200.24218480789168
0.9398926908846217,0.04604365991136509,0.5415511701125625,-0.018931812508746215,0.010682034877028138,0.06154536114429825,0.06106511197210851,200.5570310104198
0.935124482235272,0.05240187030777984,0.5454789506516591,-0.01720917761302231,0.007578736406366366,0.06525116389039298,0.06477865901145896,200.87187721294794
0.9310611117174435,0.06235642395011959,0.5514421772305317,-0.013821935536886773,0.0030202358873276753,0.06833711951309376,0.06798118912332429,201.18672341547605
0.92781486995045,0.06595488183143795,0.558086353499259,-0.011344325766243018,0.0024241685981437632,0.071248995312849,0.07102095343624437,201.5015696180042
0.9255001029663894,0.059659417567477,0.5625708814592785,-0.01116288743773434,0.007558384765064264,0.07401923533217362,0.07384835812553481,201.81641582053234
0.9242162206980944,0.056138192729975576,0.5633726696910571,-0.012802212788134013,0.011668225390704803,0.07618806734932201,0.07599730005625216,202.13126202306046
0.9240267099999178,0.05586872100394521,0.5624103462801986,-0.014528363259355049,0.014009379514798675,0.07704823109533902,0.07681974799025026,202.4461082255886
0.9249444116417768,0.05917016581709106,0.5612130392508825,-0.014740072782702746,0.014185006491917214,0.07606453806022889,0.07583951303854719,202.76095442811672
0.926928595537992,0.06634626994852036,0.5598453257174988,-0.013161987382497424,0.012187279682590339,0.07320607809938046,0.0730252874240993,203.07580063064486
0.9298934534439147,0.07739736265678314,0.5571225937330219,-0.011020652695536306,0.008396367620284804,0.06898217224266387,0.06882800152937574,203.39064683317298
0.9337235668055198,0.09151363422490605,0.5514376875524098,-0.01009546361149887,0.0035201518320835262,0.06416064352529795,0.06395882079258741,203.70549303570112
0.9382902825291554,0.10041302619903932,0.5438079217925313,-0.011313416189821872,0.0016512158263231338,0.05934678878080814,0.05903037329592242,204.02033923822924
0.943463049013471,0.09687065074715294,0.5368974048454699,-0.013878924954017642,0.0060382858900130225,0.0546846467950647,0.05426397877252365,204.33518544075739
0.949111466914086,0.0951718014381523,0.5321567771394865,-0.015587457805997863,0.009073392962282285,0.04985927895922288,0.04943256250993344,204.6500316432855
0.9550976867107938,0.09569785237398037,0.5297278712976767,-0.014192097296489035,0.010330145949722471,0.044388269223763155,0.04407675468767425,204.96487784581365
0.961264414188415,0.0987175868671164,0.5290298926699709,-0.00898017516092903,0.009769767188945781,0.03801478889398027,0.03787170664536188,205.27972404834176
0.9674281483008567,0.1042689121118945,0.529217825541407,-0.0015293492702068037,0.007707471987769446,0.03095966623368191,0.030926908759246752,205.5945702508699
0.9733861420273388,0.11179718354312623,0.5181400420777867,0.004922573544797929,0.004745913894584356,0.023883391936577,0.023832444366534422,205.90941645339805
0.9789375803683532,0.11991067582867726,0.5057104642898677,0.007217605407192247,0.0016494485993475004,0.017587704507527252,0.01741251132436794,206.22426265592617
0.9839089552361172,0.12302563282068227,0.4970242366722413,0.004144982078160836,0.0009734256106776693,0.012639129189404798,0.012326573145324926,206.5391088584543
0.9881685493700119,0.1208911874196115,0.49263879444167,-0.0026780411951372813,0.002460922832089299,0.00913429995799932,0.008758434711055307,206.85395506098243
0.9916207047476561,0.11964493968730633,0.4917781423726978,-0.009492361005605693,0.0028043725854154443,0.006734583033733278,0.006385778528135044,207.16880126351057
0.9941846702879493,0.1190610532317366,0.49236819798509884,-0.012340858269834058,0.002180882075428913,0.004938055872307643,0.004651432655246035,207.4836474660387
0.9957754533591141,0.11889515601839974,0.49164361276291124,-0.00923022715570919,0.0010231152855805857,0.0034249970486816272,0.0031684021814095686,207.79849366856683
0.9963048071055441,0.11822541587630145,0.4890050751253625,-0.0013152515045354778,0.0001174115085900856,0.00227866182164563,0.0020041258553917807,208.11333987109495
0.995706741016272,0.11591512838735255,0.48712241411488916,0.007582547844441227,0.000703344299593047,0.001958183028866766,0.0016631493540514297,208.4281860736231
0.9939725327656144,0.11582729442698152,0.48851607042046075,0.012912014118590803,0.00039634807659155307,0.003040217970960788,0.0027772199723701263,208.7430322761512
0.9911698296763873,0.11421946758378707,0.49400885926599386,0.011772171801134858,0.0010585703198435555,0.005875216387154226,0.0056976868184756,209.05787847867936
0.9874285211939535,0.1099699258873116,0.502021821990574,0.004456864233841131,0.0031069589577305524,0.01035380461661321,0.010247402220108115,209.37272468120747
0.9828986030271205,0.1054584820574725,0.5070938078739774,-0.005680368132823514,0.005311906645553204,0.015920087396334076,0.015787445792790566,209.68757088373562
0.9777064550273714,0.1023614773404984,0.5078426951101962,-0.013979480586126098,0.006991573812992414,0.02183079950495157,0.021554341218335882,210.00241708626376
0.9719395599757134,0.10246330069582484,0.5084726872805686,-0.016901294441428003,0.007555738711382915,0.02751718571518861,0.02705533522596837,210.31726328879188
0.965671468851946,0.10716384304837477,0.5112657947475595,-0.013818364244673656,0.006630350563893092,0.032841677771085216,0.032278578857052986,210.63210949132002
0.9590105956133411,0.11699195161633821,0.5175074183619202,-0.007214168245739371,0.004142466562633522,0.03809544266878974,0.03759612542212876,210.94695569384814
0.9521381146067689,0.13113818314138873,0.5276725161450151,-0.0012187323609985517,0.00041445570191302015,0.0437309671595315,0.043429258520964686,211.26180189637628
0.9453054640822557,0.1318867033943461,0.5410982578316934,0.0006712092361530695,0.004109952582702403,0.049984146411643594,0.04988750888094007,211.5766480989044
0.9387879305557374,0.13188479698700942,0.5535634959145422,-0.0025969925197140025,0.008420807235460069,0.05661630632213202,0.05660152592227752,211.89149430143254
0.932819971705781,0.13385935248216552,0.5533535771079126,-0.009273052652832335,0.011722890670705552,0.06294402952948258,0.06284697118070814,212.20634050396066
0.9275503918898941,0.13908146443704292,0.5519922767709906,-0.01601423354309681,0.01332127302856385,0.0681520768533359,0.06788135165147324,212.5211867064888
0.9230428304507805,0.14865926909251329,0.55180606998388,-0.01987062955240593,0.012835042228184537,0.07170542877775997,0.07129392930998124,212.83603290901692
0.9193180584925397,0.16312757668558353,0.5532665548856304,-0.019842552920800498,0.010262221892952913,0.07360688971955258,0.07316826376831109,213.15087911154507
0.9164087898648215,0.18202294644059738,0.556287978062611,-0.01713780028748006,0.005984349445318156,0.07433729385345494,0.07397074921698576,213.46572531407318
0.9143915928042677,0.20325745451615918,0.5598604593978758,-0.014097625130567676,0.0009341393586713568,0.07451251132599797,0.07423589049618251,213.78057151660133
0.9133766796793751,0.20661022215451869,0.5618789489932011,-0.012574433924694126,0.00488041379655296,0.07447046141668436,0.07423084144854031,214.09541771912947
0.9134630577110996,0.2078826902212278,0.5610004399425861,-0.012829330902636759,0.009521337559341387,0.07404742271889345,0.07378961724212718,214.4102639216576
0.9146866193183586,0.21107585869585072,0.558549610122869,-0.0136161062869382,0.012618602209668074,0.07268509232500647,0.0724107835966541,214.72511012418573
0.9169910878098194,0.21723134455974782,0.5559518967467494,-0.01330693963126348,0.013678934137546797,0.06980133998583885,0.0695647114526734,215.03995632671385
0.9202369119931767,0.2270675372962471,0.5532952069874744,-0.01122714061149837,0.012593776052767102,0.06519099193046174,0.06503724137510769,215.354802529242
0.9242413922164526,0.2406123246610751,0.5492859370261646,-0.008249633810962527,0.0096445257721465,0.05920545966059324,0.059111928043472206,215.6696487317701
0.9288271307126988,0.2568836189425143,0.5418630513552511,-0.006223254528210155,0.005450388881061596,0.0526019917896264,0.05248014121888711,215.98449493429825
0.9338532708418238,0.2738843275158321,0.5322592024277303,-0.006615323774886603,0.0008499248398242771,0.0461608123997802,0.04592250172459378,216.29934113682637
0.9392148790436746,0.2760205682820723,0.5237661840910247,-0.009298786027234876,0.003316334307169287,0.0403077443753775,0.039940419341453315,216.61418733935452
0.944813612021096,0.27558602767682255,0.5180576412636374,-0.012347246992972911,0.006322342798607865,0.03496740217756245,0.034552414844659096,216.92903354188263
0.9505184570370668,0.27648926085259007,0.5152571268662309,-0.013064290177080936,0.007782817845090065,0.029723930258718317,0.029379490098217942,217.24387974441078
0.9561413437719748,0.2791219339911667,0.5145066567990797,-0.00967296092949465,0.007653905891983042,0.024179848400513203,0.023973921565821343,217.5587259469389
0.9614454316749693,0.28357887399558473,0.5137999432562353,-0.002629116545532949,0.006223682586350812,0.01829141794064438,0.018195219550164343,217.87357214946704
0.9661862496423994,0.28938213373989236,0.5065291086965121,0.005308529280093338,0.004039266428188849,0.012482199728835214,0.012400263969853942,218.18841835199518
0.9701660269788713,0.29534938732475957,0.4967364545365124,0.010405861757581,0.0017826684607963788,0.007473886713213739,0.007322110949185223,218.5032645545233
0.973271072744999,0.2996505339022598,0.49013281716796436,0.009993326754160658,0.00019647958867122394,0.003939240245023938,0.0037034895927584577,218.81811075705144
0.9754691269138106,0.2988593095597957,0.48772660074383384,0.004069461350476692,0.0007133506579564163,0.0021794450760804227,0.001907528394069602,219.13295695957956
0.976766518702214,0.29818590566711,0.48866434156575517,-0.00448533876255456,0.0004656603542824256,0.0020066135212113536,0.0017472661716015914,219.4478031621077
0.9771510339911684,0.2957441947607041,0.4904374072643393,-0.011285187149889086,0.0005006305318757067,0.002891253612536173,0.002640857354176851,219.76264936463582
0.9765585823901937,0.2906079970753413,0.4905277592676388,-0.012717680169801428,0.001700877279040331,0.0042860938956192345,0.003994997051775084,220.07749556716396
0.9748897794246436,0.28627116670292535,0.4895268958476052,-0.007910162108948479,0.002579748908067315,0.005942037169825825,0.005575307013028885,220.3923417696921
