P_e2,concurrence,Vmin,Re_a2,Abs_pair,n_cavity,P_cavity_excited,omega_c_t
8.791773365455209e-35,0.0,0.5,-1.2569270865340912e-18,2.5304508389434215e-34,3.7413320294271907e-33,4.440892098500626e-16,0.0
0.0004722381258415648,0.0001266093078085637,0.5000103875924918,-0.0009700333712074787,0.0005037947729893453,0.0010123005593264064,0.0010109099679033173,0.31484620252813156
0.0016066626742074239,0.0003386998642722508,0.5000747187208191,-0.003050604411054144,0.001845444840540028,0.0037583317772450974,0.003743480741391414,0.6296924050562631
0.002726476997757696,0.0009194454206925369,0.5003608316532958,-0.004360509961805506,0.0035664802373790235,0.0075254478591156885,0.007472348773905901,0.9445386075843947
0.003167950689046393,0.0022572186301742917,0.5013559995341295,-0.003388366866789515,0.0050502595719313275,0.011568248910084553,0.01146307312735273,1.2593848101125262
0.00267982663010522,0.00497574963687518,0.5039401786508438,-0.0002751765352434826,0.005687151581281177,0.01550431831897623,0.015371460619748145,1.5742310126406578
0.0015744501118626717,0.009977824481843287,0.5092071362800389,0.0029490815772951775,0.005037290003682789,0.019487232033475688,0.01938307568861386,1.8890772151687893
0.0005405265192413722,0.01827610457927818,0.5180276662367065,0.0034475104700188506,0.0029640393831191396,0.0240520177128425,0.024015454648663948,2.203923417696921
0.00023097490660132708,0.0291079734649637,0.5289145243903381,-0.000600949900769962,0.00030449471084085687,0.02971805655012598,0.02971424705940684,2.5187696202250525
0.0008741704680586965,0.028446570861814808,0.5274830153614453,-0.008559521144240629,0.004177177117580217,0.036581755159151824,0.03649583778671095,2.833615822753184
0.00214222546348234,0.02901957660468335,0.5268753150292694,-0.01726518525957639,0.007894464793259002,0.04414657422154308,0.04385199217688274,3.1484620252813156
0.003354596258659257,0.03153955641927075,0.5279571205919765,-0.022553442733310627,0.010659600842160702,0.05150439252668845,0.050966236466061576,3.4633082278094474
0.0038927673041289656,0.03675904893126189,0.5314025449182622,-0.02161070237553827,0.011838016178507778,0.05777233983896768,0.057103670044668764,3.7781544303375787
0.0035746603557624667,0.04547176593421185,0.5377504263966784,-0.014793540211336598,0.011076368013787951,0.0625281975404104,0.061939799307774934,4.09300063286571
0.002762815202480897,0.05822432258698184,0.5473059899083934,-0.005754313834179192,0.00837651630310848,0.06597853273239669,0.0656413767613917,4.407846835393842
0.0021423353780138056,0.07482915004657645,0.5598586401318267,0.0003543115702384342,0.004119137166858886,0.06875069664213211,0.06866584346548599,4.722693037921974
0.0023042741399858565,0.08996163613787352,0.5683966638791651,-0.0003171344230411945,0.0010250036846712472,0.07143136320971491,0.07140962279439111,5.037539240450105
0.003386883355246475,0.08918561089736637,0.5593220747569795,-0.008077183165348346,0.006076482060212228,0.07413628248167015,0.07391556156553636,5.352385442978236
0.0049913338861464025,0.08990006117994354,0.5519346967308828,-0.019347184274927313,0.010207172962563002,0.07638240948558732,0.07580725460241922,5.667231645506368
0.006422302440863527,0.09304801535793449,0.5472301994159283,-0.028482887997491352,0.012687574995354145,0.07734782851425641,0.07648364321194401,5.9820778480345
0.007107294227354176,0.09943662605556673,0.5455714151695275,-0.030789729115497055,0.013111362673305935,0.07636163077762838,0.07545889147775364,6.296924050562631
0.006940261395685762,0.10961630591394372,0.5469116903654319,-0.02504856422234907,0.01143290051021483,0.07331969115729876,0.07265133059053297,6.6117702530907625
0.006340945588280182,0.1235318234610575,0.5508724852333156,-0.014134168586291376,0.007968932735444098,0.06876752051162945,0.06845438636190804,6.926616455618895
0.005994021483145743,0.14016070140526363,0.5566430730712507,-0.0033998795697942883,0.003357889909672493,0.063599846311319,0.06354560865589542,7.241462658147026
0.006426598241108249,0.15121606569529217,0.5540238514546516,0.002227996576248765,0.0015877299471328552,0.05856529699418035,0.05853983924070083,7.556308860675157
0.007680666581018209,0.14949908897946013,0.5396957056155717,0.0008008257528971192,0.005900237519235301,0.05388237895992729,0.05368552263107185,7.871155063203289
0.009279546878646534,0.14912675546034523,0.528555491621802,-0.005840566756239541,0.00889699795706498,0.049198069049447846,0.04878411956969919,8.18600126573142
0.010509595738679317,0.1507411674665829,0.5208895874052026,-0.013338626709366589,0.010143960971982538,0.04390434724534841,0.04338712801178812,8.500847468259552
0.010847693682334222,0.15478376269020422,0.5162786534539823,-0.01733966934437973,0.009596723375783284,0.037609054188498386,0.03716077424714881,8.815693670787685
0.010276162027331224,0.1613211629114196,0.5140294519725551,-0.015785760283454638,0.007566963792999927,0.030470183562308517,0.03020071203011898,9.130539873315815
0.009293750776604328,0.16974801214122642,0.5134220659101258,-0.009739178789777923,0.0046373747483388844,0.02319466955362482,0.023097909489296242,9.445386075843947
0.008614677522941774,0.17864437707641706,0.5136791778750184,-0.0024241610818618317,0.001534301141389958,0.016710021310562876,0.016700299049049905,9.760232278372078
0.00873687877015117,0.18191187252669871,0.5087985440004922,0.0027979074324634284,0.0010418293868671954,0.011710259295746532,0.011701728515133292,10.07507848090021
0.00964057719764392,0.17998084443523665,0.5021782506531055,0.004265567178923569,0.0025806545238306624,0.00834352558125148,0.00830433995683677,10.389924683428342
0.01079998188239847,0.17890778524052955,0.4992615682580809,0.0026403141562455074,0.002909729713667293,0.006216299437879003,0.006164949075253334,10.704770885956473
0.011501904463171717,0.1785049149665592,0.4991068866533718,9.209014105141543e-05,0.0022102149636176256,0.004700396727003966,0.004665326556222427,11.019617088484605
0.011279816639283078,0.17855122735229945,0.5003182216571607,-0.0013085041603130045,0.0009454421844219353,0.003356204999418301,0.003344136767293282,11.334463291012735
0.010201992269235929,0.17758281255969555,0.5012829459613739,-0.0009257788391837973,0.0002837984530904568,0.0022250176605002367,0.0022229889436464756,11.649309493540867
0.008839725897553777,0.1748232398766951,0.5002327198816167,0.00019780576808188453,0.0009074610663430108,0.00182366915205866,0.001820737130388217,11.964155696069
0.00793388380239273,0.1748553112365664,0.5014274930169548,0.0002787396012845644,0.0005473031204586668,0.0028466220459333106,0.0028433417585777,12.27900189859713
0.007959868544126468,0.17397071478479686,0.5036966827552904,-0.0017622255500411173,0.0008662482750869396,0.005747300161305898,0.005740213941736627,12.593848101125262
0.008852655906784005,0.16932377943659913,0.5045851533451278,-0.005342444514957424,0.0030597299811891414,0.01044001043557311,0.010402063693877639,12.908694303653395
0.010057097317298041,0.16404678920839044,0.5058325039484782,-0.008432385009089546,0.005484534452157835,0.016297522144239726,0.016185891413273645,13.223540506181525
0.010872323470637388,0.15980280808135985,0.508094240572887,-0.00886910113244601,0.007461361002527303,0.02245217185832222,0.022247967925830614,13.538386708709657
0.010881954955340134,0.15853408385470702,0.5120752361583345,-0.005952627902303287,0.008351121736860673,0.028232038693542773,0.02797691730741836,13.85323291123779
0.010210969067856283,0.161853882542532,0.5186161425950498,-0.0012566184240364272,0.007711905188190521,0.03347937292570468,0.03326413949678342,14.16807911376592
0.009455367962851383,0.17045040900019165,0.5284205371759237,0.0019928543081707464,0.005420660670006005,0.0385598766730943,0.03845677890671162,14.482925316294052
0.009327992736374153,0.18373518842490097,0.5415559260419923,0.0007421850958131276,0.0017350077479072721,0.0440500738518683,0.044035768465619185,14.797771518822183
0.010234258250398722,0.18898996605323243,0.5431624840587653,-0.005894155866936192,0.0027387545840518897,0.050284885777784664,0.05022408072542839,15.112617721350315
0.01203313513582403,0.18800268213981994,0.5403839993903915,-0.015720430677131997,0.007174425329818985,0.057040456253714546,0.05676254734300956,15.427463923878447
0.014126453193407431,0.18890185743390273,0.5392102547882853,-0.02432905905351664,0.01072016307395737,0.06355478432215342,0.06298072740460026,15.742310126406577
0.015821114591129594,0.19301386972439447,0.540407493689461,-0.0274097480037575,0.012677340195628925,0.06888675495609206,0.06811149019007545,16.05715632893471
0.01674420196260029,0.20151189312343043,0.5444295255289329,-0.023236832091188545,0.012628351406323452,0.07240306805137077,0.07165885352541101,16.37200253146284
0.017060062073957095,0.2149925094551484,0.5514641729303398,-0.013862327818003256,0.0105062958577023,0.07409574929435712,0.07360686691245699,16.686848733990974
0.017359458250223055,0.23305950024303534,0.5613015791997625,-0.0042175450231315545,0.006617792296832825,0.0745309729864335,0.07435751586656614,17.001694936519105
0.018289629479027188,0.25414229870697663,0.5730049348211395,0.0004759479863373098,0.0016181141927037223,0.07445688313119089,0.0744436013711034,17.316541139047235
0.02015015292362846,0.2612420858619436,0.5634193518802585,-0.002430254299083645,0.003673296772527701,0.0743125619472769,0.0741876489247899,17.63138734157537
0.022699357044523805,0.2626676640184104,0.5526618397695391,-0.011501710251508871,0.00826394410084202,0.07394478009018357,0.0735036956514381,17.9462335441035
0.0252883558534194,0.265961217620217,0.544704108659115,-0.02195030994772508,0.011409817423889078,0.07271013388473976,0.07195500561469326,18.26107974663163
0.02724150452178124,0.27218754272446194,0.5399548881039387,-0.0282124466460301,0.01261924241874374,0.06989829961848333,0.0690347690933798,18.57592594915976
0.02825272698115969,0.28207575990673106,0.5382807695449031,-0.02692922316724399,0.011762209423741204,0.06521117270523152,0.06450836707306384,18.890772151687894
0.028557421212148437,0.29566161982293143,0.5392288863394707,-0.018666901470899125,0.009073921529454633,0.05899986328181416,0.05861647957088134,19.205618354216025
0.02877588585852565,0.3119840226235623,0.5420647324566775,-0.007461825995673759,0.005114344535062025,0.05211553814944103,0.05201348579868126,19.520464556744155
0.029523678615678284,0.32902679102714305,0.5439042792838288,0.001474517347071321,0.0007097582059779605,0.045470630126513076,0.04546717056143701,19.83531075927229
0.031025653198446197,0.3309535078696253,0.5298304214385585,0.004540623769777613,0.003423522416151668,0.03958174963067441,0.03948903790491076,20.15015696180042
0.03296814324527235,0.3308341471226648,0.5183005895478696,0.001469518617743811,0.006387855561879499,0.03436874219246623,0.03411389074614091,20.46500316432855
0.03467976130208039,0.3320172617179957,0.5105132013827665,-0.004871709992017322,0.007819488830260573,0.02932045940832174,0.028967031709003943,20.779849366856684
0.03553260011236227,0.3349606773577237,0.505966145394319,-0.010341380273682864,0.0076620162625460515,0.023913820119097425,0.023587717474050196,21.094695569384815
0.0353218130048655,0.339759159785849,0.5037628017714506,-0.01187324739503082,0.006212767228790524,0.018026235895351857,0.017817058932192764,21.409541771912945
0.034393534775959286,0.3459152755017415,0.5030042847079449,-0.00897281163213773,0.004022093751870553,0.012095570726824266,0.012008639359252893,21.72438797444108
0.033442511991669394,0.35223909383813345,0.5028253763231788,-0.0036152889812989873,0.0017557165753753765,0.006939376332957849,0.006920010421390899,22.03923417696921
0.03310066502607226,0.3570815632056925,0.5010805852853524,0.001223882522846448,4.108535820826054e-05,0.0033465623021753208,0.003338487049916905,22.35408037949734
0.03356479901941013,0.3560957371625699,0.49826976925449507,0.0034121774060069973,0.0007324150425047654,0.001681955658041364,0.001664778796400923,22.66892658202547
0.03448838405507164,0.35559661926347763,0.49863112725283526,0.002757468275218526,0.00045239861306008877,0.0017293298047851506,0.0017119120064744697,22.983772784553604
0.03520291667665875,0.3528785591472115,0.5017254214433393,0.0007802957293429062,0.0006200681344483966,0.0028568511488567577,0.0028478218129531774,23.298618987081735
0.035135567549490834,0.34712367115145093,0.5027924557398556,-0.0005727830259129638,0.001974035806809673,0.004404495238379436,0.004396615918752955,23.613465189609865
0.03417148071418456,0.34224109720787194,0.5021214356987158,-0.00037275027412763534,0.002996468801775244,0.006068936690154303,0.006050879101804352,23.928311392138
0.03274214007370785,0.34003219688301156,0.5032605096454903,0.0006491051442765442,0.0031430005665693574,0.008064648231842346,0.008039690248152098,24.24315759466613
0.031585811031742086,0.34134515304725316,0.5073102864144363,0.0006754839435274564,0.002094488054557593,0.010967492633216124,0.010949936262847126,24.55800379719426
0.031323501058820175,0.34530452771365916,0.5128247023638696,-0.0017895468590935803,0.0001410283531416109,0.015328734519050162,0.015315033928613886,24.872849999722394
0.032105174155062,0.33959785918478275,0.5144952591921782,-0.006628179874297092,0.003187910291836933,0.02128232457827173,0.02122796663384674,25.187696202250525
0.033538479058499215,0.333524445793707,0.5157835590300414,-0.01184762991095747,0.006422053709179533,0.02837847710299156,0.028215755288439226,25.502542404778655
0.03494154503618025,0.3287106944577836,0.5181662671889524,-0.014635482635125045,0.009091041665140362,0.03575091369824405,0.03544651206613203,25.81738860730679
0.035766109483059444,0.3270709081363284,0.5223406137613689,-0.013159542374465136,0.010509139691678564,0.04253052869851598,0.04213633610194234,26.13223480983492
0.035935542683813486,0.33024045459548484,0.5289580499989457,-0.007990745930705614,0.010207066914042946,0.04826676523901429,0.047908612207276824,26.44708101236305
0.03589484730753579,0.33898035929717507,0.53854807591008,-0.002159726692432265,0.008042981431911256,0.05310385024651955,0.05289771423075629,26.761927214891184
0.03634377758776675,0.3527929929076953,0.5511702918608001,0.00036156008615352233,0.004258634514543655,0.057599070022083095,0.05754997024927688,27.076773417419314
0.03781481461307756,0.36777648520771916,0.5581214262874281,-0.0030231516847630357,0.0005444897714180955,0.06228665636801032,0.06225436509716076,27.391619619947445
0.040350555844124295,0.3659683284007647,0.5525220019761848,-0.011777095006193804,0.00552364557141412,0.06725244728279114,0.0670278517396794,27.70646582247558
0.04347445601239215,0.36563163112964125,0.548291772076152,-0.02217069647552783,0.00978042370916768,0.07198656034338981,0.07143762204506321,28.02131202500371
0.046471283235736294,0.3681970897748676,0.546459191449546,-0.0291104882252936,0.01254902850907353,0.07561503301122542,0.07479806731580718,28.33615822753184
0.04880658349333916,0.3749821711267545,0.5474750017685601,-0.02891369361840739,0.013333657703745524,0.077375709630733,0.07652153499277259,28.65100443005997
0.05043135530192791,0.38677375495456495,0.5514236297470008,-0.021455700773306156,0.011982019130487952,0.07704679002229387,0.07641899153141929,28.965850632588104
0.05178896931861821,0.4034031976722753,0.5580502566117767,-0.010406852209829601,0.008710186854234988,0.07506107344716008,0.07478112775041923,29.280696835116235
0.053522254937927914,0.4235321495049874,0.5666038325846597,-0.001346036542056957,0.00408408343061928,0.07223316438635317,0.07219783166172822,29.595543037644365
0.056059701859449584,0.44043255264353226,0.5626333956785831,0.0012308171883699945,0.0011443773302768014,0.06926897001261477,0.0692217271526927,29.9103892401725
0.05933206309723135,0.44135926587958474,0.5490396407226048,-0.0036673619021295304,0.005893479970497885,0.06636264510864735,0.06606919367017183,30.22523544270063
0.06279133871457632,0.44353461092590607,0.5383822096200935,-0.013034480680418055,0.009469667005645856,0.06312935900387488,0.06253229299338647,30.54008164522876
0.0657210333472488,0.44814018972396263,0.5311847162675286,-0.02156094264395569,0.01128795150444336,0.05891017793283152,0.05815633884338456,30.854927847756894
0.06765001105158124,0.455997482705909,0.5272469205606065,-0.02452937707307661,0.011152343866598797,0.053253842837123096,0.05258358807705288,31.169774050285024
0.0686192537491044,0.46728030266019777,0.5259929762449611,-0.020278085285519762,0.009236193450353942,0.046274864938000274,0.04586078209951672,31.484620252813155
0.06914003925695614,0.48121766896029855,0.5266550765338727,-0.010900275964859653,0.0060341335278779615,0.038670360821346624,0.038520773946144726,31.79946645534129
0.06986937365839117,0.49606320890735356,0.5278385354321143,-0.0008935081957962984,0.002272332025365689,0.03139175337386919,0.03137633796941253,32.11431265786942
0.0711999247822794,0.5044447402232198,0.519076624506382,0.005371556847352376,0.0012945496788520994,0.025175765788789068,0.025137234953418686,32.42915886039755
0.07301336320919072,0.5040875051195096,0.5085615859953878,0.005896978640921809,0.0038923897757832996,0.020215949304717575,0.020076008875831497,32.74400506292568
0.07474717146731057,0.5044746156262684,0.5018915171762489,0.0018176262467375145,0.005177655288545297,0.01616176691009401,0.01594881317614394,33.05885126545381
0.07573552939786085,0.5059752574837848,0.4986135260655559,-0.0036045268153106335,0.005109364789736512,0.012432017179328937,0.01222829294573402,33.37369746798195
0.0756188356670812,0.508661360893521,0.4976047530336279,-0.007024022164726494,0.003998734542188114,0.008646428973410789,0.008512454703049288,33.68854367051008
0.07457396483088,0.5121432313037072,0.4976379909402996,-0.006847313612274785,0.0023870873598943296,0.004918564110905356,0.004856998767971854,34.00338987303821
0.07322484009708234,0.5154740128324279,0.49752386462852827,-0.003844641761004163,0.0008946867939239304,0.0018425360494684232,0.0018177808995814004,34.31823607556634
0.07228600920296671,0.5173290079001956,0.4966349139581454,-0.00031788286379446626,6.092454363756549e-05,0.00018685214071797326,0.0001671525571282917,34.63308227809447
0.07215364316444374,0.5165293427684611,0.49710488381393236,0.0015337434491218564,0.00019699817479573777,0.0004753597910785925,0.0004537372701441944,34.9479284806226
0.07269034668155004,0.512628320982538,0.5001879569199754,0.000983525237562583,0.001288715618706658,0.002696112787575131,0.002677449849134872,35.26277468315074
0.0733330985966623,0.5063286122265,0.5030872323114995,-0.0009469457798269241,0.0029929682196514823,0.006303869412572067,0.006282442309608283,35.57762088567887
0.07345875392737022,0.49934376201418496,0.5045810807292715,-0.0024089625117357065,0.004734340303664218,0.010514879083324763,0.010472963025557558,35.892467088207
0.07278648944065727,0.49384339869723715,0.5065108098046615,-0.002184184124767035,0.005866541391032123,0.014726300969004019,0.014656597224731893,36.20731329073513
0.07157435851004154,0.49169203578425585,0.5101377497884397,-0.0006813368162343583,0.005847250490076367,0.018819372655889805,0.01874272243244446,36.52215949326326
0.0704909363276772,0.4937975552051845,0.5164339808645348,0.00022857943599669921,0.004388893617667584,0.02316831583819135,0.023117779428320273,36.83700569579139
0.07023862710199093,0.49982329431265626,0.5248570560122726,-0.0015141462724482502,0.001557128356945718,0.028344581780026235,0.028321305661217377,37.15185189831952
0.07115483546353457,0.4994822347954144,0.5280976404912684,-0.006577417292849668,0.002230485887672938,0.034686003744591284,0.03462892040513865,37.46669810084766
0.07303029142187131,0.492635274506421,0.5285389984452188,-0.01341818696180553,0.006254244074565011,0.04198760317725255,0.041798364843345426,37.78154430337579
0.07525236695400263,0.487066684160601,0.5298731665365932,-0.01887733716569029,0.00970817392047632,0.04950783600997152,0.04912697593654736,38.09639050590392
0.07718519326470374,0.4846699202992504,0.5330216400520136,-0.019965340863137247,0.011848381637349694,0.05630016090063177,0.05577701155980053,38.41123670843205
0.07855658514364582,0.4871268448631474,0.5385401176089065,-0.015810317130787777,0.012156336673338887,0.061680694415333505,0.061169287109663184,38.72608291096018
0.07961917609561718,0.49533034572910944,0.546798690078325,-0.008528385836835267,0.010441568231175685,0.06555124102942951,0.06521559229489804,39.04092911348831
0.08099020636992332,0.5089670045256695,0.5578134160199865,-0.0023394749875597365,0.0068941630095700245,0.06837647396660215,0.06826512573674948,39.35577531601645
0.0832680576412943,0.5264734216363235,0.5695304726484663,-0.0012923068740687536,0.0020715089018199366,0.0708230181439972,0.07081028277923962,39.67062151854458
0.0866576241188155,0.5326612099536673,0.5614831588615606,-0.0068596665074533115,0.0032001287803844294,0.07327991591654566,0.07313202756920101,39.98546772107271
0.09083055147828353,0.5314926231554779,0.553784493777768,-0.016846119113039053,0.007997157386830609,0.07555957598366363,0.07509157944846734,40.30031392360084
0.09510392042093795,0.5327052979783924,0.5485384405572319,-0.02635494538947127,0.011492628725092014,0.07697041609717424,0.0761846194418565,40.61516012612897
0.0988283285442688,0.5377196948001326,0.5462763539604212,-0.03036911380020075,0.013109371284846407,0.07672094084091839,0.07582218317779521,40.9300063286571
0.10175043178080312,0.5475029155340521,0.5470074629519529,-0.02652163182697003,0.012605892605398884,0.07440565600415887,0.07367466104475673,41.24485253118523
0.10413186838063426,0.562134880329155,0.5503934338476129,-0.01646881058270422,0.010105345943728222,0.07027021687335604,0.06988103042203009,41.55969873371337
0.10655492241332654,0.5805440453102971,0.5557340476035918,-0.005054863598290158,0.006083037239761639,0.06509126751622021,0.06500181265233551,41.8745449362415
0.10953476149736809,0.6005492334671951,0.556940431405749,0.0022814871216728246,0.0013329794182316843,0.05974748143990103,0.05973928508103843,42.18939113876963
0.11317439934723866,0.6062460256494265,0.5416793509033205,0.0024035534781698354,0.003425914055428188,0.05474888177222759,0.05458305066178515,42.50423734129776
0.11707216100183629,0.6075237464412002,0.5292459868939763,-0.0039357780729992195,0.007127528680755729,0.05001237119040188,0.04958717805069979,42.81908354382589
0.12053840265751242,0.6105923822034527,0.5205555727704819,-0.012657536431942423,0.009288682001875485,0.045013239733969715,0.04441476847605097,43.13392974635402
0.122990701564559,0.6163110524530478,0.515379343885052,-0.018682645708865325,0.009670643224452168,0.03920873294531238,0.0386308370600732,43.44877594888216
0.12428823970783152,0.6249536067464885,0.5129870160232591,-0.018665271817958743,0.00841173509185434,0.03246742392145799,0.03207205750056308,43.76362215141029
0.12480286361869153,0.6359323744218485,0.5124679104571508,-0.012620693706503061,0.005962756095770994,0.025243540931772522,0.025065880101757365,44.07846835393842
0.12518409194187569,0.6477424317365162,0.5125550684272586,-0.003636892373198021,0.002984811724001667,0.018397496400402225,0.01835355959522733,44.39331455646655
0.1259608426902429,0.6582090111849815,0.5083350308369353,0.004027348361076323,0.00025224563992883324,0.012777547821345861,0.012749375108349836,44.70816075899468
0.12722133771450933,0.6586085706774637,0.5006841731044934,0.007286503959801286,0.0017839114164256839,0.008813491029956577,0.008735202973653156,45.02300696152281
0.1285652497223033,0.6584981200325813,0.49634962213563066,0.005692677730582232,0.0026070235277850765,0.006356470327739705,0.006238966063035756,45.33785316405094
0.1293576261547288,0.6589232312471973,0.49541481257212483,0.001299309176102711,0.0023089961334096082,0.004847887767077917,0.004739685682852657,45.65269936657908
0.1291315148175055,0.6598638671939631,0.49653950235004324,-0.002836925732813697,0.0012415741955769687,0.00370876519738266,0.003641016211262893,45.96754556910721
0.12789556597446697,0.6606849895641277,0.4978675590861835,-0.004526299646620999,3.918537243188152e-05,0.0027189196566459865,0.0026839789546064807,46.28239177163534
0.12615944422590897,0.6578442241604037,0.49775350495070425,-0.0035699171825941504,0.0009372207757331136,0.0021675830009135594,0.0021395542182542915,46.59723797416347
0.12466012632168164,0.6566765575391236,0.4976947717863037,-0.0015475169328429148,0.0009793744147517636,0.002691339938801821,0.0026566444545781387,46.9120841766916
0.12395308479986228,0.6570841539126305,0.5000356492618977,-0.0005214138934851944,5.163246704513215e-05,0.004893909770922653,0.004857213219650824,47.22693037921973
0.12411404212433698,0.6508260245354258,0.5042963769236962,-0.0015541475791161245,0.0020381601019698967,0.008966448158566802,0.008929828665336759,47.54177658174787
0.1247300483493413,0.6425713609749835,0.5079701487123754,-0.004009309661947826,0.004542305391280923,0.014528516450497709,0.014473336572564666,47.856622784276
0.1251840924271612,0.6340669685476488,0.5109878838554274,-0.006075083115207406,0.006913060485129867,0.020786612754872272,0.020685122970355407,48.17146898680413
0.12506086656261498,0.6275208352462931,0.5145941591918262,-0.006149447442844428,0.00845539301618672,0.026925556470936064,0.02677513875381221,48.48631518933226
0.12442868429604864,0.6248744022528259,0.5197860382735512,-0.004149815689803376,0.008605651620130661,0.032509631105630515,0.03235188980876058,48.80116139186039
0.12382726460473807,0.6271326210689147,0.5273634350033951,-0.0018244249426409061,0.007076768222962523,0.037657415399064094,0.03755102069814875,49.11600759438852
0.12396827011932327,0.6340182791344678,0.5372665483140068,-0.0017606980670816987,0.0039491945781639885,0.04288090496160677,0.042840271890685844,49.43085379691666
0.1253285382417115,0.6426523018841093,0.543036404491344,-0.00564158163202919,0.0003926386409757833,0.04867803208258103,0.048631258638730634,49.74569999944479
0.12788029585183971,0.6353199539113096,0.5420070419332589,-0.012856354956683488,0.005014461612623288,0.05512171890838112,0.05493801382090757,50.06054620197292
0.13111938966982112,0.6289406597608769,0.5412490462456895,-0.020445841432919342,0.00922587931777941,0.06170060175521407,0.061283569477705746,50.37539240450105
0.13437256618832383,0.6255026539211053,0.542288492639591,-0.02458398316570835,0.012171677819318187,0.06752071159737659,0.06690101482660249,50.69023860702918
0.1371974004481291,0.6267540276092824,0.5457020850517615,-0.022821281256242058,0.013268189060720866,0.07175660713432111,0.07110270169462851,51.00508480955731
0.13963426616617286,0.6337576460391866,0.5517346088170371,-0.015752913259640268,0.012253607008535288,0.07408066334869887,0.07360103028241716,51.31993101208544
0.14216028155639468,0.6464445570832014,0.5603235397631448,-0.0070144381080135595,0.009238785663584926,0.07480480309509882,0.074601575782419,51.63477721461358
0.14537517530049573,0.6634857327323316,0.5708525526735849,-0.0014551657029608543,0.004705846257045031,0.0746428169441763,0.07462494964122612,51.94962341714171
0.14961024047210714,0.6802764357604463,0.5660237406041272,-0.0024457121092527193,0.0005820559731303891,0.07423786335607878,0.07416757178283984,52.26446961966984
0.15469719878964688,0.6786686818213866,0.5548684366404218,-0.009862850601312433,0.005661480259594865,0.07374904285257093,0.07339884468284863,52.57931582219797
0.16003642041276955,0.6787581501574923,0.546254594523403,-0.019972132724751405,0.009695030873707459,0.07275585257825852,0.07206783651009185,52.8941620247261
0.1649225402583847,0.6820767991914101,0.5408627159000297,-0.02735597652276111,0.01202198697998217,0.07054008787282331,0.06967206041887541,53.20900822725423
0.16893025740851308,0.6897357253715434,0.5386653882004124,-0.027840511272064796,0.01232034986744,0.06656774938658827,0.0657911117163088,53.52385442978237
0.17212798086839867,0.7020337360964178,0.5392133536758555,-0.02077589847416545,0.010632310360983497,0.06086957030355812,0.06039161121539316,53.8387006323105
0.17499237543738538,0.7181569687736824,0.5417642480928172,-0.009384938202752253,0.00735094126130377,0.05408521557299,0.05392209766092715,54.15354683483863
0.17807809109765174,0.7362026398603138,0.5442810111688219,0.0010005586506062307,0.0031671796883817292,0.04714794223098794,0.04713392602652333,54.46839303736676
0.1816445143824508,0.7491273989753672,0.5316986783514505,0.005801495928776601,0.0012096583209361522,0.0408076582366782,0.04072411291851763,54.78323923989489
0.18546677740475673,0.7499011645651402,0.5187376307467543,0.003547168941156936,0.004678435046887048,0.035283291340626,0.03500704864318993,55.09808544242302
0.18894638400860508,0.7517302333891205,0.5097038567359304,-0.003541871774068871,0.00686442433385146,0.030247584476315127,0.029814227807347105,55.41293164495116
0.19145499495613455,0.7555071474402674,0.5044381554985431,-0.010972053188118534,0.00748577526401056,0.025140099765877357,0.02469065525890024,55.72777784747929
0.19270316880033136,0.7615466580625031,0.5020493306765741,-0.01450692757267425,0.006675074649827224,0.01960836272587977,0.019275507797149594,56.04262405000742
0.1929104899363422,0.7694061006024836,0.5013828233520715,-0.012361657356913046,0.0048654342676820094,0.013809207947087095,0.013633779555749848,56.35747025253555
0.19267399364790672,0.7778139765888272,0.5010533214975775,-0.005898135936655826,0.0026705982432405472,0.00839544478015241,0.008326050137876018,56.67231645506368
0.19261464972578551,0.7849454871363227,0.4988209033794145,0.001430458587973346,0.0007422978334128798,0.004203324798341384,0.004160261470542492,56.98716265759181
0.19301583508929548,0.787457026829393,0.4953121539059403,0.00615071958525895,0.0004084038396498931,0.0018286861760555798,0.001768612487773491,57.30200886011994
0.19367236889160275,0.7872066927544336,0.4944573908574493,0.0066184291642665104,0.0005142021141842547,0.0013371215984087498,0.0012682711607218122,57.61685506264808
0.19404139137358645,0.7858092572914286,0.4968535332688124,0.0036380427957209763,0.0003075413777817829,0.002269924392380971,0.002219264639611862,57.93170126517621
0.19360385520819376,0.780360936209713,0.5009392277593496,-0.000374386956832285,0.0016394758595518746,0.003936090111312183,0.003910551423866537,58.24654746770434
0.19221757239240822,0.7747853068689802,0.5027375946541733,-0.003055089773125274,0.002890315305017352,0.005819323764819957,0.0057992577598808825,58.56139367023247
0.1902471163091407,0.7709035677599135,0.5025370379428569,-0.0035173067197389117,0.0034652903106698113,0.007866091484785983,0.007830205226213027,58.8762398727606
0.1883903697773629,0.7696620387280395,0.503944861394935,-0.002687813437709922,0.0029331122262990263,0.01048916106528806,0.010437414475157225,59.19108607528873
0.18730486587407688,0.770961081442177,0.507882400963434,-0.0024226807430762823,0.0011512666454538264,0.014282814114881939,0.014229135483708966,59.50593227781687
0.18725796860339183,0.7671551620147621,0.5130874770056009,-0.004042331895053069,0.0016826382873763577,0.019612229817510415,0.019554926654845706,59.820778480345
0.18801025706169688,0.7570145278366897,0.5172494629772317,-0.007283702324073396,0.005032499001913691,0.02631688663957566,0.02622288522127758,60.13562468287313
0.18900069186171586,0.7468682375949806,0.5207623450178022,-0.010390868438929932,0.008178858405336957,0.03370854006392325,0.03353718655348881,60.45047088540126
0.1897206395426814,0.7389474895786662,0.524910541167878,-0.011321184983674131,0.010368038663057293,0.040876359363375865,0.04062710336254516,60.76531708792939
0.1900507065833827,0.7352758619317893,0.5305619687547235,-0.009291297422471345,0.010995228486326796,0.04712856464333787,0.04686459501945239,61.08016329045752
0.19035720952726112,0.7369948824173577,0.5383441296646353,-0.005607905395037596,0.009743529765541676,0.05231058936018444,0.052122649653081776,61.39500949298565
0.1912901299772427,0.7439662687174704,0.548359594223586,-0.003127794024944584,0.006669362234388967,0.05680452681895466,0.05673129539266675,61.70985569551379
0.1934043228564813,0.7548023857071866,0.5565962720853868,-0.004554644438180187,0.0022215128143783054,0.06120278273718053,0.06117221816245211,62.02470189804192
0.19683193736412266,0.7558718560959659,0.5540858278541138,-0.010577173675338567,0.0029054674842335284,0.06585030909315623,0.06570320082342307,62.33954810057005
0.20120233623362133,0.7488219935990166,0.5504297476415041,-0.019059426937319837,0.007732533210819315,0.07053846398621919,0.0701346674035026,62.65439430309818
0.2058559876183374,0.7442711137672473,0.5485280189179889,-0.025930331731781456,0.0114487988872684,0.0745475436966246,0.07388253497825181,62.96924050562631
0.21022209926937066,0.7440465961553588,0.5491060976419194,-0.027392793045338242,0.013394525807281833,0.07702137790238027,0.07625870148097702,63.28408670815444
0.2141326873571972,0.7493954577411195,0.5523341733263969,-0.022207375054923307,0.013224037545188208,0.07744777223904692,0.07682782018421219,63.59893291068258
0.21788576091117756,0.7605191349549063,0.5580459169646377,-0.012660566936090986,0.010954699408932574,0.07594735797754754,0.07562735228284323,63.91377911321071
0.2220223204222207,0.7763667102798789,0.5657129346246713,-0.0035360559026392582,0.0069751249188941804,0.07318957671182666,0.07312928016056341,64.22862531573884
0.22695428599552342,0.7948204712568075,0.5656681770533375,0.00042611132408698025,0.002002677565122428,0.06998701307300642,0.06996844436873917,64.54347151826697
0.23266970746462906,0.8009974989802122,0.55148327429951,-0.0028291495255126013,0.003124071364636175,0.0668207043390499,0.06659382312298634,64.8583177207951
0.2386939649619703,0.8003262763485217,0.5399622279357443,-0.011454023053555406,0.007423006682976361,0.06359086659589164,0.06304341515609457,65.17316392332323
0.24433012025376605,0.8022002107297909,0.5319665789712463,-0.020635044724197946,0.010235441559893527,0.05974375971721051,0.05897468095287395,65.48801012585136
0.24903273163781595,0.8078261011477246,0.5274769616672536,-0.025182098224709883,0.011174534462617318,0.05468923594544777,0.05393619881825984,65.80285632837949
0.25268970871572305,0.8176675674889257,0.5259219405413482,-0.02231963566101736,0.010223806214472953,0.04824521477086295,0.04772320441640132,66.11770253090762
0.2556437169688067,0.8311332072949825,0.5264311026117796,-0.013128453979998182,0.007714042407994898,0.04083485106106017,0.0406035809983325,66.43254873343575
0.25844277790473696,0.8465558565704902,0.5274187359014735,-0.0018735018079260675,0.004261312160277877,0.0333205950880997,0.03326971720160188,66.7473949359639
0.26147320430284743,0.8614500307436515,0.5201843875437456,0.006347038019012083,0.0007198145232691235,0.026582797430719247,0.026531825145800103,67.06224113849203
0.2646985867791282,0.8644082727247305,0.5084525524830936,0.00828318633965575,0.002455131046779472,0.021100024174328717,0.020928154430208235,67.37708734102016
0.26766386784049856,0.8653612587511735,0.5003512794837934,0.004077174209043939,0.004337848765476501,0.016777282079587223,0.016487865552796355,67.69193354354829
0.2697624955229773,0.8675463809954291,0.4961543423919158,-0.003093999189250661,0.004882759913398768,0.0131119976241941,0.012798115747219785,68.00677974607642
0.27060464040456494,0.8712559927359343,0.49484610253234096,-0.008952861327286721,0.004244588212712725,0.009586225936189071,0.009342071668058338,68.32162594860455
0.27026282163821513,0.8761404542407379,0.49493531643668454,-0.010466984693860417,0.0028661438594449534,0.0060469708643895925,0.005901816760058631,68.63647215113268
0.26924559909443235,0.8811347791752423,0.4947817521789606,-0.007301066095914179,0.0013358310614405642,0.0028528840407983976,0.002771775914897856,68.95131835366081
0.2682148132942721,0.8846745897584577,0.49351550796236326,-0.0016648014003929814,0.0002373037327333061,0.0007074298018684242,0.0006410598765931308,69.26616455618894
0.26761693382472895,0.8852498061167502,0.49303297809193164,0.003208449058478543,1.1731221469721997e-05,0.00027975333679485735,0.00020976287378893232,69.58101075871707
0.2674507709795464,0.8821373855913051,0.4956103444212531,0.004971557583840853,0.0007643474366677604,0.0018327597007161255,0.0017742053479228304,69.8958569612452
0.2673113130905316,0.8757226234294148,0.501453054543889,0.0033414405831776483,0.00233122118678869,0.005070613997003772,0.00503963972462218,70.21070316377333
0.26668258486053026,0.8676091753194926,0.5080514325979388,-6.658746181205196e-05,0.004204202307803758,0.009292326502176299,0.009278858015555058,70.52554936630148
0.2653016407767965,0.8599537392143677,0.5093083449842255,-0.0030255348299119294,0.0057358368668659855,0.01376472031110734,0.013739346522632312,70.8403955688296
0.26337228938454743,0.8546944059250566,0.5108492122283396,-0.004222326093244604,0.006310281955767183,0.018102404721317467,0.01804733595146224,71.15524177135774
0.2614976538422627,0.8528939942986685,0.5141333615706571,-0.004039245931923069,0.005510100499569512,0.022435036620824272,0.022362000781413593,71.47008797388587
0.26037058621367654,0.8544682279930731,0.5194875829546342,-0.004115854783711158,0.0032355745998463173,0.02726069617551632,0.027191849900165654,71.784934176414
0.26040713071509636,0.857153769173362,0.5253317434205245,-0.006015233014987745,0.00034491180383209636,0.03306582142235577,0.032994631587158985,72.09978037894213
0.2615422235309151,0.8455892135754298,0.5292401674105203,-0.009911428378385273,0.00438408067402008,0.03993405614199331,0.03981002348907414,72.41462658147026
0.26330871228075614,0.8338804136204848,0.5321085621398519,-0.014222934759101314,0.008331212125227761,0.04738207443421947,0.047145937732113286,72.72947278399839
0.2651503868774716,0.8244166539292619,0.5355841332768656,-0.016517540261064306,0.011302994303397013,0.05453284635670893,0.054179580859651466,73.04431898652652
0.2667796013553978,0.819305900352252,0.5405465837062798,-0.015168710376218074,0.012638610704405874,0.060535112449337715,0.060146201885093564,73.35916518905465
0.2683640474063231,0.8198596005084161,0.5474848042949724,-0.010689533359816643,0.011966102332166082,0.06498237907896323,0.06468443554950054,73.67401139158278
0.27043070546503173,0.8261493787048811,0.5565098915559296,-0.005788218920700033,0.009283451177231585,0.06807541761116485,0.0679428602296126,73.98885759411091
0.27354563909982393,0.8369670484862121,0.5658709924922577,-0.003950088161043325,0.004977930281609624,0.07042290966249795,0.07039864413753483,74.30370379663904
0.2779631130275102,0.8489844639013595,0.5630560219480848,-0.007305143924357979,0.00034961593542523077,0.07259786894576759,0.07250556270821573,74.61854999916719
0.2834551044938875,0.8417977886177104,0.5560146351191501,-0.015079881133609937,0.005486142961856756,0.07472374042516518,0.07438001620421386,74.93339620169532
0.28942261471466296,0.8362920806126257,0.5506707227443561,-0.023677386999994797,0.009828869177954669,0.07635113148547049,0.07570361769344791,75.24824240422345
0.2952204269322509,0.8345853184948472,0.548019316981338,-0.028491170258906583,0.012561999542171983,0.07670714108788254,0.0758929858276165,75.56308860675158
0.3004997260578822,0.8380963576551118,0.5482162714700125,-0.026490053701425854,0.013254693001482565,0.07516516096771533,0.07443599733132766,75.87793480927971
0.30536407361487844,0.8472873723796845,0.5509812461039165,-0.018077039571794858,0.011831391887019394,0.07164289872245623,0.07120144274980234,76.19278101180784
0.3102479193776847,0.8613922742131431,0.5557250830618952,-0.007080139373994575,0.00858501838940422,0.06668059749221286,0.06654432751004669,76.50762721433597
0.31559433202225085,0.8785202075838013,0.559942989057965,0.0012062091025086003,0.004145334102264544,0.061152087113348484,0.061143621951555316,76.8224734168641
0.32152921360099074,0.8933020109619588,0.5442832736166623,0.0028675737319084687,0.0008022847229607748,0.05579009921428637,0.05566181622462152,77.13731961939223
0.3277303144755575,0.89248021875874,0.5307179098108735,-0.0024966335948776058,0.004969999033572601,0.05081922887920634,0.050421581817267525,77.45216582192036
0.33357045476589986,0.8932909779547844,0.5209626412611069,-0.011559032816558429,0.007970254043946766,0.04591700851066958,0.045290822908297335,77.76701202444849
0.3384479847419877,0.8971429919727861,0.5150673285341743,-0.01908357693996187,0.00929863332112202,0.04051633968962691,0.039849584666646454,78.08185822697662
0.3421048081107317,0.9046005201246611,0.5123478929392753,-0.02074537538438818,0.008907112872454742,0.03425395336820544,0.033744420952669385,78.39670442950475
0.34474100357403265,0.9152454217523658,0.5117385612344245,-0.015382862799453596,0.007091169805133211,0.02728775112323869,0.027016848942579608,78.7115506320329
0.3468589131132636,0.9276274161196252,0.5116627382193663,-0.005478095929929894,0.004411172119044881,0.020294727716200875,0.02019868144004522,79.02639683456103
0.3489331559954831,0.939592486896996,0.5078336600136144,0.0043164812463490215,0.0015819481482163254,0.01415858113640597,0.014102438960665431,79.34124303708916
0.3511078248727014,0.9460030549975752,0.49963183194612326,0.009709494889840787,0.000801118472206895,0.00953876888206388,0.009422893446595415,79.65608923961729
0.3531051117984426,0.9464415559731879,0.4938875420529261,0.008937900537682677,0.0020823203082854604,0.0065742377095759485,0.006390184205611105,79.97093544214542
0.3544009527249761,0.9474618881843966,0.4919052117147122,0.0034336982358576505,0.0022388808674333478,0.004886920170382213,0.0046923953049251566,80.28578164467355
0.3545607629469244,0.9492815331216118,0.4926516876370304,-0.0032527979599291084,0.001466112123990272,0.003871732295552289,0.003722521493351394,80.60062784720168
0.35353078265130045,0.9515287905764592,0.49417129674319593,-0.007547399056149481,0.00024278342793146714,0.003097160030618478,0.003000480794981497,80.91547404972981
0.3517073769145848,0.9501356226516586,0.49450216184909496,-0.007736338937867922,0.0008438890951830235,0.002583448422778096,0.0025063601412709247,81.23032025225794
0.3497412510547184,0.9486651716130295,0.49405028320793365,-0.004626016142976171,0.001256014266737629,0.0028005027236968423,0.0027130459495563475,81.54516645478607
0.3481939024703827,0.9482584719875382,0.4953601915839958,-0.0007288366725873185,0.000650322786016688,0.0043888785592571386,0.004294215377666943,81.8600126573142
0.34725273784414973,0.9444202021811866,0.49989571698178636,0.001419526934603873,0.0010173011016512028,0.007764404738819772,0.0076881562654308455,82.17485885984233
0.34667571976486555,0.9349187839375175,0.5070333410928495,0.0007509008115074973,0.0034462559032522894,0.012833969614097605,0.012788753622757887,82.48970506237046
0.34599778211164006,0.9240059254854633,0.5136279659601054,-0.0019099122499396854,0.006057938051078066,0.01898947148704136,0.01895501068482386,82.8045512648986
0.34487302756398674,0.9139565247898163,0.5177377133002389,-0.004661033012536234,0.008140730601137479,0.02539024854050786,0.0253316185640029,83.11939746742674
0.3433444269348782,0.9068701014588443,0.5215163778287009,-0.005977589515318899,0.009038520706926885,0.031376976377542005,0.031282052200518384,83.43424366995487
0.3418764288025028,0.9039705632008905,0.5264516417742983,-0.005814126907058654,0.008318348112557227,0.0367777584752226,0.0366717306025488,83.749089872483
0.3411292353185449,0.9052675052855218,0.5328889864634296,-0.005610542898547773,0.005885562035337352,0.04192253421098028,0.041837760374589195,84.06393607501113
0.3416094590078613,0.9096440518260993,0.5390843754625304,-0.007185087374973768,0.0020419610234613007,0.047350108435437736,0.04727623423545957,84.37878227753926
0.3434060289082526,0.9048264098323554,0.5420151827283759,-0.011253084100716114,0.002706022915318695,0.05337831350823283,0.05324503333637687,84.69362848006739
0.34616837728158284,0.8918552056811364,0.5431133769901343,-0.01660307721273731,0.007347428815283516,0.059798899152881904,0.05952109652658999,85.00847468259552
0.3493381677354436,0.8808816285201118,0.5447327126816638,-0.020581117038378866,0.011118473971745509,0.06589231435181477,0.065449919824074,85.32332088512365
0.35249405814288326,0.8741119116837904,0.5479210128120493,-0.020692449235396225,0.013285580448806133,0.070766111920592,0.07024974079493718,85.63816708765178
0.3556020738589607,0.8730485046250698,0.5530879847836395,-0.016352688610068514,0.013403868117359186,0.07381850624053736,0.07338858291298045,85.95301329017991
0.3590219462526968,0.8780223582889384,0.5602769772040422,-0.009623596707241664,0.011388578650179535,0.07504365512392154,0.0748185799482568,86.26785949270804
0.3632673141543888,0.8880706726654067,0.56880698138701,-0.004323686843874046,0.00754068986325214,0.07498679550999442,0.07494101182124391,86.58270569523617
0.3686658898012578,0.9012376339527335,0.5678347314386089,-0.003903532750433061,0.0025074221749591895,0.07437324036860993,0.07433118896488766,86.89755189776432
0.37512504150160825,0.9038681648427827,0.5573034050327618,-0.009302493178694256,0.0028439709908114653,0.0736406179858234,0.07338583018611045,87.21239810029245
0.38214346316194503,0.8977717004640106,0.548408758459868,-0.018115068620155828,0.007581474265289452,0.07266660321824873,0.0720949127429974,87.52724430282058
0.3890608609469014,0.8948300606793975,0.5425057542271771,-0.02567970971637284,0.01092788357531689,0.07086242178964139,0.07006677775878101,87.84209050534871
0.39539514577900514,0.8965947154850163,0.5397947883260836,-0.027569037158244814,0.012378227478243442,0.06757234648313884,0.06679136523517082,88.15693670787684
0.4010656881975484,0.903747659785534,0.5398894331763202,-0.022092931576110354,0.011777819673204579,0.06252793242247243,0.06199036570271521,88.47178291040497
0.40637134370174216,0.9157811203586024,0.5420614846555137,-0.01136312519464741,0.009336830067685323,0.05607406446361373,0.055849905766152896,88.7866291129331
0.4117403973976872,0.9310289422531436,0.5447721902964154,-0.00026638594719887446,0.005601506424243537,0.049029645674389194,0.04899387008720024,89.10147531546123
0.41740688649452623,0.9470188647038876,0.5342563222896844,0.006111199242130051,0.0014073126819333728,0.04227358532480481,0.04220407996028208,89.41632151798936
0.4232111773617741,0.9513584204437595,0.5200253983195515,0.005178885809343372,0.0026581668376819976,0.03631224255634375,0.036045385891971926,89.73116772051749
0.42864614013308344,0.9515524672667546,0.5096332224955465,-0.0018359042176451451,0.005510678095271418,0.031087487016893695,0.030618126389301614,90.04601392304562
0.4331206704524363,0.954000011691069,0.5033876171813252,-0.010638063177648633,0.006920443622563153,0.02613003292303262,0.02559192630275897,90.36086012557375
0.4362808274558334,0.9593099236989274,0.5005329964199873,-0.01622423565067083,0.006831413451854152,0.020951971446636186,0.020507274663249198,90.67570632810188
0.4381948972018911,0.9671817847064973,0.49976727159522255,-0.015519114540189179,0.005533656065733471,0.01543486033307945,0.015163684878774175,90.99055253063003
0.43929187195312747,0.9763553347860695,0.49938290948195346,-0.008862078920415076,0.0035556604988596263,0.009982698135372054,0.009851363200049201,91.30539873315816
0.44009218890592566,0.9849001270590446,0.49707364855104835,0.0003876857097817202,0.0015393402633680495,0.005356076497359066,0.00527233378880565,91.62024493568629
0.4408949104649697,0.9907616844121108,0.49297192270905404,0.007800950247972974,0.00013095823665968577,0.002291750615036907,0.0021879644585657276,91.93509113821442
0.44161136918161975,0.991263907044048,0.49084993781447533,0.010236741359859946,0.0004446722607333902,0.0011311977015555127,0.001005204939068749,92.24993734074255
0.44184594710221076,0.9912069592146446,0.49220752133736273,0.007318428677287451,5.445773192444032e-05,0.0016692657152922884,0.0015596898230967327,92.56478354327068
0.4411741222254613,0.9870425014558907,0.49603096002403607,0.0013076069007056522,0.0012533211342893645,0.003303655389632159,0.0032354609442059035,92.87962974579881
0.4394477290295685,0.9818979098800348,0.4994544802131402,-0.004414983930814695,0.002628201821782458,0.005394810103250612,0.005350290747936803,93.19447594832694
0.43694073542118844,0.9775593089818284,0.5001437362412455,-0.007299964773984072,0.0035630088672288307,0.0076287886964622065,0.007567124197916941,93.50932215085507
0.43424558183528095,0.9749834615838808,0.5004524942580391,-0.006883661381836761,0.003541198982378863,0.010175488867631899,0.010075095300834835,93.8241683533832
0.43198109660052686,0.9742452346520832,0.5028874667937242,-0.00470094486746086,0.0022795841529002162,0.01355043470850225,0.013428875697510723,94.13901455591133
0.4304867247296908,0.9739382605092722,0.508261798093663,-0.0030360633365391033,0.00019566378498751558,0.018257251908190237,0.018149116255677722,94.45386075843946
0.4296859418562813,0.961647727915569,0.5156003027316813,-0.0033678610739769125,0.0034630821575418348,0.024416763686155647,0.024333594607826137,94.7687069609676
0.4291996180806129,0.9480198307393245,0.5224521116951392,-0.005501221551870069,0.006900721250474502,0.03160283743214533,0.03151799954104473,95.08355316349574
0.4286392520576064,0.9354605770781572,0.5278021707263947,-0.0079003751850172,0.009721084929596635,0.03899116199016681,0.03886779375548599,95.39839936602387
0.427901396962266,0.9262205940346315,0.5328485229777515,-0.008949404633321993,0.0112153003234322,0.04574490376883149,0.04558004685397676,95.713245568552
0.42728404292099487,0.921716091592599,0.5387073319612962,-0.008255171724547827,0.0109093325975689,0.051415390242962836,0.05125228501953183,96.02809177108013
0.4273535740042725,0.9221262664933559,0.5457040054722863,-0.007070512684624447,0.008676264968545393,0.05611740747429425,0.056004577121910204,96.34293797360826
0.4286415859385387,0.9264357771924905,0.5521374113050448,-0.00749007842905907,0.004783451883904232,0.060366923795807506,0.0602956828016622,96.65778417613639
0.4313530358132348,0.9314536975705155,0.553716747505924,-0.010902608064819332,0.0005507918741243874,0.06467326978939819,0.06455499507137097,96.97263037866452
0.435259729479641,0.9182687820676234,0.5521009347101528,-0.016733704110971123,0.005402393192199173,0.06913399203886586,0.06885220799685354,97.28747658119265
0.43984146236227367,0.9060368149547025,0.5508488088851385,-0.022402098466540437,0.00987087431589744,0.07328724308492006,0.07279448401353172,97.60232278372078
0.44458885589651287,0.8976301266332416,0.5513520194052932,-0.02467277839591931,0.012870620868951311,0.07632233002151705,0.07570351516172225,97.91716898624891
0.4492859184948296,0.89474954162204,0.5540197211072215,-0.021668769181662377,0.01387280350150158,0.07752588205029518,0.07696500759045766,98.23201518877704
0.45410385308456225,0.8980059026191193,0.5587977908211857,-0.014293240395875708,0.012698230673415576,0.07668965341617177,0.07634958822040128,98.54686139130517
0.4594522184243735,0.9067214343834716,0.565264840305997,-0.006077295384991653,0.00954761338940374,0.07422546148269508,0.07412489046039128,98.86170759383332
0.4656799066386187,0.9191376002157371,0.5680250362071432,-0.0013876153811776973,0.004979670773007993,0.07091421759433167,0.07089850273980525,99.17655379636145
0.4728080431328602,0.9320715965552239,0.5543333103154585,-0.0029528396643795584,0.0002165469751280432,0.06744524844933596,0.06728310262317438,99.49139999888958
0.48045617772958893,0.9260502136697969,0.5422229663935316,-0.010154074455915034,0.005027173342014533,0.06403277206074245,0.06357523140270605,99.80624620141771
0.4880056580857445,0.9223244339948259,0.5334419493271619,-0.019144969039391575,0.008722803510410108,0.06034545884566478,0.05963250911540552,100.12109240394584
0.4949015514216858,0.9226660098587063,0.5282808102871975,-0.0248244641114133,0.010716987134376348,0.05578659638033986,0.05502250699630351,100.43593860647397
0.500912504469861,0.927913493146646,0.5262730029328081,-0.023597228614534897,0.010799549082160144,0.04994419391301236,0.04935953346592237,100.7507848090021
0.5061948676857803,0.9377678433962184,0.5265106605149472,-0.015374494820247256,0.009121944061706464,0.04292964846442047,0.04263124853528688,101.06563101153023
0.5111263341128827,0.9507704194559248,0.5274338525112082,-0.0036820057049279653,0.0061615743147220335,0.03539941257553536,0.035314863821841125,101.38047721405836
0.5160134327073878,0.9646684631950875,0.5218988436798102,0.006190554342109561,0.0026441220301142835,0.028253065203361988,0.028201556731243915,101.69532341658649
0.5208525267929532,0.9741757160029951,0.5093723382190851,0.00996761993056597,0.0008621757600586394,0.02219622135141768,0.02202341639561123,102.01016961911462
0.5252900885140311,0.9742718558265029,0.4997606550957404,0.006566528406104412,0.003195352904939676,0.01742993704508443,0.017104180628237264,102.32501582164275
0.5288060092697127,0.9757312579823065,0.4943452920048152,-0.0014790813439723677,0.004362399507919967,0.013642494932591297,0.013249758465729511,102.63986202417088
0.5310081968044207,0.9792543597271975,0.49240728746404033,-0.009509627967964032,0.004272907029816583,0.010294690812741066,0.009952454813163425,102.95470822669903
0.5318598550471051,0.984601556043332,0.49238983638707096,-0.013259863400526954,0.003240946571470789,0.0070197583061221225,0.006787551978030826,103.26955442922716
0.5317023654115184,0.990665367526141,0.4923682745996748,-0.011015738303376798,0.0017906162133415168,0.0039006979907363366,0.0037551886106218513,103.58440063175529
0.5310607121016526,0.9957198866521398,0.4910365887039143,-0.004288512902337467,0.0005141193857065713,0.00146732149738919,0.0013479414196501116,103.89924683428342
0.5303498214384341,0.9977079220760009,0.4897321438878235,0.0032484869107179504,7.600134803317682e-05,0.0004202702438848362,0.00029323729246111263,104.21409303681155
0.529659750010168,0.9964212801312714,0.49106962191630066,0.007863427660919717,0.0003179455119177724,0.0012438401540340962,0.0011256851475844876,104.52893923933968
0.5287492975346109,0.9910923556554803,0.49610435340660347,0.007698284592371174,0.0016366891729359997,0.003929283291724249,0.00385570067166785,104.84378544186781
0.5272505460511994,0.9833281123112313,0.5040553679759322,0.0034994778361824475,0.003509151851853134,0.007965813806283297,0.007943458825108829,105.15863164439594
0.524958328004795,0.9751277035382795,0.5100719136975053,-0.0021434370201251886,0.005325304724766955,0.012605285463525797,0.012596078238540698,105.47347784692407
0.5220269778981612,0.9683751819974314,0.5104769220775246,-0.006483477842710508,0.006428487994717751,0.01725145721823888,0.017203501977764435,105.7883240494522
0.5189530767823126,0.9641952417095432,0.5115906247340865,-0.008174059529331942,0.006294617716162224,0.021751435037504194,0.02164415798531949,106.10317025198033
0.5163525339186756,0.9627039660933657,0.514743079096942,-0.00779753331038424,0.00466919663827632,0.02641849172650887,0.02627653378789263,106.41801645450846
0.5146645507430264,0.9631529639085192,0.5202073845207534,-0.007138889219206604,0.001653098838602799,0.031767618049697896,0.03162969856308995,106.73286265703659
0.5139590237095885,0.9550319780401065,0.5269120927555773,-0.00776368634870666,0.002368362036816521,0.038114714678655535,0.03798898823571284,107.04770885956474
0.5139615551557272,0.9390473569490712,0.5329953997369227,-0.009874557602041622,0.006587225402175711,0.04527826712846898,0.045130743679605234,107.36255506209287
0.5142791081500513,0.9240906711001401,0.5380318710168767,-0.012211189665938281,0.010218928954151493,0.05257081415658053,0.05236236072995426,107.677401264621
0.5146885154290359,0.9125537677830227,0.5429909913655802,-0.013053353074425088,0.012490656666682566,0.05909892394502839,0.058836908553875356,107.99224746714913
0.5153125843033015,0.906064078691058,0.5487237922002219,-0.01163213366938163,0.012867903357846074,0.0642013116282879,0.0639513406589638,108.30709366967726
0.5165770301862566,0.9050325980505676,0.5555141849772505,-0.00894497293086348,0.011160658886309476,0.0677620198373639,0.06759695143143185,108.62193987220539
0.5189740758782326,0.9086250811513422,0.5621023638973216,-0.007328576347948909,0.007570677490228511,0.07020333869980078,0.07012631474882669,108.93678607473352
0.5227747757715073,0.9151019565149989,0.5627371041186449,-0.008962623800451605,0.0026842645123525927,0.07215685172706139,0.07206864785247757,109.25163227726165
0.527862211751163,0.911523543846258,0.5578551947421583,-0.014233859025686448,0.0028245383824251308,0.07401288946259697,0.07376599024732922,109.56647847978978
0.5337845193682121,0.8985061931175825,0.5530452655283078,-0.021075988264948668,0.007780765050624326,0.07562976515840408,0.0751398685004051,109.88132468231791
0.5399949395458541,0.8887426068496753,0.5502545151601347,-0.02585587640197893,0.01149476270040671,0.07638842842122721,0.07571801475994233,110.19617088484604
0.5461348392215016,0.8841338622299726,0.5499787863481638,-0.025410970414403985,0.013344843065328628,0.07556249393348631,0.07490202480979458,110.51101708737417
0.5521912906639003,0.8855595610286527,0.5520751952185153,-0.019058829590081563,0.013058805245795523,0.07277417655095378,0.07232183374713963,110.82586328990232
0.5584375859072781,0.8926298970347101,0.5560614491811798,-0.009315172805167773,0.010738397650948323,0.06825151752713837,0.06807434584080574,111.14070949243045
0.5651963431507696,0.9038036912298318,0.5611901563300901,-0.00076646167076075,0.006849562634902996,0.06272725541486451,0.06270801744201426,111.45555569495858
0.5725711197224594,0.9168522827703773,0.5476975486673584,0.002361515740175056,0.002158244297785243,0.057044461446816956,0.05695855788594151,111.7704018974867
0.5803098174278102,0.9196793245339993,0.5332058129588584,-0.001417260275454542,0.002520915772868344,0.05171493852922065,0.051384658165810504,112.08524810001484
0.5878822440552518,0.9157527595103365,0.5223270377262366,-0.009904538063114423,0.006239525779311266,0.04670020003659964,0.04611477307550538,112.40009430254297
0.5947248588058749,0.9151523225454865,0.5154856685469772,-0.018295794901624942,0.00848482665409171,0.04154086709037718,0.040856777426821145,112.7149405050711
0.6005059958994895,0.9188111222669596,0.5121775845596522,-0.021718011713469317,0.009014594109025432,0.035743590577309164,0.03517012368973371,113.02978670759923
0.6052539901823974,0.9265772425422982,0.5113060817673211,-0.01783183006458541,0.007952077868330484,0.029181481774307672,0.028840450425543063,113.34463291012736
0.6092743994349631,0.9371686870149233,0.5111999826944336,-0.008068223587494507,0.005729236635029155,0.022265029144253698,0.022126375036837564,113.65947911265549
0.6129101230958113,0.9485042260189157,0.5080807999927449,0.003157902870358338,0.002996112970519253,0.015787107812270662,0.01571726687684105,113.97432531518362
0.6162925065973778,0.958222758692917,0.49974133966414,0.010791006639345721,0.0005475867117296298,0.010542303965794093,0.01041506913124235,114.28917151771175
0.6192354917497404,0.9600215290282789,0.49262034327147525,0.011735069992405554,0.001353373022765775,0.006948555877458827,0.006728125377050254,114.60401772023988
0.621336598168445,0.9608890562709813,0.48933078742011893,0.0063200845324244345,0.0019831209191057413,0.0048881167489384465,0.004627911979362076,114.91886392276803
0.6222222910433742,0.9630568041536844,0.48937881982389586,-0.0020851681649778422,0.0015849945974691574,0.0038501506968096916,0.0036244983935590502,115.23371012529616
0.6217879312346679,0.9662805759817237,0.49092018616784944,-0.009006339428108683,0.0005226218194476288,0.0032825677666417597,0.0031186309377985166,115.54855632782429
0.6202864032556369,0.9669857169497232,0.4917080211540446,-0.011227336680367279,0.0006569401682213298,0.002945642387769013,0.0028120021898399017,115.86340253035242
0.6182115519594977,0.9659265084186017,0.4912124103931623,-0.008307168705753576,0.001383455065513188,0.0030649017224699537,0.0029166506129916225,116.17824873288055
0.6160467805447456,0.9653950729847529,0.49158705172830114,-0.0025089201312786065,0.001214354659659395,0.004198022391148019,0.004028466058262348,116.49309493540868
0.6140305343271288,0.9649170380336967,0.49504156836912144,0.0026920625326033528,9.907591697719238e-05,0.006892911203520504,0.006741442095114625,116.80794113793681
0.6120796722059073,0.9560562189541343,0.502293251243511,0.004589607354115807,0.002258885431669407,0.011332674513386242,0.011243710597294232,117.12278734046494
0.6099153494835933,0.9447411047874841,0.5124155068207064,0.00258272202217764,0.004946752000956008,0.017172974849479352,0.017147985253309628,117.43763354299307
0.6073126713727992,0.9332594703116718,0.5206589997804002,-0.0018221190799855998,0.0074316365217299805,0.023671183294987675,0.023661101600764955,117.7524797455212
0.6043202219012588,0.9237230396016581,0.5229548516077369,-0.006213700823082446,0.008999693963329076,0.030040664063854403,0.02998603724537363,118.06732594804933
0.6013141212439865,0.9174687217564135,0.5253072476829879,-0.008855088156845431,0.009094069462289803,0.03582964871663161,0.035709605519749554,118.38217215057746
0.5988516923338556,0.9147333622975138,0.5289994529665448,-0.009637374797531984,0.007453044950171512,0.041102105328020375,0.040944736439149865,118.69701835310559
0.5974109325428069,0.9147628391403586,0.534084793527795,-0.009852649941836355,0.004186474914314043,0.04630763719174389,0.04615173858938415,119.01186455563374
0.597170782510693,0.9146354342996944,0.539428266237304,-0.011012112966868067,0.0005623047918242805,0.05191112865261333,0.05175732406232658,119.32671075816187
0.5979625613064421,0.8973364605967828,0.5436190975250631,-0.013560020611223522,0.005173825417874,0.05800303169274098,0.05780520310950221,119.64155696069
0.599419911618101,0.8803280981731999,0.5468856057917156,-0.016400721468546105,0.009565584249066263,0.06413260723296407,0.06384403752737478,119.95640316321813
0.6012352932612802,0.8665718486633449,0.5503652694681253,-0.01760992642189517,0.01267956084429483,0.06947770737723569,0.06911195327618169,120.27124936574626
0.6033675241076244,0.8579182377856073,0.5548173656838153,-0.015885407504136195,0.013905769944384295,0.07325850135937809,0.07290342385944015,120.58609556827439
0.6060753751891037,0.8550526644646134,0.5604714577368269,-0.011742158360958288,0.012969760075100726,0.07514608956998466,0.07490493243828855,120.90094177080252
0.6097578380592906,0.8573906581000634,0.5666703952263149,-0.007556568433836371,0.009982106196730848,0.07541262196627282,0.07531190808009691,121.21578797333065
0.614698067097434,0.863373037005095,0.567783402980399,-0.006282293966875938,0.005430210930426045,0.07472608273139204,0.07466881094213373,121.53063417585878
0.6208651329809807,0.8704166423606391,0.559712026375671,-0.009552401645068416,0.0003809623739862083,0.07371481855036015,0.07353018902419484,121.84548037838691
0.6278921510207924,0.8580435072244301,0.5511257203399359,-0.016365639951857983,0.005164986696780315,0.07257312458591392,0.07213750623723936,122.16032658091504
0.6352433439461953,0.8474409163855118,0.5448550652913889,-0.02328609640705986,0.009372412782445369,0.07095463004371817,0.0702945988181688,122.47517278344317
0.642469989520034,0.8414753664204291,0.541558926687479,-0.026193979059930653,0.011911607879744057,0.06821905095903263,0.06751204541253375,122.7900189859713
0.649403252788865,0.8412512263898286,0.541043162727877,-0.022647721725653918,0.012432313442218585,0.06387561964244413,0.06333836728764908,123.10486518849945
0.6561713900092048,0.8466347110716611,0.542666633597681,-0.013470064061843232,0.010953161813411641,0.05794490461274315,0.057687068905677874,123.41971139102758
0.6630354659706157,0.8562966228472607,0.5453639029685329,-0.002557637871284389,0.00785537487292731,0.051015505688963396,0.05096598062478064,123.7345575935557
0.6701467531970009,0.8681228331607413,0.5379975662721223,0.005074184420896798,0.003825938749113398,0.04396504592887186,0.04392550655428351,124.04940379608384
0.6773746268937421,0.8781338724608798,0.5227221212503597,0.005962224734722944,0.0005867046373574151,0.03752138905927092,0.03730651749423852,124.36424999861197
0.6843094202699409,0.8749433173421071,0.5109332231465583,9.245228367392729e-05,0.0038242518453050272,0.03193153117981551,0.031491987814152855,124.6790962011401
0.6904383118799233,0.8739500298865799,0.5034575967410537,-0.009048290748195867,0.0059873741124522525,0.02693078193075028,0.026372130500137203,124.99394240366823
0.6953884244568317,0.8764526522854198,0.4998250671497879,-0.016305877934371486,0.006664546465466355,0.02201719963302657,0.021510130925235238,125.30878860619636
0.6990919719026474,0.8823855604339282,0.49876315405289384,-0.01757199254921763,0.005981953941291205,0.016854672174028973,0.016512653724045867,125.62363480872449
0.7017764518872746,0.8906034695040589,0.49843328417886595,-0.011902156750774042,0.004355398131697281,0.011560105691005938,0.011377164061122547,125.93848101125262
0.703789074372177,0.8991831849714154,0.49640291466591796,-0.0019203627438537682,0.002380624818628207,0.006708780700151873,0.006593856060623238,126.25332721378075
0.705364474323045,0.9060390514460248,0.49199298635130334,0.007649946314165621,0.0006987677552502252,0.0030622677017882695,0.002927847391437255,126.56817341630888
0.7064777704074567,0.9088400795190452,0.4886501892565564,0.012478164412298062,0.00024166677170313678,0.0011823309133490252,0.0010088406668939953,126.88301961883701
0.7068715622928596,0.9093839638621063,0.48872939124258646,0.010782957582886386,0.00011727822570020314,0.0011532857350877702,0.00098203342247416,127.19786582136516
0.7062387321053641,0.9072569038808376,0.4919007783827285,0.004040105197736312,0.0008597558225144819,0.002567313180353803,0.0024409445661288665,127.51271202389329
0.7044481853797698,0.903373818593218,0.495809274524596,-0.004039543395685831,0.002249997870802658,0.004775860227109695,0.004687643715615586,127.82755822642142
0.7016750736954256,0.899663231305857,0.4975215742820032,-0.009604531199879812,0.0034593984091278525,0.007261106265807182,0.007159367833036612,128.14240442894953
0.6983553803071797,0.8970224527779328,0.4976468523885107,-0.010638488087089877,0.003914333042109469,0.009915396965593345,0.009754919243515348,128.45725063147768
0.6949913016660456,0.8956423229767521,0.498992434032081,-0.0077680929456064515,0.003213434950669309,0.01306852351980263,0.012857376991862957,128.7720968340058
0.6919241254009945,0.8951767615204517,0.5033806538183134,-0.0035651760227452534,0.0012376336007468203,0.01724484369679615,0.017041099329936582,129.08694303653394
0.6892106458873823,0.8878645841525279,0.5112217484934964,-0.0008666310745595308,0.0017895313466013089,0.02278760161588681,0.02264841269687934,129.40178923906208
0.6866758275026166,0.8732247035206893,0.5212275894768945,-0.0011560048128093658,0.005321340470497096,0.029569424610033618,0.02949989099081174,129.7166354415902
0.6841070539806015,0.8585026383900963,0.5299117583214149,-0.003940709923018505,0.008604865670353266,0.036965540582620963,0.03691489387946467,130.03148164411834
0.6814694200436353,0.8460135885145043,0.535002694710282,-0.007401751488913672,0.010865169004771191,0.04411744599712596,0.044025501048496674,130.34632784664646
0.6790092240059108,0.8373280789421336,0.538846485547263,-0.009796407407944532,0.011493612104479165,0.05034141653820366,0.05019073863371237,130.6611740491746
0.6771809975147857,0.8328725537213681,0.543040594309255,-0.010648429966300131,0.010188008085445606,0.05544178111219111,0.05526539035069589,130.97602025170272
0.6764402399520285,0.8319825414806332,0.5476294006025105,-0.010938700739252794,0.007026426032883805,0.05973664287450394,0.05957335242195183,131.29086645423087
0.6770249746492316,0.8332308194597908,0.5512690482284067,-0.01219624353956748,0.0024998847319981743,0.063773227191375,0.063614171119877,131.60571265675898
0.678855893219589,0.8239811148229341,0.5527456030129596,-0.015144025171849776,0.0029156222099888493,0.06790217265515588,0.06768426689450169,131.92055885928713
0.6816135090377178,0.8055162787218433,0.5530874007893306,-0.018880545845985478,0.007881041863919558,0.07197437597791093,0.0716354564331676,132.23540506181524
0.6849445040539132,0.7898583370337044,0.5539173660625397,-0.02124532799408602,0.011777010782061571,0.07535531595873819,0.07490615143318202,132.5502512643434
0.6886724514014885,0.7791167569985605,0.556080677766598,-0.020220724314878247,0.013892335881748848,0.07725680321851439,0.0768012397395812,132.8650974668715
0.6928866987544517,0.7742715599826808,0.5597579005241861,-0.01547952934944305,0.013857122803051267,0.07718534419411588,0.0768574086865299,133.17994366939965
0.6978576994088735,0.7750277916934316,0.5646046605201217,-0.00900311245093053,0.01167798387718522,0.07522880026387416,0.0750870163742492,133.4947898719278
0.7038318081691247,0.7800315814459706,0.5676320119044305,-0.0042247112048031344,0.007741482845986764,0.07200143188163001,0.0719652607675717,133.8096360744559
0.7108302994086583,0.787371148656597,0.5575703044093753,-0.004086185210050148,0.002755337452312835,0.06828109322067095,0.06816997335676578,134.12448227698405
0.7185737521379174,0.7856062652458757,0.5455174152500158,-0.009143700760011976,0.0023983583255072654,0.06456514762305908,0.06422169064668248,134.43932847951217
0.7265771664826621,0.7748579424610857,0.536074406173131,-0.016924470288868915,0.006808598171242737,0.06082051997007879,0.060228802898687706,134.75417468204031
0.7343591357409296,0.768136594921998,0.530097665326018,-0.02304564045884476,0.009778229521286024,0.05657835640171005,0.055885613723787975,135.06902088456843
0.7416411461288336,0.7666965228357131,0.5273907060795991,-0.023557945429693347,0.010907651521162047,0.05130681986513288,0.050727789036229654,135.38386708709658
0.7484205858285697,0.7705998161522131,0.5271460926031513,-0.01720772164673513,0.010160336895560763,0.044825171697821076,0.04449787947309147,135.6987132896247
0.7548782460776479,0.7786985587749689,0.528029057642649,-0.006300639869214268,0.007852991454997425,0.03750344248161885,0.037402172505773934,136.01355949215284
0.7611808394209387,0.7889973715794537,0.5247291451643291,0.004378875476021617,0.004597965723077548,0.030130647117884584,0.03009706838753079,136.32840569468095
0.7673009685565718,0.7991953197035708,0.5119506726545626,0.010036593004305277,0.0012254588134828577,0.023538632715275242,0.023401824546625538,136.6432518972091
0.7729644020983204,0.800936860470027,0.5008784976559755,0.008380564372593869,0.0018181782684856052,0.018211133957339448,0.01790300268951417,136.9580980997372
0.7777562546973208,0.8000796691199868,0.4940443579152893,0.0008058501186692973,0.003567684253413328,0.014106496647682903,0.013689716096191074,137.27294430226536
0.7813216133294717,0.8018968635773353,0.4911752786836866,-0.008378260473388955,0.0040704672469996745,0.01078709199696344,0.010386109331036453,137.5877905047935
0.7835399536685905,0.8063690986101753,0.4908493744910595,-0.014234096131910371,0.003477396387977988,0.0077662179602094854,0.007466558351485686,137.90263670732162
0.7845695718935688,0.812444061724512,0.49100236570752803,-0.01374468228381333,0.002219504941373281,0.0048622005547145275,0.004659819121934916,138.21748290984976
0.7847375252226563,0.8183326863180865,0.4898429111549206,-0.007272859636155186,0.0008642764578307507,0.002354256877823989,0.002186196080359304,138.53232911237788
0.784343982206495,0.8219369058281721,0.48796794587085723,0.001792593211458335,2.5254808066453607e-05,0.0008549557750322008,0.0006719940964647897,138.84717531490602
0.783500674486245,0.8221855849596064,0.48804205902991293,0.008932888115842199,7.8421332533029e-05,0.0009768615472982762,0.0007886750797524433,139.16202151743414
0.7821007501508901,0.8189476588720302,0.49178403920162034,0.010860330072830191,0.0009616525041523116,0.0029852371666535442,0.0028408264279747852,139.47686771996229
0.77993609505753,0.8127607086799004,0.49894162650863233,0.007076460478119338,0.0027035759480380727,0.006634314634587516,0.006562180111632898,139.7917139224904
0.7768881014513056,0.8055375085455462,0.5064873665108266,-0.0001410690798714097,0.0046764095326302,0.011280976046282417,0.011248801789061291,140.10656012501855
0.7730735498032494,0.7990046706248324,0.5087677396578052,-0.0072006708042691644,0.006217473451111193,0.016213707795906796,0.016146764889338194,140.42140632754666
0.7688550027896798,0.7942677091805075,0.5091628001279914,-0.011206313063140452,0.0067227609441602625,0.021011364521591712,0.020853478958419824,140.7362525300748
0.764707582916292,0.7915835999646065,0.5109710324319594,-0.01136992009907132,0.005801391058212492,0.025725004947251606,0.025486481992091914,141.05109873260295
0.7610211269984757,0.7905116944158674,0.5154523336964678,-0.00909409802041296,0.0033771994409236825,0.030772934633961527,0.03052148600301563,141.36594493513107
0.7579556909782795,0.7889963522852813,0.5227810772678622,-0.006804260008339116,0.0003431383911186827,0.03660437131436476,0.03640683809560796,141.6807911376592
0.755435594043069,0.7716888154666804,0.5316932910760018,-0.006337309531419481,0.004563654837730405,0.04332786149152484,0.04319522477069593,141.99563734018733
0.7532827579377549,0.7540454026110167,0.5396528323922709,-0.007907236070691912,0.008656387465155234,0.05053088569344121,0.0504157443053006,142.31048354271547
0.7514056640778898,0.7386703752357728,0.5453143151716923,-0.01024722587990845,0.011733973119139185,0.057410987050421455,0.0572579882981451,142.6253297452436
0.749927146832211,0.7273744121030338,0.5497816734802543,-0.01174480563950101,0.013123053633372815,0.0631524956120258,0.06295269044987284,142.94017594777173
0.7491720311446276,0.7208261988268697,0.5541507908947387,-0.011740489836893313,0.012454303247841568,0.06732771495196153,0.06712362272106531,143.25502215029985
0.7495207646131865,0.7185375880699842,0.5583374574811918,-0.011066881960438483,0.009738219339489757,0.07007715951562349,0.06991157796012593,143.569868352828
0.7512160620782875,0.7192025462447783,0.5605222127594187,-0.011429029358475288,0.0053791351994780644,0.07195281803323261,0.07180953940109025,143.8847145553561
0.7542377475419934,0.7199531552451104,0.5590212420668115,-0.01403183004795074,0.0007273910637297071,0.07351640773848404,0.07331370741059262,144.19956075788426
0.7583198992093118,0.7019305466208849,0.5557679486476478,-0.0184150926589533,0.005426576104769009,0.07494113677434934,0.0745946125843997,144.51440696041237
0.7630990578296809,0.6849264907769629,0.5532027786010952,-0.02237661900649536,0.009925900557807494,0.07586809229989303,0.07537485847002512,144.82925316294052
0.768304193292012,0.6724504869534538,0.5524255143098084,-0.023171937900661285,0.012839425681253458,0.07561094984674956,0.07507973856730987,145.14409936546866
0.773875338326475,0.6657741982517974,0.5536111741421177,-0.01931114073925375,0.013700867063404102,0.07358327289470841,0.07317285377734783,145.45894556799678
0.7799421079751373,0.6648964179565874,0.5564336189887107,-0.011802118963258513,0.012415123354143557,0.06968150693907059,0.06948542809812663,145.77379177052492
0.786678194521766,0.6686854351459087,0.5600621629440639,-0.003950159743699665,0.009268223652844364,0.06438473679107885,0.06435105485366988,146.08863797305304
0.7941218930730257,0.6753267577591245,0.5518397812873291,0.0003163283741480481,0.004884674480541518,0.0585109732754598,0.0584657828443087,146.40348417558118
0.8020718795194387,0.6826765771422418,0.5371162098545884,-0.0013094818604846086,0.00018182813350037108,0.05278398562408499,0.05254893609137268,146.7183303781093
0.8101213618073377,0.6732110410898334,0.5252974089019817,-0.00802016809276539,0.0041849426575616055,0.047478540452573686,0.046997255973383334,147.03317658063744
0.8178106601068946,0.6664757162213133,0.5173856141861742,-0.01609941009547923,0.007261613007141925,0.0423565173675133,0.041734918338868665,147.34802278316556
0.8248080784619285,0.6644279061366442,0.5132250843894445,-0.02080532413248031,0.008713897062559386,0.03692181532795259,0.036352457862762755,147.6628689856937
0.831013401265735,0.6672515088331095,0.5118668731470098,-0.01892643183487167,0.008484547278959496,0.030827357395956316,0.030456356303964927,147.97771518822182
0.8365262573801232,0.673931992020703,0.5117453386924163,-0.010587811459745885,0.006855332367215438,0.02418233061241242,0.024018670336385384,148.29256139074997
0.8415033679256371,0.6825832261512474,0.5096112039571066,0.0007149029574793914,0.004378756590133652,0.017577823522614017,0.017507562746918337,148.60740759327808
0.8459945902271051,0.6910461300333054,0.5015825537497959,0.009892536545220562,0.001767722945677499,0.011823418398860681,0.011707901611349492,148.92225379580623
0.8498583652311903,0.6960094707521803,0.4932133940302775,0.012889652714757782,0.0005100141439958397,0.007556795530561669,0.007332383762138739,149.23709999833437
0.8528073418496698,0.6957622725132939,0.4884687363902712,0.008746962582632157,0.001539793743373838,0.004954848034469951,0.004659157531795133,149.5519462008625
0.8545555539874332,0.6973256858951733,0.48752340117743265,1.2556379423912577e-05,0.0015720240678736913,0.0037069036097781578,0.0034225595703262224,149.86679240339063
0.8549775219430484,0.7007583178657826,0.4888184198124411,-0.008674776400207153,0.0007644780695251485,0.0032553730762647413,0.0030294675129460824,150.18163860591875
0.8541833482345278,0.7034376229207233,0.4899622546984121,-0.01302815720887656,0.000408604064654168,0.003158223184492283,0.002968753536126023,150.4964848084469
0.8524655428191494,0.70314058511268,0.48963195591213093,-0.011261789511299742,0.0013753980100418496,0.0033637978016685765,0.003156188800802262,150.811331010975
0.8501512454659435,0.7030817902384855,0.48934227834284555,-0.004834367668057477,0.0016246201981553164,0.004242457149828968,0.0039950711767368086,151.12617721350315
0.8474501649926437,0.7033255785255327,0.49158473868964586,0.0025304358156184753,0.0008382287534895272,0.006358167113724691,0.006112277880414574,151.44102341603127
0.8443896260766072,0.6996930589672825,0.4977826633917249,0.006929958547935388,0.0010580458325170545,0.010110086764638145,0.009935574242331269,151.75586961855942
0.8408736063229206,0.6899330457170604,0.5078894729437836,0.006297420840141653,0.003651191651492928,0.015449552707641477,0.015378038004535077,152.07071582108753
0.8368264515775415,0.6792242744799425,0.5205665896861847,0.0012724841291500502,0.00638195036094797,0.02183911187624275,0.021826464200380702,152.38556202361568
0.8323305764668081,0.6695756570714931,0.5230163097317932,-0.005455769393474194,0.00851118685190564,0.02848539715152967,0.02843933159249934,152.7004082261438
0.8276716545691735,0.6623381808125054,0.5235713720236118,-0.010844290988166128,0.00938452880815053,0.034718988351356686,0.034569279307322565,153.01525442867194
0.8232614807164358,0.6579061259166958,0.5255114696588974,-0.013184947736319022,0.008589327371191198,0.040302607274180335,0.04005339645107975,153.33010063120008
0.8194831997547366,0.6558331566246987,0.5295040526786563,-0.012814781986955966,0.006053451239599863,0.04548252716920418,0.04520197216247834,153.6449468337282
0.8165506885744486,0.6551458931172417,0.53555177970716,-0.011520083222700985,0.0020966523263440365,0.05074522255593982,0.050503215911656296,153.95979303625634
0.8144650096699236,0.6438682335525161,0.5425180436376418,-0.011123354321380646,0.0028076836388740453,0.05641992183803478,0.05623035271775734,154.27463923878446
0.8130916413410859,0.6239042181146314,0.5485448269513412,-0.012225495258559005,0.007582709979927969,0.06236920582377548,0.06218804373072362,154.5894854413126
0.8123090078052947,0.6059573341665299,0.5529628703920737,-0.013926253195823388,0.011480044507525317,0.0679653720736531,0.06774394463310729,154.90433164384072
0.8121363007681498,0.5920961168015332,0.5566363910701548,-0.014665657916212571,0.013743834769797597,0.07237921461718061,0.0721202651355447,155.21917784636886
0.8127620990467765,0.5832658388010488,0.5603521963166529,-0.013562146010075705,0.013919098391515769,0.07501231060253025,0.07477258565426881,155.53402404889698
0.8144559559868284,0.5792202399842528,0.5639962470796265,-0.01127477387444441,0.011922716912876276,0.07580799745191347,0.07564033803420434,155.84887025142513
0.8174159040133152,0.5788152018523521,0.5654785414208793,-0.009725795572386306,0.008063102328985454,0.07524570063285528,0.0751323787463899,156.16371645395324
0.8216432552747006,0.580449701841464,0.5614891387719778,-0.01079536625351086,0.003014452247578399,0.0740189881353301,0.07386233028534761,156.4785626564814
0.8269194930036972,0.5727815688306472,0.5545510290073984,-0.014835562612520179,0.002573713160891847,0.0725969737758463,0.07228711762971951,156.7934088590095
0.8328988051011766,0.5551997828287492,0.5483817555097523,-0.020047422834722526,0.007398230255255368,0.07094331688869432,0.07045394448176046,157.10825506153765
0.8392609882914195,0.54159850887649,0.5444870353659835,-0.023262963476620966,0.010902305067604093,0.06856779665109752,0.06799896499804359,157.4231012640658
0.845834483998748,0.5335323241909985,0.5431016760315895,-0.021773723219608604,0.012524014261086758,0.0648754257780569,0.0643989318008068,157.7379474665939
0.8526187871364133,0.5312597684522292,0.5438082833546924,-0.015123965043731471,0.012084623573357291,0.05959194637666967,0.059332517233181115,158.05279366912205
0.8596968090119563,0.5338561082648249,0.5458961521998581,-0.005720222681370269,0.00978307773631077,0.05300016785224667,0.05294161671557518,158.36763987165017
0.8670935012477364,0.5396106342641102,0.543037205626401,0.0022305975007591424,0.006163047540088554,0.04584395661692433,0.0458351682056618,158.6824860741783
0.8746679941254326,0.5465701471920846,0.527042679260618,0.004944363828004673,0.002022172173199897,0.03896439001724438,0.03882421806816616,158.99733227670643
0.8821050711968972,0.5457694071813621,0.5140882679358734,0.00120510208523255,0.00190258853293093,0.03289360763034484,0.03253661921687512,159.31217847923457
0.8890116628546827,0.5398101458997155,0.5053249353244543,-0.006816761509442567,0.004732284156804642,0.02764910810902785,0.02713827662290702,159.6270246817627
0.8950614857084805,0.5378311045022909,0.5006849125815521,-0.014595538565951766,0.0061750474283728115,0.022841152078911183,0.02233191709585558,159.94187088429084
0.9001032901235476,0.540089111055582,0.4991099733555204,-0.01760879113334539,0.006176404335928973,0.018014951507029756,0.017639538947615385,160.25671708681895
0.9041714912641174,0.5456506315605155,0.4988040823911882,-0.013745439009205478,0.0050170033895159975,0.01301473405097625,0.01279783276632429,160.5715632893471
0.9073974409331026,0.5527162437049976,0.4972319494379745,-0.004449982422362785,0.003213964493321551,0.008153970894512731,0.008018994156273607,160.8864094918752
0.9098787813140473,0.5592180041795272,0.4927819671281801,0.006014865712671389,0.0014009931089249516,0.004097938265001711,0.003946916235320286,161.20125569440336
0.9115876490103785,0.5634704089517624,0.4883375362472893,0.012778681389269284,0.00019312068673016435,0.0015336249457289653,0.0013274735887763844,161.5161018969315
0.9123728366466614,0.5643722184866683,0.48699889167438765,0.012853593624523523,0.00016566727169687028,0.0008200377868118878,0.0005939056908942364,161.83094809945962
0.9120528707641753,0.5640283914221593,0.48916837832514876,0.006587158670580721,0.0005008659528943087,0.00181692863148863,0.0016266350298075327,162.14579430198776
0.9105418048301729,0.5617517674259962,0.4929923504632478,-0.0026539597286543517,0.0017970820593539265,0.0039850638674159035,0.0038406055346464907,162.46064050451588
0.9079304027660348,0.5593363622465365,0.49538192015299926,-0.010340928462092336,0.0031807559303250834,0.006697845589097665,0.006547438245535608,162.77548670704402
0.9044733472434371,0.5575823997755402,0.49568204665987786,-0.013141846234014766,0.0040521631056624615,0.009586494781720196,0.009365392995007604,163.09033290957214
0.9004906740277496,0.5567547792848697,0.4963445353298098,-0.010517202045549526,0.00391818578443782,0.012722165115209473,0.01241990902193979,163.40517911210029
0.8962434291571206,0.5567476152899736,0.49967053350264734,-0.004749283053242512,0.002516322837524325,0.016528902235237404,0.016211077954322306,163.7200253146284
0.8918580134778248,0.5567024638341704,0.5068356092627739,0.0005133994114441571,0.00016963656362822805,0.021473730436624427,0.021234992453606605,164.03487151715655
0.8873425223381026,0.5438442265633283,0.5176965540604985,0.002309893833817732,0.003536748336368315,0.02771122331970433,0.027598219365444487,164.34971771968466
0.8826813540707258,0.5298367574228253,0.5302312311248024,-0.00014889449013818408,0.00709587729906426,0.034893667971311056,0.0348642358715292,164.6645639222128
0.8779465842000695,0.5170639047377312,0.5365785528756059,-0.005344295249197843,0.00998768807380687,0.04226880687110878,0.042223014395445846,164.97941012474092
0.8733549333228695,0.5071262325319524,0.5381479604856981,-0.01062240089777538,0.011495983456294281,0.04902002444080243,0.04887677097802334,165.29425632726907
0.869232946315233,0.5006061918172484,0.5400740241026804,-0.01387383543591916,0.011158055169773843,0.054654518763530044,0.054408797659420416,165.6091025297972
0.8659093174490559,0.4971376764293927,0.5432220088272198,-0.014667657466485034,0.008866007283095799,0.05920651199589729,0.05892050777112556,165.92394873232533
0.8635977708235,0.49574866921802396,0.5475300518338109,-0.0141874638781798,0.004903735034925638,0.0631264309541387,0.06286617823234875,166.23879493485347
0.8623395417985159,0.49355484602890465,0.551960535449402,-0.014112686122981256,0.0007421481718696325,0.06691705369823815,0.06669374149757568,166.5536411373816
0.8620381129994338,0.4729237589581815,0.5551514460316307,-0.015267790470927332,0.005546812283061133,0.070738322447844,0.07050745746316678,166.86848733990973
0.8625629750647161,0.45296494071222576,0.5570623060272036,-0.016988555812153694,0.01013635972927702,0.07422954687572744,0.07394703903678357,167.18333354243785
0.8638580281960859,0.4368349217102455,0.5587267077646735,-0.017646860473071777,0.01325756318624812,0.07666746260336497,0.07634773728705668,167.498179744966
0.865988525652765,0.42577313297528646,0.5608620417504192,-0.01596851470376141,0.01435797584344021,0.07736878026880731,0.07708573746222924,167.8130259474941
0.8690985340985184,0.4198092979209662,0.5634333476526279,-0.012209165589899703,0.013248077574465323,0.07608921237798343,0.07591202653773887,168.12787215002226
0.8733052079340108,0.41800670604367995,0.5648434756473657,-0.008308923723554537,0.010128724564267227,0.0731696884673299,0.07308754738873824,168.44271835255037
0.8785940385137665,0.41891383469749394,0.5597543924156463,-0.006808254889847067,0.005563155534106656,0.0693378537068955,0.06924447352020435,168.75756455507852
0.8847783238240873,0.4206991058478654,0.5496082849198344,-0.00915356279630867,0.0005110449676938079,0.06528925098518269,0.06505141596418695,169.07241075760663
0.8915474589175778,0.4049480212874554,0.540165575439706,-0.0144921711776443,0.004582031362635219,0.061309415850773166,0.060871477434007226,169.38725696013478
0.8985758357003126,0.39100740737824896,0.5334679019517297,-0.0198224675921342,0.008385360618162982,0.05716888041946342,0.05660900325784224,169.70210316266292
0.9056289782742366,0.38222608078728393,0.5298641790869687,-0.021547537452994373,0.010519591496509178,0.05234892920316356,0.051836109033857714,170.01694936519104
0.9126067705260145,0.3790520161512282,0.5288388752306538,-0.017584988109071508,0.010754842164489997,0.04645000158637924,0.04612877785351466,170.33179556771918
0.9195024691795507,0.38071974874882347,0.5293975201191993,-0.008779474313578131,0.009229960809797162,0.03952662484150447,0.03941575410683884,170.6466417702473
0.9263065842650927,0.3856108948991928,0.5286274954167963,0.0012838775002394214,0.0064190196511839815,0.032145846235497016,0.03212845108405571,170.96148797277544
0.9329164695242549,0.39180091250600585,0.5162109595768343,0.008055292596107936,0.003042672214330761,0.02514048340637955,0.02505214986317017,171.27633417530356
0.9391073825364427,0.396512249486865,0.5038638360985817,0.008442664597577705,0.00045344664817923667,0.019212116063304422,0.018957397294708245,171.5911803778317
0.9445828213491198,0.392401039452095,0.49559148641531453,0.0025347983334962102,0.0025288889751957,0.01462093740332149,0.014229443283915177,171.90602658035982
0.9490743350715914,0.3911200128141915,0.4915876217633908,-0.0063547926913967,0.0036326964159425785,0.011137885951573247,0.010723145187741756,172.22087278288797
0.9524322388102753,0.39334578397433795,0.4907228153855474,-0.01337949164553738,0.0035477446818696894,0.008274231410345662,0.007937178742388418,172.53571898541608
0.9546555375897093,0.3981829065881053,0.4909499557787908,-0.01468517804205436,0.002584916514446814,0.0056437928957889846,0.0054026444031630705,172.85056518794423
0.9558469450033389,0.40388623047446975,0.4900647803914279,-0.009413964454369862,0.0012560719369025342,0.003243848883391844,0.00304265184389918,173.16541139047234
0.956123770860378,0.4083921297540422,0.4878514150325418,-0.00012197182623859309,0.00014066790126532436,0.0014952628993231806,0.0012731672086186974,173.4802575930005
0.9555404388528772,0.40936638308364953,0.4867830026711061,0.008589155754758644,0.0002658229683536741,0.001023163208227076,0.0007766825861681426,173.79510379552863
0.9540690877727894,0.40901536696085383,0.48909276909318355,0.01247172843470154,0.00036835152052515005,0.0023057603435853355,0.002087862567754506,174.10994999805675
0.951647740502892,0.4050931905041225,0.49513053373753896,0.009775813348636649,0.0018493820365550675,0.00539135411301423,0.005251215821894473,174.4247962005849
0.9482638736575683,0.3998983119015122,0.5026503263204407,0.0020191981786756067,0.0038437611558068564,0.009844922941688023,0.009766760524400508,174.739642403113
0.9440201045451477,0.3949595804744579,0.5063753652268658,-0.006970593295138529,0.005709623922210032,0.014957575560218051,0.01485823725420754,175.05448860564115
0.9391405145153278,0.3913041349114439,0.5068570608075836,-0.013159843093481154,0.0067940675567994555,0.020103566601537178,0.019895747282947185,175.36933480816927
0.9339130906315386,0.3892774496960302,0.5079102596017665,-0.014379413887653984,0.0065935950362953025,0.025042201023978253,0.02471010285743469,175.68418101069742
0.9286028409295922,0.3886994033608023,0.5114638276771577,-0.011251858395528572,0.004873578886349189,0.02998758536423798,0.02960814941630696,175.99902721322553
0.9233872745453656,0.38912465809317315,0.5184400121820029,-0.006545852050213275,0.00173715187345115,0.035399250240806396,0.03508754404254344,176.31387341575368
0.9183509999329492,0.380540104998879,0.5286216170992535,-0.0034284787677956274,0.002366618452013222,0.04161142290485097,0.04143382632184456,176.6287196182818
0.9135390055944168,0.3638218832638759,0.5399779056089057,-0.003683426524229469,0.006703664031435149,0.04852188131147042,0.04844845414015064,176.94356582080994
0.9090320176553097,0.3482963114017548,0.5476171695821904,-0.006918138492811963,0.010422242356707146,0.05553563219998418,0.05546949523792588,177.25841202333805
0.9049942841698126,0.33578622006969566,0.5504242531144335,-0.01113632675477461,0.012741393295604026,0.061810948942019196,0.061667238300012306,177.5732582258662
0.9016617631024803,0.32707775611912215,0.5521859307166801,-0.014205342674093844,0.013127274029592788,0.06666976267116395,0.0664363160130863,177.88810442839434
0.8992757678186715,0.3219467096065705,0.5542969069445316,-0.015223271307088126,0.01140159631444746,0.06992585341072514,0.06965651646493587,178.20295063092246
0.8980007876245462,0.31950012743254264,0.5567176094011828,-0.014910699229542353,0.007779699910948194,0.07192632725446174,0.0716783413523383,178.5177968334506
0.8978749308258807,0.31849083063096056,0.5584110031247255,-0.014831689746531153,0.0028818779909802828,0.07327540794061575,0.07305131538289122,178.83264303597872
0.8988215357340483,0.30712770314352006,0.55831560862913,-0.01604117400356222,0.002874315339394344,0.07440894795111393,0.07415770137188638,179.14748923850686
0.9007134796075978,0.285985040657642,0.5570136342719593,-0.018138990735474685,0.007890985407015667,0.07528572395017946,0.07496219533391368,179.46233544103498
0.9034504147493708,0.2681329038066056,0.555936314444981,-0.019428967648743262,0.01172247173241753,0.07539153949649165,0.075017801313074,179.77718164356313
0.9070024556340303,0.25514259078254004,0.5558897875872487,-0.018119137007857222,0.013690238925446054,0.07405602953009474,0.07372247703075874,180.09202784609124
0.9113951911756895,0.24730478825824034,0.556894813198615,-0.013761992815396473,0.01350107351504246,0.07088441177368766,0.0706808752945719,180.4068740486194
0.916646774633294,0.24390385562609007,0.5580984650152208,-0.007917346351868252,0.011249813473344937,0.06603406118222559,0.06596587688326927,180.7217202511475
0.9226964846686009,0.24364694780409749,0.5540907330277655,-0.0034851054678619467,0.0074038533476135,0.0601646187221388,0.060128303637122515,181.03656645367565
0.9293687295086217,0.2451081648309361,0.5416608201386137,-0.0030164513856512777,0.002719195987809501,0.054095754346033205,0.05394345080117968,181.35141265620376
0.9363948355686714,0.23940540847960737,0.5297204538156185,-0.007017217935053347,0.0019193440634941317,0.048386820376153154,0.048034644162676665,181.6662588587319
0.9434805809519338,0.22592532020316072,0.520955053104334,-0.013340911803195412,0.00568915796129798,0.04309491443882214,0.042590392584024306,181.98110506126005
0.9503810850360273,0.21719315047349655,0.5158359037665573,-0.01815416760058186,0.00801397491306515,0.03785056070034763,0.037343599101288816,182.29595126378817
0.9569418158963818,0.2137494449832445,0.5137691041113254,-0.0180110104993202,0.008653780995324616,0.03219232802488738,0.031829941892262514,182.6107974663163
0.9630860232888363,0.21491431461951857,0.5134574692438159,-0.011873016822249945,0.007723448319147195,0.025948108014415418,0.025773620260567287,182.92564366884443
0.9687611114667642,0.21912878720947512,0.5123223331038637,-0.0018903358915914256,0.005650402901633653,0.019431961839538898,0.01936490754070863,183.24048987137257
0.9738798581307999,0.22449566554972583,0.5050107580406427,0.007564721476358729,0.0030835575058114242,0.013344721369921032,0.013252187104142665,183.5553360739007
0.9782935807460351,0.22929370284243472,0.49553983920211847,0.012135122228057162,0.0007700901114955273,0.008444941428244408,0.008242807603347835,183.87018227642884
0.9818135891898084,0.22932699069370432,0.489304247741968,0.009784293669720088,0.0009198498698546984,0.005186827673955834,0.004889770809652028,184.18502847895695
0.9842676742504686,0.22922458587832917,0.48713745129092245,0.001909121909603696,0.001406674093632426,0.0035322246845838866,0.003218932883143233,184.4998746814851
0.9855578732190741,0.23187396802483867,0.48788066002691777,-0.0073560404200355475,0.0009352919703461193,0.0030366620893449384,0.0027692138781978404,184.8147208840132
0.9856862711524941,0.235721103406331,0.48916966487704416,-0.01327944660730491,0.0001321581115381697,0.0031516754547373876,0.0029231910035510955,185.12956708654136
0.9847360398680506,0.23619889565584648,0.489072265867491,-0.01297341722215574,0.0012494295601492653,0.00356641108888587,0.00332065156340966,185.4444132890695
0.9828221188638092,0.2367285990476213,0.488368282373906,-0.006841935427261018,0.0018712122466007855,0.0043936671090989,0.004093394124066729,185.75925949159762
0.9800431156469722,0.23773356961912984,0.48952540707910464,0.0017144068575229818,0.00156764280343171,0.0060952250708404595,0.00577242700769931,186.07410569412576
0.9764631615845882,0.23918684024149425,0.49441626763456276,0.008144022308337023,0.0003033965112444416,0.009188370750988962,0.00892659679374419,186.38895189665388
0.9721322050078919,0.23321822773890605,0.5035290937037716,0.009125064534650815,0.002264240101811343,0.013900198027561273,0.013761221458879036,186.70379809918202
0.9671286329721337,0.22522794096987986,0.5155212851892323,0.004203160168377743,0.005072072986205084,0.019969907662473276,0.019928976297271528,187.01864430171014
0.9615944426132168,0.2178001758393087,0.5212687365212141,-0.004156724560230905,0.0076277399800189424,0.02672011376630495,0.026670038937264273,187.33349050423828
0.9557385472162687,0.21220519233800084,0.5212942984860357,-0.012058785018670118,0.009208911841141587,0.03336577517062878,0.03319240626040276,187.6483367067664
0.9498043613374875,0.2089016016404416,0.5221798186226048,-0.016316160018015065,0.009273422820126467,0.03938775935439638,0.039057284824104976,187.96318290929455
0.9440203407526638,0.20770879640029166,0.5252219948240578,-0.01602955597065702,0.007579133791510203,0.04475162787008497,0.04433774873623353,188.27802911182266
0.9385624520679189,0.20812298143657976,0.5310979335078976,-0.012767654751042589,0.004243172132583756,0.04983570478337306,0.04946372096827467,188.5928753143508
0.9335493830071142,0.2080234691231695,0.5395963907340684,-0.00935710790555587,0.0004532409227049054,0.05510406602238945,0.05485768415692649,188.90772151687892
0.9290702139273822,0.1903046480371937,0.5489926895276953,-0.008097678926104933,0.0052518206524113644,0.060719343144886376,0.06058566910998264,189.22256771940707
0.9252238103226884,0.1732804678943633,0.5558448798120312,-0.009507382112972761,0.009733790660950502,0.06633622577971361,0.06623016707385698,189.5374139219352
0.9221422079322823,0.1592305061361611,0.5587396027580263,-0.012310182034761367,0.012918565250135364,0.07121308499226917,0.07105474330150074,189.85226012446333
0.9199808486854811,0.14905859923202275,0.559956088496144,-0.014562266334429213,0.01418809694853748,0.07458389579853615,0.07435997709682718,190.16710632699147
0.9188797418002986,0.1426612093550046,0.5609183931054316,-0.015092924908240423,0.013269249960340698,0.07606631036902303,0.07582472981812316,190.4819525295196
0.9189180851542268,0.13929445353086808,0.561580506190638,-0.014270711165524436,0.01028103263878543,0.07585260654856102,0.07564092084218099,190.79679873204773
0.9200891793739875,0.1379520111216211,0.5607575443092292,-0.013594980717154564,0.005722889344295657,0.07456192147552422,0.07437044316264452,191.11164493457585
0.9223101633684972,0.1366587117475115,0.5574107253492543,-0.014428955464277573,0.0008340491903784579,0.072844096021109,0.07260935615809105,191.426491137104
0.925460084378424,0.11746142877870187,0.552725118838315,-0.01678823024240401,0.005087849344634766,0.07098250796623684,0.0706506931457499,191.7413373396321
0.9294232272257159,0.09906051493720537,0.5486940061000785,-0.019076683202163904,0.009376766379128851,0.06874384119684933,0.06833659222665922,192.05618354216026
0.9341125356146891,0.08494425609780847,0.5463241209197339,-0.019029519712259312,0.01202507795199734,0.06556609660693895,0.06518435497575081,192.37102974468837
0.9394611491903074,0.0754458544054004,0.5456557918764909,-0.015295073216639081,0.012652802602389124,0.06096319480213408,0.06071669423531234,192.68587594721652
0.9453899277792406,0.06997153202686368,0.5461567064526295,-0.008610263331330928,0.011266717535472056,0.05489123321187537,0.05480778001835107,193.00072214974463
0.9517730679274594,0.06747533426288126,0.5453045885325667,-0.0017235493771595757,0.008248235435446515,0.047850296511170044,0.047841593098562174,193.31556835227278
0.9584242655265973,0.06683899320529146,0.5318476994560342,0.0020152056036675087,0.004282195212271812,0.04066402111233946,0.040581667500653285,193.63041455480092
0.9651128082046684,0.06686017063365493,0.5185004860976138,0.0006220196268876143,0.0002826981413101734,0.034077290266582766,0.03381874880623059,193.94526075732904
0.971600971071844,0.05471049790654825,0.5087118702899814,-0.005177773696770063,0.003211194768733002,0.028417126430340996,0.027999117253162065,194.26010695985718
0.9776821929366092,0.046041112400980855,0.5030110574995443,-0.012098083276661864,0.005377357046078027,0.023513864516174283,0.023055969260181497,194.5749531623853
0.9832005495074578,0.042361469592969846,0.5007387757097349,-0.015946286587608625,0.006096189224350857,0.01891643310882952,0.018549772339056525,194.88979936491344
0.9880445964222536,0.042997073295136704,0.5003114601972718,-0.013907646878672724,0.005494915471492318,0.014261098951048623,0.014035949261260172,195.20464556744156
0.9921243478813215,0.046453082242352214,0.4992149536487271,-0.006186497235256414,0.00398502152319232,0.009570327012124782,0.009434082906435548,195.5194917699697
0.9953492360819042,0.05088343389170778,0.49494093439697584,0.003942000593125226,0.00216039854255059,0.005309109239719454,0.005165424949388986,195.83433797249782
0.9976223315938956,0.05459139139333444,0.48955061466175326,0.0117479723608303,0.0006554029425906179,0.0021724343488360577,0.001965494833978121,196.14918417502597
0.9988543263027317,0.05628909769954567,0.4867504769526081,0.013488234815221574,9.389646791842533e-05,0.0007312784042563345,0.00048228070773204124,196.46403037755408
0.9989877126498167,0.05672127633799548,0.48764776525868436,0.008367591849916393,0.00021673573421927047,0.0011402121691325062,0.0009092247706936618,196.77887658008223
0.9980154967006403,0.0559122500041009,0.4909430240737162,-0.001035627878291545,0.0013165596574278855,0.0030702865900114834,0.0028841828328692865,197.09372278261034
0.9959831216387065,0.05504796354852707,0.493645582919147,-0.010110891373293025,0.002765460013047642,0.005902478109675119,0.005718938980458721,197.4085689851385
0.9929737102182047,0.05482235132402004,0.4942126540851736,-0.014605716532758979,0.003971130940223231,0.00907123965542716,0.008814557475840257,197.72341518766663
0.9890874718713072,0.055549778627777144,0.49447433218071124,-0.012789061747383252,0.004376416390347405,0.012363315545280017,0.012001011774132708,198.03826139019475
0.9844291102159103,0.05744268025144326,0.49685781660316153,-0.0062462480908046,0.0035950686140988663,0.016000114936921522,0.015589810304646456,198.3531075927229
0.9791105636376226,0.06078288034341057,0.5029817414636764,0.0010856427260780863,0.0015278326168803515,0.020452371008702536,0.02011142124052767,198.667953795251
0.9732649866783408,0.05935766059164179,0.513369669457101,0.005077437455297552,0.0016705600132191837,0.026089820167055282,0.02590666905038752,198.98279999777915
0.9670593286135645,0.05165783013954191,0.5273021905948699,0.003562773139076976,0.005296052408856744,0.032869871967159514,0.03282873344966131,199.29764620030727
0.9606930588319599,0.0456014687860714,0.5374508335160166,-0.002675333820802662,0.00865533598297338,0.040255348127365316,0.040238691878814126,199.61249240283541
0.9543795628242444,0.04234409715935187,0.5367506332680753,-0.010564398127820404,0.01095042762757235,0.04742276277508991,0.047293644416845804,199.92733860536353
0.9483185816643762,0.042233362730629935,0.5369665149984248,-0.016586401007645045,0.011578610842733966,0.05364902321881588,0.05334944212563297,200.24218480789168
0.9426747972525209,0.04536408744650604,0.5388559178150134,-0.018693749396142025,0.010254246318419846,0.05864949450980002,0.05823737312773192,200.5570310104198
0.9375745080762751,0.0519049484829628,0.5429137483338412,-0.01720392543149275,0.007066089706021077,0.06265995135178931,0.062257840616197435,200.87187721294794
0.9331210072281769,0.061873418513260704,0.5489641342697601,-0.014242579893213569,0.0025015698094970396,0.06620559299768551,0.06590610407176456,201.18672341547605
0.9294169925776983,0.06340783113435872,0.5556307540644851,-0.012197392565564194,0.002959559145736431,0.0696941204776186,0.06949965338293163,201.5015696180042
0.9265772488694237,0.05740217848935499,0.5604033466769842,-0.012215763999318622,0.007997836380056113,0.07308515084930166,0.07292639383345279,201.81641582053234
0.9247206386138017,0.05424485699327773,0.5621395453170251,-0.013683836720337694,0.011969618030620398,0.07584720288408002,0.07565633300496488,202.13126202306046
0.9239437321122445,0.05436908961343498,0.5622949064050292,-0.014940361160138525,0.014149200100926943,0.07723638306241634,0.07700653157390214,202.4461082255886
0.9242907127077986,0.05808099689075352,0.5620628290630402,-0.014657127706418504,0.014157763062287143,0.07672757940286427,0.07650699276168904,202.76095442811672
0.9257374366769686,0.06569152167652619,0.5613348325696785,-0.012893691288451862,0.01200374859946431,0.07432993288345484,0.0741605897133264,203.07580063064486
0.9281994041369622,0.07720077256071434,0.5586378183056356,-0.011081375757276682,0.008080790775685597,0.07058914802526531,0.07045049838692774,203.39064683317298
0.9315589572573236,0.09174889250039109,0.552526291252762,-0.010940262629212064,0.003114377545188883,0.06627576269982496,0.06608982560226229,203.70549303570112
0.9356954424217306,0.09907550328012728,0.5447425344290079,-0.013080651255059604,0.002181372669718251,0.06195493033517571,0.06165311239984217,204.02033923822924
0.94050077371871,0.09574020658959058,0.5380000222713519,-0.01628587660118769,0.006604910902756953,0.05770433519440035,0.057298292712924526,204.33518544075739
0.9458726869116085,0.09426862068451627,0.5335763160642973,-0.01804787396294703,0.009648418784377664,0.05314955701427273,0.052740190047029234,204.6500316432855
0.9516926516956276,0.09511251004787843,0.5315191688291713,-0.01610306658429572,0.010867508202188122,0.04778582955581553,0.04749519421239767,204.96487784581365
0.957805416677388,0.09860407179076378,0.5312162275401743,-0.010026956221594696,0.010213376647941195,0.041380119858320026,0.04125795385002895,205.27972404834176
0.9640160126020463,0.104805878191234,0.5317752933171264,-0.0018410235940540985,0.008002416082465779,0.03420525020332693,0.03418667945668341,205.5945702508699
0.9701085475302863,0.11312712215502767,0.5211655910421551,0.004852586370394107,0.004850226301665269,0.026968340330816618,0.02691926955256385,205.90941645339805
0.9758768739540419,0.12208303498518998,0.507930323434549,0.006800708628445182,0.0015441377807706937,0.02048422533589484,0.02029910610204766,206.22426265592617
0.9811495531967217,0.12475782565722032,0.4984109108991684,0.003007338544521065,0.0012846780502026684,0.015293260167229246,0.014967308915861732,206.5391088584543
0.9857954966571703,0.12256000614100226,0.49319880036799063,-0.00451088013966513,0.0029603846361434595,0.01144644488706732,0.011066863068703858,206.85395506098243
0.989709613618325,0.12132379293867314,0.49158441036010064,-0.01162808318864888,0.003427542005260129,0.008573576619306564,0.008242113622473624,207.16880126351057
0.992791198491991,0.12088463508932984,0.4917102405368483,-0.014241361174651057,0.0028486968823577172,0.006182547986486787,0.005937041003885812,207.4836474660387
0.9949327352154317,0.12105241900568331,0.49111530024865296,-0.010491179390619405,0.0016519218695924545,0.004008780899531801,0.0038079901584153752,207.79849366856683
0.9960298327939952,0.12146205410569148,0.48877555456216026,-0.001848984648206862,0.00040092818026048205,0.002212589683632248,0.0019910836061912685,208.11333987109495
0.9960084703329132,0.12025583404808064,0.4867552316612684,0.007552107777102097,0.0003457502190986021,0.0013143914164720847,0.0010529110164594346,208.4281860736231
0.9948530712249137,0.11978977416118824,0.48762453308339465,0.013019488562649877,0.00023099945126375162,0.001907448243392502,0.0016523754712524097,208.7430322761512
0.9926166914348464,0.11772655220867852,0.4923080566487304,0.011730009199883207,0.0010195286446892722,0.004312247976675692,0.0041256240221803075,209.05787847867936
0.9894048279236959,0.1133962154937414,0.49926727360723633,0.004191711158229726,0.002900623655312189,0.008369300607185253,0.008255880934136317,209.37272468120747
0.9853409317937472,0.10858256021666787,0.5038183722682541,-0.006042302876923215,0.004964704494162831,0.013490938539676724,0.013372691176604667,209.68757088373562
0.980534053873591,0.10501959723326197,0.5046638350067593,-0.014248412699123846,0.006542035027474711,0.018947888166272277,0.01871649748434423,210.00241708626376
0.9750688230662413,0.10457332252303131,0.5052756873927549,-0.016980423137970983,0.007042313316164796,0.024231085853573406,0.023839320205799486,210.31726328879188
0.9690245928982283,0.10868843200670823,0.5079801673786469,-0.01377495628171705,0.006089809677843781,0.029280212273328016,0.028794631555987493,210.63210949132002
0.9625119304078464,0.11787996128382405,0.5141446254544849,-0.007220255568246512,0.0036139559283772287,0.034440819024732984,0.03400610821794847,210.94695569384814
0.9557022622039941,0.13075349143412152,0.5242611106062792,-0.00140639918884603,0.00016573706704401238,0.040168036609751,0.039905281565658646,211.26180189637628
0.9488286963467869,0.12976756275290194,0.5376012999200525,0.0003338989452961159,0.004464089118220516,0.04664904810278934,0.0465663051832611,211.5766480989044
0.9421523853024645,0.12945950170751297,0.5499268711931342,-0.0028802770325430144,0.008626169680578308,0.053574615744617624,0.053560659071395844,211.89149430143254
0.9359098806598422,0.13125260278756273,0.5508383876190164,-0.009253889867814592,0.011750160096446869,0.06020915498965944,0.06011555429777804,212.20634050396066
0.9302697230983814,0.1364361417342763,0.5500998669853951,-0.015586288292446763,0.013161305722944609,0.06573021186979232,0.0654768192305859,212.5211867064888
0.9253224672014437,0.1461097917527438,0.5503672956660988,-0.0191944566820083,0.012500404205238083,0.06963842805142584,0.06926067179427953,212.83603290901692
0.9211091357281291,0.16075480555373012,0.5521336682082305,-0.01931598171381934,0.009788442630893191,0.07198697354125252,0.07159314249648441,213.15087911154507
0.917670007093344,0.17980847819310422,0.5552567844948841,-0.017208682610457906,0.005432067448585396,0.07328456860720173,0.0729648708816596,213.46572531407318
0.9150827885863566,0.20014536253243623,0.5586623670812678,-0.015013820272419768,0.0008346111757644698,0.07412799063920879,0.07389270315962082,213.78057151660133
0.9134649364435679,0.20223986153091947,0.5605491085235644,-0.014215453811382483,0.00546913378581566,0.07479184788603488,0.07458518043034001,214.09541771912947
0.9129363580095158,0.20375300561438914,0.5602422075387778,-0.01473041352414829,0.010025320367109968,0.07503366642061088,0.07480203093323934,214.4102639216576
0.913563312398279,0.2072821271621028,0.5589091466526326,-0.015190304502329771,0.013004066201826902,0.07423846876406436,0.0739864518341592,214.72511012418573
0.9153168617693586,0.2139039611533054,0.5575353026094617,-0.014152989736763572,0.013921132522939254,0.07181295785317339,0.07159565089820608,215.03995632671385
0.9180714696621567,0.22435293043369278,0.5559763382217661,-0.011353295636068746,0.01267747749759155,0.06758210722632908,0.06744285721438892,215.354802529242
0.9216455278425298,0.2386308049348459,0.5524861398164986,-0.008084262534157324,0.009564928116878953,0.06194089190598091,0.06185449126762077,215.6696487317701
0.9258602125055365,0.2556903783620897,0.5445120914129542,-0.006399064894651041,0.0052128815898240645,0.0556695058621858,0.05554719303566491,215.98449493429825
0.930581939496421,0.27335371356274485,0.5342522232760621,-0.007638950688057222,0.0005086715506553141,0.04953037730684654,0.04928800358490537,216.29934113682637
0.9357239676054709,0.27425996456101936,0.5253889062105297,-0.011282054621059995,0.003840390911834627,0.04389626752005853,0.04352899436935209,216.61418733935452
0.9412082880939447,0.27407085016884797,0.5194808343679825,-0.014945172105441502,0.006938881090071584,0.03863179465997193,0.03822917545088811,216.92903354188263
0.9469140969370639,0.27533551101963327,0.5165716491477492,-0.015652770127944186,0.008438555969921406,0.0332889519266374,0.03297291879411257,217.24387974441078
0.9526481156693712,0.27852402713498214,0.5157920667624991,-0.011666726908226843,0.008275747222970637,0.02748582788882954,0.027319776186131906,217.5587259469389
0.9581588493905467,0.28375515246857563,0.5153803319653275,-0.0037642378460507765,0.0067328020957503594,0.021234009873686815,0.021176917636092973,217.87357214946704
0.9631893866986133,0.29050075518803836,0.5093034560590575,0.004877536649780983,0.0043685597635922365,0.015020890472641614,0.01496323613713535,218.18841835199518
0.9675386525700286,0.2974697924833273,0.49889277787477315,0.010233694969434982,0.001890579751861783,0.009605269940533063,0.00945511003300148,218.5032645545233
0.9710948810159542,0.30236714762195294,0.49124877122644633,0.009609402431183812,0.00024673242165130805,0.0056525680635275645,0.0053995053102871005,218.81811075705144
0.9738218039022257,0.3012883288356937,0.48772867881899307,0.003225924259891071,0.0010745055439871987,0.003422554152251276,0.0031290303192681446,219.13295695957956
0.9757075178468645,0.3005581876524073,0.48764728229542387,-0.005715584825376312,0.0010012845624684382,0.0026843923927660934,0.002417893659998893,219.4478031621077
0.976709786949285,0.29996371311853015,0.4888532597415241,-0.012598360902204191,0.00014278744527051906,0.002899858036104549,0.0026699217015314636,219.76264936463582
0.97673451472653,0.2955924436580306,0.48900615956720506,-0.013785041734468687,0.001032878052003434,0.0035643819557617195,0.0033213342650015854,220.07749556716396
0.9756639019694956,0.2912226142206742,0.4881099133665416,-0.008566261215118016,0.0019552638381203427,0.004509835466045188,0.004204745593004322,220.3923417696921
