P_e2,concurrence,Vmin,Re_a2,Abs_pair,n_cavity,P_cavity_excited,omega_c_t
0.0,0.0,0.5,0.0,0.0,0.0,0.0,0.0
0.00046093763447922607,5.366508163214651e-06,0.5000002932817892,-0.0008991030598968901,0.00047189888274577215,0.0009458778146509411,0.0009449842383794094,0.31484620252813156
0.0015702887747940082,8.676032844314065e-05,0.5000178471437156,-0.002813929384650371,0.0017287761863556887,0.0034996983181984553,0.0034876011381798078,0.6296924050562631
0.0026704889745904755,0.00044819515664525544,0.5001869338341527,-0.00397153012460849,0.003342968896232429,0.006967374873059871,0.006921570728983029,0.9445386075843947
0.003111757925337921,0.001464094780805234,0.500934109802216,-0.0029522019577608483,0.004741063897161523,0.010626550142379494,0.010532962072520524,1.2593848101125262
0.0026403487465766883,0.003745182448287506,0.5030653547669192,0.0001005604682362783,0.005354970535579198,0.014113592805830393,0.01399142879177151,1.5742310126406578
0.0015519650695608143,0.008198785069790309,0.5076142374093696,0.003261408801939716,0.004768497300974247,0.01759057653768218,0.01748873950323593,1.8890772151687893
0.0005179359831639991,0.015861455727198926,0.5154348167417778,0.003850027319901976,0.002841055064341486,0.021591697491065612,0.021546880026639625,2.203923417696921
0.00018643372465081107,0.026241682004406984,0.5262628954113864,0.0001522725951934419,0.0002434470588547007,0.026635045252962918,0.026621908177877684,2.5187696202250525
0.0007963213692785433,0.025659709905026057,0.5251065984841651,-0.007225256548857429,0.003898962939305807,0.032827576953599474,0.032750312856068775,2.833615822753184
0.0020355859966426342,0.02611846388068802,0.5244018178342514,-0.015299149746751527,0.007447456276919584,0.0397026233699949,0.039450947676598624,3.1484620252813156
0.003231094297508656,0.028319400599181484,0.5251949299501213,-0.020150026499461227,0.010115981955340223,0.04639711376739921,0.04593459474341954,3.4633082278094474
0.0037569778401132267,0.03301767436792174,0.5280880980896903,-0.0191344063101334,0.01128921730412853,0.05207289470054217,0.05148795542216944,3.7781544303375787
0.0034153823634732175,0.04103921918297501,0.5335743863419852,-0.012590259224911348,0.010613669440424123,0.0563339436441195,0.05580141307595832,4.09300063286571
0.0025580022339460194,0.05298563908169246,0.5419497969791967,-0.0039526814419258175,0.008071980782824015,0.05938588631224111,0.05905309067274811,4.407846835393842
0.0018729611824647957,0.06872710790449924,0.5530007508701976,0.0019294670911018188,0.004015333740016819,0.06183608593564322,0.061712006383650375,4.722693037921974
0.0019653996720796194,0.08327547142702083,0.5612721241690867,0.0014210962593194498,0.000981466898448293,0.06425289744852011,0.064187142321663,5.037539240450105
0.002987109236969723,0.08247741362354055,0.55382546075793,-0.005797626178186425,0.005819763658147276,0.0667551316154532,0.06653250808873601,5.352385442978236
0.004541940162706763,0.08300919394004776,0.5472885367469875,-0.016394957345250014,0.009813300566948818,0.06888882899545991,0.06837843253446274,5.667231645506368
0.005925685172015024,0.08586532454711024,0.5431134753792007,-0.025078749183229356,0.012214938540077092,0.06987250136924483,0.06912490503753221,5.9820778480345
0.0065540717050624805,0.09184304012167682,0.5416469767751092,-0.027412960050965513,0.012625658119507265,0.06906217016002812,0.06828231497995174,6.296924050562631
0.006316621553298865,0.10149553596438037,0.5428536059302247,-0.022193708952107843,0.011001686450093931,0.06634873553571047,0.06576197334899436,6.6117702530907625
0.0056394554231241935,0.1147895350841578,0.5464004730979917,-0.012057685194044787,0.007654073405052216,0.0622412935358682,0.06194789323406258,6.926616455618895
0.005219026049108682,0.13073405097517674,0.5514724309615467,-0.0020022114511598736,0.00321010235955678,0.05758560773507228,0.057505754534891595,7.241462658147026
0.005590733255610966,0.1412153538749993,0.5481916571324305,0.003321591494119148,0.0015719473669280422,0.05309320784786528,0.053036047854183255,7.556308860675157
0.0067968692423993424,0.13963184066999126,0.535552023315498,0.00201466711159005,0.005691105465072066,0.04897114904462214,0.04877132655423444,7.871155063203289
0.008356286069323027,0.13935215006673543,0.5256659292622957,-0.004269038371772989,0.008544253162547645,0.04487556550831336,0.04449717709121348,8.18600126573142
0.009553010819101185,0.14098163004220782,0.5189114264223738,-0.011474633135215994,0.00971797760756934,0.04020931260994312,0.03974976481373693,8.500847468259552
0.009866995997760943,0.14492749336418012,0.5148976394065775,-0.015492139827558624,0.00918057911389034,0.03457396279570697,0.034178739491647625,8.815693670787685
0.009285326409113094,0.15126735439442654,0.5129914321598826,-0.014321669417270751,0.007235001770403397,0.02809790664932846,0.02785891195752843,9.130539873315815
0.00830660629225244,0.15945619645449388,0.5125526781895963,-0.008885244629449599,0.004436148119214921,0.021444589539984786,0.021355183763402175,9.445386075843947
0.007637934082634567,0.16816453197398104,0.5129093356757504,-0.0021649462585410627,0.0014723719371163263,0.01550163082775996,0.015487920030943458,9.760232278372078
0.0077688227301852195,0.17157906346034654,0.5081057485297956,0.002682773680666717,0.000994442772688602,0.010940519584891745,0.010929118437688068,10.07507848090021
0.00867853968178037,0.17001949295261154,0.5020148806062689,0.0040647807318173025,0.0024817561384005184,0.00790659882468348,0.007870648332772734,10.389924683428342
0.00985114902355274,0.16926758151650836,0.49938908508226104,0.0025637838404837703,0.002827312864742601,0.006014865373382156,0.005970377216929834,10.704770885956473
0.01058744349558542,0.1691391178333313,0.4993001784309416,0.0001948824310571343,0.002197401096265466,0.00464468893931494,0.004615534338678562,11.019617088484605
0.010426409420517318,0.16945260535944767,0.5004406377340596,-0.0011009560853350979,0.0010188247382165376,0.0033547158036304576,0.0033455966839935902,11.334463291012735
0.009425118361350564,0.16932741677716398,0.5014527393024549,-0.0007220133078113097,0.00015296115003814355,0.002174833202602733,0.0021737451364511884,11.649309493540867
0.0081311700185753,0.1669780380343973,0.5002472065457192,0.00035400696689002635,0.0007844429654128987,0.0016073404657999239,0.0016049713220102069,11.964155696069
0.007264482509370952,0.1672447509954826,0.5011126381351542,0.00044793130897313494,0.0005104984815933529,0.0023382472112772894,0.002336243123482351,12.27900189859713
0.007297320315237607,0.16689394691728704,0.5031400203217518,-0.0014556192814504285,0.0007518560698938827,0.004825913508469699,0.004822652230087154,12.593848101125262
0.008181696534083165,0.16294051888681949,0.5037318395795062,-0.004798970836586168,0.0027639194986291433,0.009005216659209501,0.00897729548002979,12.908694303653395
0.009386141827884038,0.15824449031578944,0.5046376595001173,-0.0076508928356375325,0.005023732427507302,0.014281085300469936,0.014188652957832892,13.223540506181525
0.010220423786271603,0.1543382700418085,0.5064125257762351,-0.007949437183632129,0.006900015906373761,0.01982026737695278,0.019641584273956125,13.538386708709657
0.010255335753088702,0.15306483574806284,0.5096890553214471,-0.005018468628435843,0.007790353605428201,0.02497654683279301,0.024742450678312267,13.85323291123779
0.00958702261524774,0.15600338285574458,0.5152598258374279,-0.0003447841876007656,0.00726524319982809,0.02960234322324875,0.029390600966207603,14.16807911376592
0.008786688066511079,0.16388628223426818,0.523831929662494,0.003000342827047352,0.005183040474429075,0.0340603344925872,0.03393956406643894,14.482925316294052
0.008563896372849471,0.176226238711077,0.5355941669397187,0.002084984223964741,0.001758621839697372,0.03892271855419644,0.038883768070377744,14.797771518822183
0.009344039371372412,0.1815364798404515,0.5391951497815702,-0.003986946883395305,0.0024690094508625035,0.04453400029865865,0.04446959517240312,15.112617721350315
0.011014088195727804,0.18034557874129536,0.5365497905835974,-0.013190620172451777,0.006702737756740165,0.050702195861456495,0.05046648554753408,15.427463923878447
0.01299131320809908,0.18080998330149464,0.5353216838150756,-0.021374341379218488,0.01013265344481627,0.05671351243345762,0.05622925103230736,15.742310126406577
0.0145750976729425,0.18424224467084727,0.5361957079146407,-0.024422599463499985,0.01207132741316298,0.0616724060078956,0.061006274135059324,16.05715632893471
0.015369400799239829,0.1918339237336321,0.539590906279443,-0.020612728853336246,0.012095835264338663,0.06496737966213822,0.06430702036647229,16.37200253146284
0.015518807205544658,0.20423924525930276,0.5457028888738534,-0.011780563418428194,0.010119138897045087,0.06657924480630241,0.06611574937114384,16.686848733990974
0.015613479104150714,0.22114481633010927,0.5543590102787943,-0.0025280917333985868,0.006419170072726751,0.06703999072217705,0.0668349076514203,17.001694936519105
0.01632029348232519,0.24102702734758275,0.5641148469795905,0.002179339455893658,0.0016366961366084368,0.06706455770097486,0.06700003049593295,17.316541139047235
0.017965485448063968,0.24774489104109157,0.5576267484183437,-0.000281359671259383,0.0035163871682272318,0.06708211591531621,0.06693655381476094,17.63138734157537
0.020324552241711827,0.24878805937646714,0.5481599762646905,-0.008712185834753715,0.007954477757259855,0.06695818215332448,0.06655786201315239,17.9462335441035
0.022748527496362362,0.2516265887660383,0.5410894841289977,-0.018700994104205077,0.011004650088960689,0.06608106942699814,0.06542042604952492,18.26107974663163
0.024549417104768385,0.2573000544446299,0.5368629810977771,-0.024990605798090627,0.012182325701479445,0.06375882594401665,0.06300407587426071,18.57592594915976
0.025408589744967788,0.26652507857816665,0.5353819349925092,-0.02428457647677337,0.011361393752613394,0.059679335814007806,0.05905537164833452,18.890772151687894
0.025558318598300954,0.27936374681751264,0.5362605750743953,-0.016930804875598355,0.008770528025320993,0.054148423156363056,0.05379258561497968,19.205618354216025
0.025626593199995298,0.29491748784419686,0.5388440287212056,-0.006587745860536318,0.004952070085547382,0.047960887711861425,0.04784655833165907,19.520464556744155
0.0262419017196771,0.3112251462723237,0.5399815378880669,0.0018646931753176661,0.0007125399494014721,0.04198708328760136,0.04196333353666781,19.83531075927229
0.027640557231317805,0.3131447559949976,0.5274983372819243,0.004939802849969474,0.003292589411923083,0.03672963500020823,0.036637039035601004,20.15015696180042
0.0295156838174439,0.313042989082937,0.5170624320090851,0.0022261066797311193,0.006161632714204638,0.03211670983405574,0.03189008088285461,20.46500316432855
0.031198180418190676,0.3142056257661237,0.5100128056795042,-0.0037139217711008917,0.007565200936231365,0.02764800533721871,0.027337710581332275,20.779849366856684
0.03205815602793522,0.3170652848550291,0.5058990911172804,-0.00902845655429147,0.007446717147942379,0.022794508856857132,0.022506215305511335,21.094695569384815
0.03188322126781364,0.32174365315828507,0.5039049955222936,-0.010777225589942716,0.006082042277914138,0.017404987625899166,0.017216236452210598,21.409541771912945
0.031006163561522096,0.3278232335111079,0.5032342269883903,-0.008381635745173536,0.003984793007467059,0.011876213883263266,0.011793896651007052,21.72438797444108
0.030107067597303878,0.3342158749942745,0.5031904347216649,-0.003592176308895279,0.0017816311355758176,0.006990696562141066,0.006969707459607233,22.03923417696921
0.029810547368310417,0.3393559021726039,0.5018954905609279,0.0008478936565149931,6.709147556059954e-05,0.0035228810383504767,0.0035151689839517664,22.35408037949734
0.030320005201514757,0.33877515881574966,0.49890976868817205,0.00292863028654924,0.0007648963037818503,0.001846196176074638,0.0018333085096102764,22.66892658202547
0.031306644269725924,0.3385436182856231,0.4989663139195611,0.002429941841659786,0.0006020715766262209,0.0017668079849804197,0.0017549554042561866,22.983772784553604
0.03211777199674901,0.33721782510541687,0.5016146191168662,0.0007390508814296953,0.0003345661934976613,0.0026749145813119335,0.002669947275498852,23.298618987081735
0.03217902590156026,0.33218706264028286,0.5024393055344815,-0.00034275190123546616,0.0015845024152554995,0.003921443314905983,0.0039155516165183535,23.613465189609865
0.0313508553623808,0.32781962082808064,0.5015110909645938,3.910909296483422e-05,0.002582911661151548,0.005200740153388369,0.005183263891583634,23.928311392138
0.03002740734678856,0.3258493715372622,0.5021599363483479,0.001175953076751706,0.0028143107612462284,0.006718108429669251,0.006692771987769519,24.24315759466613
0.028918720119425066,0.3271364821856778,0.5055601379716067,0.001330484750403395,0.001955621564751471,0.009044659914410821,0.009026991035665177,24.55800379719426
0.02864474524095998,0.3313665759672027,0.511053400526614,-0.0009305984686214891,1.8179472666450145e-05,0.012741851726093305,0.012732920844436224,24.872849999722394
0.029381701380404898,0.32643947582299465,0.512360725823248,-0.0055017365404800254,0.002796882092749265,0.0179733580322793,0.017936529279128255,25.187696202250525
0.03077108719854145,0.3209714400331149,0.5131785457372843,-0.010475874901780197,0.005807642322125309,0.024334193560572828,0.024207122891944488,25.502542404778655
0.03214624801521582,0.316448463132021,0.514974181355243,-0.013136866926609245,0.008350770146003184,0.031005124289725076,0.03074920220566102,25.81738860730679
0.03294209408069865,0.3146966849021676,0.5183577397158454,-0.011676073486413772,0.009771035198612813,0.03715047675147676,0.036799338678666915,26.13223480983492
0.033043053171313404,0.31734130522023724,0.5239390695797832,-0.0065723967064921646,0.009602100987009478,0.04232922548881721,0.04198665777794153,26.44708101236305
0.03285963710942457,0.32522005950437904,0.532261456390054,-0.00068630888505513,0.00767429565900874,0.046673781947640436,0.04644667393088697,26.761927214891184
0.03308570214225088,0.3379729176588744,0.5434978286616448,0.0021518451881996793,0.004177915953971231,0.050724138741218255,0.05063326886878394,27.076773417419314
0.03428087617787706,0.35255489842624416,0.5528412045818079,-0.0006548538348557374,0.00038469747497295423,0.055012443815000915,0.0549536678909498,27.391619619947445
0.036529808969068,0.3506641377913636,0.547723879309224,-0.008754435935845064,0.005112240490752222,0.059649761592029456,0.059449101011906924,27.70646582247558
0.039385466650476784,0.34996676528152554,0.5438072622788346,-0.01871232723288275,0.009233731675689326,0.06417262763951473,0.06370740345205128,28.02131202500371
0.042132416359559555,0.3519349416129161,0.5420035429079479,-0.02567820816057031,0.011961860877692226,0.0677520408662318,0.06705194511779056,28.33615822753184
0.044211012403024524,0.35789274602102344,0.5427374832570807,-0.026002734272601358,0.012793707439906767,0.06964359397805246,0.06889073479735708,28.65100443005997
0.04554417006875753,0.36867442316877347,0.5461188622916714,-0.019334349790838687,0.011559539538704465,0.06960417089583502,0.06902176311320363,28.965850632588104
0.04656710592386835,0.3841941570948307,0.551954981521432,-0.008957994148514893,0.008450965133276716,0.06801714218988317,0.06772106488387397,29.280696835116235
0.04794206301864158,0.40320219810318236,0.5594611212570819,-0.00011537201922498766,0.004009193524354807,0.06564714122715949,0.06556687026768704,29.595543037644365
0.050133264682021755,0.41933592293925137,0.5573797184045779,0.0027921281649815307,0.0010995294066053155,0.06317586512585904,0.06310363529059815,29.9103892401725
0.05310310834472541,0.41997963907020663,0.5454751841162486,-0.0014402553291032714,0.005676696632281913,0.06080647379051146,0.060540421052891924,30.22523544270063
0.05631597698004881,0.42176508981272454,0.5359230664261377,-0.0102206945017309,0.009160299604387481,0.058180028012763355,0.05765911760846565,30.54008164522876
0.059047024516947086,0.4258903605324812,0.5294269177715212,-0.01863067420382999,0.010949717738584308,0.054651653766693994,0.053988735416060196,30.854927847756894
0.06080643768946546,0.433162542598883,0.525850730567427,-0.022107571905051766,0.010849983272934504,0.04975104382915252,0.0491472973659316,31.169774050285024
0.061619920808339945,0.44379279830200474,0.5247072307907672,-0.01882648826238287,0.009022572319599631,0.04354113402771842,0.043150344056883116,31.484620252813155
0.061995641380414586,0.45709919310021396,0.5253417568474193,-0.010492204366062045,0.00593700163109835,0.036656576520122025,0.036497215467011124,31.79946645534129
0.06260034312140583,0.4714460689475751,0.5265910849799172,-0.0011971578100917766,0.002285901779791107,0.030003245487902154,0.029972214733168245,32.11431265786942
0.06384393364414437,0.4799068271696866,0.5188339320814562,0.004905848962997755,0.0012040915145857295,0.02430499368704925,0.024268249535777886,32.42915886039755
0.06562528334317567,0.47959728060465906,0.5089854487457052,0.005758748727917928,0.00378762160048922,0.019769761789322857,0.01965410927447775,32.74400506292568
0.06739179497904142,0.4800193358153833,0.5026603255998371,0.0022180480125009935,0.005122106975834469,0.01606740731295598,0.01588953763432055,33.05885126545381
0.06847452728519973,0.4815356789388451,0.4994643103455776,-0.0027875038511081087,0.005148459484889923,0.012621180628297113,0.01244748997003553,33.37369746798195
0.06849539738646966,0.48426207647560493,0.498385845234899,-0.006129642488922404,0.004140065337819444,0.00903085831819078,0.008914054930284077,33.68854367051008
0.06760171895794105,0.48790169939868944,0.49835675054110967,-0.00622611857887736,0.002591996797880219,0.0053748523796453744,0.0053205762819469316,34.00338987303821
0.06638874266702159,0.49161244896514517,0.49842440448871445,-0.003678811197432271,0.0010863096087327395,0.0022165335131595913,0.0021968460560405356,34.31823607556634
0.06555806828675236,0.4941344856028973,0.4977088529206886,-0.0005535756864141951,0.00014650351777605,0.000315427710840771,0.0003034518550115717,34.63308227809447
0.0655165230406916,0.4942575783660957,0.49766378403712186,0.0011273710744844167,9.61429815266252e-05,0.00021362956036153632,0.0002021403812562106,34.9479284806226
0.0661539312365328,0.4914368326543449,0.49991393327357414,0.0006821083238831896,0.0009597258883799773,0.0019365658794485647,0.0019278757489683551,35.26277468315074
0.06693062719111614,0.48619271552925175,0.5019537045284416,-0.0009457306881991727,0.002450363533085669,0.004979467176026068,0.004966201293412409,35.57762088567887
0.06722145384757515,0.48005064604214426,0.5029272862327234,-0.002035816077489497,0.0040542020718153755,0.00858694200632977,0.008550748388908791,35.892467088207
0.0667112499314416,0.47503799471247293,0.5042809605517024,-0.0014649215116795638,0.005175305858259236,0.012165279774935504,0.012097373393152644,36.20731329073513
0.06560644893895254,0.47296963308819967,0.5071369166292,0.00033975900511646397,0.005292970734859053,0.015589608709274068,0.015508636690921618,36.52215949326326
0.06453605818957382,0.47481021450052663,0.5125271051844174,0.0015458937262227274,0.004101096972797632,0.019225843906448895,0.019165969003180128,36.83700569579139
0.06419927681411461,0.480360114947579,0.5207232837421536,0.0001264113822799247,0.0016086213076065819,0.02365073751414885,0.023621891891785207,37.15185189831952
0.06496807187440393,0.4810676294409649,0.524613352038068,-0.00461704285240096,0.0018305721062522149,0.02923129874322542,0.02918738103485352,37.46669810084766
0.06668125107583897,0.4748321736982904,0.5245666508260404,-0.011237702946290931,0.005581965744048509,0.03581358650319289,0.0356675257229907,37.78154430337579
0.06875379094699036,0.4695283691039051,0.5253666371433869,-0.016675367776666106,0.008881038244687693,0.042713508507587074,0.04240107981936658,38.09639050590392
0.07053715490947099,0.46696663167589303,0.5278031901661262,-0.01795147641509547,0.011008522632213795,0.04902618518530988,0.04857229570335586,38.41123670843205
0.07171500712023994,0.4688303082601631,0.5323893079224624,-0.014066479278586414,0.011441404594445872,0.054076996514004834,0.05360351125344365,38.72608291096018
0.07249574686525502,0.47610288060976175,0.5395149055084066,-0.0069101587018872935,0.009957360855634975,0.057744765741416564,0.05739783975368429,39.04092911348831
0.07348427083018212,0.4886242240067711,0.54929436412233,-0.000502554288663231,0.006694358771634857,0.06045787445477598,0.06029891101073015,39.35577531601645
0.07530896810726856,0.5049843629672344,0.561110939388159,0.0011385301309084941,0.002156748143368425,0.06286075066248796,0.06280412940641056,39.67062151854458
0.07822943128982854,0.5113357715976736,0.5563710133870053,-0.003663558956814569,0.0029085181725888843,0.06535277672341962,0.06520794868600199,39.98546772107271
0.08196384361997723,0.5098676251567525,0.5494195380837279,-0.01308067334808703,0.007554558144922329,0.06778544304255557,0.06738459486233139,40.30031392360084
0.08584238609132089,0.5105677665309382,0.544593304605889,-0.02255872900992548,0.010989416807235808,0.06950968778331178,0.06883273420138192,40.61516012612897
0.08919408379940642,0.5148529811567906,0.5424118104375124,-0.027194750026074726,0.012627408088342857,0.06974876828485482,0.06895180495534192,40.9300063286571
0.09173125088260163,0.5237231365573418,0.5429296637365527,-0.024412411566054747,0.012213095274972408,0.0680678109146612,0.06738822602837813,41.24485253118523
0.09369692002879726,0.537336817200585,0.5458920407784209,-0.015419201666425115,0.009848867235268564,0.06464916202906787,0.06425144283306539,41.55969873371337
0.09568616919705789,0.5547286924914486,0.5506768963481441,-0.004598397669635251,0.0059838506475461024,0.06020309047879412,0.06007436326208093,41.8745449362415
0.09825245430074736,0.573805905536667,0.5527249342384518,0.002837525818079325,0.0013887571912323787,0.055570266374013084,0.05553849925539722,42.18939113876963
0.1015414947186298,0.5793928217788418,0.5397623523850765,0.003617671559068937,0.003276169194441766,0.05126238514460366,0.05112040290213815,42.50423734129776
0.10517730565225109,0.5803583002127717,0.5284449851456722,-0.001931031732631852,0.006917502963055145,0.04722181807732527,0.04686542186786424,42.81908354382589
0.10846940943848582,0.5830387134739388,0.5204187533995789,-0.010221346258231198,0.009084506202571443,0.0429415102376894,0.042425654513208455,43.13392974635402
0.11081345688640237,0.5882860701007193,0.5155616414991543,-0.016474443927521776,0.009529540316604492,0.03786305469808975,0.037345885133743706,43.44877594888216
0.11204041171857125,0.5964266763386351,0.5132601452672672,-0.017305373851845475,0.008368002836161065,0.031803737849403636,0.03143058864317916,43.76362215141029
0.11250291103009455,0.6069862584098853,0.5127493704046069,-0.01238660834981839,0.00601571142520964,0.025152606630355123,0.02496812264024395,44.07846835393842
0.11284910262580443,0.6185952309428816,0.5130778025940302,-0.004347880902604836,0.00309528888623584,0.018721804013368804,0.01866580093912973,44.39331455646655
0.11362394525596732,0.6292228581574731,0.5100262341823361,0.002895671949746961,0.0003270268142470564,0.01334815212238893,0.013321850664137602,44.70816075899468
0.11494033198890774,0.6300714888647143,0.5023982703264818,0.006337560835070899,0.0017691809530213445,0.009484343132441153,0.009425056678730281,45.02300696152281
0.1164173875491865,0.6300538315820182,0.4978177166963789,0.00534048475465008,0.0027444456079658164,0.0070173448509762495,0.006925934730159344,45.33785316405094
0.11742064798670225,0.6305951631379446,0.49647029331434245,0.0016255438564631618,0.00262012317995436,0.0054118882420657755,0.00532521339025005,45.65269936657908
0.11745777938037127,0.6317375574669195,0.4971854342368202,-0.0020506842872449202,0.0016915429192793313,0.004086157980150182,0.004031518933323541,45.96754556910721
0.11649200794510625,0.6332384806327725,0.49843880109102606,-0.003634704861464786,0.0004586233544493754,0.002795981367454507,0.0027700694282366545,46.28239177163534
0.1149863779902497,0.6324143756678128,0.498586471498998,-0.0028696601900057945,0.0005197213422715968,0.0018043283735582687,0.001787366829777426,46.59723797416347
0.1136532272801788,0.6314022835956671,0.49811489072112713,-0.0011518295939417307,0.0007719799775185846,0.0017399724764434244,0.001720685339403949,46.9120841766916
0.11305827656020455,0.6320635614885323,0.49957630405575837,-0.00034953224377834983,4.641820174802018e-05,0.003228376689928125,0.00320989728753851,47.22693037921973
0.11331409658843962,0.6273714652005435,0.502736912832793,-0.0014137008881066448,0.0016029613535293449,0.006508351192383245,0.006490879617255807,47.54177658174787
0.11404391731072591,0.6203941346815708,0.5053487820612625,-0.0037047571261422663,0.003812644890530395,0.011257170925734906,0.011221441681546818,47.856622784276
0.11463632383844075,0.6128422353472821,0.507542665534366,-0.005475381421693276,0.006002306417695375,0.016729034817813952,0.016645508656633168,48.17146898680413
0.11463908193383994,0.6067731923870701,0.5103278217252154,-0.005187515222597519,0.007526656300408663,0.022131819264230346,0.02199216902773249,48.48631518933226
0.11405752601023929,0.6040946190974613,0.5145722974680412,-0.0027781163001386034,0.007836632634539946,0.027026388229149965,0.026864837912616735,48.80116139186039
0.1133786955580458,0.605904447181594,0.5211129232500973,1.7860651501551213e-05,0.006615969027064626,0.031514043492492504,0.031388073861387644,49.11600759438852
0.11330469337202485,0.6121093446665182,0.5304137665760823,0.0006027067033877017,0.0038764764105786794,0.03609700807915417,0.03603310368911672,49.43085379691666
0.11435230227384628,0.6213585070402408,0.5384885539630437,-0.0027934323444847075,4.077097126392739e-05,0.041289587077934634,0.04123884371001363,49.74569999944479
0.11655736746694885,0.6145783629213328,0.5371144339957689,-0.009719013646160632,0.004381334191655163,0.04721132964044474,0.04706282792239025,50.06054620197292
0.11946170348923704,0.6084569169816733,0.5360158264543315,-0.01736634191011995,0.008413196799570744,0.053412404388594015,0.05306920850946628,50.37539240450105
0.1223917918783513,0.6048556865200835,0.5365652285667414,-0.021937441711544145,0.011323019110732328,0.059047111934598606,0.05851282721553863,50.69023860702918
0.1248625456768632,0.6055227900385656,0.5392800765421235,-0.02081561739293958,0.012518500491723794,0.06330013954331518,0.06270318350811876,51.00508480955731
0.1268625209932815,0.6116084146935428,0.5444304867338954,-0.01427291142930802,0.011706318419615492,0.06581060734988085,0.06533307762197016,51.31993101208544
0.1288472459782856,0.6231959144723885,0.5520434916623156,-0.0056199639574737005,0.008949779527576779,0.06683356210684645,0.06658582460505613,51.63477721461358
0.13144387934233967,0.6391208308625289,0.5616703409088983,0.0004266337910191574,0.0046797963997023476,0.06703620391691616,0.06696825347836022,51.94962341714171
0.13504660488579479,0.655478204287558,0.5613648829783471,0.0003197476601630901,0.0004954435507395242,0.06705198620257041,0.06697409024743417,52.26446961966984
0.13954997355104684,0.6537676491068555,0.5514099258991607,-0.006255328628634972,0.0053431374919065315,0.06706834776753329,0.06677540992125586,52.57931582219797
0.14438397588618426,0.6534270952998199,0.5435534096178979,-0.016054127850588244,0.009308281713491807,0.06670498421708645,0.06611966501825906,52.8941620247261
0.14883009186203053,0.6561144541983472,0.5385262279648377,-0.02393540948170285,0.011645648245362211,0.06525894229938511,0.06449038502278392,53.20900822725423
0.15242527367248324,0.6629633548926758,0.5363745429210852,-0.025617492934916372,0.012019516794241914,0.06216375455329199,0.061438270358272984,53.52385442978237
0.15520726797989015,0.6743514431147245,0.5367571241776823,-0.01998950464500423,0.010451161372795129,0.05737707009445985,0.05689022699216184,53.8387006323105
0.15765290206735558,0.6895903020614353,0.5390612436656156,-0.00968507891385188,0.007304088235960818,0.05145775592098198,0.051253256240587075,54.15354683483863
0.1603498575997063,0.7069113620698019,0.5416891375873842,0.0003820268080899181,0.003233450380665724,0.045287809032801156,0.04524554381543999,54.46839303736676
0.16360525926457364,0.719865171238935,0.5318879760965168,0.005669497752487322,0.00108216960104475,0.03961277514852289,0.0395460941283432,54.78323923989489
0.1672313856659876,0.7204035455475669,0.5198196565414376,0.004353392987223739,0.004552684701386161,0.034681003100726526,0.03446585539069291,55.09808544242302
0.1706385388170716,0.7219348786725225,0.5111795599528577,-0.0018970261394403026,0.006814195579872466,0.030194784585892826,0.029838438301130754,55.41293164495116
0.17317663392761995,0.7253644607377724,0.5059751450099821,-0.00905420733790281,0.007557125519343947,0.025592271179899432,0.02520309064571924,55.72777784747929
0.1745163619727157,0.731077981287099,0.5034719334016028,-0.013040151914884559,0.006874239708912208,0.02048037810450423,0.02017591287999909,56.04262405000742
0.17483902861617562,0.7387680237242138,0.5027101450687292,-0.011868732803180564,0.005151074517221211,0.014954969202167356,0.014783971497735804,56.35747025253555
0.17472251983513049,0.747316329098698,0.5026496606337283,-0.006468993489949525,0.0029588917080302334,0.009620043815267626,0.009550497130623614,56.67231645506368
0.17479526663481945,0.7549991137153551,0.5013347611190062,0.00014558869139208664,0.0009250315327435604,0.0053004649013767575,0.005266757865759586,56.98716265759181
0.17536836274221984,0.7583667613377779,0.497570969717802,0.004748892551322282,0.00042941798417320726,0.002621475839405246,0.002580617939547891,57.30200886011994
0.1762662822512948,0.7582552538419041,0.49579015311865876,0.005669765051805939,0.0008054315979707142,0.0017003065750371504,0.001651450721720793,57.61685506264808
0.17695534972063842,0.7582792037202337,0.4971489788699997,0.003467762348293599,0.0002534482435123228,0.0021244421718471856,0.0020866888109374315,57.93170126517621
0.17689062003559264,0.7548953091132038,0.5004757590047677,0.00024101890943457272,0.0008871619491874104,0.003223374801847804,0.0032037351287591553,58.24654746770434
0.17587259254215323,0.7500648676118938,0.5025794528955703,-0.0018880432513027137,0.002088501638746614,0.0044731776501415604,0.004458073122343809,58.56139367023247
0.17420073560246252,0.7465483135433248,0.5019586976638826,-0.0021153651569730176,0.0027911965091670025,0.005799424787761343,0.005772973248282187,58.8762398727606
0.1725323197628164,0.745364459349188,0.5026477809162658,-0.0013030736510207654,0.002553392983249004,0.007603445911720285,0.007566604837934365,59.19108607528873
0.1715299018261549,0.7465565690015442,0.5057585608581399,-0.001172709141013867,0.0011762263739604028,0.010495695663733057,0.010461149177686146,59.50593227781687
0.17150573984500442,0.7444673554687083,0.5100449578850987,-0.002925881902211083,0.0012220217949368325,0.014889437900951678,0.014855910234239156,59.820778480345
0.1722731333192627,0.7357677862286145,0.5130708946095889,-0.006238669266890806,0.004204627880326128,0.02069210234951151,0.020628147660574747,60.13562468287313
0.17329235052552308,0.7266641430376346,0.5155773574442115,-0.009336403427292216,0.007123901347476092,0.027280087889345245,0.027142516845655384,60.45047088540126
0.17402433700192874,0.7192308773987504,0.5187741626000338,-0.010153724586118526,0.009273385096125172,0.033780676918069664,0.03355828191343391,60.76531708792939
0.17428152762745183,0.7154675744985453,0.5234172475367044,-0.007853426911032054,0.010055965495466519,0.03950276340707373,0.039244315103435734,61.08016329045752
0.17436550277640495,0.7166310680447855,0.5301523490680985,-0.0036838581936082357,0.009118957541467843,0.04426368580111184,0.044053936191812415,61.39500949298565
0.17490703562621912,0.72279709473342,0.5394028853357495,-0.0005112261241703523,0.006445549804784755,0.04841386295721039,0.04830445697364216,61.70985569551379
0.17650186805683607,0.7328257119863691,0.5503818616433488,-0.001181336910187253,0.0023876916079041575,0.052538553931261056,0.05248698283662501,62.02470189804192
0.17935943721024963,0.7352139608346788,0.5489903890858838,-0.006649801814818161,0.002385072087392105,0.05701362453816249,0.056888973115461816,62.33954810057005
0.1831761571286834,0.7284136684866409,0.5452922611547708,-0.015063667452327704,0.007021607322839799,0.061687794133824594,0.06135471463823883,62.65439430309818
0.1873110630663542,0.7237339062082091,0.5432266423790929,-0.022484299767510364,0.010679219514959006,0.06589300753776772,0.0653192555368558,62.96924050562631
0.19115907321314374,0.722982173374121,0.5434174461344446,-0.024970887577013906,0.012692083311585549,0.06878522967731496,0.06808860923130966,63.28408670815444
0.19449647250986968,0.7274774634542971,0.5460662668288058,-0.020875543867012642,0.012686444400640255,0.06981158167769877,0.06919935915251618,63.59893291068258
0.197588991225264,0.7375629981639726,0.5510979185694805,-0.011984927926446483,0.010638907725849868,0.06901685066644259,0.06865092487444158,63.91377911321071
0.20099688595610127,0.7523573496419252,0.5580884135935343,-0.002751360225559285,0.006891303536767827,0.06699851894032009,0.06688104196625788,64.22862531573884
0.2051965787230845,0.7698677966403641,0.5619274777295445,0.0020441780125303685,0.002126122988184358,0.06453685569556408,0.06450260141411479,64.54347151826697
0.21025111937149835,0.7762300379046532,0.5496588812212825,-8.61530811720372e-05,0.002909968160713251,0.06212900172859318,0.06195508856292031,64.8583177207951
0.21573203299797172,0.7751984334607214,0.5391024092322103,-0.007922213993689793,0.007152171578320736,0.059715192612704825,0.05927213094801842,65.17316392332323
0.22094069952246523,0.7765190912537587,0.5315954452260127,-0.01715369888129119,0.009992431788586564,0.05676395260946943,0.05610100397351592,65.48801012585136
0.225293517833406,0.7814256064822231,0.5272413274990276,-0.022699594661871533,0.011021197090473332,0.05265878962397377,0.051965363355773064,65.80285632837949
0.2286354016800668,0.7904694270226347,0.5256112049618982,-0.021430964447926075,0.010194242678065284,0.047143517527585145,0.04661913429738229,66.11770253090762
0.2312917195772069,0.8032086021193255,0.5260093515885936,-0.01378545962477442,0.007805398740817838,0.0405515981778454,0.04028041403726501,66.43254873343575
0.23383037084945463,0.8181429908380241,0.5273050091654637,-0.003415067600747445,0.00442815933026978,0.0336825692705747,0.03359818379684132,66.7473949359639
0.23668285148718207,0.8329653198818626,0.5225331828155874,0.004869275283778863,0.0008506549630349556,0.027405889080085857,0.027360105778120758,67.06224113849203
0.23985731828773305,0.8363609387529639,0.5112629739745149,0.007659266532680516,0.0023758745386592826,0.022234168262251146,0.022107974705574573,67.37708734102016
0.2429178139146892,0.8371019131104771,0.5030615737200476,0.0045993859857741265,0.004434611940360554,0.01811840097310748,0.017891554643357344,67.69193354354829
0.24523998522922913,0.8390635383322343,0.4984841937543001,-0.0017086824374010368,0.0051885603153648905,0.01457767336411424,0.0143158852970654,68.00677974607642
0.24638594781187065,0.8426285284314129,0.4967251367059224,-0.007366516166193892,0.004731553329988331,0.011074924416448006,0.010860737959024203,68.32162594860455
0.24637092809770061,0.8476011658327264,0.4965661420195431,-0.009373559950728808,0.0034436518267855903,0.007409418713063728,0.007279667606095996,68.63647215113268
0.24566232521383133,0.8530820052581911,0.49669103279734855,-0.007108410742236735,0.0018669541462962996,0.0038945420239888764,0.003829335712422166,68.95131835366081
0.24491429587192223,0.8576070686297187,0.4958301487179457,-0.002346742494798126,0.0005700232392158997,0.00122087005692391,0.0011789386832050663,69.26616455618894
0.24459885489272742,0.8596329368743227,0.4946873858584939,0.0020504111484604074,5.755888421060395e-06,8.842128415419937e-05,4.721081705771901e-05,69.58101075871707
0.24475401426455407,0.8582040995900937,0.4958673794662732,0.0039004031058349747,0.00037790110061800453,0.000822722735005647,0.0007872123817777021,69.8958569612452
0.24499734447853966,0.8534822822629106,0.5000395779477232,0.0028489059218781295,0.001574740304804772,0.0031954557720843004,0.003175963755715938,70.21070316377333
0.24479437938489002,0.8467660390988436,0.5050086195088936,0.00028383203636549436,0.003191750605303298,0.006551814429287989,0.006541023551967284,70.52554936630148
0.24382025831220366,0.8400242221590035,0.5062300159431085,-0.0018242178111302267,0.004654509900042179,0.010171308813654962,0.010146995869609654,70.8403955688296
0.24219850376456475,0.8351540325373445,0.5073813792389088,-0.002344258001883216,0.005379427563761219,0.013654742451314084,0.013603886367475782,71.15524177135774
0.24047409119081076,0.8333232694061758,0.5101113319285139,-0.0017314728007236525,0.0049276998113569025,0.017113053695355113,0.01704778475363289,71.47008797388587
0.2393353476422982,0.8346467729672538,0.5150549011011014,-0.0016195405901849034,0.0031266791429018334,0.021045421661985364,0.020988165645919654,71.784934176414
0.2392480275005048,0.8382181059346162,0.5207939774684308,-0.0035401864897631383,0.0001697177101616949,0.025974008653357094,0.025922474317417343,72.09978037894213
0.24021750506019912,0.8286319430487735,0.5238993226535301,-0.007637573080094174,0.0035567662222967247,0.032048804496015604,0.031957935166647355,72.41462658147026
0.24182000222434302,0.8180260858235665,0.52576932799206,-0.012282075665521924,0.007237869079976439,0.038860744645298324,0.03866926193610598,72.72947278399839
0.24348466645938321,0.809077306600345,0.52830805115915,-0.014932799077805144,0.010140949825116125,0.04558412332719809,0.04527206610469248,73.04431898652652
0.2448586944172079,0.8038700208393534,0.5323186667044437,-0.013780869913265619,0.011607588297862029,0.0513740037460659,0.05100132953755132,73.35916518905465
0.24603671546194672,0.8038370919671003,0.5382990332424696,-0.009140012925411129,0.011227488470923573,0.05578614106527517,0.05546797925617719,73.67401139158278
0.24751519877179018,0.8092751957324139,0.5465549985161622,-0.0036199841068086528,0.008927300457358013,0.05896529272726513,0.058788953307718606,73.98885759411091
0.2498970377751652,0.8192244633954189,0.556935852791161,-0.0008220647562136885,0.005007208484410998,0.06148273535617211,0.06142628118460092,74.30370379663904
0.25352283810580456,0.8317111415889176,0.5585827882252576,-0.0032268119420919,0.00011083660299164915,0.06391783719642645,0.0638409600806622,74.61854999916719
0.25825165953538815,0.8250124506728028,0.5518427122841891,-0.01052254376844612,0.004924507620031267,0.06644001767030835,0.06616890965541111,74.93339620169532
0.2635251658402382,0.8194173922598071,0.5467066267768121,-0.019455830396572688,0.00919493259397642,0.06865235454106607,0.06810562107910967,75.24824240422345
0.2686777077107151,0.8172507971678135,0.5439915906666404,-0.02542894305363789,0.01197078812144039,0.06979873056296991,0.06906124038913919,75.56308860675158
0.2733049016169668,0.8199834533103562,0.5438957684796237,-0.025018110803939664,0.01279702990112283,0.06921007575004226,0.06849268021042887,75.87793480927971
0.2774670733196461,0.8282081946716958,0.5462445802448884,-0.01798158669507346,0.01156285376864987,0.06671445283940275,0.06622039779452726,76.19278101180784
0.2816046654388845,0.8413362678250828,0.5505685596804909,-0.007559091499112841,0.008517273504661199,0.06275685922498651,0.06254761342700133,76.50762721433597
0.2862191829412104,0.8576401194013578,0.555300540791212,0.0011770246910860827,0.004244430649224699,0.0581551359473179,0.058112210406568776,76.8224734168641
0.29151699701541184,0.8724594652624528,0.5446092920574803,0.00403143186414307,0.0006879411143476933,0.053644217189418544,0.05355440995631788,77.13731961939223
0.29723554614344405,0.8714138328468249,0.5320455913928455,-5.6989532561539206e-05,0.00478957480943761,0.049489837331692224,0.04919146403190866,77.45216582192036
0.3027584819894563,0.8717210781177288,0.5226916543865856,-0.008473942212331905,0.007870609120079251,0.0454053927495031,0.044890930424889786,77.76701202444849
0.30744836987297286,0.8749244097196961,0.516811639397883,-0.016390536399541432,0.00933854550965407,0.04081494516171371,0.04022184493641001,78.08185822697662
0.31099291246141214,0.8816945334383901,0.5139141591496129,-0.01938356206823414,0.009102723440655686,0.03529306579603041,0.03479890972167898,78.39670442950475
0.31355452133147105,0.8917907546328248,0.5131620789276341,-0.01574731524740078,0.007409250754326241,0.028909444620342138,0.028614235833254176,78.7115506320329
0.3156354908039512,0.9039602447609988,0.5134472009854422,-0.007250990415007155,0.004769040007299268,0.022271505497283187,0.022150031105453882,79.02639683456103
0.3177451283533546,0.9161909559208022,0.5115778985608911,0.0019924823375044834,0.0018569298487050984,0.016245310091279917,0.0161917176394607,79.34124303708916
0.32007401428268495,0.9236464333876103,0.50361062606804,0.007824592853621757,0.000711428817629044,0.011526553313777332,0.011443459340826134,79.65608923961729
0.3223730451147448,0.923957496972789,0.4970882128852659,0.008187095887598939,0.0022889581061859947,0.008315954901171596,0.008175747693237478,79.97093544214542
0.324108081748901,0.9248709791176777,0.49412852293076714,0.00396671386894731,0.002763157691383343,0.00628387256348802,0.00612377946424103,80.28578164467355
0.32479372608468093,0.926717334506398,0.49400831533429385,-0.001812437415803696,0.0022446542201867933,0.004835195929674476,0.004705729340487408,80.60062784720168
0.32430333171570935,0.9293458285733374,0.4951914458227067,-0.005860607736804746,0.0011328424197011313,0.003512141668959074,0.0034309811963348924,80.91547404972981
0.32296924173046215,0.9317540048598526,0.4958685393259126,-0.006425377325586995,3.707297111252675e-05,0.0022979494962714125,0.00224554780421804,81.23032025225794
0.32141476717155815,0.9306644297404858,0.49529965865201964,-0.004024045203483706,0.0007270613442451531,0.0016467247128297596,0.0015964617670632952,81.54516645478607
0.32021959636165054,0.9303758433469282,0.4954927258892875,-0.0007948381288940042,0.0005566340867151868,0.002224339886954158,0.002170525175250404,81.8600126573142
0.31961789523198925,0.9282987094042752,0.49834930459302507,0.0010198865743968092,0.0006051214694170471,0.004510955999224604,0.00446685991374296,82.17485885984233
0.31940704128177516,0.9208645226430211,0.5035601968818824,0.00047144836235031877,0.0025675924750121755,0.008495033948455882,0.008467614940796064,82.48970506237046
0.31911901993205405,0.9116296936424174,0.508451130826892,-0.0016660290175059724,0.004856833068570164,0.0136377334064002,0.013610265714560699,82.8045512648986
0.31835093266603137,0.9026512571008011,0.5117023624588777,-0.003640022438082163,0.006838253268937964,0.019132929988284475,0.0190773676018956,83.11939746742674
0.31705713935916074,0.8959870659857522,0.5149063579476089,-0.004091657043736216,0.007884421580676431,0.02431687690318136,0.024224510605932892,83.43424366995487
0.31562814468998396,0.8929936236790911,0.519353692418888,-0.003114355374577004,0.007532796313599156,0.028990539139336798,0.028886400411208824,83.749089872483
0.3147072338659526,0.8939258278631022,0.5257376259699311,-0.0022646603194885163,0.005605572122025116,0.03346282951832793,0.03338163126394167,84.06393607501113
0.3148513127518217,0.8979544862948615,0.5330302591907995,-0.003477096506630655,0.0022774913719602967,0.03828375575173512,0.03822396324289257,84.37878227753926
0.3162357881747052,0.895762609883539,0.5361911106002027,-0.007575263075003361,0.001960855614090242,0.04382232164487165,0.04372344638279657,84.69362848006739
0.31857874598085967,0.8839033483275015,0.5365381231760752,-0.013390172699454656,0.006318917620588235,0.0499436976614594,0.04971924225824109,85.00847468259552
0.32133042047385607,0.873477819008406,0.5374023412392803,-0.018165806761609553,0.00999361780819913,0.055988310782587966,0.05559864151682814,85.32332088512365
0.32401570994679635,0.8666454457715844,0.5398165720355501,-0.01912763063746536,0.012256816482190869,0.061076582640269904,0.06058311826983975,85.63816708765178
0.32652463453807035,0.8650199008048646,0.5441998541206322,-0.015304409290646599,0.012627047637049629,0.06456240563334917,0.06410830587532002,85.95301329017991
0.3291751509640076,0.8691518037095478,0.5507196308134862,-0.008438011589078863,0.01095500546784386,0.06636085516993745,0.06607782740651014,86.26785949270804
0.3325089329594926,0.87832813379808,0.5592504329970877,-0.0022929167405297585,0.007463328610793102,0.06694671898497538,0.06685148111344208,86.58270569523617
0.3369426377432484,0.8907798517842684,0.5647879665304942,-0.0006325256021085718,0.0027285366780503825,0.06702117042622004,0.06698409622031909,86.89755189776432
0.34248629234179473,0.8945301426653806,0.5548663688186369,-0.004987469499651529,0.0024374869914271452,0.06705084000080987,0.0668718450741368,87.21239810029245
0.34870102088070826,0.8883690694460932,0.5465222474434115,-0.01355482812190447,0.0071018020104191715,0.06696537907668475,0.06651085868673634,87.52724430282058
0.35492307874336415,0.8850092244344894,0.5408106022906587,-0.021967261205141204,0.010487312225918918,0.06620228964785438,0.06550535781675171,87.84209050534871
0.3606185502377221,0.8860436496758305,0.5380014040321861,-0.025589386041243906,0.012062295009251272,0.0640712276359578,0.06331907862194752,88.15693670787684
0.36565321769847686,0.8922822238036178,0.537845672429612,-0.022078056726384857,0.0116367246122415,0.06021078212107681,0.059624384244689854,88.47178291040497
0.37031456468082974,0.903410284566216,0.5397793283811155,-0.012745940970999724,0.009375450885063356,0.054854473114286185,0.054545488839275014,88.7866291129331
0.3750754652799912,0.9179604583853531,0.5427008977433995,-0.0019275942988848983,0.0057725947278086135,0.04874346088069861,0.04864973208567869,89.10147531546123
0.3802475955248302,0.9336132586995272,0.5368719685507926,0.005317380620215015,0.0016061310277452811,0.04274310305570029,0.04268475789761894,89.41632151798936
0.385739130655871,0.9384503714679893,0.5235332731446234,0.0058850903390784285,0.0025142488940987245,0.037400409355597186,0.037210044870869874,89.73116772051749
0.39106533599237336,0.9381669211137759,0.5132215877368429,0.00020884857342774225,0.00553589038777918,0.03270948609858793,0.03233990050884605,90.04601392304562
0.3956040818855477,0.9400189082254014,0.5066549241453815,-0.008099295689627918,0.0071713953652291626,0.028218587884337995,0.027755817280503692,90.36086012557375
0.3989386116059601,0.944746999658924,0.503336756320432,-0.014287604012207801,0.007300350826798745,0.023402747217146153,0.02298748068707057,90.67570632810188
0.40107882496709774,0.9522582535593437,0.502260414397939,-0.015008088869273854,0.006145919572719054,0.018069813421635526,0.017795726407505152,90.99055253063003
0.4024292918468267,0.9615168400958654,0.5021709958446688,-0.009965696550111949,0.00417920749090439,0.012555921571476707,0.01242048045865407,91.30539873315816
0.40352769294127655,0.9707407471118311,0.5010963059227186,-0.0018392817324091315,0.0020079408760544483,0.0075989039723568675,0.007531697694520778,91.62024493568629
0.4047154883106756,0.9779231645654087,0.4970563466255798,0.005364509516558362,0.0002535488927565926,0.003970286838706261,0.0039017060641288737,91.93509113821442
0.40594046746431806,0.9789458126247802,0.49354789951627726,0.008517221313263313,0.0007084806998287555,0.0020842156477535218,0.001993543925960517,92.24993734074255
0.40680802339535,0.9792242015733972,0.4932209427478271,0.006892651418888557,0.0006496102973585095,0.0018087566603157991,0.0017191635303208663,92.56478354327068
0.40684683522654647,0.9789601162794515,0.4956581799763749,0.0022375915672248245,0.00021383115760214083,0.002583346049156948,0.002521328568032777,92.87962974579881
0.40582680791674935,0.9749587931141436,0.4988645720238999,-0.002513317193036655,0.0014398242673403486,0.003769200305100413,0.003732720236402254,93.19447594832694
0.4039380284992664,0.9712601679342735,0.49998518821881244,-0.005026444084485671,0.002470871106644346,0.005027953218586869,0.004991105793066275,93.50932215085507
0.40172427549074274,0.9689602912765061,0.499711541609426,-0.0047899503461287995,0.002787623161579466,0.006509827816569823,0.006452579727616037,93.8241683533832
0.3998110442423023,0.9683028553115449,0.500902193932742,-0.003107230803593309,0.0020459641101397536,0.008742438456788047,0.008670559922590027,94.13901455591133
0.3985890746302168,0.9688332664609226,0.5046868294106839,-0.0019792965647967087,0.0001828738667345767,0.012283204391026032,0.012216825501354167,94.45386075843946
0.39803953424449806,0.9595650715143926,0.5102656849314432,-0.002660394348103691,0.0025530543217631,0.01733626569416708,0.017280278255589643,94.7687069609676
0.39780266725743635,0.9478304873861548,0.5154238795906666,-0.004835581686031164,0.005608542604363324,0.023559759715835713,0.023490035484196592,95.08355316349574
0.3974478483412675,0.9364729249158474,0.5195625126628919,-0.006939447537676526,0.008288527477562889,0.03018354480601016,0.03006808329923616,95.39839936602387
0.39678385329897714,0.9276971674348875,0.5237914974756389,-0.0073813744017849235,0.009908623783499122,0.036377400768963064,0.036214445533368056,95.713245568552
0.3960237172893608,0.923068426373955,0.5291014440642126,-0.00583643112698459,0.009960045173532654,0.04165830826561811,0.04149072956316191,96.02809177108013
0.39570380241147896,0.9230419770136381,0.5361195778003598,-0.003691598887822962,0.008229138241597872,0.04609468904585651,0.04597685455538736,96.34293797360826
0.3964023000083082,0.9269025199331574,0.5444332620228698,-0.0032666562764365054,0.004863722556299153,0.05018036748524357,0.05011878008799231,96.65778417613639
0.39842264172836944,0.9330043058295504,0.5481901826693776,-0.00623952597210011,0.00041313559210205523,0.05444862119712592,0.054370091457885295,96.97263037866452
0.40163015803692964,0.9218221325458902,0.5462954388993786,-0.012282645920827548,0.004509227539287296,0.059058898561815655,0.05884606527973646,97.28747658119265
0.4055406213622069,0.9101565124211208,0.5446140721422716,-0.018868153831270867,0.008864828312025851,0.06361277324828844,0.06319210554046362,97.60232278372078
0.40960907687763004,0.9017316072938563,0.5446212848392273,-0.022515515851259382,0.011926760193495674,0.06732040492613282,0.066736744361515,97.91716898624891
0.4135462037873429,0.8983332059425884,0.5467406762345669,-0.02083663721107472,0.013136061539561613,0.06942321583640364,0.06883409451361178,98.23201518877704
0.41747134683633697,0.9007760556918609,0.5510151105268701,-0.014157882486906883,0.012258295477912146,0.06961626866108685,0.06919615670663737,98.54686139130517
0.42180916838485844,0.9086319062818381,0.5572254888429526,-0.005658180842292304,0.009424790044103754,0.06820934837495336,0.06802672851668856,98.86170759383332
0.4269926495101681,0.9203419350561165,0.5647125439753686,0.00019706505810553182,0.005126676897276819,0.06592549265402352,0.06588484046757448,99.17655379636145
0.4331540054962006,0.933270002212215,0.5541927553736636,0.00011445364378211187,0.00032682087862566617,0.06346098332242475,0.06335951997291311,99.49139999888958
0.4399932577528591,0.9279084310395109,0.5428793457950402,-0.006079208461567798,0.0046877450205404765,0.06107935320676929,0.060743841578318025,99.80624620141771
0.4469057200345576,0.9237569479563519,0.5343936607293698,-0.015168291838897341,0.008448910717693978,0.05848951463557725,0.057896347926657654,100.12109240394584
0.45329098728199996,0.923364705732148,0.5291621889710547,-0.022185030200428894,0.010594278485343826,0.055079472713207456,0.05437134162183077,100.43593860647397
0.45885514670470484,0.92771149565094,0.526908688285883,-0.023074046966116233,0.010868288146416417,0.05035607051475708,0.049744258984639966,100.7507848090021
0.4637232751761091,0.9367174954304924,0.5269507755620495,-0.016899666858923006,0.009368794467380112,0.04431664438100916,0.043941490467869215,101.06563101153023
0.4682970628064492,0.949160795305336,0.5282258101454209,-0.006360636262681537,0.006513609135215104,0.0375255892839642,0.03737505041039957,101.38047721405836
0.4729492038246529,0.9629592647281313,0.5262268498089989,0.0036643209747874482,0.0029724239346975282,0.0308537983219351,0.03079224817913684,101.69532341658649
0.4777449857186264,0.9734855990292878,0.5146549101231613,0.008711906595427112,0.0006906197574157925,0.025043863286538074,0.024919870863767457,102.01016961911462
0.48236211973921483,0.9731563247007091,0.5045702861390962,0.00702842745027103,0.00329357479468947,0.020363467055680592,0.020111614539144562,102.32501582164275
0.4862559736243507,0.9740648351186147,0.498294862566502,0.00033289803737969947,0.00480224633420647,0.01654802333368864,0.016214193474614502,102.63986202417088
0.48896685281828856,0.9771049885999049,0.495458809014774,-0.007291695187310467,0.00502026920447605,0.013055363816989286,0.012740267184226606,102.95470822669903
0.4903813374292331,0.9822741934755936,0.49488780583091607,-0.01168163714128631,0.004173545932592033,0.009471131876572557,0.009247873303936949,103.26955442922716
0.4907908064390736,0.9887130049230818,0.49506888689823564,-0.01075244064877796,0.002719425035019723,0.005821358797834608,0.005692883417290684,103.58440063175529
0.4907153848961562,0.9948534219255843,0.49439108105055857,-0.005385466221531548,0.0012206353324151057,0.002610758918182906,0.0025305128999711934,103.89924683428342
0.4906029027199724,0.9989010131686333,0.49259939406473907,0.0013371598437442065,0.00021117765525105554,0.0005690636267131566,0.0004938967802236016,104.21409303681155
0.4905850388915592,0.9995287420573852,0.4921575491157023,0.0059966150867056455,5.315525548826774e-05,0.00025597350241472164,0.00018002237487424466,104.52893923933968
0.49043518336111414,0.9964712676887724,0.4949032755496683,0.006684066343215546,0.0008215794696707469,0.0017534572560270923,0.0016978521204997765,104.84378544186781
0.48974975472752874,0.9906685134894473,0.500653627847638,0.0038102710402485827,0.0022653622723682715,0.00462142541885927,0.004598684089816896,105.15863164439594
0.48824137194293343,0.9838690096633853,0.507188570107568,-0.00047662086044032357,0.0038842186804155807,0.008141499376655505,0.008134244272196667,105.47347784692407
0.48596720310348407,0.9779045475135838,0.5074683727600883,-0.0037944496918419527,0.005077953798864098,0.011709055902004004,0.011683713830149656,105.7883240494522
0.48335587447187744,0.9740244320750799,0.5079581729200277,-0.0049774537181654045,0.005312128337694402,0.015147892534723803,0.01508659231063958,106.10317025198033
0.481016248156956,0.9725685175941077,0.5102356053523142,-0.004597845488345997,0.004256956765285186,0.01876388447086362,0.018679202254249794,106.41801645450846
0.47944001793254953,0.973033542655157,0.514675854688779,-0.004304071237305059,0.0018847887010775169,0.023102781297856718,0.02301814107613076,106.73286265703659
0.4787723472731153,0.9683996913319727,0.5202037368994966,-0.00547809222802249,0.0015134725009344513,0.02855060691104836,0.028465870518550096,107.04770885956474
0.47878473951849226,0.9544367946400037,0.5248942589219332,-0.008139708839461126,0.005309503848099038,0.035012915306256484,0.034893237607062866,107.36255506209287
0.47906539178869567,0.9407771722892683,0.5287093136662998,-0.010854909131259602,0.008763428033816963,0.0418701131710952,0.04167617278384461,107.677401264621
0.47931373220989204,0.9297515587151433,0.5327804243975307,-0.011739232291666573,0.011125230082585367,0.04824664888113986,0.047982404758988406,107.99224746714913
0.4795632176716584,0.9231385479941799,0.5379291172254297,-0.00990292429851021,0.01182437805619315,0.05344247244941882,0.05317242961937907,108.30709366967726
0.4801976592917515,0.9216385343043535,0.5446488625003661,-0.006343648130640414,0.010586970658434627,0.05727045847813067,0.057078753429928075,108.62193987220539
0.48174845076843703,0.9247304897534232,0.5529094650000247,-0.0035972902637942065,0.0075029600943289304,0.060092684682941155,0.060008015035003304,108.93678607473352
0.48459148699991506,0.9309313039899404,0.5582322717098371,-0.004243867848009991,0.003032105286697305,0.06252822265824867,0.06247710226659842,109.25163227726165
0.48872451590567056,0.9300073147394263,0.553745833796874,-0.009146767574835912,0.0020885224180827453,0.06500817069572197,0.06484620274676334,109.56647847978978
0.4937595235936756,0.9175235277041661,0.5488915705978583,-0.01656711954685773,0.006940372140601357,0.06745278686486975,0.06706377575920941,109.88132468231791
0.4991364752886023,0.9077597110909688,0.5459127310629628,-0.02283383225139306,0.010696842692543371,0.06927456881887563,0.06866716184642208,110.19617088484604
0.5044308433194621,0.9026526077278674,0.5453234857139597,-0.024312823860232067,0.012721838104286561,0.06971031643395523,0.06903356999273713,110.51101708737417
0.5095695202954048,0.9032682486619689,0.5470851557023384,-0.019575569593270406,0.012695727303901658,0.06827923823939658,0.06773457410362971,110.82586328990232
0.5148246503192089,0.9094698710409312,0.5508490237544783,-0.01045754366056332,0.010657421871749326,0.06508367812077423,0.06479040805497649,111.14070949243045
0.5205903889295239,0.9199440604247249,0.5558852735759255,-0.0012870606490440896,0.007004249408199632,0.060766266864360506,0.060678056404050995,111.45555569495858
0.5270808199544198,0.9325727397460762,0.5500766937811565,0.0033741465545114833,0.0024484033825496777,0.056151217987085396,0.05608712439059127,111.7704018974867
0.534135680128793,0.9363179445648655,0.5365316660945111,0.0012377377095094144,0.0022711889860835893,0.05179266424695216,0.051562422402558705,112.08524810001484
0.5412538241049826,0.9319120300259546,0.5258384729279169,-0.006386505524256184,0.006111802579974909,0.04770694578482905,0.04724030505157861,112.40009430254297
0.5478338983660919,0.9305169117742214,0.5187341530669736,-0.01522812423297536,0.008576380749291016,0.043447315490319764,0.042835486490978236,112.7149405050711
0.5534747610770798,0.933246557003066,0.5149816052926323,-0.020324131464621427,0.009352507390047513,0.03846627726330482,0.03789061398581384,113.02978670759923
0.5581531413292573,0.9402045968547078,0.5137826980532234,-0.01866318937156897,0.008493275908393556,0.03253703546783234,0.0321430839976089,113.34463291012736
0.5621735266899157,0.9503848917520393,0.5139811058541499,-0.010750006825806622,0.006361019634844352,0.025976275872186236,0.025786517987637758,113.65947911265549
0.5659260780342682,0.9619024029512285,0.5131031416776606,-0.0002587738823556928,0.0035490755555598877,0.019537821330106352,0.01945975786613041,113.97432531518362
0.5696048960275641,0.9724986383426154,0.5059310417806537,0.007980724687225332,0.0007926507705350067,0.014047261963462968,0.013957902573385916,114.28917151771175
0.5730601203669291,0.9749785628198756,0.4976869442722719,0.010516616428530122,0.0014598684270359522,0.009998548323020525,0.009832945364484424,114.60401772023988
0.5758722048768256,0.975346436014826,0.49282726025585644,0.006947045517598352,0.002563337210153638,0.007348207154373938,0.007127340143129879,114.91886392276803
0.5775997874002421,0.9771244065712613,0.4914249846788703,-0.00011275299595202572,0.0025805917337188714,0.00561962509381311,0.00540910085340407,115.23371012529616
0.5780483899627319,0.980343912976858,0.492176431923686,-0.006640055207134147,0.0017634414794971598,0.004246825657711378,0.004092603008516549,115.54855632782429
0.5773976927653075,0.9842671535741427,0.49319089056389276,-0.009416301132784705,0.0005830484162703125,0.0029517077064281664,0.0028488106445139216,115.86340253035242
0.5761131634596467,0.9858650102608914,0.4929569983608367,-0.007605568734738358,0.0004181455369977827,0.0019351628051535931,0.0018479436499281299,116.17824873288055
0.5746979281691224,0.9854904985862762,0.4923243563106503,-0.0029000455348805495,0.0007584609800389749,0.0017735970936294135,0.0016787845793178047,116.49309493540868
0.5734345405427623,0.985383775309923,0.49370664851266005,0.0017172420918601826,0.00015473351240421633,0.0030823406037109335,0.0029905949472219806,116.80794113793681
0.5722693988560612,0.9797464772352661,0.49837704653023923,0.003774985539517402,0.0014051412694385383,0.0061405662090110915,0.006078616547457449,117.12278734046494
0.5709054720448691,0.9707748043858799,0.5058047885861765,0.002607352676581015,0.0035819174095423575,0.010695018565729193,0.010670663836017669,117.43763354299307
0.5690448312020553,0.960953252227185,0.5127999568876765,-0.0005599934114453388,0.005816035339579125,0.016059226621647858,0.016046978473042928,117.7524797455212
0.5666345686448051,0.9523279724766099,0.5157790291451572,-0.003668187607417856,0.007451068096848426,0.021455967128607627,0.021418490477378427,118.06732594804933
0.5639687010239802,0.9463861366987516,0.5182116571902246,-0.005277215097260723,0.007913828365556723,0.02640805734323416,0.02633106479178049,118.38217215057746
0.5615840518889775,0.9436383417764018,0.5218248540335221,-0.005458376215561784,0.006857738254000197,0.03094921125857855,0.030852349850266858,118.69701835310559
0.5600094754163422,0.9436179580205966,0.5269002223928766,-0.0055697431814847286,0.004257739921612338,0.03552668764831838,0.035435979785278016,119.01186455563374
0.5595143674809574,0.9450964957941438,0.5320996939909648,-0.007100976026494393,0.0004973125396420322,0.040647841671436605,0.04055522511650811,119.32671075816187
0.5600036868239948,0.9312011172381274,0.5354922168429341,-0.01039667513628476,0.00399280456538558,0.046479309052003426,0.04633274792391995,119.64155696069
0.5611213338093123,0.9155397499524776,0.5377911408404892,-0.014167528238364207,0.008181413154374081,0.052644000616339115,0.05238719700913985,119.95640316321813
0.5625008622093565,0.9023369095986733,0.5405167959257783,-0.01619585171829523,0.011346313604193794,0.058348607276051116,0.05798158623920391,120.27124936574626
0.564014213502786,0.8935777730635708,0.5444689992958214,-0.014842374392525516,0.01284540473117029,0.06277501169414529,0.06237930011044823,120.58609556827439
0.5658686977467496,0.8902332432468902,0.5500009029385367,-0.010377137322339493,0.012328757841267853,0.06550328304101732,0.065197393212165,120.90094177080252
0.568491892195517,0.8920372150836465,0.5571466205085446,-0.005187888920022875,0.009806178477700003,0.06670754837923677,0.06655657979105933,121.21578797333065
0.5722714537416951,0.8976658198135046,0.5643209691244359,-0.0025834469696487112,0.005661355403255013,0.06700108492472762,0.06695033004189077,121.53063417585878
0.5773056735330393,0.905197898845351,0.5580624525757183,-0.0048133425587009605,0.0005969995917478813,0.06702319243246797,0.06691683999795339,121.84548037838691
0.5833161291338307,0.8948430661659883,0.549760205330703,-0.011495598912141088,0.004504911434743318,0.06702272078150813,0.06670609784117398,122.16032658091504
0.5897770196643306,0.8841965354683506,0.5435337638048001,-0.01949154281834697,0.008759889921162256,0.06669739063510839,0.06613242440187594,122.47517278344317
0.5961844338702107,0.8776845950716278,0.5400606818860502,-0.024443302504770885,0.01147092169060512,0.0653893201070933,0.06469505380033835,122.7900189859713
0.6023031397995078,0.8765898147966236,0.5392863529328213,-0.02317841011996427,0.012241538738949724,0.06251475335733798,0.0618963794710885,123.10486518849945
0.6082419662664027,0.8810456928993278,0.5407368185790026,-0.015608442008909726,0.011027522091615389,0.057960420287748796,0.05757384140018207,123.41971139102758
0.6143141474973138,0.8899880738757157,0.5435850021250636,-0.004978907358772129,0.008137329555349612,0.05220166135884927,0.05205092142410217,123.7345575935557
0.6207713742467171,0.9014702527950545,0.5423128345181731,0.003747999296421227,0.004190135949124209,0.04607228756434015,0.04601391435064661,124.04940379608384
0.6275775147902647,0.9122450458813468,0.5284625443222994,0.006517264482575751,0.0004977738168760536,0.04033115150754113,0.04017991834711199,124.36424999861197
0.6343621510854457,0.9088355784528683,0.5165097490858499,0.0023567837333274525,0.0037751857299567117,0.03529106044140034,0.03494758307508161,124.6790962011401
0.640581957648925,0.9069437024407058,0.5083390208708717,-0.006107745158789806,0.006265069245099097,0.030730425810934596,0.03023900397070256,124.99394240366823
0.6457899608447967,0.9084557619586271,0.5038553774714641,-0.014077064275057274,0.007281735020201884,0.026130554051866418,0.025632615004648196,125.30878860619636
0.6498481683939314,0.9136050596223798,0.5021711855653418,-0.01713916352478048,0.006857364312993803,0.021084740764639568,0.02071217231614486,125.62363480872449
0.6529565775295264,0.921561233746265,0.501965647911154,-0.013554919410020856,0.005324871102380366,0.01562833918301116,0.015420193290502482,125.93848101125262
0.6554860043321178,0.9306205760471913,0.5013169623917633,-0.005049594512670386,0.0032227230287403485,0.010294624982983525,0.010193179757251869,126.25332721378075
0.6577216518957116,0.9387216825798919,0.4976424142096865,0.004250030698018357,0.0011790496384880263,0.005869214902511587,0.005784489067122478,126.56817341630888
0.6596757537934981,0.9430664441523888,0.4927696278992586,0.010072955935722794,0.00030723871803222573,0.0029925437484010302,0.002874265348103977,126.88301961883701
0.6610816145220668,0.9432399948316442,0.490534428185409,0.010185528068105715,0.0007787794610309642,0.0018432216740707726,0.0017036825003754474,127.19786582136516
0.6615687770578171,0.94417785054806,0.49159220733113784,0.005342354479597568,0.0003328159141064057,0.002082037357153547,0.0019622305616692204,127.51271202389329
0.6609098824226761,0.9429859972195629,0.49455908133010196,-0.001409481701462442,0.000741284917403943,0.0030829972543802197,0.0030024781721382787,127.82755822642142
0.6591892646563873,0.9401467699044281,0.49686019022130673,-0.006566854478382525,0.001933765519932229,0.004313836605350043,0.00425184544688495,128.14240442894953
0.6567931657907394,0.9379573511109832,0.49703476363570614,-0.008054861897816462,0.0026918330057055595,0.00564542434075121,0.005565665304816836,128.45725063147768
0.6542291984627493,0.9367669949098212,0.4971166509329642,-0.006121762069962033,0.0025635521533346486,0.007411747349992194,0.007301165124459885,128.7720968340058
0.6518832681623432,0.9363918660939187,0.49941430706692436,-0.0028407230740992895,0.0013165656409323337,0.010185031768573036,0.010066424873598878,129.08694303653394
0.6498570386563508,0.9324568551781272,0.5047649463094502,-0.0006389809989483927,0.0009789108881803747,0.01439457331937843,0.014301268991330995,129.40178923906208
0.6479794975309519,0.9204407551336571,0.512294813561883,-0.0008091650719961124,0.0039333506850271665,0.020010959700522756,0.01995024091889397,129.7166354415902
0.6459827407678294,0.9075689930882139,0.5193871743666255,-0.0029012169731751584,0.006915218419582523,0.026484646729587256,0.02642792260271709,130.03148164411834
0.6437356113219369,0.8960785570782156,0.5243816113155376,-0.005298752151473363,0.009205995020872357,0.032983650612117964,0.03289463475263177,130.34632784664646
0.6413951685153618,0.8877077653659705,0.5286312413165398,-0.0065234881724297936,0.010177353099105798,0.03879903657771891,0.03867212682365562,130.6611740491746
0.6393842599576947,0.8831953289011779,0.5334852130018121,-0.006357008475612146,0.009438783488463129,0.043681923896323104,0.04354988047979269,130.97602025170272
0.6382055712221022,0.8822007344163936,0.5392525911415446,-0.0060053181066809964,0.006933204005615589,0.04790871459581912,0.047806352028415766,131.29086645423087
0.6381992185175309,0.8835817852110616,0.544247926325624,-0.007176211649043672,0.002975899435496738,0.052029424448106695,0.05194440597834549,131.60571265675898
0.6393856469099226,0.8785482304126397,0.5457613778008789,-0.010684566676943454,0.0018679639895777282,0.05644665462474084,0.05630755528487974,131.92055885928713
0.6414869698932447,0.8614062981041082,0.5455172405427152,-0.015560573872522321,0.006634496183471098,0.06108206687859146,0.060806046045041806,132.23540506181524
0.6441150816038166,0.8463177115454589,0.5458467931037292,-0.019355885236888366,0.01055198447350828,0.06534083682068223,0.06490920668416922,132.5502512643434
0.6470151027745595,0.8354760654872225,0.5476826141945565,-0.019574798890665396,0.01289327885756877,0.0684048168906496,0.06790187430232009,132.8650974668715
0.6502180657473405,0.8301287881481763,0.5512835609597452,-0.015382323575944688,0.013224541864915566,0.06968053160736659,0.06925233503532635,133.17994366939965
0.654009802282725,0.8302990552009821,0.5565837945354187,-0.00847047868985706,0.01146408332632651,0.06912765372332932,0.0688806828774472,133.4947898719278
0.6587335541188408,0.8348808634702818,0.5631812674506067,-0.002409533701144455,0.007903419193741556,0.06726390990602199,0.06717802814461582,133.8096360744559
0.664545485209838,0.8420612299912691,0.5589045892038151,-0.0007289487175496412,0.003170628379120944,0.06484216278575491,0.06477012749815203,134.12448227698405
0.6712724221992844,0.8423421603439663,0.5473191274325663,-0.004801872157133425,0.0018956658076781803,0.06239954414230328,0.06216299658204827,134.43932847951217
0.6784600133626629,0.8314361715274864,0.537980011884302,-0.012814544490516456,0.006383019646601969,0.05995764606971396,0.05947394846087217,134.75417468204031
0.6855835408603944,0.8240264473836484,0.5317692555929011,-0.020525490963793296,0.009561025532729202,0.05705692462615021,0.05640314330183238,135.06902088456843
0.6922940087788307,0.8215673959937261,0.5286921984128624,-0.023481785538830218,0.010970453016592482,0.05309912586769583,0.05246366930327484,135.38386708709658
0.698550816158748,0.8244194895320078,0.5281813217458011,-0.019479442812184767,0.010501544416185964,0.047781448154841234,0.04733754458936146,135.6987132896247
0.7045629363993976,0.8317457810868946,0.5292873176950894,-0.009868414144350312,0.008389419050127325,0.04135362050539532,0.041146927319348436,136.01355949215284
0.7105791159301932,0.8417691871160994,0.5294342900594033,0.0010662245062292401,0.005169949796959938,0.03454331436490589,0.034473389333788296,136.32840569468095
0.7166600526102574,0.8522715426232204,0.5194193912801652,0.008331122795147448,0.0016093904606614255,0.02820077101309089,0.028103853204597296,136.6432518972091
0.7225745018690904,0.8548571410208647,0.5076598041312761,0.008838096662402284,0.001757428733567838,0.022881239275785614,0.022647279676026755,136.9580980997372
0.7278824298000924,0.852990786100674,0.4994792587230717,0.002975505317760611,0.003967643596014306,0.018613711264214267,0.01825107260479908,137.27294430226536
0.732152202716325,0.8537439143241893,0.4951779552282717,-0.005693796775200673,0.004932659032190722,0.014984923348560593,0.014593235385093939,137.5877905047935
0.7351778687191276,0.8574453886891183,0.49383565361994447,-0.012394345711170193,0.0046787619518021736,0.011476966393295466,0.011161128942341336,137.90263670732162
0.7370656235206711,0.8633959858567839,0.4939211902194043,-0.013651904840076638,0.0035381806776949086,0.007850673242528593,0.007648589626940261,138.21748290984976
0.7381412577044923,0.8700492096603766,0.49360301092108555,-0.00899821430686625,0.002020764942101584,0.004347774920861766,0.0042232293703006185,138.53232911237788
0.7387398807646544,0.875486050447894,0.4917159992959404,-0.0010059362624359719,0.0006903973079440258,0.001597179696948583,0.0014904328530558342,138.84717531490602
0.7390082018891364,0.8780953032645529,0.4899195033401427,0.006262926492085973,2.713781263665857e-05,0.00028439606082212297,0.0001681135285209745,139.16202151743414
0.738837925566919,0.8771997071542442,0.49080030093497723,0.009463275921548525,0.0002817234220620769,0.0007775738435767688,0.0006699686172153552,139.47686771996229
0.7379664565370055,0.8733027608697992,0.49507446058113236,0.007602597662875357,0.0013883504625939725,0.002925195122763807,0.0028566358153079285,139.7917139224904
0.7361799608022801,0.867805031686275,0.50145181207612,0.002274592921092225,0.0029703204493008403,0.0061404546829432905,0.006111903155393339,140.10656012501855
0.7334945066275123,0.8623426176327872,0.5055300806049702,-0.0035128980819642236,0.004462296058460048,0.00972366678564147,0.009698468632039492,140.42140632754666
0.7302067533552592,0.8581334231783216,0.5057725336968759,-0.007139653737042954,0.005276734048417004,0.013238044580706003,0.013173320919278808,140.7362525300748
0.7267845740957315,0.8556469177203889,0.5064133545458759,-0.007732612475005775,0.0049591472778258636,0.016721931952226154,0.016607029547969887,141.05109873260295
0.7236622923259712,0.8546586730994435,0.5091720650497508,-0.006346085942565109,0.0033046886849538767,0.020611889494989797,0.02047532916212047,141.36594493513107
0.7210600227269945,0.8544960750667514,0.5144756244353995,-0.0049720769241619065,0.0004408854417441842,0.02541734676363593,0.025295177509232936,141.6807911376592
0.7189312144424161,0.8415741270195729,0.5213671376654281,-0.005094617243194519,0.0032368055678462185,0.03133554927555129,0.031232493013048312,141.99563734018733
0.7170668408151092,0.8258910235886456,0.5278441854022037,-0.006742431119063127,0.006988576186501468,0.03803759749338784,0.037920710673372326,142.31048354271547
0.7152929132389493,0.8115631673673467,0.5330516777276386,-0.008631898945550578,0.010054825171636757,0.044762084424012125,0.04459577970018902,142.6253297452436
0.7136431697214969,0.800574427424878,0.5378543648104928,-0.009259276320863017,0.011742257095787205,0.05067177128597624,0.050461167845647914,142.94017594777173
0.7124027719933292,0.7939289724261532,0.5431762461064644,-0.008163576985503304,0.011596549409365641,0.05526672706166631,0.05506372584565489,143.25502215029985
0.7119940821013058,0.7914881180108141,0.5493163717513161,-0.0064531765280573345,0.009499781244853006,0.05860530736482142,0.05846337188919071,143.569868352828
0.712768930530181,0.7921989495580876,0.554655335763776,-0.0061666570131885525,0.00570994235980247,0.0611944748945281,0.06110770279941968,143.8847145553561
0.7148286505994931,0.794453274828341,0.5543468621978614,-0.00882746427629383,0.0008761141352767232,0.0636114914958378,0.06349568615036272,144.19956075788426
0.7179789762583582,0.7797456328320946,0.5508628689170798,-0.01414194406479715,0.004356175603081251,0.06608757169431077,0.06583153265880437,144.51440696041237
0.7218482384422349,0.7632692234615457,0.5480345186641316,-0.019777261742994996,0.008871012761220591,0.06831287620933917,0.06786805665165296,144.82925316294052
0.7260996841173221,0.7506466358377212,0.5470749457620138,-0.02251178056016332,0.01198334265062279,0.0695884383067578,0.06902527667673697,145.14409936546866
0.7306109350673355,0.7433889921834446,0.5482291377495343,-0.020161149962395153,0.01317512017527307,0.06923501315025515,0.06871226767254446,145.45894556799678
0.7355120923914612,0.7418152360968451,0.5513012919605886,-0.013115976247292995,0.012272328407627877,0.06700695115108284,0.06666660082044085,145.77379177052492
0.7410593111608095,0.7450674470335353,0.555843635298791,-0.004469913860884192,0.009469605341118313,0.0632546209940232,0.0631174058162034,146.08863797305304
0.7474214877399274,0.7514672277789025,0.5562091319860218,0.0014795151155099794,0.00530724363755503,0.05873546137730699,0.05867837874551263,146.40348417558118
0.7545117560064447,0.758916465567088,0.5420881492500501,0.001584319918067334,0.0006393332600602492,0.0541922340998073,0.05403047866958355,146.7183303781093
0.7619685688593293,0.7508027111276763,0.5302110195157762,-0.004287725971502644,0.0038886129954505944,0.04995940291842852,0.04957566759711152,147.03317658063744
0.7692992493142542,0.7431429995735219,0.521760114281592,-0.012995162494834473,0.007251676812993736,0.0458366622353595,0.045263247006330554,147.34802278316556
0.7760989296438664,0.7398392302260844,0.5168796557605098,-0.01969544161954517,0.009059715636978776,0.041299497922684066,0.04069371919568554,147.6628689856937
0.7822121006929429,0.7414246676675393,0.5149559423722355,-0.020416597541729236,0.009159712087831215,0.03590893397046884,0.035442702274000926,147.97771518822182
0.7877409454768125,0.7472494231580824,0.5149009877270175,-0.014209351902565406,0.007737223641682542,0.029665374206206036,0.029412461342332885,148.29256139074997
0.7929005144547807,0.7556930544060194,0.5148025376255048,-0.0036849923091500933,0.005261190015414995,0.023092956745225324,0.02299441942183511,148.60740759327808
0.7978149900615161,0.7646733188931656,0.5094573295127022,0.006353831720060067,0.002395794983860075,0.017009309733384163,0.016933937679355138,148.92225379580623
0.8023831371786267,0.7711671382610616,0.5000394525328699,0.01142621794898834,0.0004233355204789885,0.012124125830972367,0.011969147179386352,149.23709999833437
0.8062949952595106,0.7699700856192973,0.4931682832751456,0.009656001400679463,0.0019905679027403377,0.008705727758760985,0.00845930793770755,149.5519462008625
0.8091867384531715,0.7704122429998876,0.49009275485957676,0.0026139591932146525,0.0026216427896511574,0.006506476804563851,0.006232335248298915,149.86679240339063
0.8108365439405604,0.7730935674070057,0.48997652086072685,-0.005670828059012523,0.0022505418783707798,0.004981112531165578,0.004750731615444703,150.18163860591875
0.8112822621742969,0.7774015650416467,0.49103215544885315,-0.010920140220609435,0.0012359780363684718,0.003662320531232634,0.0034973481068736323,150.4964848084469
0.8107926390175091,0.781862487598803,0.4912976284817008,-0.010801520228483914,9.172304375760258e-05,0.0024718526913261487,0.002341295595163273,150.811331010975
0.8097139964179656,0.7821975134070439,0.4904004808089935,-0.005949248222760257,0.0006650209078910455,0.0017879701880023446,0.0016522349043599505,151.12617721350315
0.8082877924399409,0.7822240337042042,0.4904123049172732,0.0006481842955973116,0.0006139489798641129,0.00223245922654719,0.0020869417386500944,151.44102341603127
0.8065482027207952,0.7807205250547966,0.4934380302870266,0.005442006257677904,0.00043325606019889266,0.004301096355051229,0.0041783781294379985,151.75586961855942
0.8043573664904925,0.7736413824249958,0.5000942070619241,0.0062342151001323004,0.002302422789740727,0.008050822765393843,0.007982961147816381,152.07071582108753
0.8015524885923936,0.7649312682945081,0.5095591355365042,0.0031528785148382133,0.004573441118275354,0.013025761162818204,0.013005919724286663,152.38556202361568
0.7981137056283003,0.7564859069598571,0.5165501789552898,-0.0017615566045038815,0.006611973938212503,0.018469218406374322,0.018450853284640134,152.7004082261438
0.7942515341203261,0.7497962845818981,0.517102962285861,-0.005989500913787334,0.007777803890788919,0.02370420567366794,0.02363890830446147,153.01525442867194
0.7903615436789528,0.7455272772573771,0.5185529582085806,-0.008051438289274548,0.007585662617066318,0.028463837149697756,0.028341431992068067,153.33010063120008
0.7868718810035638,0.7435037995073124,0.5216525093839167,-0.008194651706746511,0.005824536139804925,0.0329762273845671,0.032828190390508105,153.6449468337282
0.7840712849154826,0.7429829934713243,0.5265177833807119,-0.007897134156706037,0.0026263266811355503,0.03774832802247621,0.03761060716127895,153.95979303625634
0.7820162085244321,0.7367506905368505,0.5321360834789515,-0.008601546372132715,0.001593428418628118,0.04317226428706694,0.043043505062890564,154.27463923878446
0.7805696935204374,0.7187673576809542,0.5369824664211204,-0.01057385766392237,0.006010633729905669,0.04919008327614775,0.04902796098523943,154.5894854413126
0.7795480182707606,0.7018713846074984,0.5409159453041504,-0.012678083281470534,0.00986072581932962,0.055225980263058694,0.054989569688527196,154.90433164384072
0.778887811313269,0.688292995155217,0.5448593466256496,-0.01323341591127082,0.012371517996159404,0.06043810204298301,0.06013855854849659,155.21917784636886
0.7787332803935465,0.6793197543156243,0.5495258468331925,-0.011372937831427319,0.013011997748621388,0.06414615935341086,0.06385435417618945,155.53402404889698
0.7793891192243874,0.6750693854264084,0.5551735950919098,-0.00794462802473778,0.011583228039128085,0.06617740505250652,0.06597162828805003,155.84887025142513
0.7811639112991872,0.6746524843570345,0.5609671157068921,-0.005251920175661406,0.00826252963899321,0.06691719459328101,0.0668091753281792,156.16371645395324
0.7841952680396636,0.6765963109967484,0.5601379567140671,-0.00568161260331793,0.003587958953443691,0.06702949564949806,0.06693386649162836,156.4785626564814
0.7883612550542054,0.6727063926086829,0.5531868985410164,-0.010037619196469736,0.0016734981645022482,0.06701792746083969,0.06680125684808524,156.7934088590095
0.7933330271209706,0.6555168376541401,0.5468550428798963,-0.016678787191023763,0.006545260055366196,0.06689947336484585,0.06648010140081095,157.10825506153765
0.7987391825278204,0.6416360926181005,0.5427730171996584,-0.02213262217349833,0.010254134909072432,0.06619440361204083,0.06561688323374648,157.4231012640658
0.8043439918143122,0.6328144845347999,0.5412617059382154,-0.02295905367907834,0.012204212468942502,0.06423867636905206,0.06365902367112564,157.7379474665939
0.8101321868980298,0.6296451940821989,0.5420344146153574,-0.01782106837786497,0.012139035796085084,0.06062362780536464,0.060208089485405125,158.05279366912205
0.816249753575362,0.6315172807935097,0.5444731376257749,-0.008507406320282863,0.010163596770365275,0.05548960222305714,0.05529867110137032,158.36763987165017
0.8228389158103382,0.6369107602317821,0.5468893049033434,0.0007911991695627662,0.006727854498248668,0.04949350012272,0.049438223689107996,158.6824860741783
0.8298710491224806,0.6438961392980037,0.5347366100026,0.005639794733375501,0.002562898930436369,0.04347386060668385,0.04337872726396175,158.99733227670643
0.837082339140906,0.6444960274733762,0.5213797798851755,0.00377528449476551,0.001637993562313856,0.0380217267550706,0.03774800747514917,159.31217847923457
0.8440527983230651,0.6373263783308959,0.5115277047173933,-0.00358729675610761,0.004860243887634431,0.033217445035165896,0.03275598519517087,159.6270246817627
0.8503802103447136,0.6337917364843635,0.5055916223846951,-0.012323303469239535,0.0067762383185878934,0.028685286925584717,0.02815325755612741,159.94187088429084
0.8558426944339682,0.6345811853263984,0.5029707923704265,-0.01755589388760884,0.007194946797975034,0.023921477100637304,0.023472071131374506,160.25671708681895
0.8604527346620974,0.6391840370075398,0.5024326975380036,-0.016226306150477775,0.006280831568307519,0.018689231061442026,0.0184070633349509,160.5715632893471
0.8643747435621909,0.6461099732020404,0.502176649033216,-0.008678846321934868,0.004460787926727971,0.01324207658457989,0.013101130593925592,160.8864094918752
0.8677628168150512,0.6533772475161593,0.4993866017235564,0.0015775556181725585,0.0023264350388471668,0.008246718766054026,0.008152741194509039,161.20125569440336
0.8706221415737382,0.6591335470509664,0.4937662013930482,0.009759442211584124,0.000517738708793715,0.004457143147844716,0.004329919801325355,161.5161018969315
0.8727789149981168,0.6601889852234816,0.4896209067796515,0.012292557333245392,0.000596811502113954,0.002334340832066256,0.0021607455883847493,161.83094809945962
0.8739738238522448,0.6606919158279427,0.48891241270440877,0.008551912365494914,0.0006616437212766284,0.0018313405044081549,0.0016531146328895296,162.14579430198776
0.8740182239859771,0.662321629287286,0.49100653347972056,0.0009773847148280314,9.717405340846355e-05,0.002462625753571687,0.0023210972878278113,162.46064050451588
0.8729165444447802,0.6608396547795867,0.49372867071162874,-0.0064037045298944335,0.001272089546101591,0.0036123847279050316,0.0035052355333177188,162.77548670704402
0.8708824781314656,0.6594826191197921,0.49473701779808094,-0.010164211130272185,0.002323096589635772,0.004901233452623105,0.004788680926597344,163.09033290957214
0.8682426309819229,0.65869428396779,0.49446898016052376,-0.009162726127808912,0.002731344018941563,0.00639991310072648,0.006249017773885646,163.40517911210029
0.8652879800399532,0.6584877809706974,0.4954220744982664,-0.004863715106956298,0.002129478558027701,0.008566620182131578,0.008387984053905506,163.7200253146284
0.862161496270425,0.6586971612712029,0.4993975339215645,-0.00023343452819702006,0.0004092910746245231,0.011942721205574665,0.01178349348347918,164.03487151715655
0.8588454110296225,0.6502321965461648,0.5068071900031085,0.002054293467098573,0.002235604196388022,0.01678179905067546,0.01668165231951546,164.34971771968466
0.8552510279505892,0.6383635655990357,0.5164418644184746,0.0010329686281544315,0.0052795469294464855,0.022829647913622665,0.022781739463225814,164.6645639222128
0.8513541638056036,0.626820410637549,0.5244987647510088,-0.002294800302278421,0.00803519138842095,0.02939048603821458,0.02934478336040558,164.97941012474092
0.8472941560919978,0.6173708911034039,0.5282654190068558,-0.005889869065284145,0.009799661022027284,0.03565001105186487,0.03555645073817493,165.29425632726907
0.843376771742261,0.6109230905140162,0.5311334933093497,-0.00812252406896228,0.010034687540655,0.04107195756927681,0.04092298419664142,165.6091025297972
0.8399773822364552,0.6074325710149043,0.5347232383034343,-0.008774495065258283,0.00849109672298943,0.045633964781601755,0.04546567426594594,165.92394873232533
0.8373984282039756,0.6061558627999638,0.5391165761223482,-0.008971041031967192,0.005275402117788152,0.04975725937765094,0.04960690543211754,166.23879493485347
0.8357620155176243,0.6059005234988067,0.5431183771806086,-0.010141802260171497,0.0009133111396645695,0.053966389976556846,0.05382649757510938,166.5536411373816
0.8349990641458103,0.5896552301732444,0.5454999139062462,-0.012762846204964642,0.004122864264452156,0.05848262031078457,0.05829839788536528,166.86848733990973
0.8349411150928121,0.5706903562175458,0.5469790664114151,-0.015788988330940612,0.008648536348146618,0.06300233926967264,0.06272105815517648,167.18333354243785
0.8354608134514738,0.554782645534438,0.5488634812295862,-0.017231574106310644,0.011975173939771279,0.06680428144178858,0.06643522971670235,167.498179744966
0.8365772749897046,0.5435065964386504,0.5518348003560634,-0.015555746999657366,0.013487351283490368,0.06912792323051384,0.06875530924577078,167.8130259474941
0.8384617506959017,0.5372661388013906,0.5560580147790979,-0.010972271098803756,0.0128942450014123,0.0695944623137427,0.06932152451465379,168.12787215002226
0.8413376081503555,0.5353899740473823,0.5612240211780115,-0.005692273628693188,0.01027734188411147,0.06841081378628426,0.06827369983135378,168.44271835255037
0.845332784497493,0.5365184619272971,0.5623392709833991,-0.002835707349180611,0.006085528121556336,0.06622905810204577,0.06615185233801024,168.75756455507852
0.8503736191434906,0.5390717439711328,0.5522816629999157,-0.004559715759192301,0.0010638271304641775,0.06374768440292508,0.0635836216090706,169.07241075760663
0.8561861009473101,0.5261265446632822,0.5425750510122199,-0.01054111507783747,0.0039024922721638535,0.06130187891653057,0.060937950735569624,169.38725696013478
0.8624062638492371,0.511680791402506,0.5354590756300598,-0.01782086039337233,0.007955232838207597,0.0586958021145816,0.05814325747588245,169.70210316266292
0.8687345418766621,0.5018609596217974,0.5314043703745007,-0.02224066648133866,0.010461011950015565,0.05537704409581474,0.05477546671832456,170.01694936519104
0.8750413520639708,0.49748689380402367,0.530096893110107,-0.020732731075362897,0.011101462486809753,0.050839935195392996,0.05036663297424404,170.33179556771918
0.8813612438815525,0.498164499352942,0.5307623782645571,-0.013158956167770632,0.009910660978276909,0.045004981067872776,0.04475465223885,170.6466417702473
0.8877824014582361,0.502527974956609,0.5319686638396391,-0.002597231834108014,0.0072580484404873745,0.03834160192974614,0.0382651080513311,170.96148797277544
0.8943033566643361,0.50872580882478,0.5255004823149775,0.006161984367334688,0.0037869009327916817,0.031663612288745153,0.03160967216907873,171.27633417530356
0.9007482668150902,0.5144970931047187,0.5125206178210312,0.0091195392056566,0.0005181349176644995,0.02572688595899213,0.025552299854859628,171.5911803778317
0.9067940710148584,0.5096811131885616,0.5024326738995685,0.005198032111313428,0.002706531449221284,0.02087320822079132,0.02053768861964078,171.90602658035982
0.9120921153875808,0.5065333856020344,0.49639651688550324,-0.0031783418923528295,0.00442854620062655,0.01692819753698322,0.016506801511934843,172.22087278288797
0.9164086788052146,0.5070527077623436,0.4939175381416615,-0.011371149952233284,0.004876895325304664,0.013403183943146742,0.013016462919672067,172.53571898541608
0.9196994945916128,0.5108262306074837,0.4936240092418434,-0.01497050151823713,0.004221229356377166,0.009870538528381243,0.00959432709338881,172.85056518794423
0.9220771097000141,0.5164605066262374,0.4936206134432457,-0.012064754311587966,0.002876831273033091,0.00628570276912096,0.006110640713928639,173.16541139047234
0.9236972951172084,0.5220552028577363,0.49206945607297153,-0.0041351341032057655,0.001388131127291056,0.003068211536695903,0.002931430245271982,173.4802575930005
0.9246386854742595,0.5258499590911899,0.48940992694351876,0.004849766527343663,0.0003021183634430705,0.000899028089855134,0.0007501239833731521,173.79510379552863
0.9248497440019879,0.5268377793394753,0.48845359235342384,0.010585033093755533,2.10195455589373e-05,0.000355405928238007,0.00019619891317324,174.10994999805675
0.9241919212201771,0.5250843966836614,0.49088422227206796,0.010630335945378643,0.0006659213651480209,0.0015947440230281026,0.0014626637361425665,174.4247962005849
0.9225479193808359,0.5215725871633778,0.49623011023231633,0.00549703051080816,0.0020274165894038285,0.004268046370930551,0.00418598938920145,174.739642403113
0.9199263953470361,0.5176492626596172,0.5016146177360696,-0.0018824425763173584,0.0036277774759993137,0.00771183696559258,0.0076555263874522606,175.05448860564115
0.9165000329273146,0.5144120449580162,0.5032935960498993,-0.007905189044097902,0.004874692414928563,0.011308951090631006,0.011223182061683268,175.36933480816927
0.9125562878535785,0.5123805372086929,0.5033706518884967,-0.01023212217778107,0.005227847204557329,0.014811448347675492,0.014659285834036861,175.68418101069742
0.9083919430225018,0.511542128729395,0.5047765765176025,-0.00883656399407279,0.004333244415733796,0.018438037803239726,0.018235953773035662,175.99902721322553
0.9042134264039209,0.5115901292046461,0.508916210342555,-0.005665732078333365,0.002117428182724294,0.022685808587106903,0.022490851031792936,176.31387341575368
0.9000985655856742,0.5074535304236483,0.5160225395083017,-0.003237394764505736,0.0011662970483585578,0.027962359222780998,0.027822057258353294,176.6287196182818
0.8960379767515324,0.4928016924276746,0.5248492391019153,-0.0030891320213820603,0.004953611542032021,0.034254481386390576,0.03416504601797676,176.94356582080994
0.8920282142087298,0.47834349471363014,0.5326458991586559,-0.00502155296347482,0.008495342533135707,0.041035614849080526,0.040946883282893864,177.25841202333805
0.8881599251791804,0.4661065736588793,0.5378390543936294,-0.0075307747081478065,0.011023012748717921,0.04747811014142326,0.04734074866918847,177.5732582258662
0.8846477877143053,0.45726227809685194,0.5418428892896944,-0.009055675294605903,0.011930323005416452,0.05285374706456407,0.05266460309359222,177.88810442839434
0.8817823748337873,0.45195664942944436,0.5459266467872714,-0.009155116422117152,0.010903823578203511,0.05688636585880697,0.05668838692019673,178.20295063092246
0.8798288216950836,0.4495275431718843,0.5500948833282722,-0.008801830187257786,0.007992700685598868,0.05984136583980278,0.059676082311937106,178.5177968334506
0.8789285473855089,0.44888020281441626,0.5526548827439641,-0.009588041923261773,0.0036220148651575717,0.06229238304464405,0.062148713268486144,178.83264303597872
0.8790602013734442,0.442637646119204,0.5521526191912732,-0.012390607548137207,0.0016211320983165933,0.06470417830403304,0.06451485636726062,179.14748923850686
0.8800832236394163,0.4223392571250906,0.5504056360039303,-0.016444142429244746,0.006586936013955945,0.06708875419070744,0.06678538182231475,179.46233544103498
0.8818394975682015,0.4045816697719304,0.5494007977265953,-0.019539826067337437,0.010606989220465565,0.06895112755476979,0.06853423711513362,179.77718164356313
0.8842532526624809,0.3912627758240099,0.5499428850230157,-0.019333926464720496,0.012956546217686412,0.06956315216575691,0.06912354932272158,180.09202784609124
0.8873686984542203,0.38307367509272233,0.5521208246836571,-0.014980799059850817,0.013252462497288781,0.06839853960346425,0.0680618243507014,180.4068740486194
0.8913011414080036,0.3795855120993708,0.5556561613716305,-0.00801104961552497,0.011476642538393702,0.06545990893467984,0.06529060772569095,180.7217202511475
0.8961300194448335,0.37959463096105855,0.5595079603660658,-0.001777439979607665,0.007980962395068968,0.06129521964208475,0.0612362468286366,181.03656645367565
0.9017992778194999,0.38158926300448265,0.5483663963842416,0.0003351814374281797,0.0034332199115917244,0.05669460077587964,0.0565959747298711,181.35141265620376
0.9080878390803198,0.37887026424978654,0.5358651043472679,-0.0030669695763995506,0.001328675744009372,0.05225661316980087,0.051978791050624196,181.6662588587319
0.9146707511013548,0.3646555563800831,0.5262147903567276,-0.010355833685618026,0.005423224805269075,0.048090769944828436,0.04760716414919186,181.98110506126005
0.9212355350598038,0.35454720043196924,0.5200750319699039,-0.017541767192204457,0.008210436976550698,0.04383400328333911,0.043254486856922236,182.29595126378817
0.9275838446760983,0.34954286557711,0.5171687473407531,-0.020345309156495853,0.009331327745317372,0.03896209430063578,0.03845853624959217,182.6107974663163
0.9336582042407651,0.3494128287747283,0.5165942772368681,-0.01655374499921327,0.008776399331525485,0.03319773239102838,0.032887287241862406,182.92564366884443
0.9394813482238599,0.3529159209823181,0.5168758449250865,-0.0073305404820896,0.0068562106683564515,0.026764299534810236,0.02663701608187863,183.24048987137257
0.9450506845737204,0.3582697089905301,0.5138918308002691,0.003287929699229698,0.004136612324078878,0.020335416272625542,0.0202760265108467,183.5553360739007
0.9502572583833012,0.36367786007585606,0.5041714423971055,0.01046220244042626,0.001341707547957671,0.014716893383114209,0.01459713972581489,183.87018227642884
0.9548807533569297,0.3640742651026868,0.49538247842682664,0.011065530809835324,0.001064784018437295,0.01045461541173533,0.010221421362023864,184.18502847895695
0.9586623041803914,0.36185608952178516,0.4903827323243958,0.00528294730227953,0.0023157352001310257,0.007598223487439408,0.007293412595957949,184.4998746814851
0.9614081054425931,0.36260448077087853,0.48897783922058496,-0.0035533581650542905,0.0025071312168901184,0.005751552938676638,0.005458480866000759,184.8147208840132
0.9630598963442913,0.3659896720734609,0.48967186917034955,-0.010768529845557193,0.0018271759506904375,0.004370728045018521,0.0041407970554557805,185.12956708654136
0.9636923512964368,0.3706746418412758,0.49034288416577804,-0.012786619025871433,0.0007102528949230546,0.003130076320252198,0.002951195605607859,185.4444132890695
0.9634446440428971,0.3735686576192036,0.48961671828439196,-0.008897388227049666,0.0003180935295638479,0.0021425147292557746,0.0019687554339473667,185.75925949159762
0.9624328459268845,0.3737490759696695,0.4886739103550747,-0.0014465734230653048,0.0007637129222148232,0.0019089845462027678,0.0017160732376290122,186.07410569412576
0.9606975736667254,0.374285706611967,0.48996665951431895,0.005571256142153936,0.000315141635570902,0.0030279025728942874,0.00284016263004383,186.38895189665388
0.9582153731736073,0.37111095734035676,0.494928739853898,0.00868201506419764,0.0011418060974755155,0.00583232381130609,0.00569711663877559,186.70379809918202
0.9549615369532058,0.36484039257580564,0.5034295875164134,0.0066621315250770035,0.0032399784336116437,0.01016426383238172,0.010100143436014952,187.01864430171014
0.950982225951061,0.35826081307465163,0.513346455740238,0.0009335891132572442,0.005473949806066774,0.015419234829766025,0.015388282775633977,187.33349050423828
0.946431322719623,0.3527639268217262,0.5153110182088516,-0.005487159265615033,0.007185251545371695,0.020840665778849056,0.020772813480045005,187.6483367067664
0.9415509492572388,0.3490717021831737,0.5155426992960447,-0.009788669173465624,0.007787702984216938,0.025898325539303546,0.025747312695918567,187.96318290929455
0.936608031736494,0.3472255823862565,0.5171518302017141,-0.010839438388573468,0.0069091031701517475,0.03053100819301622,0.03031195672749276,188.27802911182266
0.9318231238278117,0.3468414811777053,0.5209803742930154,-0.009525182627228181,0.004482375396871243,0.03510714860110994,0.03488156504109807,188.5928753143508
0.9273298879780524,0.34731619732253366,0.5271050789027576,-0.007859209701428654,0.0008041183057770967,0.04012078162463484,0.039941995020369325,188.90772151687892
0.9231848766665977,0.3337335843902466,0.5343830897770813,-0.007521125669393323,0.0036241212724805348,0.045800907608213086,0.04566885597442283,189.22256771940707
0.919418885595186,0.31691000057293156,0.5407680522836104,-0.008792201052596225,0.00790370484221878,0.05187193749925347,0.05173798976333788,189.5374139219352
0.9160983976539594,0.3022115325930306,0.5454329219390773,-0.010552063915021594,0.011251532177225552,0.057619188331913374,0.05743610168504132,189.85226012446333
0.9133601448271664,0.2910580260108086,0.5493149486275367,-0.011280176082505412,0.012984654914454167,0.06223070484879192,0.06200074844866543,190.16710632699147
0.9113964443218672,0.2838061827037295,0.5532788630889561,-0.010331455893118615,0.012707030882848814,0.06521432142686444,0.06498874948322608,190.4819525295196
0.9103964450820323,0.2799329281687827,0.5572800094987973,-0.008567880064272377,0.010385135617137161,0.06663584248927697,0.06646275679922109,190.79679873204773
0.9104743472514935,0.27842057179973234,0.5591546734966273,-0.007857484532547141,0.0063640455430546555,0.06702901384859324,0.06689596977195356,191.11164493457585
0.9116252426419028,0.2780316654486074,0.5559467461850376,-0.00972727438371133,0.0013554423476673252,0.06702968790613038,0.066857158948046,191.426491137104
0.9137354750822869,0.26221465476631683,0.5506824634574838,-0.014069165623898934,0.00396698487825488,0.06695969540553007,0.06666008133137435,191.7413373396321
0.91664347741181,0.24325953260569827,0.5464080917017204,-0.018830573644160523,0.008461401086297952,0.06661947552550204,0.06617744350658639,192.05618354216026
0.9202164039724169,0.22836292230830382,0.544180610765818,-0.02102478447636296,0.01149941248424447,0.06541897958234792,0.06492398942068145,192.37102974468837
0.924396785935679,0.21846328034982296,0.5440792790502457,-0.018535431301041905,0.012615767532950763,0.06276478684840817,0.06236036569431758,192.68587594721652
0.9291904479857866,0.21335588759880103,0.5457094634464964,-0.011616944714631166,0.011702419577071833,0.05846178356016927,0.05824351017597462,193.00072214974463
0.9346030129258276,0.21201703115511086,0.5484581098113944,-0.0030954838643721264,0.009016742509604797,0.05288061250171375,0.05282042435626355,193.31556835227278
0.9405652463148053,0.2130522321560193,0.5419193932710744,0.0029807932715802906,0.005141383136015155,0.04679001633477238,0.046748652720380424,193.63041455480092
0.946895689963368,0.2150052478781923,0.5276498467891697,0.003549431574301582,0.000912918348748406,0.040960847712692344,0.040783271582611746,193.94526075732904
0.953326204792401,0.20514619399517317,0.5163277613209113,-0.0016569593904379508,0.003022916763556809,0.03578540419580718,0.035409039506315465,194.26010695985718
0.9595763028652122,0.19546548864209007,0.5088479096862184,-0.009782179778246554,0.005781515271697686,0.031139515434281204,0.030634711172217166,194.5749531623853
0.9654313517551703,0.1904708010329942,0.5050308607595909,-0.01625723156676448,0.007097845743635662,0.0265609452057445,0.026075803760845173,194.88979936491344
0.9707782130924599,0.19003294716168348,0.5038795197160436,-0.017213895051826918,0.006945759738303633,0.021625366368464283,0.021280359072079147,195.20464556744156
0.9755804062835616,0.19298674094455864,0.5037824571862464,-0.011579795965597852,0.005606668888315167,0.016287883878540247,0.016101002040668666,195.5194917699697
0.9798140602398806,0.19759714168270226,0.5020622388890152,-0.001697187850756534,0.003589482855330143,0.010987212273254462,0.010881282583962149,195.83433797249782
0.9834096084422813,0.20211745138619103,0.4964222302708368,0.007878133559680785,0.0015228058813352217,0.006456411415379785,0.006332908489159905,196.14918417502597
0.98623750962317,0.2048941404821228,0.4905674710178749,0.01274257999151124,0.0002050402785871378,0.0033568457375590497,0.0031709444001060128,196.46403037755408
0.9881452579033512,0.20413204332329093,0.4878632330980951,0.010895797339815853,0.0007048256764110289,0.0019502277744595747,0.0017286106743457097,196.77887658008223
0.9890194259971951,0.20549021504631482,0.4885701076535146,0.003684056900756144,0.0003938245800728107,0.0019953940700889626,0.0017918227131155096,197.09372278261034
0.9888325063993455,0.20658614222363345,0.49104944498494957,-0.00502521356137533,0.0005871510552025716,0.0029236411376528547,0.0027597648579367196,197.4085689851385
0.9876473305073034,0.20616606728294054,0.49274084354083675,-0.010938803593849276,0.0017589587045950172,0.004187237252848855,0.004033512508649917,197.72341518766663
0.9855809045483267,0.20609265153637932,0.49265310206545243,-0.011543718601274275,0.002580448314967076,0.005579146499091889,0.005389866010438671,198.03826139019475
0.9827542450117042,0.20654258433312989,0.4926790653939106,-0.007253058784869138,0.0025874784658880662,0.007340043457925314,0.007105857941541505,198.3531075927229
0.9792599481563476,0.207662495106671,0.49513039102205286,-0.0009438385903310401,0.0015107030563975155,0.009990206723654596,0.00975635945066089,198.667953795251
0.9751640372596188,0.2070086809223649,0.501256463085222,0.0037648908053934445,0.0006636135831671106,0.013981559031360854,0.013812597824477857,198.98279999777915
0.9705353879778241,0.1982903158434147,0.5109802572428334,0.004477511765183529,0.00352571505878191,0.01937112989932374,0.019292740095298355,199.29764620030727
0.965480175191894,0.18928512505292633,0.522695714177007,0.0011395446805860289,0.006515711195987264,0.02571002443512945,0.02568066400910407,199.61249240283541
0.9601586050808218,0.18167723020650062,0.5277706471954335,-0.004242400589994151,0.008898970009700106,0.032221411964464826,0.03216082829741196,199.92733860536353
0.954774076622404,0.17638621542076163,0.5287369016970889,-0.008997784307021557,0.010026401431700336,0.03817220623434448,0.03802351823012917,200.24218480789168
0.9495412426900188,0.17354445585509456,0.5305194794546079,-0.011396057444040375,0.009478813058831161,0.04322359846613756,0.042995467611117166,200.5570310104198
0.9446498436668684,0.17277960620096516,0.5337964422687431,-0.011484699107834229,0.007160845482815485,0.047550181280812856,0.04730285585627203,200.87187721294794
0.94024159762261,0.17350709933135436,0.5385387047151335,-0.010717377961422409,0.0033410559790612564,0.05165042386320362,0.0514391203240574,201.18672341547605
0.9364095210182952,0.1693016351892271,0.5436814021531621,-0.010711039746403032,0.0014983045140499643,0.055957882929002986,0.055784873864716866,201.5015696180042
0.9332175876181013,0.15158536797168295,0.5477029738764896,-0.012014277966103257,0.006325053927472883,0.060489397154797564,0.06030808877737437,201.81641582053234
0.9307287074499052,0.13573474235737545,0.5504616024842474,-0.01373062251394558,0.010430106488871573,0.06475106573113239,0.06451782899548197,202.13126202306046
0.9290246335659006,0.12335377722984431,0.5529538170210639,-0.014246674144339907,0.01302691717900974,0.06796840561575941,0.06769318994597195,202.4461082255886
0.9282048089847256,0.11490343440280765,0.555868494038381,-0.012552960272515823,0.013628018899203847,0.06950597859665854,0.06925161546908432,202.76095442811672
0.9283617822918399,0.10997796217678803,0.5592115326643824,-0.009217768158516089,0.012101705835347767,0.06922010970485043,0.06904553141683512,203.07580063064486
0.929544320320888,0.10771708161116499,0.5612399098395088,-0.006274373972943336,0.008697341941193839,0.06752575527999952,0.06742119111398681,203.39064683317298
0.9317284272090515,0.10713303127041766,0.5563379837398325,-0.0059958663501277695,0.004010753739393548,0.06513476903016958,0.06500984354172179,203.70549303570112
0.9348145262571436,0.1026323104845638,0.5477410123150838,-0.009301051638432967,0.0011750916161020041,0.06262766059517522,0.062371960518802005,204.02033923822924
0.9386551721732207,0.08374657337913673,0.5402709646610399,-0.014849186734860983,0.00585855653401775,0.06012441166955275,0.05969752074952228,204.33518544075739
0.9430990718785586,0.0683151028544937,0.5353353472069687,-0.019511331013368476,0.009345639524096208,0.05725633708140852,0.05673398931151852,204.6500316432855
0.9480258876950559,0.05726291849822018,0.5330780119819193,-0.02006163795362043,0.01110249780337702,0.053451653656329236,0.05298482581656705,204.96487784581365
0.9533509649580604,0.050379866794587315,0.5329919127183088,-0.015136564069553134,0.01095365862468423,0.0483530889729716,0.048065340307104854,205.27972404834176
0.9589981208351316,0.04679306409154797,0.5342070638152207,-0.006272040086916494,0.009078169651273702,0.04210804079149294,0.042007642237825715,205.5945702508699
0.9648598733986732,0.045421922222764324,0.5324006586966429,0.002681639103052204,0.005974697723174016,0.03535568062488849,0.035330116299844616,205.90941645339805
0.9707733282830734,0.04524261869705314,0.5188194094356057,0.007528693590913851,0.002376036142767275,0.028924097711400712,0.028821354277359434,206.22426265592617
0.9765297006576718,0.04139134536946809,0.5070475399955511,0.006012546848789601,0.0010970867000723468,0.023424862311443483,0.023159175202597693,206.5391088584543
0.9819128127329613,0.03188261871272318,0.4992050087745089,-0.00087385661639275,0.0034981663715568405,0.018987283346021584,0.018590259827658162,206.85395506098243
0.986742627405503,0.02675293113372523,0.49530975696260315,-0.009319129632166353,0.0047068762645127524,0.01528279348232872,0.014866427442016272,207.16880126351057
0.9908975128361528,0.02591694715562327,0.4943076919866093,-0.014664235960359455,0.004676013786848953,0.011813278480824564,0.011480848994588455,207.4836474660387
0.9943048258359057,0.028238996400010666,0.4944007809260203,-0.013852200574797666,0.0036887857508059486,0.008283990994364793,0.008061639526141695,207.79849366856683
0.9969116622003279,0.03204531553530437,0.4933870933623822,-0.007031017072346069,0.002225821891525441,0.004839488509654527,0.004677710679454772,208.11333987109495
0.9986600548676107,0.03558915187982416,0.49040347495018893,0.0025463475201446223,0.000850625145902119,0.0020278967345794393,0.001861159560522574,208.4281860736231
0.9994851012060783,0.037540285712778454,0.48785130590960346,0.01024904472486184,7.073810692477094e-05,0.0005188089178351183,0.00032551915199729997,208.7430322761512
0.9993358292746473,0.037451168058303515,0.48826675888734317,0.012473108519370054,0.0001857469543671516,0.0007402229104045226,0.0005515071196328103,209.05787847867936
0.9982016241888614,0.035900934688873766,0.492071561538341,0.008434093540471227,0.0011707268479287656,0.0026431032503257115,0.002498610660416678,209.37272468120747
0.9961241516654309,0.03404828196418061,0.4973753894461631,0.0004224773016589443,0.0026866876402160456,0.005727542017485441,0.005624373350440415,209.68757088373562
0.9931870154193817,0.032863888584024475,0.5004090816134226,-0.007549535927958852,0.004188550850667049,0.009315500151453113,0.009200589977298668,210.00241708626376
0.9894924676932404,0.03279284445477995,0.5007099212637455,-0.011915339118547514,0.00509433854920361,0.012914637293497616,0.012729325954139115,210.31726328879188
0.9851431025792426,0.03401147956680739,0.5012244913638139,-0.011336033468979437,0.004935830502389654,0.016464010758722315,0.01620046406171649,210.63210949132002
0.9802407695789499,0.036799434866547104,0.5040628701297267,-0.00716433194937295,0.0034705135921498775,0.0203172196777886,0.020034026955719875,210.94695569384814
0.9749004372307204,0.04164766572206777,0.5102743189899427,-0.0024291957813057335,0.0007604527706559925,0.024968527325458775,0.024748241065704613,211.26180189637628
0.9692651437818689,0.03777095747549286,0.5197376068805624,-1.1267770025127533e-05,0.002810838831111739,0.03067943814082318,0.03056245946654157,211.5766480989044
0.9635080035021347,0.03208837353779999,0.5306405547621876,-0.0010956430593594096,0.006572614411259529,0.037228230755426195,0.03717937904052948,211.89149430143254
0.9578175812625861,0.028962973711384718,0.5379914173645509,-0.004761054447118254,0.009743145510964807,0.04393975637788178,0.04387638239374303,212.20634050396066
0.9523750589921252,0.02882091204158984,0.5406308852354383,-0.0088430804167758,0.011602803383163886,0.0499893127199185,0.049846790468539015,212.5211867064888
0.9473363906033548,0.03184030949567755,0.5426502297850129,-0.011436184636108638,0.011662816164845847,0.05480680100753926,0.05458519468691814,212.83603290901692
0.9428275839136553,0.03835046555333188,0.5453022068334867,-0.01204605061411988,0.00976752201831502,0.05833905352716729,0.05809200211229715,213.15087911154507
0.9389514992810911,0.04869375640452102,0.5485377198428238,-0.011680058131560546,0.006133754869053153,0.06100723799155927,0.06078557925002681,213.46572531407318
0.9357978328222182,0.06251579794154391,0.5512593069636195,-0.011885561926755214,0.0013870445961363823,0.06338030452158039,0.063183157659777,213.78057151660133
0.9334482620020201,0.06315168808084558,0.5523120440780599,-0.013445587307664009,0.0039739019488307225,0.06576286946621103,0.06554181059370712,214.09541771912947
0.931974070767958,0.06041522386050961,0.5522888059585581,-0.015664503951254773,0.008657336228743161,0.06795387892874721,0.0676671138793461,214.4102639216576
0.9314288030095467,0.060110532463520404,0.5525109391377123,-0.016773461218380532,0.012033044180693852,0.06933012421561899,0.06899621686894886,214.72511012418573
0.9318401094831201,0.06273613919013497,0.5536484430731389,-0.01521658235692892,0.013520145163537237,0.06920709281215537,0.06890481079624333,215.03995632671385
0.9332034478134847,0.06877692075178711,0.555710131680969,-0.010950020231877538,0.012886546554489101,0.06725509706354692,0.06706199758002107,215.354802529242
0.935478566671449,0.07853260228531536,0.5578398522033226,-0.005822037194514992,0.01027849794780324,0.06371254477434633,0.06363113501804218,215.6696487317701
0.9385895865888203,0.09168867434272562,0.5533651554514825,-0.0026662395661098343,0.006198970558669025,0.05926448700679516,0.059201503559482616,215.98449493429825
0.9424299621082902,0.10692848787835943,0.5420187336889088,-0.003582826827128923,0.0014176690521546973,0.054663197680267624,0.05448756654476117,216.29934113682637
0.9468723983409628,0.10930914759273341,0.5318213468838174,-0.008461544075314412,0.003190008754404283,0.050326196471028754,0.04996600872587442,216.61418733935452
0.9517805469960238,0.10737511215115722,0.5245905394578895,-0.014727207551940751,0.006832634285898647,0.04615682377899648,0.045659796653732654,216.92903354188263
0.9570167809283631,0.10721286265576263,0.5205898610105587,-0.01858424706746086,0.008967228188734225,0.04169033512902256,0.041197414340146565,217.24387974441078
0.9624419529947281,0.1091591582093794,0.5192397208027182,-0.017122033361939897,0.009381117015137781,0.036466933654780175,0.03611613684195647,217.5587259469389
0.9679089551114983,0.11344138108733628,0.5194226650049716,-0.010079556863571839,0.00820262044060483,0.030398253116839108,0.03023103131092708,217.87357214946704
0.973257786776228,0.11990479794633103,0.5185538533234328,-0.00021031075644035869,0.005861828968233792,0.023905184663229283,0.02384536139427118,218.18841835199518
0.9783201387516904,0.12767565753510038,0.5097037313461047,0.00803459915101014,0.0030069711518169277,0.017749264246904036,0.017666930513985046,218.5032645545233
0.9829345823876778,0.13489994447992865,0.49924517982334804,0.010825788185542723,0.0004732947837573191,0.012664385304712433,0.012471342959591514,218.81811075705144
0.9869640993523617,0.13422479266977325,0.49224498054216637,0.0070118189382005714,0.001640255949470319,0.009009091569928612,0.008711711859614057,219.13295695957956
0.9903038736853236,0.13305598358043122,0.4892227629906105,-0.0012260733397868669,0.002461226588031558,0.006639507994941107,0.0063140706288399295,219.4478031621077
0.9928734757959008,0.13257138982218672,0.4891278006328966,-0.009492633299641923,0.002261920728884827,0.005068047202689971,0.004787955568434588,219.76264936463582
0.9946001148120865,0.13254295072982783,0.48993100425724284,-0.013471305692694256,0.001353449034046578,0.00380671016425287,0.003586451752869535,220.07749556716396
0.9954086088529902,0.1326894754560171,0.4896003468848566,-0.011157168340403529,0.0002201562853127101,0.0026916806676445673,0.0024915313709646947,220.3923417696921
