t,P_A,P_I,P_B,P_B_eff,S_atom
0.0,1.0,0.0,0.0,0.0,1.1294555522617033e-15
0.13037828154696623,0.9972667889639808,0.0027320594805541245,1.1515554655621445e-06,4.49683176473027e-06,0.02722617370771881
0.26075656309393247,0.9918106750606003,0.008174037267067285,1.5287672332505842e-05,1.7987246172925302e-05,0.06869553583969927
0.3911348446408987,0.9891038377030693,0.010839863773484774,5.629852344622314e-05,4.047100056806359e-05,0.08718593858287958
0.5215131261878649,0.9918453364960511,0.008042135648919525,0.00011252785502979278,7.19476905274786e-05,0.06915150282502641
0.6518914077348312,0.9972475438450447,0.0026012590342516847,0.0001511971207039584,0.00011241674986964303,0.028220273885547105
0.7822696892817974,0.9998389799826445,2.125220708331169e-06,0.00015889479664721638,0.0001618774506643583,0.0022775268528421894
0.9126479708287636,0.9969653881354978,0.0028647644144682307,0.00016984745003420341,0.00022032890324585088,0.030698168504321346
1.0430262523757299,0.9914581464487274,0.008303172641290546,0.00023868090998242048,0.00028777005622877355,0.07253500514841948
1.1734045339226962,0.9887873393612805,0.010834814915333908,0.00037784572338572597,0.0003641996965271122,0.09111313253908443
1.3037828154696625,0.9915620919695495,0.007907593906107489,0.0005303141243429982,0.00044961644937600544,0.07310723505185426
1.4341610970166285,0.9969076488177212,0.0024724880952313906,0.0006198630870476991,0.0005440187783564639,0.03247083223811116
1.5645393785635948,0.999356023738958,8.498737529873336e-06,0.0006354775235121005,0.000647404985423007,0.00782060710352548
1.694917660110561,0.9963435516130501,0.002999246821269182,0.0006572015656807529,0.0007597732109341923,0.03735024876897395
1.8252959416575272,0.9907879931012676,0.008429418226336962,0.0007825886723954525,0.0008811214336860688,0.07938625672634282
1.9556742232044935,0.9881545450395123,0.01082472200405837,0.0010207329564297424,0.0010114474709485273,0.09781025262473511
2.0860525047514598,0.9909611064032035,0.007770540604980873,0.001268352991815719,0.0011507489785045452,0.07964055198676451
2.216430786298426,0.9962473062423248,0.002345869563247227,0.001406824194428032,0.0012990234506923784,0.039223870867107276
2.3468090678453923,0.9985514426269602,1.9114116746741903e-05,0.001429443256293171,0.0014562682204506058,0.015896637829749607
2.4771873493923584,0.9954016957844669,0.003135377814506043,0.001462926401027255,0.001622480459366095,0.04647233792553214
2.607565630939325,0.9898006609385432,0.008552653168587896,0.00164668589286896,0.0017976571777249266,0.08861655884363318
2.737943912486291,0.987205859335804,0.010809594641603063,0.0019845460225930913,0.00198179522456608,0.10675802013276658
2.868322194033257,0.9900427483466113,0.007631106631905953,0.002326145021482896,0.002174891287738233,0.08831865155583729
2.9987004755802236,0.9952669246935554,0.002221524098251062,0.002511551208193758,0.002376941893959249,0.048086017569004956
3.1290787571271896,0.9974257553530944,3.396064263676223e-05,0.0025402840042689375,0.0025879434088787274,0.026112504151979105
3.2594570386741557,0.9941404428802872,0.003273026761987417,0.002586530357725501,0.0028078920371431824,0.057678717989852746
3.389835320221122,0.9884967990513899,0.008672759424093356,0.0028304415245168253,0.003036783822464694,0.09986106379386021
3.5202136017680883,0.9859418888261393,0.010789447217889695,0.0032686639559713665,0.0032746146476915977,0.11762875074021831
3.6505918833150544,0.9888075897645316,0.007489425065851613,0.003702985169617077,0.003521380234883105,0.09884819835261713
3.780970164862021,0.9939671187213791,0.00209957000210367,0.003933311276517423,0.0037770761453856205,0.058781739852762645
3.911348446408987,0.9959796876369353,5.3023328271124575e-05,0.003967289034793662,0.004041697779913194,0.03819106811410779
4.041726727955953,0.992560620547334,0.0034120614158406467,0.004027318036825522,0.004315240378629727,0.07069625808453661
4.1721050095029195,0.9868772592583298,0.008789621877856906,0.00433311886381363,0.0045976990212348735,0.11285693806409995
4.302483291049886,0.9843634416752345,0.01076429889929989,0.004872259425465851,0.004889068627053131,0.13017895456533835
4.432861572596852,0.9872564056949785,0.007345631048189132,0.005397963256832373,0.005189343955123453,0.1110047511276338
4.563239854143818,0.9923487084793189,0.001980123102523758,0.00567116841815749,0.0054985196042953224,0.07109707578931472
4.693618135690785,0.9942141717421376,7.62829305313175e-05,0.005709545327331183,0.005816590013325872,0.051916274317412595
4.82399641723775,0.9906632612926756,0.003552348041544941,0.005784390665779498,0.0061435494609775,0.0853114411318692
4.954374698784717,0.9849430955387549,0.008903128454671979,0.006153776006573079,0.006479392066124677,0.1273968199646477
5.084752980331683,0.9824715271235285,0.010734173607913655,0.006794299268557844,0.0068241117878561726,0.1442133272720668
5.21513126187865,0.9853901737779693,0.007199861649983442,0.007409964572047286,0.007177702425587594,0.1246053459931436
5.3455095434256155,0.9904127192195603,0.0018632966401937359,0.007723984140246149,0.007540157619164156,0.08485610812678906
5.475887824972582,0.9921303458739067,0.00010371596936838342,0.007765938156725266,0.007911470848990392,0.06710994885118103
5.6062661065195485,0.988449601793905,0.0036937515503689664,0.007856646655726425,0.008291635436132865,0.10134783890289975
5.736644388066514,0.9826955633324528,0.009013170231464328,0.008291266436083022,0.008680644542445062,0.14330839379231056
5.867022669613481,0.9802673548417219,0.010699100000268448,0.009033545158010052,0.009078491170694238,0.15956789571887442
5.997400951160447,0.9832100736536944,0.007052255738142367,0.009737670608163237,0.009485168164684239,0.1394947878666429
6.127779232707413,0.9881603806569769,0.0017492011573355774,0.01009041818568771,0.009900668209378757,0.09990878359311302
6.258157514254379,0.989729553443226,0.0001352947515282121,0.010135151805245985,0.010324983831050636,0.08361972265492858
6.388535795801346,0.9859210820785574,0.0038361356326771768,0.010242782288765608,0.01075810739738785,0.11865434598002762
6.518914077348311,0.9801361187133053,0.009119641543664007,0.010744239743030808,0.011200031117662358,0.1604435205422197
6.649292358895278,0.977752334160782,0.010659111438389475,0.011588554400828512,0.01165074704284159,0.17610071470365277
6.779670640442244,0.9807174862319952,0.006902953839348549,0.012379559928656586,0.012110247065757229,0.15553778483579855
6.91004892198921,0.9855931261998758,0.0016379443904477977,0.01276892940967667,0.012578522921221408,0.11612377632616797
7.040427203536177,0.9870133421987415,0.00017098739805668675,0.012815670403202011,0.013055566186216304,0.1013119330217859
7.170805485083143,0.9830793445737934,0.00397936289133881,0.012941292534867952,0.013541368279998479,0.13709824767273282
7.301183766630109,0.9772664174335098,0.009222440089709717,0.013511142476780477,0.014035920464282172,0.17867175333033264
7.431562048177075,0.9749280731724076,0.01061424595840295,0.014457680869189601,0.014539213843423283,0.19368618032432044
7.561940329724042,0.9779139928324894,0.006752098002696798,0.01533390916481394,0.015051239364493645,0.17261401467388318
7.692318611271008,0.9827125920507984,0.0015296311644571671,0.015757776784744756,0.015571987817518156,0.1333839485088807
7.822696892817974,0.9839834632261798,0.00021075787663802297,0.015805778897182297,0.01610144983563689,0.12006709866733725
7.95307517436494,0.9799262330230812,0.004123294979243226,0.01595047199767565,0.01663961589524765,0.15656079384170066
8.083453455911906,0.9740883138391986,0.009321467033338329,0.016590219127462974,0.017186476316161648,0.19787615897278982
8.213831737458873,0.9717963777037743,0.010564546233654527,0.017639076062571344,0.01774202126184252,0.21221130121423995
8.344210019005839,0.9748013741963609,0.006599831660952162,0.018598794142687138,0.018306240739522552,0.19061482952285858
8.474588300552805,0.9795206161751959,0.0014243632910975418,0.019055020533706692,0.018879124600385322,0.151583287728416
8.604966582099772,0.9806418698167969,0.00025456603738989474,0.01910356414581333,0.019460662539781404,0.13977686207071613
8.735344863646738,0.9764637912774162,0.004267792733542946,0.019268415989041075,0.020050844097409464,0.17693420426006062
8.865723145193703,0.9706038596627351,0.00941662709899038,0.019979513238274564,0.020649658657468192,0.21795047122092778
8.99610142674067,0.9683592501665327,0.010510059533040211,0.021130690300427482,0.021257095448908237,0.23157312436550526
9.126479708287636,0.9713816093704143,0.0064462994903701195,0.022172091139215647,0.021873143545543438,0.20944094898436538
9.256857989834602,0.9760192371410026,0.0013222394692870851,0.022658523389710274,0.02249779186628468,0.1706247468116439
9.38723627138157,0.9769907162047072,0.0003023676534900412,0.02270691614180282,0.02313102917541558,0.1603418303202449
9.517614552928535,0.9726942619533884,0.00441271631556216,0.02289302173104962,0.023772844082717223,0.19811955199053435
9.6479928344755,0.9668153026834209,0.00950782866931858,0.023676868647260603,0.02442322504365818,0.23879706756885766
9.778371116022468,0.96461888827851,0.010450837676679803,0.02493027404481049,0.025082160359484754,0.25167688656904713
9.908749397569434,0.9676568744638849,0.0062916472694940625,0.026051478266621207,0.025749638177919303,0.22900078530411905
10.0391276791164,0.9722106928280027,0.0012233551893687006,0.026565951982628563,0.02642564649269827,0.19041866652319603
10.169505960663367,0.9730323561747461,0.00035411446525863066,0.026613529359995586,0.02711017314420873,0.18166999708083498
10.299884242210332,0.9686200849675579,0.00455792534703624,0.02682198968540604,0.027803205819792547,0.22002521527805924
10.4302625237573,0.9627250852692371,0.00959498387292422,0.02767993085783875,0.028504732053506503,0.26032548286640717
10.560640805304265,0.9605776836642861,0.010386936984042347,0.029035379351671844,0.02921473922688735,0.2724346449152012
10.691019086851231,0.9636295412789962,0.006136021736956697,0.03023443698404719,0.029933214568536093,0.24920919167937525
10.821397368398198,0.9680974190088162,0.0011278026403321478,0.030774778350851843,0.030660145155452283,0.21088159150890284
10.951775649945164,0.9687693415410625,0.00040975422878222447,0.03082090423015542,0.031395517911642024,0.2036755570672805
11.08215393149213,0.9642438959406638,0.004703279050562939,0.03105282500877326,0.03213931960997079,0.2425657138511302
11.212532213039097,0.9583358427884825,0.009678008674362387,0.03198614853715542,0.03289153687137525,0.28245128789853835
11.342910494586063,0.956238220327862,0.010318418221627747,0.033443361450510106,0.03365215616547734,0.2937642363826861
11.473288776133028,0.959302175815873,0.005979570448335264,0.03471825373579216,0.03442116381076909,0.2699865044519965
11.603667057679996,0.9636820478024917,0.001035670620036074,0.035282281577472194,0.03519854597485867,0.23193536115859298
11.734045339226961,0.9642044204978564,0.0004692307683520666,0.0353263487337918,0.035984288674719166,0.22627799511609065
11.864423620773927,0.9595685244784591,0.004848636387930224,0.035582839133610746,0.03677837777694006,0.2656608143409424
11.994801902320894,0.9536504019030272,0.009756822955626951,0.03659277514134617,0.03758079899798135,0.305095224606871
12.12518018386786,0.9516032730066857,0.010245346542657343,0.038151380450657406,0.03839153790443046,0.31558847085408637
12.255558465414826,0.9546775366530593,0.0058224416324139305,0.03950002171452699,0.03921057991326186,0.2912577957318486
12.385936746961793,0.9589674060003388,0.0009470444497502609,0.040085549549911254,0.040037910292099355,0.25350639844117645
12.516315028508759,0.9593405358433846,0.0005324840325603772,0.040126980124055384,0.040873514159481046,0.24940137306235394
12.646693310055724,0.9545969923266505,0.004993856200124302,0.040409151473225144,0.041717376485127015,0.28923482971218073
12.777071591602692,0.9486717787359153,0.009831350597402798,0.04149687066668193,0.0425694820902097,0.32818252706184853
12.907449873149657,0.9466758054007981,0.01016779142544482,0.04315640317375723,0.04342981564762686,0.3378344943100946
13.037828154696623,0.9497585732043207,0.00566478404668817,0.04457664274899131,0.044298361682277285,0.31295228059640323
13.16820643624359,0.9539565132673979,0.00086200589095627,0.04518148084164607,0.04517510457133926,0.2755251448827962
13.298584717790556,0.9541808230776954,0.0005994501551436393,0.045219726767161,0.046060028544551365,0.2729737626649362
13.428962999337521,0.9493325114019988,0.005138797348007342,0.04552869124999412,0.046953117684496455,0.3132160620073445
13.559341280884489,0.943403176920031,0.009901519554515677,0.0466953035254535,0.04785435592688789,0.35164238006853427
13.689719562431454,0.9414589682837102,0.010085826605611475,0.04845520511067861,0.04876372706085799,0.3604332789053405
13.82009784397842,0.9445484238529774,0.005506746832724487,0.049944829314298125,0.04968121472925057,0.3350028403350025
13.950476125525388,0.9486525802179201,0.0007806330670009143,0.05056678671507912,0.050606802428914494,0.29792560581241073
14.080854407072353,0.9487286083766702,0.000670061518291738,0.05060133010503811,0.05154047351100034,0.29692678863065824
14.211232688619319,0.9437784817036474,0.005283318850410831,0.050938199445942106,0.052482211181261035,0.3375363531752322
14.341610970166286,0.9378479855271107,0.009967261927456639,0.05218475254543261,0.05343199850035277,0.3754074818961356
14.471989251713252,0.9359560974926424,0.00999953000531681,0.05404437250204087,0.05438981838413958,0.3833192095615966
14.602367533260217,0.9390504139651201,0.005348479370809122,0.0556011066640707,0.055355653604002485,0.35734563445601464
14.732745814807185,0.943059006368758,0.0007030003872850713,0.05623799324395698,0.056329486787146055,0.32064498034979455
14.86312409635415,0.9429874064418808,0.000744246821350451,0.05626834673676881,0.057311300416915754,0.3211952561951782
14.993502377901118,0.9379384890997058,0.00542728002659185,0.05663423087370258,0.05830107683310754,0.3621307189627601
15.123880659448083,0.9320097768761086,0.010028514032259645,0.0579617090916317,0.059298798232288404,0.3994136871942386
15.254258940995049,0.9301707118009339,0.009908983658277843,0.05992030454078827,0.060304446668120064,0.4064297452179566
15.384637222542016,0.9332680537824976,0.005190131134866148,0.061541815082636474,0.06131800405167264,0.37991978171011026
15.515015504088982,0.937179377969608,0.0006291784761159381,0.06219144355427625,0.062339452151758824,0.3436233576624154
15.645393785635948,0.9369609182295856,0.0008219311516347675,0.06221715061877963,0.06336877259525805,0.345716844634788
15.775772067182915,0.931816302999225,0.00557054063317233,0.06261315636760273,0.06440594686744744,0.3869370475566281
15.90615034872988,0.9258923042293952,0.010085216461621433,0.0640224793089838,0.06545095631233278,0.42359971256709933
16.036528630276848,0.9241065106748344,0.00981427362991123,0.0660792156952545,0.06650378213299095,0.429705138694209
16.166906911823812,0.9272050361968723,0.005031851547112824,0.06776311225601513,0.06756440539189465,0.40266709554112357
16.29728519337078,0.9310174657134245,0.0005592341046451721,0.0684233001819304,0.06863280701127146,0.3668034658200129
16.427663474917747,0.9306530285585715,0.0009030360602438084,0.06844393538118484,0.06970896777342944,0.3704318529483426
16.55804175646471,0.9254158739017712,0.005712961005919758,0.06887116509230937,0.07079286832111589,0.41189584951634206
16.688420038011678,0.9194994993674686,0.01013731414797708,0.07036318648455464,0.0718844891578565,0.4479068918758283
16.818798319558645,0.9177673719126697,0.009715489935567504,0.07251713815176292,0.07298381064830994,0.4530882032017005
16.94917660110561,0.9208652344070531,0.004873789832757572,0.07426097576018927,0.07409081301861879,0.42553186300778256
17.079554882652577,0.9245772223271589,0.0004932301270538064,0.07492954754578762,0.07520547635678299,0.39013046303640886
17.209933164199544,0.924067803599853,0.0009874796403474744,0.07494471675979991,0.0763277806129719,0.3952829872925656
17.340311445746508,0.9187413308347475,0.005854402196565115,0.07540426696868753,0.07745770559992687,0.4369500487233813
17.470689727293475,0.9128354700559214,0.010184756416339223,0.07697977352773974,0.07859523099334008,0.47227897135886077
17.601068008840443,0.9111573491735114,0.009612726452218221,0.07922992437427026,0.07974033633216036,0.4765241163636143
17.731446290387407,0.9142526994598793,0.004716094875403194,0.08103120566471739,0.08089300101900193,0.4484606588177522
17.861824571934374,0.917862780044711,0.00043122542071566557,0.08170599453457367,0.08205320432050794,0.41355176356357815
17.99220285348134,0.9172094882488157,0.0010751766096037236,0.08171533514158094,0.08322092536772133,0.4202151822288126
18.122581135028305,0.9117969786731401,0.005994726112440192,0.08220829521441958,0.08439614315645817,0.46204480658515645
18.252959416575273,0.9059044973951392,0.01022749703795664,0.08386800556690399,0.0855788365477027,0.49666193710029477
18.38333769812224,0.9042806693901394,0.009506080829342558,0.086213249780518,0.08676898426795275,0.49996025477245426
18.513715979669204,0.9073716576771856,0.004558915072225315,0.08806942725058897,0.08796656490962117,0.47140218799932865
18.64409426121617,0.9108784479644906,0.00037327482985813115,0.08874827720565157,0.08917155693146371,0.43701689235819496
18.77447254276314,0.9100825033818802,0.0011660383960316002,0.08875145822208835,0.09038393865887062,0.4451754496022334
18.904850824310103,0.904587295348369,0.006133795653226623,0.08927890899840449,0.09160368828434161,0.48712737338821843
19.03522910585707,0.8987110330633958,0.010265494275868073,0.09102347266073631,0.09283078386785669,0.5210038689221423
19.165607387404037,0.8971417300744637,0.009395654393702466,0.09346261553183383,0.09406520333718789,0.5233460535714161
19.295985668951,0.900226507969794,0.004402398190390129,0.09537109383981586,0.09530692448851372,0.4943071521505973
19.42636395049797,0.9036287092914267,0.0003194291140819612,0.09605186159449174,0.09655592498647159,0.46047736409989803
19.556742232044936,0.9026914430000678,0.00125997322618694,0.09604858377374571,0.09781218236506212,0.47011275019576093
19.6871205135919,0.8971169289458032,0.0062714748472022025,0.09661159620699472,0.09907567402739038,0.512146962051866
19.817498795138867,0.8912596964487194,0.010298710928596423,0.09844159262268418,0.1003463772467089,0.5452548161252497
19.947877076685835,0.8897450965119221,0.009281552052314547,0.10097335143576344,0.10162426916642651,0.5466328867689162
20.0782553582328,0.8928218190408634,0.0042466912234774504,0.10293148973565917,0.10290932680076664,0.5171281352435682
20.208633639779766,0.896118218467715,0.0002697349000281358,0.10361204663225734,0.10420152703487352,0.48388658326920736
20.339011921326733,0.8950410712596573,0.0013568862184332202,0.1036020425219096,0.10550084662549547,0.49497788433167883
20.469390202873697,0.8893906946916815,0.0064076289882408315,0.10420167632007767,0.10680726220159859,0.5370546405046346
20.599768484420665,0.8835552716747674,0.010327114368656954,0.10611761395657608,0.10812075026382671,0.5693666913839939
20.730146765967632,0.8820954988501459,0.009163882190967334,0.10874061895888651,0.10944128718652588,0.5697739648165359
20.8605250475146,0.8851623264795839,0.004091940249457893,0.11074573327095809,0.1107688492164727,0.5398195057783375
20.990903329061563,0.8883517981914728,0.0002242346380375214,0.11142396717048986,0.11210341247438042,0.5071997630640979
21.12128161060853,0.8871363193943336,0.0014566794769235959,0.11140700112874319,0.11344495295487013,0.5197233982962135
21.251659892155498,0.8814135718364122,0.006542124767567582,0.11204430339602026,0.1147934465277255,0.5618032396057652
21.382038173702462,0.875602704523069,0.010350676575359857,0.11404661890157147,0.1161488689366812,0.5932931798400658
21.51241645524943,0.8741978290818855,0.009042756569758741,0.11675941434835577,0.11751119580164239,0.5927242466819511
21.642794736796397,0.8772529297480043,0.003938290288944619,0.11880877996305134,0.11888040261767868,0.562337332681569
21.77317301834336,0.8803344363275977,0.0001829665623021739,0.11948259711010045,0.1202564647567132,0.5303738619069447
21.903551299890328,0.8789822825279907,0.0015592521911347408,0.1194584652808746,0.1216393574668122,0.5443035041257448
22.033929581437295,0.873190700428052,0.006674830409764987,0.12013446916218301,0.12302905587353385,0.5863472742150799
22.16430786298426,0.8674070992488575,0.010369374166584181,0.1222235265845584,0.12442553497991794,0.6169896610319189
22.294686144531227,0.8660571379242371,0.008918290215699688,0.12502457186006335,0.12582876966703824,0.615440364156768
22.425064426078194,0.8690986890620197,0.003785885165021249,0.12711542577295917,0.12723873469445401,0.584639312841321
22.555442707625158,0.8720712827108527,0.00014596465573775264,0.1277827526334097,0.1286554047006634,0.5533675375089133
22.685820989172125,0.8705842163830015,0.0016645007360536466,0.1277512828809451,0.1300787542035607,0.5686740106729983
22.816199270719093,0.8647273779877322,0.006805615801549147,0.1284670062107189,0.13150875760089337,0.6106428753253115
22.946577552266056,0.8589737153012469,0.010383188420915672,0.13064309627783752,0.13294538917072324,0.6404131416467783
23.076955833813024,0.8576786315980383,0.008790601311086376,0.13353076709087575,0.13438862307188917,0.6378805565367653
23.20733411535999,0.8607048221689351,0.0036348673642759353,0.13566031046678914,0.13583843334447135,0.606684708536587
23.337712396906955,0.8635676458446556,0.00011325861877916568,0.13631909553656532,0.1372947939102583,0.5761411200609685
23.468090678453922,0.861947533883725,0.0017723187770469881,0.13628014733922836,0.13875767857321678,0.5927922643048817
23.59846896000089,0.8560290560799158,0.006934352624097539,0.1370365912959871,0.1402270610199618,0.6346477316744696
23.728847241547854,0.8503079639387625,0.010392105301054163,0.13929993076018343,0.1417029148202304,0.6635221975523712
23.85922552309482,0.8490676685056404,0.008659811080573952,0.14227252041378585,0.14318521342735774,0.6600046141666659
23.98960380464179,0.8520767010238891,0.00348537789876009,0.14443792107735115,0.14467393017875355,0.628434293320641
24.119982086188752,0.8548289894969839,8.4873842549994e-05,0.14508613666046616,0.146169038296382,0.5986566087779318
24.25036036773572,0.8530778016592319,0.0018825973762153308,0.145039600964553,0.14767051088724445,0.61661709781318
24.380738649282687,0.8471013367875633,0.007060914479571903,0.14583774873286498,0.1491783209438611,0.6583210394047542
24.51111693082965,0.841415404753591,0.010396115467464787,0.1481884797789444,0.1506924413447593,0.6862769236982219
24.64149521237662,0.8402297558142497,0.00852604367331507,0.151244200512435,0.15221284485495873,0.6817738295490199
24.771873493923586,0.8432198483663392,0.003337556170321646,0.15344259546333944,0.15373950412646464,0.6498503051696501
24.90225177547055,0.8458609291953065,6.083138647514606e-05,0.1540782394182182,0.15527239169875592,0.6208777008722649
25.032630057017517,0.8439807364465566,0.001995225101767784,0.1540240384516758,0.15681147999928255,0.6401087863876083
25.163008338564484,0.8379499690885024,0.007185177018728432,0.15486485389276966,0.15835674134395872,0.6816234586687402
25.29338662011145,0.8323017420973634,0.010395214291488104,0.15730304361114847,0.1599081479376628,0.7086388908269421
25.423764901658416,0.8311705459417708,0.008389426044128,0.16044002801410145,0.16146567187473695,0.7031509549817706
25.554143183205383,0.8341399342001143,0.0031915398355435334,0.16266852596434223,0.16302928513948778,0.6708964058792459
25.684521464752347,0.8366692286240595,4.1147959906504676e-05,0.16328962341603417,0.16459895960669318,0.642769871848402
25.814899746299314,0.8346622013966265,0.0021100881406990965,0.16322771046267434,0.16617466704210435,0.663229009676511
25.945278027846282,0.8285808451389416,0.007307018065318789,0.16411213679573963,0.16775637910295566,0.7045170761927122
26.075656309393246,0.8229728214177009,0.01038940186116788,0.1666377767211311,0.16934406733847496,0.7305711080112499
26.206034590940213,0.8218958329518319,0.008250087830623927,0.16985407921754403,0.170937703190395,0.7241001658035251
26.33641287248718,0.8248427721777861,0.003047464673496584,0.1721097631487175,0.17253725799346817,0.6915376458778711
26.466791154034144,0.8272597959249657,2.5835908453193746e-05,0.17271436816658134,0.1741427029759796,0.6643005469935107
26.59716943558111,0.825128202286827,0.0022270704117600716,0.17264472730141284,0.17575400926026197,0.6859408190874182
26.72754771712808,0.818999996466178,0.007426317737519587,0.17357368579630267,0.17737114786322616,0.7269653729865717
26.857925998675043,0.8134346255035936,0.010378682983880746,0.1761866915125258,0.17899408969687242,0.7520379902476757
26.98830428022201,0.8124115488571078,0.00810816122854592,0.17948028991434634,0.1806228055688086,0.7445870285040919
27.118682561768978,0.815334315893142,0.0029054644544396304,0.18176021965241837,0.18225726618280225,0.7117404337255566
27.24906084331594,0.8176386799048972,1.4903204334731809e-05,0.18234641689076805,0.183897442139265,0.685439444469659
27.37943912486291,0.8153848836398663,0.0023460536837755248,0.1822690626763585,0.18554330393581508,0.7082086096651581
27.509817406409876,0.8092135900695059,0.007542958570442995,0.1832434513600512,0.18719482196781156,0.7489331965361203
27.64019568795684,0.8036932706431964,0.010363067184690159,0.18594366217211372,0.18885196652884784,0.7730053304234438
27.770573969503808,0.8027237598351395,0.0079637808643281,0.18931245930053225,0.19051470781132904,0.7645784730447249
27.900952251050775,0.805620655082657,0.002765670811426657,0.19161367410591623,0.19218301590698628,0.7314725097017793
28.03133053259774,0.8078120661514878,8.353441328170107e-06,0.19217958040718386,0.19385686080741613,0.7061591667319419
28.161708814144706,0.8054385247548972,0.002466917692781866,0.19209455755232105,0.19553621240460162,0.7299980959001058
28.292087095691674,0.7992279244390366,0.007656825630979325,0.19311524992998408,0.1972210404915316,0.770386736832291
28.422465377238638,0.793755002699171,0.010342568697838306,0.19590242860299062,0.1989113147626182,0.793440275062293
28.552843658785605,0.7928386623584773,0.0078170836652716,0.19934425397625138,0.20060700481438948,0.7840427688378322
28.683221940332572,0.7957080117396994,0.0026282131133882804,0.20166377514691258,0.20230808014587365,0.7507029229489914
28.813600221879536,0.7977862730608616,6.185833932592704e-06,0.2022075411052059,0.2040145101592717,0.7264352059485006
28.943978503426504,0.7952955356500107,0.002589540264337348,0.20211492408565213,0.20572626416052614,0.7512762910013373
29.07435678497347,0.7890494254853254,0.007767806636519212,0.20318276787815556,0.2074433113596718,0.7912935058059105
29.204735066520435,0.7836261930975845,0.010317206457635416,0.20605660044478016,0.2091656208716685,0.8133113033930707
29.335113348067402,0.7827625792408544,0.007668208727959352,0.20956921203118645,0.2108931617167412,0.8029495039148299
29.46549162961437,0.7856027361430953,0.0024932183407642963,0.21190404551614062,0.21262590282105065,0.7694020117318845
29.595869911161337,0.7875677477786253,8.39522096998545e-06,0.21242385700040495,0.21436381301729263,0.7462411597011591
29.7262481927083,0.7849624529218202,0.0027137974351187314,0.21232374964306105,0.2161068610450504,0.7720114891487792
29.85662647425527,0.7786846423925752,0.007875792065193635,0.21343956554223126,0.21785501555150427,0.8116223196535614
29.987004755802236,0.7733133347421433,0.010287004079929468,0.2163996611779273,0.2196082450921556,0.8325882092572552
30.1173830373492,0.7725019556041053,0.007517297183716264,0.2199807472121785,0.22136651813092867,0.8212695668616468
30.247761318896167,0.7753113028025648,0.0023608109638412252,0.22232788623359423,0.22312980304128593,0.7875413864278276
30.378139600443134,0.7771630620575732,1.4972073494523003e-05,0.22282196586893224,0.22489806810637675,0.76554307367165
30.508517881990098,0.774445935522296,0.0028395635783389685,0.22271450089936512,0.2266712815199198,0.7921732503759162
30.638896163537066,0.768140243389249,0.007980675268241116,0.22387908134250972,0.2284494113864783,0.8313432837454198
30.769274445084033,0.7628230378463288,0.010251989843792018,0.22692497230987932,0.23023242572245783,0.8512420855465135
30.899652726630997,0.7620633547649764,0.007364492063292023,0.2305721531717318,0.2320202924558204,0.8389751311831277
31.030031008177964,0.7648403063246076,0.002231112822784309,0.23292858085260815,0.23381297942788626,0.8050939149073312
31.16040928972493,0.7665789080346388,2.5902507126154445e-05,0.23339518945823526,0.2356104543929158,0.7843051913850225
31.290787571271895,0.7637527604572657,0.002966711529816053,0.2332805280129183,0.23741268501934268,0.8117323877275693
31.421165852818863,0.7574230114456774,0.008082352576117198,0.2344946359782058,0.23921963888951397,0.8504277797347064
31.55154413436583,0.7521620256952608,0.01021219666472653,0.23762577764001244,0.24103128350136735,0.8692453107933218
31.681922415912794,0.75145345404832,0.00720993815858254,0.24133660779309773,0.24284758626825287,0.8560396417691383
31.81230069745976,0.7541964571996898,0.002104243011462648,0.24369929978884755,0.24466851451956798,0.822033710033818
31.94267897900673,0.7558220939291038,4.116829854807912e-05,0.2441367377723485,0.2464940355019531,0.8024946288217121
32.073057260553696,0.7528898184089399,0.003095112715284003,0.24401506887577645,0.24832411637901253,0.8306609564082024
32.20343554210066,0.7465398398968357,0.008180723403761301,0.24527943669940322,0.25015872423249685,0.868848454618117
32.333813823647624,0.7413371303328073,0.010167662066201585,0.2484952076009913,0.2519978260627511,0.8865715376774935
32.46419210519459,0.7406790405258681,0.00705378188351368,0.2522671775906182,0.25384138878929674,0.8724378032091376
32.59457038674156,0.7433865775155972,0.001980317762781367,0.2546331047216215,0.25568937925131513,0.8383361190151863
32.724948668288526,0.7448995396662601,6.074690660106433e-05,0.25503971342713894,0.25754176420828057,0.8200813044305955
32.855326949835494,0.741864109284146,0.003224637281060642,0.2549112534347934,0.2593985103408301,0.8489322446830583
32.985705231382454,0.7354977279949296,0.00827569035281787,0.2562265816522524,0.2612595842510633,0.8865792114839326
33.11608351292942,0.7303552881815334,0.010118428145056103,0.2595262836734106,0.2631249524632354,0.9031956831748718
33.24646179447639,0.7297470066858402,0.006896171132939794,0.26335682218121975,0.2649945814243586,0.8881455697088019
33.376840076023356,0.7324175965974548,0.0018594503380270145,0.2657229530645182,0.2668684375048065,0.8539777144128871
33.50721835757032,0.7338182724275308,8.461149728997047e-05,0.26609711607517944,0.26874648699891734,0.8370373117341289
33.63759663911729,0.7306827376939331,0.003355154222599334,0.26596210808346765,0.2706286961256017,0.8665207662712964
33.76797492066426,0.7243037763964691,0.008367159308410447,0.2673290642951208,0.2725150310289493,0.9035952017146595
33.89835320221122,0.7192235355961065,0.01006454153280496,0.2707119228710885,0.2744054577788382,0.9190939201460426
34.028731483758186,0.7186643460345933,0.006737255140255097,0.274598398825152,0.27629994237154415,0.9031401364075039
34.15910976530515,0.7212965465792667,0.0017417509181896918,0.27696170250254365,0.2781984507303544,0.8689362866061828
34.28948804685212,0.7225854221317263,0.00011273097348041691,0.27730184689479354,0.2801009487061777,0.853336540371878
34.41986632839909,0.7193529083635268,0.003486531518441512,0.27716056011803203,0.282007402078161,0.8834022540900706
34.550244609946056,0.7129651825811769,0.00845503953729067,0.27857977788153254,0.2839177765543037,0.9198728184943883
34.680622891493016,0.7079490043521165,0.010006053353727149,0.28204494229415644,0.28583203777207544,0.9342436701812368
34.81100117303998,0.7074381486337744,0.0065771843337634845,0.2859846670324624,0.2877501512990326,0.9173999319133457
34.94137945458695,0.710030557908018,0.001627326499127035,0.28834211559285494,0.28967208263344,0.8831908375686633
35.07175773613392,0.711208216848764,0.00014507000840230266,0.28864671314283374,0.2915977972048886,0.8689544651398462
35.202136017680886,0.7078819214799008,0.003618636261066383,0.2884994422590329,0.2935272603749205,0.8995536551174277
35.33251429922785,0.7014892362141361,0.008539243776778636,0.2899715200090852,0.295460437437649,0.9353896913863062
35.46289258077481,0.696538917077526,0.00994301917573934,0.29351806374673484,0.29739729362038625,0.9486235975095875
35.59327086232178,0.6960755965759686,0.006416110191818351,0.2975082932322135,0.2993377940842649,0.9309046118948681
35.72364914386875,0.6986268547844701,0.0015162807894618581,0.2998568644260682,0.30128190392486864,0.8967215758126296
35.854027425415715,0.6996939781500496,0.00018158908372216238,0.3001244327662282,0.30322958817285595,0.8838680218377492
35.98440570696268,0.6962771679760624,0.00375133479217049,0.29997149723176725,0.30518081179459433,0.9149531262759043
36.11478398850965,0.6898833144444956,0.00861968832645236,0.3014969972290523,0.3071355396927834,0.950124681904714
36.24516227005661,0.6850005826224344,0.009875498960892352,0.30512391841667363,0.3090937367070946,0.962213603868188
36.37554055160358,0.684583959400729,0.0062541850971535185,0.30916185550211744,0.31105536761479685,0.9436350535909707
36.505918833150545,0.6870927505431605,0.0014087141117059276,0.3114985353451338,0.31302039713139285,0.9095099123927364
36.63629711469751,0.6880501163976795,0.00022224453155566222,0.31172763907076495,0.31498878991125345,0.8980555292288217
36.76667539624448,0.6845461247583197,0.003884492835987177,0.3115693824056935,0.3169605105482568,0.9295800311577953
36.89705367779145,0.678154877152966,0.008696293131044726,0.3131488297159897,0.3189355235764154,0.9640578798785686
37.02743195933841,0.6733413913786972,0.009803557007456725,0.3168550516138461,0.3209137934705241,0.9749948241505446
37.157810240885375,0.6729705894557052,0.006091562190052669,0.3209378483542422,0.3228952846467994,0.9555733511092047
37.28818852243234,0.6754356429738149,0.001304723307320913,0.32325963371886457,0.32487996146350606,0.9215384578834612
37.41856680397931,0.6762841259758205,0.0002669885805452911,0.32344888544363426,0.32686778822162543,0.9114966371752701
37.54894508552628,0.6726963498772738,0.004017975635029267,0.3232856744876969,0.328858729165449,0.9434149375043591
37.679323367073245,0.6663114621435954,0.008768981863861719,0.3249195559925432,0.33085274848328605,0.9771706005467946
37.809701648620205,0.6615688105442284,0.009727261891334502,0.3287039275644375,0.3328498103080614,0.9869496227671944
37.94007993016717,0.6612429172034876,0.005928395221185258,0.33282868757532713,0.33484987871795635,0.966702811408757
38.07045821171414,0.6636630095889482,0.0012044016442978968,0.3351325887667542,0.33685291773710435,0.9327910202458187
38.20083649326111,0.6644035804676085,0.0003157694064533386,0.33528065012593833,0.3388588913361805,0.9241722906300205
38.331214774808075,0.6607354776468035,0.004151648085985158,0.3351128742672116,0.3408677634330791,0.956439615317847
38.46159305635504,0.6543606802883892,0.008837682003938275,0.33680163770767296,0.34287949789356365,0.9894453822402445
38.591971337902,0.6496903793417095,0.00964668640064521,0.3406629342576457,0.3448940585319111,0.9980615905779227
38.72234961944897,0.6494084464794603,0.005764838403606243,0.3448267151169336,0.34691140911154983,0.977007950864148
38.85272790099594,0.6517824028382491,0.0011078387293585131,0.3471097584323928,0.34893151334576467,0.9432526035512329
38.983106182542905,0.6524161277798164,0.000368531185890156,0.3472153410342935,0.3509543348982287,0.9360647037709908
39.11348446408987,0.6486712137147332,0.004285374874500672,0.3470434114107662,0.35297983738382616,0.9686370355047386
39.24386274563684,0.6423102106249312,0.008902324910431298,0.34878746446463765,0.3550079843692033,1.0008659845800547
39.3742410271838,0.6377137041899072,0.009561907467920024,0.3527243883421728,0.3570387393733758,1.008315542332633
39.50461930873077,0.6374747497019178,0.005601046264384525,0.35692420403369784,0.3590720658684897,0.9864744923271255
39.634997590277735,0.6398014452754086,0.001015120422755452,0.3591834343018361,0.3611079272804642,0.952909407513772
39.7653758718247,0.6403294852197148,0.0004252141551809068,0.3592453006251043,0.36314628698955875,0.9471573409561914
39.89575415337167,0.6365113300860133,0.004419020613486954,0.35906964930049967,0.3651871083312025,0.9799913689993347
40.02613243491864,0.6301677954100444,0.008962845894452192,0.36086935869550363,0.3672303545964064,1.0114173871120595
40.1565107164656,0.6256464538334949,0.009473006097539764,0.3648805400689653,0.3692759890326077,1.017697514525672
40.286888998012564,0.6254494630385276,0.005437173496094413,0.3691133634653785,0.3713239748443267,0.9950893626099349
40.41726727955953,0.6277278246780005,0.0009263287576945647,0.37134584656430497,0.3733742751938606,0.9617488278423771
40.5476455611065,0.6281514345258948,0.0004857546718906963,0.37136281080221467,0.37542685320173497,0.9574349024129736
40.67802384265347,0.624263660105515,0.004552449976951586,0.3711838899175336,0.3774816719474497,0.9904879862401041
40.808402124200434,0.6179412351364802,0.009019184283408163,0.3730395805801116,0.3795386944704232,1.021085788275863
40.938780405747394,0.6134963544340942,0.0093800672887668,0.3771235782771389,0.3815978837702695,1.0261947635948672
41.06915868729436,0.6133402815317863,0.005273374807983171,0.3813863436602306,0.3836592028078349,1.0028406903212739
41.19953696884133,0.6155692891257197,0.0008415418628028537,0.3835891690114773,0.38572261450527123,0.9697594574166619
41.3299152503883,0.6158898168575095,0.0005500852813329081,0.3835600978611577,0.3877880817473699,0.9668833133507254
41.460293531935264,0.6119360933990209,0.004685527838754792,0.3833783787622246,0.3898555673819975,1.0001134569981
41.59067181348223,0.6056383835087734,0.009071283486802102,0.38529033300442467,0.3919250342205817,1.0298586046985443
41.7210500950292,0.6012711846233317,0.009283179956555762,0.3894456354201127,0.3939964450388436,1.033795764415832
41.85142837657616,0.6011549541865806,0.0051098047772251964,0.39373524103619406,0.3960697625776498,1.0097178039973487
41.981806658123126,0.6033336420384435,0.0007608338889537208,0.3959055240726025,0.3981449495437928,0.9769310883469876
42.112184939670094,0.6035525277441949,0.0006181347858754811,0.39582933746992977,0.400221968610036,0.9754897155812619
42.24256322121706,0.5995365707802998,0.004818119406699341,0.3956453098130012,0.4023007824162924,1.008855550435629
42.37294150276403,0.5932671423903055,0.009119091052142305,0.3976137665575521,0.4043813535703671,1.0377244706893038
42.503319784310996,0.5889787705261241,0.009182436845719982,0.40183879262815597,0.4064636446482537,1.040490209009094
42.633698065857956,0.5889012790233161,0.0049466177004114965,0.4061521032762724,0.4085476181950851,1.0157112304761968
42.764076347404924,0.591028737178154,0.0006842749398768988,0.4082869878819692,0.4106332367259081,0.9832547149971498
42.89445462895189,0.5911475120005967,0.0006898283186548863,0.4081626596807487,0.4127204627263812,0.9832424610404134
43.02483291049886,0.5870730791236023,0.004950090359899694,0.40797683051649836,0.41480925865140605,1.0167032353988241
43.155211192045826,0.5808354567160886,0.00916255872217255,0.41000198456173875,0.4168995869311265,1.04467323795265
43.28558947359279,0.5766269807504371,0.009077934444723162,0.41429508480483984,0.41899140996431783,1.0462690054499018
43.415967755139754,0.5765870980990722,0.0047839674451533015,0.41862893445577465,0.42108469012655597,1.020812693469109
43.54634603668672,0.5786624736181717,0.0006119310065200577,0.4207255953753086,0.4231793897637307,0.9887225380962608
43.67672431823369,0.5786827586084311,0.000765087420697278,0.420552153970872,0.42527547119834574,0.9901311067571651
43.807102599780656,0.5745536462079288,0.005081306983200529,0.42036504680887077,0.4273728967274973,1.0236466808586413
43.93748088132762,0.5683513093820877,0.00920164248367695,0.4224470481342354,0.42947162862410737,1.0506959754194798
44.06785916287459,0.5642237213539978,0.008969772892693989,0.4268065057533086,0.4315716291375996,1.0511242768992988
44.19823744442155,0.5642202925009268,0.004622007302348287,0.4311577001967254,0.43367286049457754,1.0250151122923086
44.32861572596852,0.5662427906814278,0.0005438639060686579,0.4332133454125037,0.4357752848995084,0.9933279701295874
44.458994007515486,0.5661662955693746,0.0008438301211114916,0.4329898743095141,0.43787886453539665,0.9961464109422264
44.58937228906245,0.561986335534522,0.005211636302190628,0.4328020281632876,0.4399835615644686,1.0296772564863594
44.71975057060942,0.5558227161085227,0.009236302615215986,0.43494098127626113,0.4420893381288514,1.0557849692026005
44.85012885215639,0.5517769307849236,0.00885805588524277,0.439365013329834,0.44419615635125304,1.0550493607539124
44.98050713370335,0.5518087773135958,0.004460889838775567,0.4437303328476288,0.4463039783356467,1.0283126007234364
45.110885415250316,0.5537776628534776,0.0004801312243181212,0.44574220592220437,0.44841276616794834,0.9970656422417167
45.24126369679728,0.5536061847324845,0.0009259710219960424,0.4454678442455198,0.45052248191670224,1.0012803299677957
45.37164197834425,0.5493792411212863,0.005340946218177948,0.4452798126605356,0.4526330876337609,1.0347875333267609
45.50202025989122,0.5432577202842461,0.009266503729070364,0.44747577598668353,0.45474454535496767,1.059933722617008
45.632398541438185,0.5392945748041442,0.00874289057524191,0.45196253462061436,0.4568568171008424,1.0580388078597567
45.762776822985145,0.5393604965653962,0.004300766750760669,0.4563387366838431,0.45896986487726193,1.0307004659585677
45.89315510453211,0.5412750946706406,0.00042078626297019193,0.45830411906638946,0.461083650676143,0.9999314129952638
46.02353338607908,0.5410105165988017,0.001011421384842595,0.4579780620163559,0.46319813647612884,1.0055260160250774
46.15391166762605,0.5367404822790939,0.005469105639482475,0.4577904120814238,0.4653132842432711,1.0389712845178856
46.284289949173015,0.5306643877943376,0.009292214808680685,0.46004339739698163,0.46742905593171463,1.0631369562460018
46.41466823071998,0.5267846413898722,0.008624387471035621,0.4645909711390922,0.4695454134843798,1.0600883817788058
46.54504651226694,0.5268834181553739,0.004141788718281786,0.4689747931263447,0.47166231883365134,1.0321752076423016
46.67542479381391,0.528743115589311,0.0003658779905132313,0.470891006420176,0.47377973390205985,1.0019223793917338
46.80580307536088,0.5283874051073336,0.0011000892224062467,0.47051250567026054,0.47589762060296625,1.008877815353185
46.936181356907845,0.5240781983699325,0.005595984616290968,0.47032581701377685,0.47801594084125004,1.0422234860821564
47.06655963845481,0.5180508018322842,0.009313409244194569,0.47263578892352115,0.48013465651399134,1.0653906080461861
47.19693792000178,0.5142551356285705,0.008502660331330418,0.4772422040400995,0.48225372951115747,1.0611950580820082
47.32731620154874,0.5143855287648279,0.003984105260479294,0.481630365974693,0.4843731217162922,1.0327345169584388
47.45769448309571,0.5161897748373,0.0003154509978918993,0.4834947741648082,0.4864927950071887,1.0030368906839322
47.588072764642675,0.5157449824049789,0.0011918793917071481,0.48306313820331404,0.48861271125659606,1.0113312668908805
47.71845104618964,0.5114005435548373,0.005721454469118823,0.482878001976044,0.49073283233288445,1.0445403177057737
47.84882932773661,0.5054250577053112,0.009330064859248447,0.4852448774354402,0.4928531201007451,1.0666918334340072
47.97920760928358,0.5017140745966003,0.008377826056032602,0.489908099347367,0.4949735364218645,1.0613570236472423
48.10958589083054,0.5018748287566287,0.0038278645921218076,0.4942973066512495,0.49709404315562633,1.0323772757641023
48.239964172377505,0.5036231362524637,0.0002695454581012174,0.49610731828943494,0.4992146021597834,1.0032745655548538
48.37034245392447,0.503091393604401,0.001286693691882859,0.49562191270371614,0.5013351752911391,1.0128831012985047
48.50072073547144,0.49871568153023504,0.005845387921096488,0.4954389305486687,0.5034557244062626,1.04591916355908
48.63109901701841,0.49279525762855625,0.009342163938963895,0.4978625784324798,0.505576211362145,1.067039005398337
48.761477298565374,0.4891694822327042,0.008250004575716162,0.5025805131915798,0.5076965980168698,1.0605736759652085
48.891855580112335,0.48935932706545393,0.0036732134812362148,0.5069674594533101,0.5098168462303848,1.031103555758929
49.0222338616593,0.4910512731106828,0.00022819709032867395,0.5087205297989886,0.5119369178650753,1.0026363132075278
49.15261214320627,0.49043479153281305,0.001384430963746054,0.5081807775034412,0.5140567747865114,1.0135312402561047
49.28299042475324,0.4860317802604385,0.005967659224586643,0.5080005605149752,0.5161763788641629,1.046358613086658
49.413368706300204,0.4801695055197839,0.00934969324815733,0.5104808012320589,0.518295691971972,1.0664317145664295
49.54374698784717,0.47662938420940654,0.00811931873584201,0.5152512970547517,0.5204146759892162,1.0588456224213647
49.67412526939413,0.47684703608223544,0.0035202971085863104,0.5196326668091787,0.5225332928009876,1.0289146176887771
49.8045035509411,0.4784822629466977,0.00019143712849869034,0.5213262999248037,0.524651504299078,1.0011243585383398
49.93488183248807,0.47778333147531477,0.0014849871929561928,0.5207316813317292,0.5267692723824802,1.0132747960035167
50.065260114035034,0.47335700670615694,0.0060881442895478356,0.5205548490042953,0.5288865589582302,1.0458584618094835
50.195638395582,0.46755590179051276,0.009352644049567928,0.5230914541599191,0.5310033259419914,1.064870769274658
50.32601667712897,0.4641018028010576,0.007985894180454268,0.5279123030184885,0.533119535258827,1.0561746795770728
50.456394958675936,0.46434596653606985,0.0033692589281373803,0.5322847745357929,0.5352351488437362,1.0258129105769034
50.5867732402229,0.4659241823721729,0.00015929229403023525,0.5339165253337969,0.5373501286424801,0.9987422704175629
50.717151521769864,0.4651451659160863,0.0015882556162166409,0.5332665784676971,0.5394644366122784,1.0121140710788321
50.84752980331683,0.460699521554907,0.006206720808375199,0.5330937576367178,0.5415780347223471,1.0444197121035408
50.9779080848638,0.45496253814280224,0.009351012114423908,0.5356864497427738,0.5436908849546583,1.0623581955988186
51.108286366410766,0.45159475175698904,0.007849859231205536,0.5405553890118056,0.5458029493047769,1.0525638724246287
51.238664647957734,0.45186412237684154,0.003220240529819263,0.544915637093339,0.5479141897822617,1.0218020709952635
51.369042929504694,0.45338510189212256,0.00013178477331602967,0.5464831133345616,0.5500245684114842,0.9954949891773607
51.49942121105166,0.4525284392807627,0.0016941268288137737,0.5457774338904235,0.5521340472324703,1.0100505582134967
51.62979949259863,0.44806747395569,0.006323268379129522,0.5456092576651803,0.55424258830132,1.042044573969637
51.760177774145596,0.442397492370891,0.009344797730591065,0.548257709898518,0.5563501536910271,1.0588972373769132
51.890556055692564,0.4391162311789407,0.007711344765032942,0.5531724240560266,0.5584567054920216,1.048017433638809
52.02093433723953,0.43940949566192256,0.0030733815035273544,0.55751712283455,0.5605622058131574,1.0168869223761992
52.15131261878649,0.4408730807259202,0.00010893219937903834,0.559017987074701,0.5626666167820258,0.9913888427709625
52.28169090033346,0.43994128268361604,0.0018024888970981237,0.5582562284192859,0.5647699005460112,1.0070869403960245
52.412069181880426,0.4354689962605752,0.006437668628905941,0.558093335110519,0.5668720192726148,1.0387364658117106
52.54244746342739,0.42986882317309827,0.009334005705784517,0.5607971711211172,0.5689729351503828,1.0544923562168462
52.67282574497436,0.4266742224088109,0.007570484088627036,0.5657552935025622,0.5710726103893807,1.0425408028212175
52.80320402652133,0.42699006144990614,0.0029288193056945036,0.5700811192443993,0.5731710072218987,1.0110734743864946
52.93358230806829,0.4283961616332091,9.074763820746758e-05,0.5715130907285834,0.575268087903657,0.9864315279255107
53.063960589615256,0.42739180868262705,0.0019132274705353542,0.5706949638468377,0.5773638147138954,1.0032270910489367
53.19433887116222,0.4229121987793343,0.006549805330988691,0.5705379958896772,0.5794581499559305,1.03450001519394
53.32471715270919,0.41738456497788495,0.009318645364959952,0.5732967896571548,0.5815510559579123,1.0491492314951016
53.45509543425616,0.41427668292853514,0.007427412810695044,0.5782959042607698,0.5836424950744733,1.036140625754427
53.585473715803126,0.4146137727051156,0.002786689127380903,0.5825995381675039,0.585732429686375,1.0043689223733467
53.715851997350086,0.41596236575069667,7.723957943918248e-05,0.5839603946698646,0.5878208222007648,0.9806320116999427
53.84623027889705,0.41488810604614085,0.0020262258990797963,0.5830856680547795,0.5899076350534559,0.9984760743643045
53.97660856044402,0.41040516454621817,0.006659564525442485,0.5829352709283396,0.5919928307078789,1.0293410596520753
54.10698684199099,0.40495272278397126,0.009298730546463269,0.5857485466695659,0.5940763716572871,1.042874760387289
54.237365123537955,0.4019315412753645,0.00728226871227892,0.5907861900123568,0.5961582204246084,1.028824753682781
54.36774340508492,0.40228855521565743,0.0026471237649437858,0.595064321019399,0.5982383395622617,0.9967816469120918
54.49812168663188,0.4035796874410166,6.841193161386052e-05,0.59635190062737,0.6003166916547703,0.9740002908092913
54.62849996817885,0.40243823453427685,0.0021413653501687756,0.5954204001155543,0.6023932393181349,0.9928401457545623
54.75887824972582,0.3979559441071498,0.00676683463183014,0.5952772212610203,0.6044679452008135,1.023266647506705
54.889256531272785,0.3925812670236805,0.00927427958916294,0.5981444533871567,0.6065407719843935,1.0356770579063603
55.01963481281975,0.3896466919773868,0.007135191614015291,0.603218116408598,0.608611682384263,1.0206022426333383
55.15001309436672,0.3900223025284678,0.002510253493049084,0.6074674439784833,0.6106806391502797,0.9883212134814998
55.28039137591368,0.39125608915846827,6.426402186415985e-05,0.6086796468196679,0.6127476050674427,0.9665469712356523
55.41076965746065,0.39005021969856346,0.0022585249299412577,0.6076912553714956,0.614812542956561,0.9863267524674013
55.541147939007615,0.3855725503261457,0.00687150656442315,0.6075559431094314,0.6168754156749222,1.0162850387669349
55.67152622055458,0.3802781284456338,0.009245315320117353,0.6104765562342491,0.6189361861169609,1.0275654570260981
55.80190450210155,0.37742999050942516,0.006986323242756398,0.6155836862478187,0.6209948172149249,1.0114833528148977
55.93228278364852,0.37782287090478284,0.002376205939758308,0.6198009231554589,0.6230512719395443,0.9789983722977507
56.06266106519548,0.3789994963342811,6.479060016467734e-05,0.6209357130655546,0.6251055133006945,0.9582827543493059
56.193039346742445,0.3777320477031554,0.002377581805120101,0.6198903704917247,0.6271575043480652,0.9789445343525818
56.32341762828941,0.37326295321810493,0.006973473841157771,0.6197635729407374,0.6292072081718205,1.0084057060979728
56.45379590983638,0.36805119302712164,0.009211865033423059,0.6227369419394554,0.6312545879032686,1.0185505088664444
56.58417419138335,0.3652892482764545,0.006835807094767533,0.6278749446287779,0.6332996067155182,1.0014795481086467
56.714552472930315,0.3656980742986537,0.0022451059648888883,0.6320568197364573,0.6353422278241477,0.968825058355471
56.844930754477275,0.36681779228421024,6.998184792594232e-05,0.633112225867864,0.6373824144878617,0.9492180875525797
56.97530903602424,0.365491660170961,0.002498411327102974,0.6320099285019362,0.6394201300091548,0.9707033248169513
57.10568731757121,0.361035074808462,0.00707263269259396,0.6318922924989441,0.6414553377349707,0.9996393359248656
57.23606559911818,0.35590829691357423,0.009173960467963394,0.6349177426184625,0.6434880010573606,1.0086439830176697
57.366443880665145,0.35323222762382234,0.006683788298506664,0.6400839840776712,0.6455180834141448,0.9906034957014906
57.49682216221211,0.3536556793625534,0.0021170755402767434,0.6442272450971699,0.6475455482895671,0.9578143917116246
57.62720044375907,0.3547188131433796,7.982339132017274e-05,0.6452013634653001,0.6495703592149527,0.9393632240593583
57.75757872530604,0.3533369490580107,0.0026208871588815994,0.6440421637831077,0.6515924797693649,0.9616141520025088
57.88795700685301,0.3488967840246531,0.007168882167239039,0.6439343338081079,0.6536118735802599,0.9899978296885036
58.018335288399975,0.3438572213926175,0.00913163777860622,0.6470111408287765,0.6556285043241399,0.9978588680127096
58.14871356994694,0.3412666368807034,0.006530413474863542,0.652202949644433,0.6576423357272072,0.9788690658902972
58.27909185149391,0.34170340048231673,0.0019922336336273177,0.6563043658840562,0.6596533315660181,0.9459806780785983
58.40947013304087,0.3427103428291368,9.42963186768724e-05,0.6571953608521863,0.6616614556681338,0.9287286489697111
58.53984841458784,0.3412757515594367,0.002744881401035799,0.6559793670395274,0.6636666719127687,0.95168924019434
58.670226696134804,0.3368558916226963,0.007262124232947473,0.6558819841443566,0.6656689442314421,0.979494305296877
58.80060497768177,0.33190568790341346,0.009084937504019877,0.6590093745925667,0.6676682366086297,0.9862093720106535
58.93098325922874,0.32940012543762176,0.006375830596386355,0.6642240439659921,0.6696645130824004,0.9662913321110068
59.06136154077571,0.32984889484554253,0.0018706960946061604,0.6682804090598513,0.6716577377450855,0.933339409778146
59.191739822322674,0.33080010803798254,0.00011337720278055851,0.6690865147592372,0.6736478747438953,0.9173255928825563
59.322118103869634,0.3293158450502681,0.0028702647228238012,0.6678138902269082,0.6756348882815872,0.94094201155023
59.4524963854166,0.3249201451503305,0.007352263878748407,0.667727590970921,0.6776187426170964,0.9681430988492807
59.58287466696357,0.320061353084993,0.009033904530618357,0.670904742384389,0.6795994020661911,0.9737109237407001
59.71325294851054,0.31764027886253265,0.00622018884500704,0.6761395322924603,0.6815768310021032,0.9528865712427392
59.843631230057504,0.31809975754565445,0.001752575544581513,0.6801476669097638,0.6835509938561674,0.9199072671380324
59.97400951160447,0.31899577327712214,0.00013703812711372737,0.6808671885957642,0.6855218551184759,0.9051664113015072
60.10438779315143,0.3174649420644335,0.0029969064908403134,0.6795381514447262,0.6874893793385011,0.92938708814348
60.2347660746984,0.31309722395345213,0.00743920920855644,0.6794635668379918,0.6894535311257467,0.9559597666393012
60.36514435624537,0.30833180386863773,0.008978588050080108,0.6826896080812821,0.6914142751503474,0.9603801737518949
60.495522637792334,0.305994614058185,0.006063638468458455,0.6879417474733569,0.6933715761438075,0.9386722642473331
60.6259009193393,0.3064635167255773,0.0016379812690559404,0.691898502005367,0.6953253988994655,0.9057021204056255
60.75627920088627,0.3073049359360598,0.00016524671689736991,0.6925298173470432,0.6972757082733065,0.8922647852831239
60.88665748243323,0.3057306853150783,0.0031246749023713907,0.6911446397825504,0.6992224691844744,0.9170402944347406
61.017035763980196,0.30139473422458596,0.007522871537650805,0.6910823942377633,0.7011656466159303,0.9429610875690166
61.147414045527164,0.29672455261332625,0.008919041516079605,0.6943564058705942,0.7031052056150675,0.9462349960664458
61.27779232707413,0.2944705744632114,0.005906330635953612,0.6996230949008353,0.705041111294481,0.9236670972147984
61.4081706086211,0.2949476287636447,0.0015270191135022463,0.7035253521228528,0.7069733288323652,0.8907430322771284
61.538548890168066,0.29573512139977065,0.00019796617419183407,0.7040669124260379,0.7089018234732883,0.8786357955538424
61.668927171715026,0.29412064275960326,0.0032534371170288632,0.7026259201233681,0.7108265605288184,0.9039186601906317
61.799305453261994,0.28982020410117254,0.00760316548055941,0.7025766304182679,0.7127475053780137,0.9291650659796419
61.92968373480896,0.28524703229286275,0.008855322592719025,0.7058976451144185,0.7146646234682577,0.9312944902716372
62.06006201635593,0.28307552530167596,0.005748417292309756,0.7111760574060142,0.7165778803157439,0.9078909628871767
62.190440297902896,0.2835594735046949,0.0014197913827876077,0.7150207351125175,0.7184872415059939,0.8750502611504272
62.32081857944986,0.28429377820751467,0.00023515531739750497,0.715471066475088,0.7203926726948139,0.8642959307277891
62.45119686099682,0.28264230271241475,0.003383059391445092,0.7139746378961405,0.7222941396085316,0.8900404239644454
62.58157514254379,0.2783810788128705,0.0076800090399646815,0.7139389121471652,0.7241916080448967,0.9145909350412447
62.71195342409076,0.2739065917320418,0.00878749310265919,0.7173059151652992,0.7260850438734142,0.9155789841795237
62.842331705637726,0.27181674888163687,0.005590051012079075,0.7225932001062844,0.7279744130363727,0.8913649627546247
62.97270998718469,0.2723063495401708,0.00131639674348585,0.7263772537163438,0.729859681548946,0.8586452652178478
63.10308826873166,0.2729882732604011,0.0002767686253044087,0.7267349581142948,0.7317408155002462,0.8492630688316531
63.23346655027862,0.27130306900871065,0.0035134072138762124,0.7251835237774131,0.7336177810537132,0.875425037202995
63.36384483182559,0.2670847158840632,0.0077533236891986265,0.7251619604267385,0.7354905444477823,0.8992591607515343
63.494223113372556,0.26271049089995757,0.008715618968013306,0.7285738901320293,0.7373590719963027,0.8991100371135783
63.62460139491952,0.26070143994840256,0.0054313848522759625,0.7338671751993215,0.7392233300896632,0.8741114098143434
63.75497967646649,0.26119546953895456,0.001216930130465763,0.73758760033058,0.7410832851946935,0.8415507075480024
63.88535795801346,0.2618258870797418,0.0003227562846512324,0.737851356635607,0.7429389038557903,0.8335564519330025
64.01573623956043,0.2601102562224098,0.003644345438948845,0.7362453983386413,0.7447901526956819,0.8600931690822291
64.14611452110739,0.25593838039265304,0.007823034452942749,0.7362385851544047,0.746636998414496,0.8831914466786426
64.27649280265436,0.2516658962595203,0.008639770149342195,0.7396943335911377,0.7484794077932111,0.8819104439600802
64.40687108420131,0.2497367010930926,0.0052725722050922024,0.7449907267018153,0.7503173476915588,0.856153832108485
64.53724936574828,0.25023395563345174,0.0011214826563587818,0.7486445617101893,0.7521507850498615,0.8237904623040088
64.66762764729525,0.2508138091212135,0.0003730642429546685,0.7488131266358321,0.7539796868898057,0.8171966623823845
64.79800592884222,0.24907108494115798,0.0037757384252975644,0.7471531766335443,0.755804020313932,0.8440667122064935
64.92838421038918,0.24494924028889484,0.007889069984602103,0.7471616897265033,0.7576237525073484,0.8664107395596111
65.05876249193615,0.2407798761788026,0.008560020579456349,0.7506601032417413,0.7594388507382486,0.8640042400900121
65.18914077348312,0.23892953822114288,0.005113766650053267,0.7559566951288041,0.7612492823575763,0.8375169771631897
65.31951905503009,0.23942883486232672,0.0010301415254255306,0.7595410236122482,0.763055014800618,0.8053896222888148
65.44989733657705,0.23995913314542033,0.00042763426421822725,0.7596132325903615,0.7648560155870713,0.8002056036507206
65.58027561812402,0.2381926771018327,0.003907450169787453,0.75789987272838,0.7666522523217478,0.827368789252807
65.71065389967099,0.23412436177827425,0.007951362637634083,0.7579242755840918,0.76844369269515,0.848941235875003
65.84103218121795,0.23005939640600104,0.008476448093397645,0.7614641555006016,0.7702303044840552,0.8454167072978667
65.97141046276491,0.2282868560825647,0.0049551218059299,0.7667580221115053,0.7720120555520922,0.8182268174691429
66.10178874431188,0.2287870346742032,0.0009429899506479286,0.7702699753751491,0.7737889138503241,0.7863745080115397
66.23216702585884,0.2292688526502432,0.0004864039899248506,0.770244743359832,0.7755608474178203,0.7826064864671501
66.36254530740581,0.2274820513890719,0.004039344446684986,0.7684786041642433,0.7773278243822317,0.8100237607700655
66.49292358895278,0.2234707047687638,0.008009848537570204,0.768519446693666,0.7790898129603671,0.8308083895942544
66.62330187049974,0.21951131561030016,0.008389134355647709,0.7720995500340524,0.7808467814587623,0.8261743809205158
66.75368015204671,0.21781545386727472,0.004796791182649645,0.777387754950076,0.7825986982742493,0.798310557164146
66.88405843359368,0.2183153784940407,0.0008601070751438544,0.7808245144308152,0.784345531894528,0.7667726785107448
67.01443671514065,0.21874985636584382,0.0005493070029704291,0.780700836631186,0.7860872508987308,0.7644238200375146
67.14481499668761,0.21694611870034608,0.004171284942566537,0.7788825963570875,0.7878238239579879,0.7920572342298646
67.27519327823458,0.21299511838918062,0.008064467644836447,0.7789404139659833,0.7895552198359904,0.812038921207987
67.40557155978155,0.20914238099397373,0.008298164781137613,0.7825594542248889,0.7912814073895551,0.8063050582967483
67.53594984132852,0.2075220208684146,0.004638928033194822,0.7878390510983908,0.7930023555691802,0.7777966400971119
67.66632812287547,0.2080205813557936,0.0007815678972943698,0.7911978507469121,0.7947180334196075,0.7466129441826272
67.79670640442244,0.2084089238168613,0.0006162728963757414,0.7909748032867633,0.7964284100803782,0.7456834079449592
67.9270846859694,0.20659167768001074,0.004303135394929704,0.7891051869250595,0.7981334547863869,0.7734960745778482
68.05746296751637,0.20270433657739725,0.00811516381920308,0.7891804996033996,0.799833136868436,0.7926608283104389
68.18784124906334,0.19895922397455673,0.00820362845573893,0.7928371475697047,0.8015274257537871,0.7858378088003388
68.3182195306103,0.1974131322156997,0.0044816852058095135,0.798105182578491,0.8032162909667122,0.7567147594781007
68.44859781215727,0.19790924560397177,0.0007074431998771783,0.8013833111961515,0.8048997021290387,0.7259253818911491
68.57897609370424,0.19825272095359137,0.0006872273454340474,0.8010600517009748,0.8065776289606995,0.7264123483161191
68.70935437525121,0.19642541032567593,0.0044347597279600064,0.7991398299463645,0.8082500412802749,0.7543684164517417
68.83973265679818,0.19260497374505423,0.008161884875726385,0.7992331413792195,0.8099169090055387,0.7727033978981455
68.97011093834514,0.18896835594436895,0.008105618049834767,0.8029260260057964,0.8115782021539935,0.7648029856440173
69.10048921989211,0.18749524468274636,0.004325214996386228,0.8081795403208678,0.813233890843419,0.735095869347588
69.23086750143906,0.18798785666625023,0.0006377994835802531,0.81137434385017,0.8148839452924007,0.704741352650946
69.36124578298603,0.18828779585532354,0.0007620921835159697,0.8109501119611606,0.8165283358208687,0.7066390379641097
69.491624064533,0.18645387766939187,0.004566022189741342,0.8089801001408669,0.8181670328506323,0.7347036783435259
69.62200234607997,0.1827035205184904,0.00820458264019968,0.8090918968413102,0.8198000069059103,0.7521972206904122
69.75238062762693,0.1791761641059346,0.008004229731027466,0.8128196061630383,0.8214272286138717,0.743232239750075
69.8827589091739,0.1777746925695172,0.00416966900153827,0.818055638428945,0.8230486687051433,0.7129721981305778
70.01313719072087,0.17826277890113026,0.0005726989042464164,0.8211645221946238,0.8246642980143549,0.6830935221629306
70.14351547226784,0.17852057450910302,0.0008407854825044099,0.8206386400083924,0.8262740874806456,0.6863931803565932
70.2738937538148,0.17668351553662467,0.004696787488951211,0.8186196969744244,0.8278780081482133,0.714532578972107
70.40427203536177,0.1730063395608222,0.008243212998486411,0.8187504474406917,0.8294760311668199,0.7311742077340886
70.53465031690874,0.16958890738928703,0.007899563071414175,0.8225115295392992,0.8310681277922902,0.7211585359661945
70.6650285984557,0.16825768366395039,0.004015197972218232,0.8277271183638314,0.8326542693870672,0.6903772645806147
70.79540688000266,0.16874025152160674,0.0005121992147744584,0.830747549263619,0.8342344274207029,0.6610158844527936
70.92578516154963,0.16895735666531397,0.0009232216351983387,0.830119421699488,0.8358085734703873,0.6657057973439454
71.0561634430966,0.16712063038587305,0.004826920929262341,0.8280524486848648,0.8373766792214308,0.6938871561760221
71.18654172464356,0.16351966147673702,0.008277735942393468,0.8282026025808696,0.8389387164677976,0.7096676096475215
71.31692000619053,0.16021271245138125,0.007791720952649095,0.83199556659597,0.8404946571126297,0.6986161719902679
71.4472982877375,0.15895029528425172,0.003861951668027233,0.8371877530477214,0.8420444731687007,0.6673458964610829
71.57767656928446,0.15942638459921857,0.0004563537109178967,0.8401172616898638,0.8435881367589617,0.6385437887488907
71.70805485083143,0.15960431177468004,0.001009311443420404,0.8393863767818999,0.845125620117036,0.6446092447731859
71.8384331323784,0.15777139523122824,0.004956288546716994,0.8372723162220548,0.8466568955877253,0.6728007887358409
71.96881141392537,0.154249580802478,0.008308115612786063,0.8374423035847363,0.8481819356274415,0.6877120388989999
72.09918969547233,0.15105356976149542,0.007680809467279471,0.8412656207712256,0.8497007128048077,0.6756408003974836
72.2295679770193,0.14985847040501185,0.0037100787126602645,0.846431450882328,0.8512131998010873,0.6439142523704968
72.35994625856625,0.15032715514940306,0.00040521118173054017,0.8492676336688667,0.8527193694106737,0.6157139695296525
72.49032454011322,0.15046747500724128,0.0010989622074431488,0.8484335627853157,0.8542191945415872,0.6231372321362348
72.62070282166019,0.1486418456511514,0.005084757241483927,0.8462733971073648,0.8557126482160273,0.6513082214928168
72.75108110320716,0.1452020520852115,0.008334320335156502,0.8464636275796322,0.8571997035707398,0.6653434955442269
72.88145938475412,0.1421173297750235,0.007566937816427432,0.8503157324085494,0.85868033385748,0.6522694542339262
73.01183766630109,0.14098801386931709,0.003559726450207056,0.8554522596804761,0.860154512443833,0.6201198471744352
73.14221594784806,0.14144840330205352,0.00035881586411980876,0.8581927808338269,0.8616222128131416,0.5925645792656802
73.27259422939503,0.14155274335772605,0.0011920778206709962,0.8572551788216032,0.8630834085653568,0.6013248466026326
73.40297251094199,0.13973787588531633,0.005212194913822846,0.855049929200861,0.8645380734176612,0.6294455943329967
73.53335079248896,0.13638288605149876,0.008356322655859704,0.8552607912926417,0.8659861812043953,0.6425993969965766
73.66372907403593,0.1334096991968452,0.007450218205703999,0.8591400825974508,0.8674277058779253,0.6285405767257268
73.7941073555829,0.13234458868928428,0.003411040802698616,0.8642443705080174,0.8688626215092026,0.5960015815883055
73.92448563712985,0.13279582855871389,0.0003172074019969725,0.8668869640392894,0.8702909022878056,0.5691352227034275
74.05486391867682,0.1328658718383826,0.0012885588661215447,0.865845569295496,0.8717125225228782,0.5792085818189245
74.18524220022378,0.13106523502278242,0.005338470594471404,0.8635962943827461,0.8731274566432078,0.6072504755460918
74.31562048177075,0.12779774587067352,0.008374099368993282,0.8638281547603331,0.8745356791980369,0.6195186123850289
74.44599876331772,0.12493623733912733,0.007330765735971831,0.8677329969249009,0.8759371648569221,0.6044940557170884
74.57637704486469,0.12393371243757934,0.0032641661291386644,0.872802121433282,0.8773318884112264,0.5715997765454922
74.70675532641165,0.1243749861392538,0.00028042080980833446,0.8753445930509379,0.8787198247733979,0.5454669904428244
74.83713360795862,0.12441246976276019,0.001388302717097676,0.8741992275201421,0.8801009489781668,0.5568263720396988
74.96751188950559,0.12262952328333065,0.005463454577381283,0.8719070221392884,0.881475236182912,0.5847619002953703
75.09789017105255,0.11945214351233958,0.008387631543583551,0.872160224944077,0.8828426616677116,0.5961415022756429
75.22826845259952,0.1167023525726402,0.007208698293671666,0.8760889491336883,0.884203200836627,0.5801712636005908
75.35864673414649,0.11576075373177747,0.0031192450857538316,0.8811200011824686,0.8855568292166877,0.5469562130895266
75.48902501569346,0.1161912834206463,0.00024848644055463674,0.8835602301387991,0.8869035224599021,0.5216024879839977
75.61940329724041,0.11619799712232641,0.001491203640733061,0.8823107992369407,0.8882432563431865,0.5342176322484558
75.74978157878738,0.11443618839488398,0.005587018548803458,0.8799767930563127,0.8895760067678433,0.56202041495457
75.88015986033435,0.11135143620301875,0.008396904542950962,0.8802516592540305,0.8909017497615527,0.5725099645571672
76.01053814188131,0.10871329887712039,0.007084136436132753,0.8842025646867472,0.892220461477585,0.5556151035897613
76.14091642342828,0.10783092881436751,0.0029764184881238913,0.8891926526975088,0.8935321181958967,0.5221141786723484
76.27129470497525,0.10824997646908631,0.00022142995834542936,0.8915285935725682,0.8948366963232892,0.4975858544535441
76.40167298652221,0.10822776105816248,0.0015971529037052978,0.8901750860381321,0.8961341723938895,0.511423305086228
76.53205126806918,0.10649052206904729,0.005709035715868446,0.8878004422150841,0.8974245230695703,0.5390681282792973
76.66242954961615,0.10350082298217543,0.008401908042235857,0.8880972689755886,0.8987077251403744,0.5486674875301533
76.79280783116312,0.10097417249014766,0.006957203275803389,0.8920686242340492,0.8999837555249254,0.5308700633889962
76.92318611271008,0.10014929823000135,0.002835825174790806,0.897014876595208,0.9012525912708488,0.49711852089231956
77.05356439425705,0.10055616666927726,0.0001992723155251353,0.8992445610151977,0.9025142095551814,0.47346276351532945
77.183942675804,0.10050691243078848,0.0017060388827276397,0.897787048686484,0.9037685876847827,0.48848591561811705
77.31432095735097,0.09879765657710093,0.005829380934565494,0.895372962488334,0.9050157030967443,0.5159487705363967
77.44469923889794,0.09590534136111975,0.008402636040486744,0.8956920225983936,0.9062555333587925,0.5246592113769407
77.5750775204449,0.093489908658636,0.006828024360923894,0.8996820669804402,0.9074880561696959,0.5059822774852893
77.70545580199187,0.09272076360251943,0.0026976018730670184,0.9045816345244135,0.9087132493596626,0.4720157099183967
77.83583408353884,0.09311479745124844,0.0001820297342820705,0.9067031728144695,0.9099310908907424,0.4492803990962152
77.96621236508581,0.09304044248904703,0.001817747175097893,0.9051418103358553,0.9111415588572214,0.46544963510967163
78.09659064663278,0.09136256142894983,0.005947930832930345,0.9026895077381202,0.9123446314860151,0.49270776190732846
78.22696892817974,0.08856986408661323,0.00839908686796804,0.9030310490454188,0.9135402871370631,0.5005319994533723
78.35734720972671,0.08626527849376557,0.006696727554175329,0.907037993952059,0.9147285043037153,0.48099959955374605
78.48772549127368,0.08555006451358219,0.0025618830664716013,0.9118880524199464,0.9159092616131206,0.44685391108395567
78.61810377282065,0.08593065111847203,0.00016971369295272273,0.9138996351885753,0.9170825378266105,0.4250874033115503
78.7484820543676,0.08583317964176511,0.00193216071493244,0.9122346596433029,0.9182483118400815,0.4423603553512806
78.87886033591457,0.08419004015663997,0.0060645639371273395,0.909745395906233,0.9194065626843744,0.4693922918412215
79.00923861746153,0.08149909601050478,0.008391263191373373,0.9101096407981217,0.9205572695256531,0.47633452115399816
79.1396168990085,0.07930488593183087,0.006563442909076003,0.9141316711590933,0.9217004116657753,0.455971686773077
79.26999518055547,0.07864177548493201,0.002428800864633257,0.9189294236504347,0.9228359685426699,0.4216830694580608
79.40037346210244,0.07900834577791664,0.00016233091681233845,0.9208293233052711,0.923963919730704,0.40093380602820017
79.5307517436494,0.07888978633278779,0.0020491598891442344,0.9190610537780683,0.9250842449410487,0.419265775279526
79.66113002519637,0.07728472720520853,0.006179160790324711,0.916536112004467,0.9261969240220514,0.4460514112540946
79.79150830674334,0.07469757106915877,0.008379172010852904,0.9169232569199887,0.9273019369595867,0.4521173484282819
79.9218865882903,0.07261316480331492,0.006428302543472252,0.9209585326532129,0.9283992638774268,0.430950098237383
80.05226486983727,0.07200030306622848,0.0022984848753126235,0.925701212058459,0.9294888850375913,0.39655500858592746
80.18264315138424,0.07235233237507915,0.00015988337354157415,0.9274877842513796,0.9305707808407109,0.37687096399919495
80.3130214329312,0.07221475602263995,0.0021686226581460093,0.9256166213192144,0.9316449318263701,0.3962155021603038
80.44339971447816,0.07065108493220965,0.006291604074418164,0.9230573109933723,0.9327113186734663,0.4227361400516995
80.57377799602513,0.06816964937221964,0.00836282465737301,0.9234675259704073,0.9337699222005483,0.4279330685891348
80.7041562775721,0.06619437601082676,0.006291440512145552,0.9275141834770277,0.9348207233661696,0.4059884101648122
80.83453455911906,0.06562988303027006,0.0021710620786981323,0.9321990548910318,0.935863703269229,0.371523546095769
80.96491284066603,0.06596689183526495,0.0001623682733080553,0.9338707398914273,0.9368988431493009,0.3529515537343184
81.095291122213,0.06581241027790315,0.0022904246772233153,0.9318971650448736,0.9379261243869905,0.37326117002889564
81.22566940375997,0.06429340071848332,0.006401778725530837,0.929304820555986,0.9389455285042503,0.3994995928807059
81.35604768530693,0.061919514405082796,0.008342236781329804,0.9297382488135877,0.939957037164733,0.4038364165680569
81.4864259668539,0.06005260481949374,0.006152992675903093,0.9337944025046035,0.940960632174088,0.38114235122592544
81.61680424840087,0.059534577677391745,0.002046656704548758,0.9384187656180598,0.9419562954803425,0.34664462951851316
81.74718252994784,0.05985613231299107,0.00016977807329376154,0.9399740896137152,0.9429440091741589,0.3292296621421812
81.87756081149479,0.059686895970717364,0.002414439420894077,0.9378986646083884,0.9439237554892178,0.3504565788098476
82.00793909304176,0.05821578419152376,0.0065095720501921585,0.9352746437582842,0.9448955168024992,0.37639712685109
82.13831737458872,0.05595117034469598,0.00831742834035429,0.9357314013149498,0.9458592756346099,0.3798844306690806
82.26869565613569,0.05419175825953309,0.006013096570336743,0.9397951451701305,0.9468150146501096,0.3564699621816965
82.39907393768266,0.0537182732507432,0.0019253901115351508,0.9443563366377218,0.9477627166578189,0.32197649649614124
82.52945221922963,0.05402398655189727,0.00018210048719867933,0.9457939129609042,0.9487023646110914,0.3057609958498772
82.6598305007766,0.053842182590107014,0.0025405383097830366,0.9436172791001101,0.9496339416081773,0.3278578583784969
82.79020878232356,0.052422164563623,0.00661487383751963,0.9409629615988577,0.9505574308925087,0.35348651584234914
82.92058706387053,0.050268439492081,0.008288423580328287,0.941443136927591,0.9514728158529585,0.3561366368430751
83.0509653454175,0.04861556264444074,0.0058718912716815876,0.9455125460838776,0.9523800800242225,0.33203178509907144
83.18134362696446,0.048184677464073775,0.0018073806697523388,0.950007941866174,0.9532792070870324,0.2975798646745169
83.31172190851143,0.048474209355691876,0.00019931849872351873,0.9513264721455847,0.9541701808684909,0.28260319625183794
83.4421001900584,0.048282059666563786,0.0026685908375012595,0.949049349495935,0.9550529853423645,0.3055236629490431
83.57247847160535,0.04691628808638369,0.0067175764687267825,0.9463661354448898,0.9559276046293753,0.330828157306901
83.70285675315232,0.04487495982208481,0.00825525101355429,0.9468697891643614,0.9567940229974342,0.33265526795896727
83.83323503469929,0.04332756120498653,0.00572951726180625,0.9509429215332073,0.9576522248620128,0.30789108890870254
83.96361331624625,0.042937317143638,0.0016927436456963664,0.955369939210666,0.9585021947863149,0.27351815803837726
84.09399159779322,0.0432103751732333,0.00022141038037653665,0.9565682144463903,0.9593439174817244,0.2598162256661839
84.22436987934019,0.04301013431228867,0.0027984647025016685,0.9541914009852097,0.9601773778078166,0.28351540276655907
84.35474816088715,0.041701715623115726,0.006817575026217698,0.9514807093506669,0.9610025607729271,0.30848531918185695
84.48512644243412,0.03977418265245666,0.008217943392445326,0.9520078739550983,0.9618194515342114,0.3095055264049178
84.61550472398109,0.0383311118414187,0.005586116291408097,0.9560827718671736,0.9626280353979607,0.28411414005566027
84.74588300552806,0.03797953598560244,0.0015815910906152176,0.9604388729237823,0.9634282978199344,0.24985777845896937
84.87626128707502,0.03823587579783072,0.00024834971608261815,0.9615157744860867,0.9642202244055333,0.23746279203872467
85.00663956862199,0.038029828877735754,0.002930025937893993,0.9590401451843708,0.9650038009101052,0.26189752203754424
85.13701785016895,0.03678182034109767,0.006914767395752051,0.9563034122631506,0.9657790132393094,0.2865244367677074
85.26739613171591,0.034969370433945664,0.008176537677692957,0.9568540918883616,0.9665458474489337,0.28675590094692915
85.39777441326288,0.033629384994840986,0.005441831241935444,0.9609287837632241,0.9673042897459996,0.2607705297507011
85.52815269480985,0.03331449243053426,0.0014740317315753663,0.9652114758378904,0.9680543264877808,0.22666843396377062
85.65853097635681,0.03355391818350123,0.0002801054289776807,0.9661659763875214,0.9687959441834434,0.21560879856328616
85.78890925790378,0.033344378726982836,0.003063139046450373,0.9635924822265671,0.9695291294930544,0.2407378350125402
85.91928753945075,0.03215978552464509,0.007009054371098582,0.9608311601042563,0.9702538692286136,0.26501547274460313
86.04966582099772,0.030463594661906325,0.00813107500490643,0.9614053303331875,0.9709701503541054,0.26447855242186286
86.18004410254468,0.02922536163909292,0.0052968059865275315,0.9654778323743798,0.9716779599854622,0.2379335731871882
86.31042238409165,0.028945157656167377,0.0013701708659341145,0.9696846714778986,0.9723772853911005,0.20402353910545865
86.44080066563862,0.029167522378632512,0.00031664181320224414,0.9705158358081656,0.9730681139920111,0.1943238263759121
86.57117894718559,0.028956830132524234,0.003197667133901255,0.9678455027335744,0.9737504333620544,0.22010793600781087
86.70155722873254,0.027838602511002935,0.007100339750474976,0.9650610577385225,0.9744242312281057,0.24403235788856453
86.83193551027951,0.02625973391219987,0.008081600643399037,0.9656586654444012,0.975089495470316,0.24274978794144542
86.96231379182647,0.025121831394881795,0.005151185249384584,0.9697269833557339,0.9757462141223886,0.21568080160363035
87.09269207337344,0.02487431368976972,0.0012701102591260584,0.9738555760511045,0.9763943753717104,0.1820007083180365
87.22307035492041,0.02507951957901641,0.00035791857044121405,0.9745625618505424,0.9770339675595925,0.17368167543969942
87.35344863646738,0.02487003829150892,0.0033334720459451544,0.9717964896625463,0.9776649791814818,0.20008370500015948
87.48382691801434,0.023821068749869927,0.007188530434395726,0.9689904008157348,0.9782873988871659,0.22365353673791125
87.61420519956131,0.02236047200098272,0.008028163954702768,0.9696113640443146,0.9789012154809785,0.22165065088577893
87.74458348110828,0.02132139076647666,0.005005114464982174,0.9736734947685415,0.9795064179220002,0.1940945761597876
87.87496176265525,0.02110455164138217,0.0011739480455943765,0.9777215003130235,0.980102995324256,0.16068237122246146
88.00534004420221,0.021292550301273302,0.00040389085101135433,0.9783035588477155,0.9806909369569148,0.1537610009329191
88.13571832574918,0.021086665464313273,0.0034704145049641137,0.9754429200307231,0.9812702322444766,0.1807459387637454
88.26609660729613,0.020109785988270353,0.007273536517009998,0.9726166774947197,0.9818408707669689,0.20396265204014508
88.3964748888431,0.018768296271100028,0.007970818343653681,0.9732608853852466,0.9824028422601291,0.20126766512800112
88.52685317039007,0.01782644150310834,0.004858739635687452,0.9773148188612044,0.9829561366155929,0.1732628647257582
88.65723145193704,0.017638270058846328,0.0010817786335904158,0.9812799513075636,0.9835007438810734,0.14015655098533458
88.787609733484,0.017809062677621383,0.0004545092987063296,0.9817364280236726,0.9840366542605412,0.13464609419018864
88.91798801503097,0.017609179236847333,0.003608354247916094,0.9787824665152367,0.9845638581144008,0.16218115025614518
89.04836629657794,0.01670715858161137,0.007355271376411756,0.9759375700419772,0.9850823459596646,0.18504941668117963
89.1787445781249,0.01548549600495279,0.007909621207836384,0.9766048827872112,0.9855921084701211,0.18169378933875382
89.30912285967187,0.014639189085130306,0.004712207189390906,0.9806486037254792,0.9860931364765053,0.15328024150897768
89.43950114121884,0.014477673405926527,0.0009936926131518728,0.9845286339809217,0.9865854209666626,0.12051786561730217
89.56987942276581,0.014631310873748232,0.0005097201011306309,0.9848589690251214,0.9870689530857102,0.11642787382695909
89.70025770431278,0.014439850907803732,0.0037471501666042043,0.9818129989255924,0.9875437241361977,0.14448259868424027
89.83063598585973,0.01361539193222764,0.00743365176101085,0.9789509563067614,0.9880097255782629,0.1670107450109543
89.9610142674067,0.01251416096569565,0.007844633881526971,0.9796412051527776,0.9884669490297853,0.16302966480439882
90.09139254895366,0.011761641336647335,0.004565663836273995,0.983672694827079,0.988915386266537,0.1342491996275313
90.22177083050063,0.011624770664204193,0.0009097766681211387,0.9874654526676746,0.989355029222331,0.10186884226548644
90.3521491120476,0.011761353629899503,0.0005694650428532924,0.9876691813272476,0.9897858699891653,0.09920518012146232
90.48252739359457,0.011580754001608554,0.0038866604455001256,0.9845325855528915,0.9902079008173654,0.12775164442044695
90.61290567514153,0.010836491056428504,0.007508597871165344,0.9816549110724064,0.9906211141157262,0.14995225356320324
90.7432839566885,0.009856180067211418,0.007775921576261266,0.9823678983565274,0.9910255024516439,0.145385286148349
90.87366223823547,0.009195607164951793,0.004419256425308026,0.98638513640974,0.9914210585512537,0.11628191727097105
91.00404051978244,0.009081374059888158,0.0008301134915843282,0.9900885124485278,0.9918077752995587,0.08432168499219692
91.1344188013294,0.009201052927092565,0.0006336815643654971,0.990165265508542,0.9921856457405589,0.083086513564353
91.26479708287637,0.009033762908535983,0.004026742704460819,0.9869394943870033,0.9925546630773745,0.11209957651292338
91.39517536442332,0.008372259280793676,0.007580033440665092,0.9840477072785416,0.9929148206723701,0.13399030641529444
91.52555364597029,0.007513240173811407,0.0077035533179955346,0.9847832065081934,0.9932661120472737,0.12888230445977286
91.65593192751726,0.006942695427849772,0.004273131800580818,0.9887841727715698,0.9936085308832929,0.09950270701783617
91.78631020906423,0.006849097916111688,0.0007547817054548981,0.9923961203784337,0.9939420710212274,0.06800072528884712
91.9166884906112,0.0069520727784769705,0.0007023028238083679,0.9923456243977148,0.994266726461582,0.06819244403865582
92.04706677215816,0.006800551652358413,0.004167254137483097,0.9890321942101585,0.9945824913646749,0.09765015509309574
92.17744505370513,0.006224297068898441,0.007647885809804578,0.986127817121297,0.9948893600507366,0.11925489847897738
92.3078233352521,0.005486825030687075,0.007627601878737139,0.9868855730905759,0.9951873270000223,0.1136573208145504
92.43820161679906,0.005004313929479623,0.004127436657450427,0.9908682494130703,0.995476386852901,0.08405154438452885
92.56857989834603,0.004929357631618393,0.0006838557837405559,0.9943867865846411,0.995756534409961,0.053045950615031
92.698958179893,0.005015878147284321,0.0007752577639643285,0.9942088640887515,0.9960277646320962,0.05465907839881111
92.82933646143996,0.004882592786813193,0.004308051655698762,0.9908093555574882,0.996290072640598,0.08454328986664783
92.95971474298693,0.004394000978859419,0.007712086000191442,0.9878939130209494,0.996543453717247,0.10589389962148033
93.09009302453389,0.003778214325230427,0.007548143707040677,0.9886736419677291,0.9967879033043953,0.09986682513749418
93.22047130608085,0.0033816685451519644,0.003982317398884412,0.9926360140559637,0.9970234170050495,0.07008940887065981
93.35084958762782,0.003323368786379216,0.0006174059799030196,0.9960592252337179,0.9972499905829479,0.039618342117567464
93.48122786917479,0.003393733991632488,0.0008524711825615309,0.9957537948258061,0.9974676199626319,0.04264330026530953
93.61160615072176,0.003281156421281686,0.004448992027426642,0.9922698515512917,0.9976763012295371,0.07294064157918614
93.74198443226872,0.0028825627527296884,0.007772568781019862,0.9893448684662507,0.9978760306300453,0.0940796702048303
93.87236271381569,0.00238848288048876,0.007465258851814368,0.9901462582676969,0.9980668045715538,0.08769509109014308
94.00274099536266,0.0020757624759825924,0.0038379199918040573,0.9940863175322137,0.9982486196225497,0.05780692766042775
94.13311927690962,0.0020321463746902613,0.0005554982583318263,0.9974123553669779,0.998421472512673,0.02790850498920579
94.26349755845659,0.0020867044370424495,0.0009338638067604943,0.9969794317561971,0.9985853601327475,0.032331223937804465
94.39387584000356,0.001997309376554598,0.004589932020479027,0.9934127586029667,0.9987402795348861,0.06303476692511027
94.52425412155053,0.001690968538071829,0.007829272735313437,0.990479758726615,0.9988862279325054,0.08402022980916332
94.65463240309748,0.001318499980623806,0.007379030885237599,0.9913024691341389,0.9990232027003717,0.07736799893481043
94.78501068464445,0.0010873956334476902,0.0036943898240216523,0.9952182145425307,0.9991512013746822,0.04743977265019182
94.91538896619141,0.0010565041663398167,0.0004981942298097773,0.9984453016038508,0.9992702216530827,0.018152015591610074
95.04576724773838,0.001095652077189688,0.0010193523721544312,0.9978849955506559,0.9993802613947184,0.023953171784834536
95.17614552928535,0.001031914471136125,0.004730728543521495,0.9942373569853425,0.9994813186202557,0.05506563463293756
95.30652381083232,0.0008199982424110955,0.007882140319784302,0.9912978614378047,0.9995733915119622,0.07598051045267608
95.43690209237928,0.0005689288292902046,0.007289546820018642,0.9921415243506913,0.9996564784136845,0.06918092290183953
95.56728037392625,0.00041716415454293463,0.003551871561461555,0.9960309642839955,0.999730577830915,0.03930057859188463
95.69765865547322,0.0003970541960789683,0.00044555109132553966,0.9991573947125956,0.9997956884307961,0.010661106839192585
95.82803693702019,0.0004212374031972452,0.0011088497041096576,0.9984699128926933,0.9998518090421664,0.01781439520405396
95.95841521856715,0.0003856299386009843,0.004871238786304792,0.9947431312750945,0.9998989386555697,0.04935572293435855
96.08879350011412,0.0002702250208764967,0.007931117922054812,0.9917986570570689,0.9999370764232705,0.07033191376104504
96.21917178166107,0.00014022614092427328,0.007196897024567676,0.9926628768345083,0.9999662216592621,0.06357165037738631
96.34955006320804,6.546004758971609e-05,0.0034105090060512445,0.996524030946359,0.99998637383931,0.03386770871533827
96.47992834475501,5.420638187874372e-05,0.0003976215700159068,0.9995481720481056,0.9999975326009269,0.005911529980248215
96.61030662630198,6.391836212257792e-05,0.0012022648050194881,0.9987338168328582,0.9999996977433968,0.014378164144027011
96.74068490784894,5.8908976450811225e-05,0.005011320362344175,0.9949297706612054,0.9999928692277731,0.046413420365869394
96.87106318939591,4.201489742832387e-05,0.007976155914332936,0.991981829188239,0.9999770471768854,0.06772664821619245
97.00144147094288,3.2641865393040514e-05,0.007101175134098287,0.9928661830005088,0.9999522318753267,0.06142782937650001
97.13181975248985,3.2470969038893486e-05,0.003270444954492708,0.9966970840764686,0.9999184237694607,0.032243146460958855
97.26219803403681,2.8168272073515378e-05,0.0003544538715095341,0.999617377856417,0.9998756234674122,0.0050404717794053045
97.39257631558378,2.395004465969137e-05,0.0012995029428709865,0.9986765470124694,0.9998238317390151,0.014735104942304214
97.52295459713075,5.199942669812348e-05,0.005150831446684504,0.9947971691266178,0.999763049515894,0.04737791065680156
97.65333287867772,0.0001355265199132153,0.008017208700719555,0.9918472647793672,0.9996932778913509,0.06927652560185145
97.78371116022467,0.0002462190460633018,0.0070024779584053,0.9927513029955315,0.9996145181203888,0.06349445066079293
97.91408944177164,0.00031818013130688,0.003131821057750576,0.9965499988109429,0.9995267716196861,0.03471821704752274
98.0444677233186,0.0003189449216321715,0.00031609163255173956,0.9993649634458165,0.9994300399675681,0.008295542860920376
98.17484600486557,0.0003013845024847834,0.0014004657455864349,0.9982981497519288,0.9993243249039783,0.019254429759968564
98.30522428641254,0.00036494358851000554,0.005289630918134213,0.9943454254933561,0.9992096283304475,0.05230584234283721
98.4356025679595,0.0005507110491095744,0.008054234764450881,0.9913950541864397,0.9990859523100613,0.07434852700729519
98.56598084950647,0.0007807938114072454,0.006900905387249761,0.9923183008013432,0.9989532990674197,0.06864122014583376
98.69635913105344,0.0009223663417150541,0.0029947776816854474,0.9960828559766,0.998811670988601,0.04004602814072396
98.82673741260041,0.0009263388975780446,0.00028257387809863037,0.9987910872243235,0.9986610706211154,0.014408275402338
98.95711569414738,0.0008960706952647157,0.0015050512970079398,0.9975988780077274,0.9985015006738602,0.02664315203199796
99.08749397569434,0.000997578162981212,0.005427578495941239,0.9935748433410778,0.9983329640170728,0.0600299465850059
99.21787225724131,0.0012873121818297879,0.008087196706262349,0.9906254911119079,0.9981554636822769,0.08202817970775271
99.34825053878826,0.0016359955000853727,0.006796560290998176,0.9915674442089165,0.997969002862229,0.07619820466387447
99.47862882033523,0.0018446041724565804,0.0028594537688994373,0.995295942058644,0.99777358491086,0.04768661368450881
99.6090071018822,0.0018499504135732472,0.00025393498280501536,0.9978961146036219,0.9975692133432184,0.02285928021732625
99.73938538342917,0.0018076545674230618,0.0016131542376594066,0.9965791911949176,0.9973558918354009,0.03636093367340492
99.86976366497613,0.001949534330141286,0.00556453487942391,0.992485930790435,0.9971336242244914,0.07002637724135068
100.0001419465231,0.002344866308123235,0.008116061283254058,0.9895390724086233,0.9969024145084903,0.09186420159763213
100.13052022807007,0.0028112469195013517,0.0066895484203709716,0.9904992046601278,0.9966622668462429,0.08579001564634113
100.26089850961704,0.0030842642614859134,0.0027259867017495627,0.9941897490367645,0.9964131855573632,0.05730612732314567
100.391276791164,0.0030891775935330402,0.00023020463707590052,0.9966806177693912,0.9961551751221585,0.03332217267324842
100.52165507271097,0.0030355792546205317,0.0017246658681517053,0.995239754877228,0.9958882401815465,0.048071740003529956
100.65203335425794,0.003220237958161511,0.005700361883741217,0.9910794001580971,0.9956123855369736,0.08196591076790165
100.7824116358049,0.0037227028023980495,0.008140799439737112,0.988136497757865,0.9953276161503282,0.10355573655862599
100.91278991735187,0.00430576473748385,0.006579978301180741,0.9891142569613355,0.9950339371438492,0.09714995634808979
101.04316819889883,0.004640513744051869,0.0025945121669978003,0.9927649740889507,0.9947313538000381,0.06865871868499132
101.1735464804458,0.004643216864188075,0.00021140781747954653,0.9951453753183328,0.9944198715615604,0.045555508320019464
101.30392476199276,0.00457908541988463,0.001839474255433829,0.9935814403246817,0.9940994960311489,0.06152742098023241
101.43430304353973,0.0048089099446528335,0.005834922576067193,0.9893561674792801,0.9937702329715035,0.09560412821197457
101.5646813250867,0.005419944448391558,0.008161386336667341,0.986418669214941,0.9934320883051864,0.11687401582214382
101.69505960663366,0.006118560007032495,0.006467961127908055,0.9874134788650597,0.993085068114516,0.11006910348681453
101.82543788818063,0.006512316814659655,0.0024651640218342967,0.9910225191635059,0.9927291786414585,0.08154832374332294
101.9558161697276,0.0065110634761638905,0.00019756476197561792,0.9932913717618608,0.9923644262875144,0.05936622275429305
102.08619445127457,0.006437211719039309,0.001957464343682075,0.9916053239372788,0.9919908176136036,0.07652959929476844
102.21657273282153,0.006714566689853508,0.005968081410563499,0.9873173518995833,0.991608359339947,0.1107449752005926
102.3469510143685,0.0074355079976205374,0.008177801375221548,0.9843866906271581,0.9912170583459461,0.13163303389619332
102.47732929591547,0.008248438823541059,0.006353610653475468,0.9853979505229838,0.9908169216700612,0.12437462961525819
102.60770757746242,0.008698435418972193,0.0023380741618638074,0.9889634904191642,0.9904079565096808,0.0958110183969927
102.73808585900939,0.008691512153487832,0.00018869094936388854,0.9911197968971485,0.9899901702209946,0.07459242855207962
102.86846414055636,0.008608795395478902,0.0020785180655105815,0.9893126865390105,0.9895635703188621,0.09291202278241828
102.99884242210332,0.008936020701474388,0.006099704359690217,0.9849642749388354,0.9891281644766743,0.1272237774759637
103.12922070365029,0.009768104861001062,0.008190028216409944,0.9820418669225892,0.9886839605262163,0.1476751887254652
103.25959898519726,0.010694003114260602,0.0062370430770018375,0.9830689538087378,0.9882309664575353,0.1399184499782882
103.38997726674422,0.011197430075273108,0.0022133723906211118,0.9865891975341059,0.9877691904187784,0.11130535904830327
103.52035554829119,0.011183157870798838,0.00018479708370107623,0.9886320450455002,0.9872986407160624,0.09109386823243555
103.65073382983816,0.011092473003438803,0.0022025144593210096,0.9867050125372403,0.986819325813322,0.1105308987538248
103.78111211138513,0.011471881330735019,0.006229659048009917,0.9822984596212552,0.9863312543321476,0.1448978892730896
103.9114903929321,0.012416241933277072,0.008198054797730087,0.9793857032689929,0.9858344350516454,0.1648631400861029
104.04186867447906,0.013453651559361783,0.006118376928930434,0.9804279715117079,0.985328876908259,0.15657051247252365
104.17224695602602,0.014007660824871659,0.002091186291379059,0.9839011528837492,0.984814588995634,0.12790651301528483
104.30262523757298,0.013984396758086982,0.00018588908298563205,0.9858297141589276,0.9842915805644339,0.10874605908270561
104.43300351911995,0.013886681259904592,0.002329329786215982,0.9837839889538798,0.9837598610221859,0.1292590207950692
104.56338180066692,0.014320555639312726,0.006357814879124757,0.9793216294815625,0.9832194399330856,0.16364098692532064
104.69376008221388,0.015378222549473687,0.008201873342519896,0.9764199041080066,0.98267032701789,0.18307474102161375
104.82413836376085,0.016525580643903325,0.005997732953458124,0.9774766864026385,0.9821125321536486,0.17421449984484058
104.95451664530782,0.01712728831084686,0.001971641100835843,0.9809010705883173,0.9815460653736301,0.14550242687540166
105.08489492685479,0.017093427132060274,0.00019196807272627397,0.9827146047952138,0.9809709368670197,0.12743647645387354
105.21527320840175,0.016989658024046415,0.0024588376522736684,0.9805515043236801,0.9803871569788588,0.14898193573460833
105.34565148994872,0.017480249396460833,0.006484043166019809,0.9760357074375194,0.9797947362098132,0.1833393320455248
105.47602977149569,0.018652147573193396,0.008201480369131882,0.9731463720576747,0.9791936852159187,0.20219966934912265
105.60640805304266,0.019907785840360237,0.005875233989483926,0.9742169801701563,0.9785840148084857,0.1927449135396541
105.73678633458961,0.020554274984422173,0.0018548595850224703,0.9775908654305552,0.9779657359538547,0.16399119047075558
105.86716461613658,0.020508250653715872,0.0002030303840060139,0.9792887189622784,0.9773388597732049,0.14706197848522798
105.99754289768354,0.02039944340409986,0.0025909091312374143,0.9770096474646628,0.9767033975423647,0.16959530753906463
106.12792117923051,0.020948968205893575,0.006608217254895533,0.9724428145392112,0.9760593606916156,0.20388919446400244
106.25829946077748,0.022235916615523627,0.00819687669154003,0.9695672066929368,0.9754067608054109,0.2221370779802486
106.38867774232445,0.023598062920276653,0.005751004848241452,0.9706509322314821,0.9747456096223635,0.2120650070924526
106.51905602387141,0.024286386438106607,0.0017409619177938312,0.9739726516440999,0.9740759190347208,0.18327914931160413
106.64943430541838,0.024226673611309937,0.00021906755609773325,0.9755542588325926,0.9733977010885297,0.16752703189481843
106.77981258696535,0.024113880990606146,0.002725412890965208,0.9731607061184289,0.972710967983011,0.1910030302723893
106.91019086851232,0.024724518761564375,0.006730212650400769,0.9685452685880349,0.9720157320707714,0.22519500325144137
107.04056915005928,0.026127229384330986,0.008188067419283553,0.9656847031963859,0.9713120058571212,0.2427938936857818
107.17094743160625,0.027594009395051827,0.005625172190211443,0.9667808184147368,0.9705998020002828,0.23208527102523308
107.3013257131532,0.028321192864846776,0.001630065561403543,0.9700487415737499,0.9698791333108946,0.2032795095217361
107.43170399470017,0.028246308327675957,0.00024006634409399832,0.9715136253282304,0.9691500127519023,0.18874246311662798
107.56208227624714,0.02813061921540537,0.0028622153219573588,0.9690071654626375,0.9684124534381761,0.21311583387754468
107.6924605577941,0.02880451023167016,0.006849907136431519,0.9643455826318987,0.9676664686363285,0.24716797800270898
107.82283883934107,0.030323587162540525,0.00817506195036079,0.9615013508870986,0.9669120717649329,0.2640835483332827
107.95321712088804,0.031893026083973534,0.005497864399034061,0.9626091095169924,0.9661492763932229,0.2527222914190548
108.08359540243501,0.03265607064206634,0.0015222851500696914,0.9658216442078641,0.9653780962421538,0.22391128022692652
108.21397368398198,0.032564574691571035,0.000266008730421943,0.967169416578007,0.9645985451829938,0.21062455042296008
108.34435196552894,0.03244711283575997,0.003001180666743621,0.9645517064974964,0.9638106372378386,0.23585022744338308
108.47473024707591,0.033186355769970644,0.0069671808953167816,0.9598464633347127,0.9630143865790866,0.26972508976757537
108.60510852862288,0.03482229441492128,0.008157873961613878,0.9570198316234649,0.9622098075291305,0.28592500970266393
108.73548681016985,0.03649231880931511,0.005369211454341151,0.958138469736344,0.9613969145601977,0.2738978706782466
108.86586509171681,0.037288204039712336,0.001417732375841847,0.9612940635844458,0.9605757222940592,0.2450984548562135
108.99624337326377,0.03717870181117877,0.0002968719419450028,0.9625244262468764,0.9597462455017688,0.23309433519516665
109.12662165481073,0.037060624541979795,0.0031421711540822956,0.9597972043039381,0.9589084991033965,0.2591276813234855
109.2569999363577,0.03786727415343076,0.007081916625805379,0.9550508092207642,0.9580624981677603,0.29278825571313594
109.38737821790467,0.03962046052202501,0.008136521394108986,0.9522430180838661,0.9572082579121557,0.30824202632695585
109.51775649945164,0.04138890021670322,0.005239344802620276,0.9533717549806766,0.9563457937020806,0.2955383376306105
109.6481347809986,0.04221458705107506,0.0013165158776838736,0.9564688970712409,0.9554751210509604,0.2667693663287995
109.77851306254557,0.04208572978975495,0.00033262847063227064,0.9575816417396128,0.9545962556198697,0.2560770762046579
109.90889134409254,0.04196822668868627,0.003285047131198195,0.9547467261801159,0.9537092132172464,0.28287398292743104
110.0392696256395,0.042844291545328164,0.007193999655109292,0.9499617087995629,0.9528140097986141,0.31628370403128436
110.16964790718647,0.04471500164019697,0.008111026433688159,0.9471739719261151,0.951910661466288,0.33096252927226555
110.30002618873344,0.04657959172001226,0.005108397226616861,0.9483120110533712,0.9509991844690908,0.31757399772961237
110.43040447028041,0.04743202534523192,0.0012187411330792236,0.9513492335216892,0.9500795952020566,0.2888561717887551
110.56078275182736,0.047282511621239906,0.00037324609972956026,0.9523442422790305,0.9491519102061396,0.2795018020587724
110.69116103337433,0.0471668031472139,0.003429667201971044,0.9494035296508155,0.9482161461679128,0.307018721839794
110.8215393149213,0.048114243382407815,0.007303318053196696,0.9445824385643957,0.9472723199192701,0.34014146580305743
110.95191759646826,0.050102642686817536,0.008081415489183954,0.9418159418239986,0.9463204484371242,0.35401815158194244
111.08229587801523,0.05206102556940462,0.004976502713433549,0.9429624717171619,0.945360548843098,0.3399386890994414
111.2126741595622,0.05293713833984346,0.0011245103529534967,0.9459383513072029,0.9443926384032209,0.31129443584022304
111.34305244110917,0.05276571520556149,0.00041868793371640676,0.9468155968607226,0.9434167345276137,0.30330093597668695
111.47343072265613,0.052653051279430395,0.0035758883629890418,0.9437710603575808,0.9424328547701806,0.33149487308755665
111.6038090042031,0.05367377638529197,0.007409762738973182,0.938916460875735,0.9414410168282876,0.36429496331971045
111.73418728575007,0.05577991944871938,0.008047719163283507,0.9361723613879973,0.9404412385424494,0.3773438375794423
111.86456556729703,0.05782964704078396,0.00484379632111736,0.9373265566380987,0.9394335378960048,0.3625694199839435
111.994943848844,0.058726361392929825,0.0010339223796441725,0.9402397162274264,0.9384179330147956,0.33402279001258683
112.12532213039096,0.05853182548158988,0.0004689124333084192,0.9409992620851022,0.9373944421668388,0.32740997750812073
112.25570041193792,0.05842348403046381,0.003723566144074836,0.9378529498254617,0.9363630837619997,0.3562384562710542
112.38607869348489,0.05951935069047269,0.007513227588408053,0.9329674217211195,0.9353238763516585,0.3886806730587837
112.51645697503186,0.061743180813502226,0.008009972222852069,0.9302468469636458,0.9342768386283807,0.40087752200705107
112.64683525657883,0.06388171674612754,0.004710414044518953,0.9314078692093537,0.9332219894255729,0.3854060698003044
112.77721353812579,0.06479594811219883,0.0009470725879545647,0.9342569792998465,0.9321593477171555,0.35698265216474995
112.90759181967276,0.06457714667678174,0.0005238734548259883,0.9348989798683924,0.9310889326172105,0.35176723109746455
113.03797010121973,0.0644744321399934,0.003872554748150581,0.9316530131118561,0.9300107633796478,0.3811882541569107
113.1683483827667,0.06564724210286325,0.007613609535793373,0.9267391483613436,0.9289248593978454,0.4132378472078464
113.29872666431366,0.06798859112113306,0.007968213561714359,0.9240431953171528,0.9278312402043165,0.4245598641427713
113.42910494586063,0.07021331306189624,0.004576492679655105,0.9252101942584489,0.9267299254703434,0.40839114055910375
113.5594832274076,0.07114197278046525,0.0008640527898626041,0.9279939744296722,0.9256209350056371,0.3801179937083072
113.68986150895455,0.07089780467224116,0.0005835202935660373,0.928518675034193,0.9245042887579684,0.3763135740812869
113.82023979050152,0.0708020464701453,0.0040227071931831036,0.9251752463366716,0.9233800068128224,0.40628557854205194
113.95061807204848,0.07205354446727402,0.007710808674680347,0.9202356468580459,0.9222481093930233,0.4379082817922291
114.08099635359545,0.07451213263539368,0.00792248616188053,0.9175653812027262,0.9211086168583773,0.44833402582950244
114.21137463514242,0.07682033467538209,0.004442169687654347,0.9187374956369638,0.9199615497053156,0.43146954867481635
114.34175291668939,0.0777603328955001,0.0007849511422689467,0.9214547159622314,0.918806928566502,0.403375145483992
114.47213119823635,0.07748974948081852,0.0006477977326562908,0.9218624527865253,0.9176447742104943,0.4009922582014757
114.60250947978332,0.07740230044850316,0.004173875455993473,0.9184238240955034,0.9164751075413303,0.4314740741263031
114.73288776133029,0.0787341721574053,0.007804728354277511,0.9134610994883174,0.9152979495982003,0.4626361222755509
114.86326604287726,0.0813096081326804,0.007872837048955514,0.9108175548183641,0.9141133215550203,0.4721454849126584
114.99364432442422,0.08369850324597373,0.004307583057715933,0.9119939136963106,0.9129212447200827,0.45458844949838134
115.12402260597119,0.084646751822785,0.0007098520586275022,0.9146433961185878,0.9117217405356691,0.42670263529607927
115.25440088751814,0.08434875783820671,0.0007166460946700172,0.9149345960671234,0.9105148305776456,0.42574873964356674
115.38477916906511,0.08427099262550033,0.004325910614348009,0.911403096760152,0.9093005365550959,0.4566995532430395
115.51515745061208,0.08568486268077956,0.007895275272164793,0.906419862047056,0.9080788803099371,0.4873676996285793
115.64553573215905,0.08837664360714051,0.007819317244407722,0.9038040391484519,0.9068498838165007,0.49594187755837627
115.77591401370601,0.09084336618071277,0.0041728711695035005,0.9049837626497839,0.9056135691811162,0.477697088628786
115.90629229525298,0.09179678155928081,0.0006388361238561191,0.9075643823168632,0.9043699586418144,0.4500510516880161
116.03667057679995,0.09147043590339779,0.0007900012993867353,0.9077395627972155,0.9031190745677989,0.450530533401026
116.16704885834692,0.09140374934298023,0.004478662993985436,0.9041175876630344,0.9018609394591943,0.4819098559396255
116.29742713989388,0.09290117939784523,0.007982359566070737,0.8991164610360843,0.9005955759463776,0.5120513914149265
116.42780542144085,0.09570869109013633,0.007761981713836345,0.8965293271960275,0.8993230067899951,0.5196728643183575
116.55818370298782,0.0982502995215489,0.0040381726551850594,0.8977115278232661,0.8980432548799978,0.5007466753227371
116.68856198453479,0.09920580560663872,0.0005719800132370999,0.9002222143801244,0.8967563432358159,0.4733729297543643
116.81894026608174,0.09885022206885359,0.0008677949240637582,0.9002819830070827,0.895462295005595,0.4752870883288166
116.9493185476287,0.0987960275143644,0.004631982311613594,0.8965719901740223,0.8941611334656723,0.5070547309641632
117.07969682917567,0.10037851435377607,0.00806589489786959,0.8915555907483546,0.8928528820205321,0.5366375035294715
117.21007511072264,0.1033010315818989,0.007700889310220977,0.8889980791078802,0.8915375642021599,0.5432900158735278
117.34045339226961,0.1059145109427965,0.003903626261039861,0.8901818627961636,0.8902152036695679,0.5236902742825271
117.47083167381658,0.10686904195174973,0.0005093564148358182,0.892621601633415,0.8888858242084465,0.4966226556787433
117.60120995536354,0.10648338987671488,0.0009499542693650046,0.8925666558539203,0.8875494497308324,0.49996967984658847
117.73158823691051,0.10644311751241442,0.004785717822883617,0.8887711646647023,0.886206104274602,0.5320857342275798
117.86196651845748,0.10811209122078579,0.008145798539371854,0.8837421102398425,0.8848558120027801,0.5610781692085612
117.99234480000445,0.11114877809443284,0.007636102715313755,0.8812151191902535,0.8834985972035787,0.5667467152328834
118.12272308155141,0.1138310428569765,0.003769370708912631,0.882399586434111,0.8821344842896307,0.5464827128365386
118.25310136309838,0.11478154615287958,0.00045103395590878896,0.8847674198912114,0.8807634977978375,0.519756387385213
118.38347964464535,0.11436505104070652,0.0010364024283468375,0.8845985465309468,0.8793856623884238,0.5245313176726774
118.5138579261923,0.11434014616481664,0.004939718466990239,0.8807201353681934,0.8780010028449754,0.5569561418715618
118.64423620773927,0.11609696834949854,0.008221991449360281,0.8756810402011415,0.8766095440740472,0.58532726246567
118.77461448928624,0.11924687880224305,0.007567688374557664,0.8731854328231992,0.8752113111039326,0.5899980737272086
118.9049927708332,0.12199477562624915,0.0036355445576614735,0.8743696798160892,0.8738063290852032,0.5690805010894957
119.03537105238017,0.12293821452939482,0.0003970771332419693,0.8766647083373633,0.872394623289924,0.542731989182683
119.16574933392714,0.12249015857081764,0.0011270583600571,0.8763827830691254,0.8709762191104664,0.5489266664072447
119.2961276154741,0.12248207985403961,0.005093833014348092,0.8724240871316123,0.8695511420606153,0.5816208757018718
119.42650589702107,0.12432804192709349,0.008294398351116915,0.8673775597217895,0.8681194177735078,0.609340323758155
119.55688417856804,0.12759012030055575,0.007495716430907489,0.8649141632685371,0.8666810720020375,0.6130008587018091
119.68726246011501,0.130400430878692,0.0035022860646302736,0.866097283056678,0.8652361306181999,0.5914417630676152
119.81764074166198,0.13133378745275914,0.0003475462473611123,0.8683186662998801,0.863784619612628,0.5655089785879209
119.94801902320894,0.13085350999895257,0.0012218369674050111,0.8679246530336424,0.862326565094124,0.5731119771099299
120.0783973047559,0.1308637277206051,0.005247910212768838,0.8638883620666264,0.8608619932891908,0.6060364390846552
120.20877558630286,0.13280004924040698,0.008362947803121945,0.8588370029564711,0.8593909305415601,0.6330744959869301
120.33915386784983,0.13617313096724243,0.007420260652752788,0.8564066083800048,0.8579134033117177,0.6357134311140067
120.4695321493968,0.13904257492563513,0.0033697330474363645,0.8575876920269287,0.8564294381764286,0.6135261772259746
120.59991043094377,0.1399628527371957,0.00030249734096353577,0.8597346499218412,0.8549390618282589,0.588048483582905
120.73028871249073,0.13944975070441895,0.0013206491776621059,0.8592296001179193,0.8534423010750944,0.5970450282963343
120.8606669940377,0.1394797449673806,0.005401798933566437,0.855118456099053,0.8519391828396603,0.6301608617712667
120.99104527558467,0.14150757204184194,0.008427572267789793,0.8500648556903686,0.8504297341590363,0.6564884693347927
121.12142355713164,0.14499038442775294,0.007341398359711281,0.8476682172125358,0.8489139821841696,0.6580956916122874
121.2518018386786,0.14791562227941923,0.0032380227459676233,0.8488463549746134,0.8473919541793863,0.635294924969716
121.38218012022557,0.14881984912710713,0.00026198214132627486,0.8509181687315669,0.8458636775219025,0.6103132082455268
121.51255840177254,0.14827337733505977,0.0014234020289639528,0.8503032206359766,0.8443291797013313,0.6206850750593863
121.64293668331949,0.14832463626219689,0.005555348319499303,0.8461200154183037,0.8427884883191866,0.6539536523803358
121.77331496486646,0.15044504001593081,0.008488208175938363,0.841066751808131,0.8412416310883891,0.6795424336578977
121.90369324641343,0.15403620311966926,0.007259210344024433,0.8387045865363062,0.8396886358327664,0.6801090338673659
122.03407152796039,0.15701383926795126,0.003107291685152379,0.8398788690468963,0.838129530486553,0.6567106460608017
122.16444980950736,0.15789906987981125,0.0002260480069947943,0.8418748821131943,0.8365643430938869,0.6322674037844112
122.29482809105433,0.15731874132474397,0.0015299987579610124,0.8411512599172954,0.8349931018083064,0.6439928051595311
122.4252063726013,0.15739275923834967,0.005708407928364061,0.8368988328332865,0.8334158348922428,0.6773757574224568
122.55558465414826,0.15960673434438324,0.00854479598580189,0.8318484696698151,0.8318325707165132,0.7021980373597849
122.68596293569523,0.1633047619552402,0.007173780788718371,0.8295214572560416,0.830243337759807,0.7017163041496002
122.8163412172422,0.16633134774471395,0.002977675538042431,0.8306909767172436,0.8286481646081799,0.6777373999609935
122.94671949878916,0.1671946664404692,0.00019473787863135588,0.8326105956808995,0.8270470799545329,0.653876840074102
123.07709778033613,0.16658005250177316,0.001640338893758008,0.8317796086044691,0.8254401125980976,0.6669303011744813
123.20747606188309,0.16667832808811323,0.005860827881330185,0.8274608440305566,0.8238272914439237,0.7003895260230664
123.33785434343005,0.16898679136724384,0.008597280241322905,0.8224159283914335,0.8222086455023514,0.7244183518840223
123.46823262497702,0.17279009207956386,0.007085197182777892,0.8201247107376587,0.8205842038884944,0.7228817662978555
123.59861090652399,0.17586212889122219,0.002849308989891279,0.8212885621188867,0.8189539958217179,0.6983406323137376
123.72898918807095,0.17670065220758002,0.00016809023420378026,0.8231312575582165,0.8173180506251033,0.6751087693504513
123.85936746961792,0.17605138278894705,0.0017543183531266522,0.8221942988579266,0.815676397724933,0.6894610078615206
123.98974575116489,0.1761754172500412,0.0060124590054282025,0.8178121237445308,0.8140290666501616,0.7229586795090921
124.12012403271186,0.17857920633798835,0.0086456096217617,0.8127751840402502,0.8123760870318587,0.7461678410150334
124.25050231425882,0.1824860847210789,0.006993550231864016,0.8105203650470573,0.8107174886027158,0.7435710713410678
124.38088059580579,0.1856000271095417,0.0027223256031538613,0.8116776472873045,0.8090533011964818,0.7184871458844588
124.51125887735276,0.18641090638604205,0.00014613904845065496,0.8134429545655076,0.8073835547474466,0.6959318684584722
124.64163715889973,0.18572666999035517,0.0018718295410399318,0.8124015004686049,0.8057082792898752,0.7115497040726922
124.77201544044668,0.18587796518483485,0.006163152979754763,0.8079588818354108,0.8040275049575009,0.7450482852702689
124.90239372199365,0.18837783726993676,0.008689736992136434,0.8029324257379269,0.8023412619829624,0.767412334404127
125.03277200354061,0.19238649513356776,0.006898933767518795,0.8007145710989138,0.8006495806972546,0.7637512311771583
125.16315028508758,0.19553875400285686,0.0025968576832752673,0.801864388313868,0.7989524915292081,0.7381450753789587
125.29352856663455,0.19631917792550832,0.0001289137567820316,0.8035519083177098,0.7972500250049189,0.7163161399607945
125.42390684818152,0.195599721664335,0.0019927614534636776,0.8024075168822012,0.7955422117472253,0.7331624786074017
125.55428512972848,0.1957797782397454,0.0063127624773096705,0.797907459282945,0.7938290824750835,0.7666247342857624
125.68466341127545,0.19837640887171448,0.008729619445138781,0.7928939716831469,0.7921106680031489,0.7881190047073123
125.81504169282242,0.20248494662500321,0.006801444651368684,0.790713608723628,0.7903869992410566,0.7833905957498286
125.94541997436939,0.20567189244039918,0.0024730361460775065,0.7918550714135237,0.7886581071930739,0.7572838656469927
126.07579825591635,0.20641908954185495,0.0001164392234641672,0.7934644712346813,0.7869240229573062,0.7362327499854459
126.20617653746332,0.20566421907930627,0.002116999783620957,0.792218781137073,0.7851847777252599,0.7542667095022897
126.33655481901029,0.2058745345973509,0.0064611413081393215,0.7876643240945098,0.783440402781389,0.7876557218742584
126.46693310055724,0.208568516569158,0.008765218342111677,0.7826662650887305,0.7816909295022086,0.8082563479100537
126.59731138210421,0.21277493467278097,0.00670118267791254,0.7805238826493068,0.7799363893562623,0.8024588332958353
126.72768966365118,0.21599290070561605,0.0023509903859777197,0.7816561089084064,0.7781768139028585,0.7758742528405068
126.85806794519814,0.21670414181818975,0.00010873571446465921,0.7831871224673455,0.776412234792109,0.75565379185991
126.98844622674511,0.21591372124937952,0.002244427032548756,0.7818418517180717,0.7746426837641187,0.7748310463243987
127.11882450829208,0.21615578830707438,0.006608144560540537,0.7772360671323854,0.7728681926483622,0.8081102312335432
127.24920278983905,0.21894763061105485,0.008796499347651778,0.7722558700412936,0.7710887933631604,0.8277941663936321
127.37958107138601,0.22324983112073338,0.006598250473239748,0.7701519184060273,0.7693045179151669,0.8209269132457322
127.50995935293298,0.22649511672328962,0.002230848146139234,0.7712740351305712,0.7675153983987694,0.7938882481634695
127.64033763447995,0.2271677173842448,0.00010581887444387916,0.7727264637413114,0.7657214669953847,0.7745519999913042
127.77071591602692,0.22634166904941583,0.0023749226202892893,0.771283408330295,0.7639227559730399,0.7948253950598134
127.90109419757388,0.22661697339710346,0.006753628739705009,0.7666293978631915,0.7621192976858098,0.8279585194082502
128.03147247912085,0.2295071002561749,0.00882343246084709,0.761669467282978,0.7603111245730729,0.8467035544080754
128.16185076066782,0.23390288845681764,0.006492753391547695,0.7596043581516349,0.7584982691589806,0.8387670914517751
128.29222904221479,0.23717176236425666,0.002112735389693995,0.7607155022460496,0.7566807640520306,0.8112991238899866
128.42260732376175,0.23780308516972543,0.0001076997086152072,0.7620892151216594,0.7548586419442265,0.7929004907454087
128.55298560530872,0.2369413894032244,0.002508363003403875,0.760550247593372,0.753031935610531,0.814220905308207
128.6833638868557,0.23725140806258166,0.006897451908281241,0.7558511400291373,0.7512006779086285,0.8471721054028052
128.81374216840263,0.24024015803884238,0.008845992042780691,0.7509138499183773,0.7493649017781304,0.8649568856402852
128.9441204499496,0.2447272441676109,0.006384799408691575,0.7488879564236978,0.7475246402395028,0.8559528974374246
129.07449873149656,0.24801594782388783,0.001996776173155328,0.7499872760029571,0.7456799263943883,0.8280814013814961
129.20487701304353,0.24860340473063375,0.00011438456874679996,0.7512822107006194,0.7438307934239913,0.81067263368538
129.3352552945905,0.24770609954663247,0.002644621791842235,0.7496492786615256,0.7419772745893003,0.8329899594439334
129.46563357613746,0.24805229893016614,0.007039473820298453,0.7449082272495358,0.740119403230268,0.8657237601146099
129.59601185768443,0.25113992411036784,0.008864156837405525,0.739995919052227,0.73825721276486,0.8825278025894878
129.7263901392314,0.255715925167149,0.0062744990129946845,0.7380095758198562,0.7363907366892031,0.8724591234103894
129.85676842077837,0.25902067607218016,0.001883092521264152,0.7390962314065557,0.7345200085761668,0.844210840858117
129.98714670232533,0.25956173064419225,0.00012587514400666094,0.7403123942118013,0.7326450620745859,0.8278421116440401
130.1175249838723,0.25862891135839855,0.0027835698717219456,0.7385875187698796,0.7307659309104597,0.8511061635386659
130.24790326541927,0.25901274539267866,0.007179556059115121,0.7338076985482063,0.7288826488840616,0.8835874979166654
130.37828154696624,0.26219941065346086,0.008877909991718513,0.7289226793548209,0.7269952498706019,0.8993912075521007
