t,P_pair,P_I,P_E,P_pair_eff,n_a,n_b
0.0,0.0,0.0,1.0,0.0,0.0,0.0
0.1384865333011011,1.2876103008446651e-06,0.0021152956721042643,0.9978834167175948,4.4968317647307424e-06,1.2876103008446651e-06,0.002116583282405109
0.2769730666022022,1.669189210607183e-05,0.006087701576113786,0.9938956065317804,1.7987246172931373e-05,1.669189210607183e-05,0.0061043934682198575
0.41545959990330333,5.897360466030726e-05,0.007459954121342892,0.9924810722739973,4.047100056808812e-05,5.897360466030726e-05,0.007518927726003199
0.5539461332044044,0.00011098789349373706,0.004692308514782773,0.995196703591724,7.19476905275385e-05,0.00011098789349373706,0.00480329640827651
0.6924326665055056,0.00013895217780108694,0.0008902193076227187,0.9989708285145764,0.0001124167498697524,0.00013895217780108694,0.0010291714854238057
0.8309191998066067,0.00014187199171837285,0.0003198451451249498,0.9995382828631569,0.00016187745066452016,0.00014187199171837285,0.00046171713684332264
0.9694057331077077,0.0001688269202096693,0.0036211780238038184,0.9962099950559871,0.0002203289032460479,0.0001688269202096693,0.0037900049440134876
1.107892266408809,0.0002666988312148699,0.007089936156401725,0.9926433650123836,0.00028777005622896166,0.0002666988312148699,0.007356634987616594
1.24637879970991,0.0004138745634748137,0.006833977173153432,0.9927521482633719,0.0003641996965272173,0.0004138745634748137,0.007247851736628246
1.3848653330110112,0.0005295718040346476,0.0031405014973761806,0.9963299266985891,0.00044961644937592093,0.0005295718040346476,0.003670073301410828
1.5233518663121122,0.0005649563436700794,0.00015379726318720467,0.9992812463931429,0.0005440187783560526,0.0005649563436700794,0.0007187536068572841
1.6618383996132133,0.000573281011965272,0.0012251151631975214,0.9982016038248374,0.0006474049854221043,0.000573281011965272,0.0017983961751627934
1.8003249329143145,0.0006632438880883698,0.005152376057723399,0.9941843800541882,0.0007597732109326151,0.0006632438880883698,0.0058156199458117685
1.9388114662154154,0.0008732867043625082,0.007528971604199696,0.991597741691438,0.0008811214336836219,0.0008732867043625082,0.008402258308562205
2.077297999516517,0.0011120393552417423,0.005688227486246219,0.9931997331585122,0.0010114474709450119,0.0011120393552417423,0.006800266841487962
2.215784532817618,0.0012500341744234307,0.0016955624790524872,0.9970544033465244,0.0011507489784997836,0.0012500341744234307,0.002945596653475918
2.3542710661187187,0.0012718240729639213,3.097202996712843e-05,0.9986972038970691,0.0012990234506861976,0.0012718240729639213,0.0013027961029310497
2.49275759941982,0.0013101845004178578,0.002562220556639393,0.9961275949429429,0.001456268220442873,0.0013101845004178578,0.003872405057057251
2.631244132720921,0.0015052190902104592,0.006449104371208772,0.992045676538581,0.0016224804593567461,0.0015052190902104592,0.007954323461419232
2.7697306660220224,0.0018374441850726299,0.00733032049346203,0.9908322353214656,0.0017976571777139024,0.0018374441850726299,0.009167764678534661
2.9082171993231234,0.0021329603155747184,0.004217094706578893,0.9936499449778466,0.0019817952245534533,0.0021329603155747184,0.006350055022153611
3.0467037326242243,0.002253505125688363,0.0006026420254276724,0.9971438528488841,0.0021748912877240646,0.002253505125688363,0.0028561471511160353
3.1851902659253257,0.002263786476521995,0.000542582324573077,0.9971936311989051,0.002376941893943716,0.002263786476521995,0.002806368801095072
3.3236767992264267,0.0023747435637445154,0.0041043059770919516,0.9935209504591637,0.00258794340886199,0.0023747435637445154,0.0064790495408364665
3.4621633325275276,0.002708712702004641,0.007291358053438017,0.9899999292445575,0.0028078920371256096,0.002708712702004641,0.010000070755442658
3.600649865828629,0.003147927152885332,0.0065276862758986195,0.9903243865712166,0.0030367838224466164,0.003147927152885332,0.009675613428783952
3.73913639912973,0.003452199160760214,0.0026701734736435476,0.9938776273655964,0.0032746146476735436,0.003452199160760214,0.006122372634403761
3.877622932430831,0.0035298474841922124,4.716669342409407e-05,0.996422985822384,0.003521380234865377,0.0035298474841922124,0.0035770141776163065
4.016109465731932,0.00355628314733208,0.0016018275607247309,0.9948418892919433,0.0037770761453688306,0.00355628314733208,0.005158110708056811
4.154595999033034,0.0037896751957693844,0.005589738851123974,0.990620585953107,0.004041697779897804,0.0037896751957693844,0.009379414046893358
4.293082532334134,0.004276608221181853,0.007536239055367121,0.9881871527234509,0.004315240378616341,0.004276608221181853,0.011812847276548973
4.431569065635236,0.004783190811772461,0.005257245101721782,0.9899595640865059,0.004597699021224254,0.004783190811772461,0.010040435913494242
4.570055598936337,0.005047432941922764,0.0013099168118170393,0.9936426502462605,0.0048890686270451076,0.005047432941922764,0.006357349753739803
4.7085421322374374,0.005080918377277811,0.00012337927778255215,0.99479570234494,0.005189343955118761,0.005080918377277811,0.005204297655060363
4.847028665538539,0.005172685603063867,0.003028994569639034,0.9917983198272974,0.005498519604294499,0.005172685603063867,0.0082016801727029
4.98551519883964,0.005572145536226589,0.0067664983631803,0.9876613561005932,0.005816590013328662,0.005572145536226589,0.012338643899406889
5.124001732140741,0.006198750184090112,0.007142200491463152,0.9866590493244469,0.006143549460984968,0.006198750184090112,0.013340950675553263
5.262488265441842,0.006715851254347496,0.003734541965492689,0.98954960678016,0.006479392066136781,0.006715851254347496,0.010450393219840185
5.4009747987429435,0.006904280116909982,0.00036710794845228734,0.9927286119346381,0.006824111787872828,0.006904280116909982,0.00727138806536227
5.539461332044045,0.006921098544784842,0.0008183494342661668,0.9922605520209493,0.007177702425606993,0.006921098544784842,0.007739447979051009
5.677947865345145,0.007138879911000601,0.004581948011408274,0.9882791720775914,0.007540157619189507,0.007138879911000601,0.011720827922408875
5.816434398646247,0.00772855958626495,0.00743493369296794,0.9848365067207675,0.007911470849018807,0.00772855958626495,0.01516349327923289
5.954920931947348,0.008452910499639747,0.00617609554786641,0.9853709939524936,0.008291635436163786,0.008452910499639747,0.014629006047506157
6.093407465248449,0.008918778879403526,0.0022179210123278465,0.9888633001082688,0.008680644542478317,0.008918778879403526,0.011136699891731373
6.23189399854955,0.009020592136907831,1.7052782296106499e-06,0.9909777025848626,0.009078491170730335,0.009020592136907831,0.009022297415137442
6.3703805318506515,0.009074851490165877,0.0020141674617100494,0.9889109810481241,0.009485168164721969,0.009074851490165877,0.011089018951875926
6.508867065151752,0.009476822739442737,0.005997211427490821,0.9845259658330668,0.009900668209419705,0.009476822739442737,0.015474034166933558
6.647353598452853,0.010251452333410094,0.007481637079251702,0.9822669105873384,0.010324983831088368,0.010251452333410094,0.017733089412661794
6.785840131753955,0.01100860866503938,0.004801835068428047,0.9841895562665329,0.010758107397424922,0.01100860866503938,0.015810443733467426
6.924326665055055,0.011371547993731366,0.0009646944747127127,0.9876637575315561,0.011200031117696848,0.011371547993731366,0.012336242468444078
7.062813198356157,0.011408179171317829,0.00027570357707143114,0.9883161172516108,0.011650747042874188,0.011408179171317829,0.01168388274838926
7.201299731657258,0.011571700019367312,0.003507949042490526,0.984920350938142,0.012110247065782934,0.011571700019367312,0.015079649061857839
7.3397862649583585,0.012198443984874416,0.007034669060039958,0.9807668869550857,0.012578522921247406,0.012198443984874416,0.019233113044914374
7.47827279825946,0.013119283267962517,0.0068986847541928865,0.9799820319778446,0.013055566186234054,0.013119283267962517,0.020017968022155403
7.616759331560561,0.013833101097107833,0.0032525781899522136,0.9829143207129403,0.013541368280013281,0.013833101097107833,0.017085679287060045
7.755245864861662,0.014065841533691816,0.00018748668521852526,0.9857466717810897,0.014035920464298803,0.014065841533691816,0.01425332821891034
7.893732398162763,0.014091442255571475,0.0011426158736129036,0.9847659418708159,0.014539213843425658,0.014091442255571475,0.015234058129184378
8.032218931463865,0.014439571385842178,0.005046256906501965,0.980514171707656,0.01505123936448852,0.014439571385842178,0.019485828292344142
8.170705464764966,0.015301253149139868,0.007518304258956719,0.977180442591904,0.015571987817517915,0.015301253149139868,0.02281955740809659
8.309191998066067,0.016299356126554823,0.005784981301862464,0.9779156625715829,0.016101449835638347,0.016299356126554823,0.022084337428417287
8.447678531367167,0.01689836646640765,0.0017911742060617566,0.9813104593275309,0.016639615895238,0.01689836646640765,0.018689540672469408
8.586165064668268,0.017008568138483404,1.815990676713747e-05,0.9829732719547495,0.017186476316155264,0.017008568138483404,0.01702672804525054
8.72465159796937,0.01710301255630997,0.0024553605000014007,0.9804416269436889,0.017742021261838273,0.01710301255630997,0.019558373056311373
8.863138131270471,0.017697849744229176,0.006368099386414635,0.9759340508693564,0.018306240739509212,0.017697849744229176,0.02406594913064381
9.001624664571573,0.018766712083269892,0.007366062736158648,0.9738672251805717,0.018879124600374084,0.018766712083269892,0.02613277481942854
9.140111197872674,0.019753439925359623,0.0043294793550275185,0.9759170807196129,0.019460662539777695,0.019753439925359623,0.024082919280387142
9.278597731173775,0.020187648143310675,0.0006655671536394772,0.9791467847030499,0.020050844097406876,0.020187648143310675,0.020853215296950153
9.417084264474875,0.02022186678536324,0.0004854423792968746,0.9792926908353401,0.02064965865747513,0.02022186678536324,0.020707309164660116
9.555570797775976,0.02047712947978813,0.003991215192889565,0.9755316553273223,0.021257095448908588,0.02047712947978813,0.024468344672677694
9.694057331077078,0.021351603590957887,0.007249210663493108,0.9713991857455492,0.02187314354555794,0.021351603590957887,0.028600814254450997
9.832543864378179,0.022561914376314173,0.006603774021644415,0.9708343116020414,0.02249779186632417,0.022561914376314173,0.02916568839795859
9.97103039767928,0.02344508282148698,0.0027791216021625614,0.9737757955763505,0.02313102917549374,0.02344508282148698,0.026224204423649543
10.109516930980382,0.02370013125235766,6.672924798193492e-05,0.9762331394996606,0.023772844082790047,0.02370013125235766,0.023766860500339593
10.248003464281481,0.02373977647330751,0.0015100542426619101,0.9747501692840307,0.02442322504371495,0.02373977647330751,0.02524983071596942
10.386489997582583,0.024241997478508925,0.0054896044936282515,0.970268398027863,0.025082160359617283,0.024241997478508925,0.029731601972137176
10.524976530883684,0.025388292575380025,0.007540100049688114,0.9670716073749321,0.0257496381780421,0.025388292575380025,0.03292839262506814
10.663463064184786,0.026644458111639787,0.005360769185828055,0.9679947727025322,0.026425646492815678,0.026644458111639787,0.03200522729746784
10.801949597485887,0.027347205150552275,0.0013969441128652434,0.9712558507365828,0.027110173144380537,0.027347205150552275,0.028744149263417517
10.940436130786988,0.02745263640915038,9.626024444171148e-05,0.9724511033464082,0.02780320581993183,0.02745263640915038,0.02754889665359209
11.07892266408809,0.027602021717266213,0.0029181582791279357,0.969479820003606,0.028504732053635896,0.027602021717266213,0.03052017999639415
11.21740919738919,0.02841264177947959,0.006696309379492008,0.9648910488410284,0.029214739226944657,0.02841264177947959,0.0351089511589716
11.35589573069029,0.029777824806379277,0.007191414806571688,0.9630307603870493,0.029933214568720223,0.029777824806379277,0.03696923961295097
11.494382263991392,0.030969738690986112,0.0038479383320930505,0.9651823229769207,0.030660145155467458,0.030969738690986112,0.03481767702307916
11.632868797292494,0.031448418555433184,0.0004174492356194216,0.9681341322089476,0.031395517911714285,0.031448418555433184,0.031865867791052604
11.771355330593595,0.03147775509451676,0.0007491498684495572,0.9677730950370339,0.032139319609996324,0.03147775509451676,0.03222690496296632
11.909841863894696,0.031845978564903066,0.00447085340189234,0.963683168033205,0.03289153687144919,0.031845978564903066,0.03631683196679541
12.048328397195796,0.032985772256406753,0.007406598452235263,0.959607629291358,0.03365215616555907,0.032985772256406753,0.04039237070864202
12.186814930496897,0.03447620795574072,0.00626231340643863,0.9592614786378207,0.03442116381073266,0.03447620795574072,0.04073852136217935
12.325301463797999,0.035499351634541286,0.002321950658979538,0.9621786977064792,0.03519854597485198,0.035499351634541286,0.03782130229352083
12.4637879970991,0.035756681898678914,6.819570382404648e-06,0.9642364985309388,0.035984288674660234,0.035756681898678914,0.03576350146906132
12.602274530400202,0.03581853519891682,0.0019146278664151529,0.9622668369346683,0.036778377776943406,0.03581853519891682,0.03773316306533197
12.740761063701303,0.03649831764195846,0.005904706979220445,0.9575969753788213,0.03758079899790705,0.03649831764195846,0.042403024621178904
12.879247597002403,0.03793785313382707,0.007499962980507637,0.9545621838856652,0.03839153790443218,0.03793785313382707,0.04543781611433471
13.017734130303504,0.03943233048670651,0.0049104286152883425,0.9556572408980052,0.039210579913246016,0.03943233048670651,0.04434275910199485
13.156220663604605,0.040208991686320424,0.0010417075710149834,0.9587493007426647,0.04003791029205781,0.040208991686320424,0.041250699257335405
13.294707196905707,0.040299351699114944,0.00023472317430102844,0.9594659251265842,0.04087351415943934,0.040299351699114944,0.040534074873415975
13.433193730206808,0.04052052160784063,0.0033949574565715576,0.9560845209355879,0.041717376484964486,0.04052052160784063,0.043915479064412184
13.57168026350791,0.04156797867326199,0.006976449218033918,0.9514555721087042,0.042569482090078506,0.04156797867326199,0.04854442789129591
13.71016679680901,0.043227012631985647,0.006960562595663717,0.9498124247723504,0.04342981564760474,0.043227012631985647,0.05018757522764936
13.84865333011011,0.04459675773204262,0.003365123276389335,0.9520381189915681,0.04429836168224216,0.04459675773204262,0.047961881008431954
13.987139863411212,0.045094232964627265,0.00022441707007437098,0.9546813499652989,0.0451751045712889,0.045094232964627265,0.04531865003470163
14.125626396712313,0.04511934002692003,0.0010624935725268066,0.9538181664005536,0.04606002854448368,0.04511934002692003,0.04618183359944684
14.264112930013415,0.045622531022988404,0.004938983654120463,0.9494384853228911,0.04695311768440959,0.045622531022988404,0.050561514677108864
14.402599463314516,0.04704197276785707,0.007504246689420546,0.9454537805427224,0.04785435592678027,0.04704197276785707,0.05454621945727762
14.541085996615617,0.04879870960540649,0.005879912792911647,0.9453213776016822,0.04876372706072887,0.04879870960540649,0.05467862239831814
14.679572529916717,0.04993095992510421,0.00188857625912132,0.9481804638157747,0.04968121472909964,0.04993095992510421,0.05181953618422553
14.818059063217818,0.0501728886112746,8.741913279455858e-06,0.9498183694754464,0.050606802428742145,0.0501728886112746,0.05018163052455406
14.95654559651892,0.050267838458355904,0.0023496899715850085,0.9473824715700594,0.0515404735108079,0.050267838458355904,0.05261752842994091
15.095032129820021,0.05114787627346864,0.00628474461048378,0.9425673791160476,0.052482211181050134,0.05114787627346864,0.057432620883952415
15.233518663121123,0.05288505118646752,0.007398552466528179,0.9397163963470045,0.053431998500125595,0.05288505118646752,0.0602836036529957
15.372005196422224,0.054594335178249596,0.0044413582722417026,0.9409643065495088,0.05438981838389938,0.054594335178249596,0.0590356934504913
15.510491729723324,0.05541520383377129,0.0007313007906084887,0.9438534953756201,0.05535565360375207,0.05541520383377129,0.05614650462437978
15.648978263024425,0.055483231048720355,0.0004312738773905752,0.9440854950738891,0.056329486786889996,0.055483231048720355,0.05591450492611093
15.787464796325526,0.05579476355136831,0.0038779246594671203,0.940327311789165,0.05731130041665721,0.05579476355136831,0.05967268821083543
15.925951329626628,0.0570977779789538,0.007203916461573069,0.9356983055594734,0.05830107683285082,0.0570977779789538,0.06430169444052687
16.06443786292773,0.0590435966380001,0.006677298793202447,0.9342791045687977,0.05929879823203883,0.0590435966380001,0.06572089543120255
16.20292439622883,0.06056130695337124,0.002888966395877322,0.9365497266507515,0.06030444666788003,0.06056130695337124,0.06345027334924856
16.341410929529932,0.06105348463277587,8.964199811176471e-05,0.9388568733691125,0.06131800405144706,0.06105348463277587,0.06114312663088763
16.479897462831033,0.061078106351456114,0.0014203255420155965,0.9375015681065286,0.0623394521515515,0.061078106351456114,0.06249843189347171
16.618383996132135,0.061738592012358685,0.005387914999231164,0.9328734929884104,0.0633687725950721,0.061738592012358685,0.06712650701158984
16.756870529433236,0.0634483919380325,0.007540551104102746,0.929011056957865,0.06440594686728546,0.0634483919380325,0.07098894304213525
16.895357062734334,0.06545330520199015,0.005462854671969308,0.9290838401260411,0.06545095631219816,0.06545330520199015,0.07091615987395945
17.033843596035435,0.06666283518295171,0.0014861183459370475,0.9318510464711115,0.06650378213288353,0.06666283518295171,0.06814895352888876
17.172330129336537,0.06687433772679485,7.24646941928648e-05,0.9330531975790123,0.0675644053918189,0.06687433772679485,0.06694680242098772
17.310816662637638,0.06701576322106184,0.002808092887169246,0.9301761438917693,0.06863280701122652,0.06701576322106184,0.06982385610823108
17.44930319593874,0.0681174764009847,0.006623473718110312,0.925259049880905,0.0697089677734165,0.0681174764009847,0.07474095011909501
17.58778972923984,0.07015228230942891,0.007237534589432723,0.9226101831011386,0.07079286832113331,0.07015228230942891,0.07738981689886164
17.726276262540942,0.0720494781527882,0.0039612645516640885,0.9239892572955481,0.07188448915790298,0.0720494781527882,0.0760107427044523
17.864762795842044,0.07288548722443695,0.0004708234698688063,0.9266436893056943,0.07298381064838427,0.07288548722443695,0.07335631069430576
18.003249329143145,0.07292707869637255,0.0006826832060301364,0.9263902380975975,0.07409081301872156,0.07292707869637255,0.07360976190240269
18.141735862444246,0.07334889156637506,0.0043591251802389255,0.9222919832533862,0.0752054763569013,0.07334889156637506,0.07770801674661398
18.280222395745348,0.07492340923961689,0.0073749740323825865,0.9177016167280005,0.07632778061310867,0.07492340923961689,0.08229838327199948
18.41870892904645,0.07714438277511187,0.006346277163470566,0.9165093400614176,0.07745770560008969,0.07714438277511187,0.08349065993858244
18.55719546234755,0.07877817615333065,0.0024272905107790323,0.9187945333358907,0.07859523099351506,0.07877817615333065,0.08120546666410967
18.69568199564865,0.07924297396008852,1.533825023871167e-05,0.9207416877896729,0.07974033633234263,0.07924297396008852,0.07925831221032723
18.83416852894975,0.07927385177080958,0.0018167669262414345,0.9189093813029493,0.080893001019188,0.07927385177080958,0.081090618697051
18.97265506225085,0.08011379575100959,0.005810271907691366,0.914075932341299,0.08205320432069506,0.08011379575100959,0.08592406765870096
19.111141595551953,0.08212074150066957,0.0075149152483478575,0.9103643432509826,0.08322092536790764,0.08212074150066957,0.08963565674901743
19.249628128853054,0.08435164913170078,0.005017990925627017,0.9106303599426725,0.08439614315664375,0.08435164913170078,0.0893696400573278
19.388114662154155,0.08560621823830099,0.0011211889332377201,0.9132725928284613,0.0855788365478787,0.08560621823830099,0.0867274071715387
19.526601195455257,0.08577519059985943,0.00019694100622046922,0.9140278683939201,0.08676898426811888,0.08577519059985943,0.0859721316060799
19.665087728756358,0.08597867356809824,0.003282305474283297,0.9107390209576185,0.08796656490978906,0.08597867356809824,0.08926097904238153
19.80357426205746,0.08732172129653878,0.006915329294137363,0.9057629494093239,0.0891715569316134,0.08732172129653878,0.09423705059067615
19.94206079535856,0.08964963072177025,0.007019554725237377,0.9033308145529926,0.09038393865900522,0.08964963072177025,0.09666918544700763
20.080547328659662,0.09170487103701785,0.003478034952489993,0.9048170940104923,0.09160368828446147,0.09170487103701785,0.09518290598950785
20.219033861960764,0.09252809907587554,0.0002645550118402186,0.9072073459122845,0.09283078386794938,0.09252809907587554,0.09279265408771577
20.357520395261865,0.09254236596943732,0.0009848207357184232,0.9064728132948443,0.09406520333729049,0.09254236596943732,0.09352718670515575
20.496006928562963,0.09309528821753814,0.0048306533362276775,0.9020740584462343,0.09530692448858435,0.09309528821753814,0.09792594155376581
20.634493461864064,0.0949540778575513,0.007486811611727935,0.8975591105307207,0.09655592498658595,0.0949540778575513,0.10244088946927923
20.772979995165166,0.09743411721823049,0.005972936087892339,0.8965929466938776,0.09781218236511871,0.09743411721823049,0.10340705330612283
20.911466528466267,0.09915061916182462,0.001987680531850791,0.8988617003063246,0.0990756740274631,0.09915061916182462,0.10113829969367541
21.04995306176737,0.09956835045556472,2.726568669266981e-06,0.9004289229757665,0.1003463772467834,0.09956835045556472,0.099571077024234
21.18843959506847,0.09961506712626553,0.002245304557213619,0.8981396283165212,0.10162426916653884,0.09961506712626553,0.10186037168347914
21.32692612836957,0.10065597770157339,0.006199115443309081,0.8931449068551176,0.10290932680084422,0.10065597770157339,0.10685509314488247
21.465412661670673,0.10296268904767174,0.0074277602957087685,0.8896095506566194,0.10420152703496592,0.10296268904767174,0.1103904493433805
21.603899194971774,0.10539365883811491,0.004552630256661453,0.8900537109052238,0.10550084662566236,0.10539365883811491,0.10994628909477637
21.742385728272875,0.10666115890031197,0.0007997834760414763,0.8925390576236466,0.10680726220166809,0.10666115890031197,0.10746094237635345
21.880872261573977,0.10677862058069722,0.0003801258177429244,0.8928412536015597,0.10812075026404427,0.10677862058069722,0.10715874639844014
22.019358794875078,0.1070616090707873,0.003764536855515572,0.8891738540736974,0.10944128718664022,0.1070616090707873,0.11082614592630287
22.15784532817618,0.10866342283538015,0.007155516419434352,0.8841810607451859,0.11076884921657254,0.10866342283538015,0.1158189392548145
22.296331861477277,0.11127534775693057,0.006748194082904214,0.8819764581601653,0.11210341247450106,0.11127534775693057,0.11802354183983478
22.43481839477838,0.11345625511711767,0.0029996084931852153,0.8835441363896973,0.11344495295521605,0.11345625511711767,0.11645586361030288
22.57330492807948,0.11424040599262433,0.0001158842177360715,0.8856437097896398,0.1147934465279917,0.11424040599262433,0.11435629021036041
22.71179146138058,0.11422966449798887,0.0013327226242185162,0.8844376128777928,0.11614886893701916,0.11422966449798887,0.11556238712220739
22.850277994681683,0.11493498126399422,0.005284762352847353,0.8797802563831586,0.11751119580187143,0.11493498126399422,0.12021974361684157
22.988764527982784,0.11708727693732368,0.007537591810908692,0.8753751312517677,0.11888040261798097,0.11708727693732368,0.12462486874823238
23.127251061283886,0.1198060083660596,0.005563409217451374,0.8746305824164893,0.1202564647569345,0.1198060083660596,0.12536941758351097
23.265737594584987,0.12157089613474462,0.0015773588472247483,0.876851745018031,0.12163935746702678,0.12157089613474462,0.12314825498196937
23.40422412788609,0.1219246065812483,5.2014151626448275e-05,0.8780233792671255,0.12302905587375118,0.1219246065812483,0.12197662073287475
23.54271066118719,0.12199937129845773,0.002698897955135784,0.8753017307464067,0.12442553498014353,0.12199937129845773,0.12469826925359351
23.68119719448829,0.1232616100571934,0.006548057263889429,0.8701903326789173,0.125828769667228,0.1232616100571934,0.12980966732108282
23.819683727789393,0.12586635684267888,0.007280518122034447,0.8668531250352871,0.12723873469468355,0.12586635684267888,0.13314687496471334
23.95817026109049,0.1284680725002771,0.004074418113469501,0.8674575093862538,0.1286554047008816,0.1284680725002771,0.1325424906137466
24.096656794391592,0.1297170658244389,0.0005271823707525895,0.8697557518048086,0.13007875420381962,0.1297170658244389,0.13024424819519148
24.235143327692693,0.1297773009931677,0.0006190095704024902,0.8696036894364301,0.13150875760108519,0.1297773009931677,0.13039631056357018
24.373629860993795,0.13015873007566928,0.0042468644120182255,0.8655944055123126,0.13294538917094245,0.13015873007566928,0.1344055944876875
24.512116394294896,0.13203407501229406,0.007340089040057998,0.8606258359476483,0.13438862307214766,0.13203407501229406,0.13937416405235206
24.650602927595997,0.1349163966649335,0.0064279108685854555,0.858655692466481,0.13583843334467344,0.1349163966649335,0.14134430753351895
24.7890894608971,0.13718858428306865,0.0025338452811043575,0.8602775704358273,0.13729479391041452,0.13718858428306865,0.13972242956417302
24.9275759941982,0.13790943288845778,2.725361207428076e-05,0.862063313499468,0.13875767857337123,0.13790943288845778,0.13793668650053206
25.0660625274993,0.13787913090004839,0.0017206731628005604,0.8604001959371513,0.14022706102005425,0.13787913090004839,0.13959980406284894
25.204549060800403,0.13875810974203284,0.005713991635786702,0.8555278986221805,0.1417029148203022,0.13875810974203284,0.14447210137781955
25.343035594101504,0.1412093050340215,0.007526480357801552,0.8512642146081772,0.14318521342733373,0.1412093050340215,0.14873578539182303
25.481522127402606,0.14414231229276284,0.0051244247025679455,0.8507332630046696,0.14467393017866545,0.14414231229276284,0.14926673699533077
25.620008660703707,0.14592087050388172,0.0012030666653615881,0.8528760628307569,0.14616903829631622,0.14592087050388172,0.14712393716924332
25.758495194004805,0.14619662080942042,0.0001623912492315648,0.8536409879413485,0.14767051088724584,0.14619662080942042,0.14635901205865198
25.896981727305906,0.14631399916564308,0.003170094996767469,0.85051590583759,0.14917832094369662,0.14631399916564308,0.14948409416241054
26.035468260607008,0.14781629892743356,0.006851364575560812,0.8453323364970058,0.15069244134470458,0.14781629892743356,0.15466766350299438
26.17395479390811,0.15071288590074888,0.007075607780981414,0.8422115063182697,0.1522128448546579,0.15071288590074888,0.15778849368173029
26.31244132720921,0.1534530662870549,0.0035912110824465222,0.8429557226304989,0.15373950412614956,0.1534530662870549,0.15704427736950144
26.450927860510312,0.15465330721581394,0.0003078642031346618,0.8450388285810517,0.15527239169854054,0.15465330721581394,0.1549611714189486
26.589414393811413,0.15465394178565967,0.0009096676233003292,0.8444363905910399,0.15681147999882572,0.15465394178565967,0.15556360940896
26.727900927112515,0.15515381832271016,0.004721363944728265,0.8401248177325615,0.15835674134335795,0.15515381832271016,0.15987518226743844
26.866387460413616,0.15731439061937993,0.007466014797238981,0.8352195945833811,0.1599081479371917,0.15731439061937993,0.16478040541661892
27.004873993714718,0.1604490606045697,0.006063967041389991,0.8334869723540405,0.16146567187429245,0.1604490606045697,0.16651302764595968
27.14336052701582,0.16277666317492323,0.0020883973780979094,0.8351349394469791,0.16302928513902246,0.16277666317492323,0.16486506055302114
27.28184706031692,0.16341245988359757,1.193141757101845e-07,0.8365874208022268,0.16459895960628296,0.16341245988359757,0.16341257919777327
27.42033359361802,0.16337104089862953,0.0021422986801734743,0.8344866604211973,0.16617466704168543,0.16337104089862953,0.16551333957880301
27.55882012691912,0.16444444779801506,0.006111289341981614,0.8294442628600034,0.1677563791025314,0.16444444779801506,0.17055573713999667
27.69730666022022,0.16719584730873366,0.007453659803394323,0.8253504928878723,0.1693440673380489,0.16719584730873366,0.17464950711212798
27.835793193521322,0.17031497806438228,0.004663194655719547,0.8250218272798985,0.17093770318997037,0.17031497806438228,0.17497817272010183
27.974279726822424,0.17207265683315234,0.0008709532629990872,0.827056389903849,0.17253725799304628,0.17207265683315234,0.17294361009615142
28.112766260123525,0.17225974707162445,0.000332044466964077,0.8274082084614117,0.17414270297556203,0.17225974707162445,0.17259179153858853
28.251252793424626,0.17243634075585315,0.0036511543473334612,0.8239125048968139,0.17575400925985418,0.17243634075585315,0.1760874951031866
28.389739326725728,0.17419534125401015,0.007104054317781525,0.8187006044282086,0.1773711478628297,0.17419534125401015,0.18129939557179167
28.52822586002683,0.17737306229387723,0.006816395761368166,0.815810541944755,0.17899408969648828,0.17737306229387723,0.1841894580552454
28.66671239332793,0.18021692729568112,0.0031109478113365546,0.8166721248929825,0.18062280556844496,0.18021692729568112,0.18332787510701767
28.805198926629032,0.18133985877990202,0.00014543216911824564,0.8185147090509801,0.1822572661824547,0.18133985877990202,0.18148529094902027
28.943685459930133,0.18128187236543222,0.0012473247314358166,0.8174708029031321,0.1838974421389406,0.18128187236543222,0.18252919709686805
29.082171993231235,0.18192083105029283,0.005180239862138971,0.8128989290875683,0.18554330393552138,0.18192083105029283,0.1871010709124318
29.220658526532336,0.18437489868518978,0.0075312248466002435,0.8080938764682102,0.18719482196754292,0.18437489868518978,0.19190612353179
29.359145059833434,0.18773961027770147,0.005662341864249248,0.8065980478580493,0.18885196652861017,0.18773961027770147,0.19340195214195072
29.497631593134535,0.19008583651063088,0.001670583084028559,0.8082435804053406,0.1905147078111221,0.19008583651063088,0.19175641959465944
29.636118126435637,0.19061766387090873,3.492711547722782e-05,0.8093474090136142,0.1921830159068073,0.19061766387090873,0.19065259098638596
29.774604659736738,0.19057637064591407,0.0025906722562815333,0.8068329570978046,0.1938568608072624,0.19057637064591407,0.1931670429021956
29.91309119303784,0.19186398426317397,0.006470128235160286,0.8016658875016662,0.19553621240449148,0.19186398426317397,0.19833411249833427
30.05157772633894,0.19491261717306796,0.007320326522707578,0.7977670563042247,0.19722104049144756,0.19491261717306796,0.20223294369577555
30.190064259640042,0.19818634896841203,0.004187296663009844,0.7976263543685783,0.1989113147625773,0.19818634896841203,0.20237364563142188
30.328550792941144,0.19988931561395348,0.0005864749581889145,0.7995242094278575,0.20060700481436328,0.19988931561395348,0.2004757905721424
30.467037326242245,0.19998044763394682,0.0005581865581496416,0.7994613658079037,0.20230808014587415,0.19998044763394682,0.20053863419209647
30.605523859543347,0.2002345295041064,0.00413417264356703,0.7956312978523267,0.2040145101593107,0.2002345295041064,0.20436870214767341
30.744010392844448,0.20226433911751884,0.007301975030344552,0.7904336858521366,0.2057262641605581,0.20226433911751884,0.2095663141478634
30.88249692614555,0.20570800222924018,0.006507140678749225,0.7877848570920106,0.20744331135973673,0.20570800222924018,0.2122151429079894
31.020983459446647,0.20861877797517658,0.0026415185845724766,0.788739703440251,0.20916562087175636,0.20861877797517658,0.21126029655974907
31.15946999274775,0.20963799516248122,4.255487770518649e-05,0.7903194499598134,0.21089316171687214,0.20963799516248122,0.2096805500401864
31.29795652604885,0.2095256679742884,0.001626433498546485,0.7888478985271653,0.2126259028212424,0.2095256679742884,0.2111521014728349
31.43644305934995,0.2103245064653821,0.005615953254416848,0.784059540280201,0.2143638130174844,0.2103245064653821,0.21594045971979894
31.574929592651053,0.21307659987702626,0.007534647847043037,0.7793887522759306,0.21610686104523996,0.21307659987702626,0.2206112477240693
31.713416125952154,0.21664502727536383,0.005229633670028529,0.7781253390546078,0.21785501555173264,0.21664502727536383,0.22187466094539235
31.851902659253255,0.21897272533017365,0.0012872667039618324,0.7797400079658645,0.2196082450923359,0.21897272533017365,0.2202599920341355
31.990389192554357,0.21938480130640625,0.00013110515563635923,0.7804840935379573,0.221366518131136,0.21938480130640625,0.2195159064620426
32.12887572585546,0.21935742284775164,0.003058427524952391,0.7775841496272962,0.2231298030415016,0.21935742284775164,0.22241585037270403
32.267362259156556,0.2208775556367454,0.006784612921844279,0.7723378314414104,0.22489806810664983,0.2208775556367454,0.2276621685585897
32.40584879245766,0.2242160550983291,0.007128671059128004,0.7686552738425433,0.22667128152021804,0.2242160550983291,0.2313447261574571
32.54433532575876,0.22760991537174502,0.0037045492914112217,0.7686855353368438,0.22844941138683775,0.22760991537174502,0.23131446466315625
32.682821859059864,0.22922559084530844,0.00035430546813860006,0.7704201036865529,0.23023242572270378,0.22922559084530844,0.22957989631344705
32.82130839236096,0.22921696630198257,0.000837102215749575,0.7699459314822682,0.23202029245615416,0.22921696630198257,0.23005406851773214
32.95979492566207,0.22956807729929085,0.004611214338281113,0.7658207083624283,0.2338129794282501,0.22956807729929085,0.23417929163757195
33.098281458963164,0.2318798687308856,0.007441875057611208,0.7606782562115035,0.23561045439333883,0.2318798687308856,0.2393217437884968
33.23676799226427,0.2355698920563969,0.006152923310110526,0.7582771846334926,0.23741268501965326,0.2355698920563969,0.24172281536650742
33.37525452556537,0.23850934756248898,0.002190635693228829,0.7593000167442825,0.23921963888988018,0.23850934756248898,0.24069998325571781
33.51374105886647,0.2394010209777498,9.22508199444496e-07,0.760598056514051,0.24103128350175554,0.2394010209777498,0.23940194348594923
33.65222759216757,0.2392418168173349,0.0020407655155255597,0.7587174176671395,0.24284758626862976,0.2392418168173349,0.24128258233286046
33.79071412546867,0.24022101818012803,0.006021345750445218,0.7537576360694268,0.24466851452006833,0.24022101818012803,0.24624236393057325
33.92920065876977,0.2432716766801406,0.007476227561703597,0.7492520957581562,0.2464940355024499,0.2432716766801406,0.2507479042418442
34.06768719207087,0.24701377885197662,0.004772951456967666,0.748213269691056,0.2483241163795265,0.24701377885197662,0.2517867303089443
34.206173725371976,0.24928600567991532,0.0009447457739586662,0.749769248546126,0.2501587242330341,0.24928600567991532,0.25023075145387397
34.34466025867307,0.24956592866007518,0.0002870733176092693,0.7501469980223155,0.25199782606327187,0.24956592866007518,0.24985300197768445
34.48314679197418,0.2495684951013749,0.0035378796964428824,0.7468936252021823,0.2538413887897401,0.2495684951013749,0.2531063747978178
34.621633325275276,0.2513375298196625,0.007049576707267424,0.7416128934730702,0.25568937925165514,0.2513375298196625,0.2583871065269299
34.76011985857638,0.2549540808764834,0.006881842135871949,0.7381640769876447,0.25754176420859154,0.2549540808764834,0.26183592301235536
34.89860639187748,0.2584311146223905,0.0032228836368959216,0.738346001740714,0.2593985103411329,0.2584311146223905,0.2616539982592864
35.037092925178584,0.2599286860879316,0.0001782591242546765,0.7398930547878139,0.2612595842513497,0.2599286860879316,0.2601069452121863
35.17557945847968,0.2598200387407383,0.0011642091114666118,0.7390157521477954,0.2631249524635328,0.2598200387407383,0.26098424785220486
35.31406599178079,0.2602885537786892,0.005074442074387086,0.7346370041469237,0.26499458142463905,0.2602885537786892,0.26536299585307627
35.452552525081884,0.2628902010561722,0.007521455970602006,0.7295883429732258,0.2668684375051001,0.2628902010561722,0.2704116570267742
35.59103905838298,0.2668027789939006,0.005759563121559559,0.7274376578845398,0.2687464869991933,0.2668027789939006,0.27256234211546015
35.72952559168409,0.26973178582121965,0.0017657067290869535,0.7285025074496934,0.27062869612589247,0.26973178582121965,0.2714974925503066
35.868012124985185,0.27047503740559714,2.121904204992433e-05,0.7295037435523533,0.2725150310292425,0.27047503740559714,0.2704962564476471
36.00649865828629,0.2702794250177553,0.0024835136877442037,0.7272370612945005,0.27440545777912084,0.2702794250177553,0.2727629387054995
36.14498519158739,0.271458675939827,0.006389757123886691,0.7221515669362867,0.2762999423718177,0.271458675939827,0.27784843306371365
36.28347172488849,0.2748042547926505,0.007356923782374109,0.7178388214249753,0.27819845073060834,0.2748042547926505,0.28216117857502465
36.42195825818959,0.2786866395212811,0.004299798094472394,0.7170135623842466,0.2801009487064273,0.2786866395212811,0.2829864376157535
36.560444791490696,0.2808672250840727,0.0006486475982179881,0.7184841273177097,0.2820074020783844,0.2808672250840727,0.28151587268229067
36.69893132479179,0.2810061568630906,0.0005002691876065214,0.7184935739493031,0.28391777655452355,0.2810061568630906,0.28150642605069714
36.8374178580929,0.28105658768250413,0.0040211518119550186,0.7149222605055408,0.28583203777229527,0.28105658768250413,0.28507773949445914
36.975904391393996,0.2830885376209521,0.007260666480014409,0.7096507958990336,0.28775015129925074,0.2830885376209521,0.2903492041009665
37.1143909246951,0.28696689525210006,0.006583894925663428,0.7064492098222367,0.2896720826335971,0.28696689525210006,0.2935507901777635
37.2528774579962,0.29048817314499875,0.0027502130238029544,0.7067616138311984,0.29159779720494494,0.29048817314499875,0.2932383861688017
37.3913639912973,0.29183907455536473,6.122820613910896e-05,0.7080996972384963,0.29352726037502824,0.29183907455536473,0.29190030276150386
37.5298505245984,0.2916336365898511,0.0015341331793572678,0.7068322302307917,0.2954604374376577,0.2916336365898511,0.29316776976920833
37.6683370578995,0.29224030710363785,0.0055162454457453915,0.7022434474506167,0.29739729362043743,0.29224030710363785,0.29775655254938327
37.806823591200605,0.2951360706319616,0.007539410328234101,0.6973245190398046,0.2993377940842388,0.2951360706319616,0.3026754809601957
37.9453101245017,0.29924340802756033,0.005333522659848905,0.6954230693125909,0.30128190392472476,0.29924340802756033,0.3045769306874092
38.08379665780281,0.3021225141707101,0.0013737128847063,0.6965037729445838,0.30322958817269874,0.3021225141707101,0.3034962270554164
38.222283191103905,0.3026997402466594,0.00010311102570852905,0.6971971487276325,0.3051808117943493,0.3026997402466594,0.30280285127236795
38.36076972440501,0.30248095633961564,0.0029474040693014563,0.6945716395910833,0.3071355396925618,0.30248095633961564,0.3054283604089171
38.49925625770611,0.3038786696939976,0.006715134714294926,0.6894061955917077,0.30909373670686363,0.3038786696939976,0.31059380440829254
38.63774279100721,0.3075112118167939,0.007178696560688647,0.6853100916225174,0.3110553676144805,0.3075112118167939,0.31468990837748256
38.77622932430831,0.31149755457823797,0.0038179470577684536,0.6846844983639937,0.3130203971311063,0.31149755457823797,0.3153155016360064
38.914715857609416,0.3135516520077125,0.0004038367977402357,0.6860445111945473,0.3149887899107517,0.3135516520077125,0.31395548880545276
39.05320239091051,0.31354443600634263,0.0007671901531431065,0.6856883738405146,0.3169605105476954,0.31354443600634263,0.3143116261594857
39.19168892421161,0.31366214784509294,0.0045003041543746,0.6818375480005329,0.3189355235758862,0.31366214784509294,0.3181624519994675
39.330175457512716,0.3159682487455797,0.007414414228962222,0.676617337025458,0.32091379347004195,0.3159682487455797,0.32338266297454193
39.468661990813814,0.32008782650082035,0.006239724427542129,0.6736724490716377,0.32289528464628026,0.32008782650082035,0.32632755092836246
39.60714852411492,0.3236129856519657,0.002294302996166108,0.6740927113518684,0.3248799614629941,0.3236129856519657,0.32590728864813184
39.74563505741602,0.3247913387095704,5.135424183033206e-06,0.6752035258662467,0.3268677882210912,0.3247913387095704,0.3247964741337534
39.88412159071712,0.32449574196094566,0.0019407969065839531,0.6735634611324706,0.3288587291649923,0.32449574196094566,0.3264365388675296
40.02260812401822,0.32526122322703815,0.005929366028631185,0.668809410744331,0.33085274848239854,0.32526122322703815,0.33119058925566935
40.161094657319325,0.3284514888616524,0.007495443156873223,0.6640530679814745,0.33284981030773286,0.3284514888616524,0.3359469320185256
40.29958119062042,0.3327221001261361,0.004881801378463128,0.6623960984954007,0.33484987871759747,0.3327221001261361,0.33760390150459924
40.43806772392153,0.3355121091288331,0.0010210942588562658,0.6634667966123107,0.33685291773666265,0.3355121091288331,0.3365332033876894
40.576554257222625,0.33590924525460014,0.00024525304896922984,0.6638455016964306,0.33885889133547015,0.33590924525460014,0.33615449830356936
40.71504079052373,0.3356830034943519,0.0034248153671790817,0.6608921811384694,0.3408677634328683,0.3356830034943519,0.33910781886153096
40.85352732382483,0.3373158537920695,0.006992132866673535,0.655692013341257,0.3428794978932631,0.3373158537920695,0.34430798665874307
40.992013857125926,0.3412230289891371,0.006944474006217156,0.6518324970046458,0.34489405853162736,0.3412230289891371,0.34816750299535426
41.13050039042703,0.3452745403990365,0.0033353147168015368,0.6513901448841624,0.3469114091112886,0.3452745403990365,0.34860985511583803
41.26898692372813,0.34716915340779675,0.00021433538902657697,0.6526165112031769,0.3489315133455019,0.34716915340779675,0.34738348879682335
41.40747345702923,0.34701436647925443,0.001083450947787925,0.6519021825729576,0.3509543348979919,0.34701436647925443,0.3480978174270424
41.54595999033033,0.3472198475250753,0.004967464690730733,0.6478126877841939,0.35297983738360567,0.3472198475250753,0.352187312215806
41.684446523631436,0.3498081886670229,0.007508294019817719,0.6426835173131595,0.35500798436896874,0.3498081886670229,0.35731648268684063
41.822933056932534,0.35414421721457856,0.005854985046713626,0.6400007977387079,0.35703873937313796,0.35414421721457856,0.3599992022612922
41.96141959023364,0.3576320262026466,0.00186264373697291,0.6405053300603808,0.3590720658682599,0.3576320262026466,0.35949466993961954
42.09990612353474,0.35861503476142376,1.0902331157491322e-05,0.6413740629074189,0.3611079272802261,0.35861503476142376,0.3586259370925812
42.23839265683584,0.35823914881964614,0.0023775191814628897,0.6393833319988914,0.36314628698933205,0.35823914881964614,0.36061666800110903
42.37687919013694,0.35918352044300195,0.0063070166312041475,0.6345094629257939,0.3651871083309358,0.35918352044300195,0.3654905370742061
42.515365723438045,0.3626645976916191,0.007390276796764685,0.6299451255116166,0.36723035459611664,0.3626645976916191,0.37005487448838376
42.65385225673914,0.36706366664773216,0.004411820643214745,0.6285245127090531,0.3692759890323358,0.36706366664773216,0.3714754872909469
42.79233879004024,0.3697262128647119,0.0007136440516701757,0.6295601430836182,0.37132397484409835,0.3697262128647119,0.3704398569163821
42.930825323341345,0.36993293651866294,0.00044530984877652917,0.6296217536325607,0.3733742751936133,0.36993293651866294,0.3703782463674395
43.06931185664244,0.3697170877272312,0.003907904151998137,0.626375008120771,0.37542685320145786,0.3697170877272312,0.3736249918792294
43.20779838994355,0.3715995678221634,0.0072162007556388465,0.6211842314221977,0.37748167194724014,0.3715995678221634,0.37881576857780225
43.346284923244646,0.3757646813775336,0.006658104180422916,0.6175772144420435,0.3795386944702628,0.3757646813775336,0.3824227855579565
43.48477145654575,0.37984061615603526,0.0028598302777349434,0.61729955356623,0.3815978837701887,0.37984061615603526,0.3827004464337702
43.62325798984685,0.38154509539448056,8.325670611567375e-05,0.6183716478994038,0.38365920280770627,0.38154509539448056,0.38162835210059626
43.761744523147954,0.38124503268957743,0.0014438556968985167,0.6173111116135244,0.3857226145051952,0.38124503268957743,0.38268888838647597
43.90023105644905,0.3815593911744297,0.005414958402176931,0.6130256504233934,0.3877880817473942,0.3815593911744297,0.38697434957660665
44.038717589750156,0.3844345924956294,0.0075407634937151155,0.608024644010656,0.38985556738206784,0.3844345924956294,0.3919753559893445
44.177204123051254,0.3889583462680247,0.005435997697909389,0.6056056560340659,0.3919250342206751,0.3889583462680247,0.3943943439659341
44.31569065635236,0.39236728569195467,0.0014623270114542393,0.6061703872965913,0.39399644503903886,0.39236728569195467,0.3938296127034089
44.45417718965346,0.393135577438135,7.843418192932813e-05,0.606785988379936,0.3960697625780141,0.393135577438135,0.3932140116200643
44.592663722954555,0.3926922876825186,0.002837125057808897,0.6044705872596725,0.3981449495441605,0.3926922876825186,0.39552941274032755
44.73115025625566,0.3938345757956225,0.006642992800669213,0.5995224314037084,0.4002219686104109,0.3938345757956225,0.4004775685962917
44.86963678955676,0.39759855930651145,0.007225639034590559,0.5951758016588982,0.40230078241674305,0.39759855930651145,0.404824198341102
45.00812332285786,0.40208835457341713,0.003931301806023149,0.5939803436205597,0.40438135357085303,0.40208835457341713,0.40601965637944026
45.14660985615896,0.40458646556760053,0.0004564133876494304,0.59495712104475,0.40646364464882595,0.40458646556760053,0.40504287895525
45.285096389460065,0.4045963336443913,0.0006999946754262941,0.5947036716801827,0.4085476181958112,0.4045963336443913,0.4052963283198176
45.42358292276116,0.4044104832665567,0.0043887337184536895,0.59120078301499,0.41063323672669494,0.4044104832665567,0.40879921698501037
45.56206945606227,0.40655449035731206,0.007383657151473076,0.5860618524912149,0.41272046272677465,0.40655449035731206,0.41393814750878516
45.700555989363366,0.41095656168498274,0.006324291876596835,0.5827191464384207,0.41480925865243357,0.41095656168498274,0.41728085356157957
45.83904252266447,0.4150147614095073,0.0023993055132362846,0.5825859330772565,0.41689958693181406,0.4150147614095073,0.41741406692274363
45.97752905596557,0.41650126198349385,1.2754251252680747e-05,0.5834859837652534,0.41899140996550116,0.41650126198349385,0.41651401623474654
46.11601558926667,0.4160618554692728,0.0018424832812474362,0.5820956612494801,0.42108469012718996,0.4160618554692728,0.41790433875052024
46.25450212256777,0.4165063502893662,0.005835433377929406,0.5776582163327044,0.42317938976435954,0.4165063502893662,0.42234178366729563
46.39298865586887,0.41966929167568123,0.007511289207083136,0.5728194191172354,0.4252754711989689,0.41966929167568123,0.4271805808827644
46.531475189169974,0.4243483806894605,0.004989645958537867,0.5706619733520016,0.427372896728113,0.4243483806894605,0.42933802664799836
46.66996172247107,0.42763723023915995,0.0010999296556850537,0.5712628401051552,0.4294716286247181,0.42763723023915995,0.428737159894845
46.80844825577218,0.428175140367381,0.00020662149004560038,0.5716182381425736,0.4315716291382007,0.428175140367381,0.4283817618574266
46.946934789073275,0.4276800699938968,0.0033120636330988716,0.5690078663730047,0.4336728604951635,0.4276800699938968,0.4309921336269957
47.08542132237438,0.4290377797151557,0.006931774757216051,0.5640304455276282,0.43577528490008033,0.4290377797151557,0.4359695544723718
47.22390785567548,0.4330724771888742,0.007004234717718517,0.5599232880934072,0.4378788645359503,0.4330724771888742,0.4400767119065927
47.36239438897658,0.4376128170067287,0.0034481393500771784,0.558939043643194,0.4399835615650011,0.4376128170067287,0.44106095635680587
47.50088092227768,0.43991145428558254,0.000253628330217097,0.5598349173842004,0.4420893381293623,0.43991145428558254,0.4401650826157996
47.639367455578785,0.4397219734751548,0.0010051232910035196,0.5592729032338419,0.4441961563517306,0.4397219734751548,0.4407270967661583
47.77785398887988,0.4395870631108385,0.00485940447843215,0.5555535324107296,0.4463039783360914,0.4395870631108385,0.44444646758927064
47.91634052218098,0.4420015216300208,0.007491750899581186,0.5505067274703983,0.44841276616836045,0.4420015216300208,0.44949327252960203
48.054827055482086,0.44661543254150526,0.0059485213244325,0.5474360461340626,0.4505224819170706,0.44661543254150526,0.4525639538659378
48.193313588783184,0.45061289390291304,0.001961306422163104,0.547425799674924,0.45263308763408433,0.45061289390291304,0.4525742003250761
48.33180012208429,0.4518567869115341,3.986314866312902e-06,0.5481392267736,0.4547445453552458,0.4518567869115341,0.4518607732264004
48.47028665538539,0.451287459251391,0.0022727846156955383,0.5464397561329136,0.4568568171010692,0.451287459251391,0.45356024386708654
48.60877318868649,0.4518830210415261,0.0062219816004578,0.5418949973580165,0.4589698648774434,0.4518830210415261,0.4581050026419839
48.74725972198759,0.45533062908362454,0.007420355395573379,0.5372490155208022,0.46108365067625334,0.45533062908362454,0.46275098447919794
48.885746255288694,0.46012935194271215,0.00452326297779013,0.5353473850794976,0.4631981364762109,0.46012935194271215,0.4646526149205023
49.02423278858979,0.46325777487636394,0.0007814055252742695,0.5359608195983621,0.46531328424329393,0.46325777487636394,0.4640391804016382
49.1627193218909,0.46355356744231624,0.00039335825563764447,0.5360530743020462,0.4674290559317025,0.46355356744231624,0.46394692569795387
49.301205855191995,0.4630247484932476,0.003794532102742292,0.5331807194040105,0.4695454134843178,0.4630247484932476,0.46681928059598987
49.4396923884931,0.46461341505121956,0.0071686180786563565,0.5282179668701243,0.4716623188335672,0.46461341505121956,0.47178203312987593
49.5781789217942,0.46890234363509087,0.0067297013158545485,0.5243679550490546,0.4737797339019046,0.46890234363509087,0.4756320449509454
49.716665455095296,0.4734511032189798,0.0029702711907753027,0.5235786255902452,0.4758976206027916,0.4734511032189798,0.4764213744097551
49.8551519883964,0.4755176728715759,0.00010862045150599724,0.524373706676918,0.4780159408410345,0.4755176728715759,0.47562629332308193
49.9936385216975,0.47513030211099344,0.001355682712470935,0.523514015176536,0.4801346565137688,0.47513030211099344,0.4764859848234644
50.1321250549986,0.47506816252847583,0.005312183743591554,0.519619653727933,0.4822537295109307,0.47506816252847583,0.4803803462720674
50.2706115882997,0.4777586909265743,0.007538706119010503,0.5147026029544156,0.48437312171602986,0.4777586909265743,0.48529739704558483
50.409098121600806,0.48255540193883095,0.0055369660890416585,0.5119076319721276,0.486492795006914,0.48255540193883095,0.4880923680278726
50.547584654901904,0.4864488617951356,0.0015530289272857381,0.5119981092775792,0.4886127112563874,0.4864488617951356,0.48800189072242134
50.68607118820301,0.4874290935082154,5.709694596721496e-05,0.5125138095458175,0.4907328323327005,0.4874290935082154,0.4874861904541826
50.82455772150411,0.4867425500937591,0.0027276902443433984,0.5105297596618975,0.49285312010052873,0.4867425500937591,0.4894702403381025
50.96304425480521,0.4875093012718057,0.006568252437362345,0.505922446290832,0.49497353642161346,0.4875093012718057,0.49407755370916806
51.10153078810631,0.4912343978600378,0.00726945601817667,0.5014961461217857,0.49709404315543615,0.4912343978600378,0.4985038538782145
51.240017321407414,0.49611415094876166,0.004044510999733304,0.49984133805150505,0.4992146021596082,0.49611415094876166,0.500158661948495
51.37850385470851,0.4990432669051375,0.0005119876790996204,0.500444745415763,0.501335175290996,0.4990432669051375,0.4995552545842371
51.51699038800961,0.4990892905685591,0.0006355765649640828,0.5002751328664768,0.5034557244061004,0.4990892905685591,0.4997248671335232
51.655476921310715,0.49854678983525635,0.0042766039526417,0.49717660621210225,0.5055762113620346,0.49854678983525635,0.5028233937878981
51.79396345461181,0.5003795564828621,0.00734963164657232,0.4922708118705653,0.5076965980166949,0.5003795564828621,0.5077291881294345
51.93244998791292,0.5049020085930196,0.006406549160631666,0.48869144224634914,0.5098168462301359,0.5049020085930196,0.5113085577536512
52.070936521214016,0.5094156624039836,0.0025055482631133573,0.4880787893329033,0.5119369178648733,0.5094156624039836,0.511921210667097
52.20942305451512,0.511220487693181,2.377209768845807e-05,0.488755740209131,0.514056774786359,0.511220487693181,0.5112442597908694
52.34790958781622,0.5106405730104236,0.0017459135702430348,0.4876135134193335,0.5161763788640021,0.5106405730104236,0.5123864865806667
52.48639612111732,0.5106734565487459,0.00573963276618077,0.48358691068507337,0.5182956919716961,0.5106734565487459,0.5164130893149266
52.62488265441842,0.513642084278606,0.007523751378513392,0.47883416434288095,0.520414675989099,0.513642084278606,0.5211658356571194
52.763369187719526,0.518588916271508,0.005096387644977933,0.4763146960835142,0.522533292800694,0.518588916271508,0.5236853039164859
52.901855721020624,0.5223354445116394,0.001181180652859232,0.47648337483550135,0.524651504298946,0.5223354445116394,0.5235166251644986
53.04034225432173,0.5230348376682976,0.00017121358550019464,0.47679394874620257,0.526769272382313,0.5230348376682976,0.5232060512537978
53.17882878762283,0.5222468006266712,0.003199726485262745,0.4745534728880662,0.5288865589577729,0.5222468006266712,0.525446527111934
53.317315320923925,0.5232035829649111,0.006868556976673268,0.4699278600584155,0.5310033259417755,0.5232035829649111,0.5300721399415844
53.45580185422503,0.5271947990913013,0.007061070213085534,0.46574413069561355,0.5331195352582789,0.5271947990913013,0.5342558693043868
53.59428838752613,0.5321145360378338,0.0035612554796997046,0.46432420848246647,0.5352351488435497,0.5321145360378338,0.5356757915175334
53.73277492082723,0.5348074732975147,0.00029610240484406004,0.46489642429764155,0.5373501286419249,0.5348074732975147,0.5351035757023587
53.87126145412833,0.5346002492532,0.0009292969934879621,0.46447045375331214,0.5394644366118786,0.5346002492532,0.535529546246688
54.009747987429435,0.5340657556845967,0.004750359184961513,0.46118388513044184,0.5415780347217014,0.5340657556845967,0.5388161148695582
54.14823452073053,0.5361529861084202,0.00747184157436482,0.4563751723172149,0.543690884953962,0.5361529861084202,0.5436248276827851
54.28672105403164,0.5408841644903173,0.006040087345280958,0.45307574816440166,0.5458029493046009,0.5408841644903173,0.5469242518355982
54.425207587332736,0.5453183552308807,0.002061605537953168,0.4526200392311664,0.5479141897819886,0.5453183552308807,0.5473799607688339
54.56369412063384,0.546835103815769,4.772491447750927e-07,0.4531644189350862,0.5500245684112568,0.546835103815769,0.5468355810649138
54.70218065393494,0.5460717470063173,0.002169404729652042,0.4517588482640307,0.5521340472322509,0.5460717470063173,0.5482411517359693
54.84066718723604,0.5462218476356545,0.00613472895147252,0.4476434234128733,0.5542425883010851,0.5462218476356545,0.552356576587127
54.97915372053714,0.5494667878346212,0.007447132370966757,0.443086079794412,0.5563501536907418,0.5494667878346212,0.5569139202055879
55.11764025383824,0.5545277652930802,0.004634024291539538,0.4408382104153804,0.558456705491754,0.5545277652930802,0.5591617895846198
55.256126787139344,0.5580853563858805,0.000851870724418898,0.44106277288970075,0.5605622058128851,0.5580853563858805,0.5589372271102995
55.39461332044044,0.5584908490460097,0.000344461401753089,0.44116468955223764,0.5626666167818134,0.5584908490460097,0.5588353104477627
55.53309985374155,0.5576197380151589,0.003681138216605065,0.43869912376823605,0.5647699005458113,0.5576197380151589,0.561300876231764
55.671586387042645,0.5587836561921629,0.007117961490846872,0.4340983823169905,0.5668720192724258,0.5587836561921629,0.5659016176830097
55.81007292034375,0.5630254132661936,0.006798621567904344,0.4301759651659024,0.5689729351501608,0.5630254132661936,0.5698240348340979
55.94855945364485,0.5679421479247733,0.003081435862071465,0.4289764162131554,0.5710726103891557,0.5679421479247733,0.5710235837868447
56.08704598694595,0.5703645665631387,0.00013729649916016244,0.4294981369377011,0.5731710072218658,0.5703645665631387,0.5705018630622989
56.22553252024705,0.5699048075764334,0.0012696939842326146,0.42882549843933415,0.5752680879037406,0.5699048075764334,0.571174501560666
56.364019053548155,0.5694011884767595,0.0052080144363941105,0.4253907970868466,0.5773638147139052,0.5694011884767595,0.5746092029131535
56.50250558684925,0.571750120856515,0.007533240065316778,0.4207166390781686,0.5794581499558352,0.571750120856515,0.5792833609218317
56.64099212015036,0.5766613415587573,0.005636336500966712,0.41770232194027634,0.5815510559580378,0.5766613415587573,0.582297678059724
56.779478653451456,0.5809714672508501,0.0016457365865132287,0.41738279616263674,0.5836424950747281,0.5809714672508501,0.5826172038373634
56.917965186752554,0.5821775264540217,3.9118618710415414e-05,0.41778335492726804,0.5857324296865066,0.5821775264540217,0.5822166450727321
57.05645172005366,0.5812433901277386,0.0026191986197701884,0.41613741125249143,0.5878208222010355,0.5812433901277386,0.5838625887475088
57.194938253354756,0.5815323596579979,0.0064909812319709674,0.41197665911003134,0.5899076350537152,0.5815323596579979,0.5880233408899689
57.33342478665586,0.5850478421207072,0.007310107876335593,0.40764205000295733,0.5919928307083598,0.5850478421207072,0.5923579499970427
57.47191131995696,0.5901840931795899,0.004157472233997713,0.4056584345864126,0.594076371657873,0.5901840931795899,0.5943415654135876
57.610397853258064,0.5935122472929267,0.0005705094015737227,0.40591724330549983,0.5961582204249216,0.5935122472929267,0.5940827566945005
57.74888438655916,0.5936150656972341,0.0005739940920762151,0.40581094021068986,0.59823833956261,0.5936150656972341,0.5941890597893104
57.88737091986027,0.5926816310492915,0.0041640162856155065,0.4031543526650934,0.6003166916551546,0.5926816310492915,0.596845647334907
58.025857453161365,0.5940676203901668,0.007312368492714083,0.398620011117119,0.6023932393185565,0.5940676203901668,0.6013799888828809
58.16434398646247,0.5985401802703728,0.006486421872825703,0.39497339785680186,0.6044679452012722,0.5985401802703728,0.6050266021431985
58.30283051976357,0.6034095257455485,0.0026129351424568435,0.3939775391119949,0.6065407719848898,0.6034095257455485,0.6060224608880054
58.44131705306467,0.6055301035871488,3.8178997119943375e-05,0.3944317174157316,0.6086116823847941,0.6055301035871488,0.6055682825842688
58.57980358636577,0.6048226641840543,0.0016511751271338136,0.3935261606888122,0.6106806391508415,0.6048226641840543,0.6064738393111881
58.71829011966687,0.6043734980107939,0.00564205085140608,0.3899844511378005,0.6127476050680312,0.6043734980107939,0.6100155488622
58.85677665296797,0.606987947213014,0.0075328183985961415,0.38547923438839027,0.6148125429571698,0.606987947213014,0.6145207656116101
58.99526318626907,0.6120469080320937,0.005201929883228898,0.38275116208467785,0.6168754156755448,0.6120469080320937,0.6172488379153226
59.133749719570176,0.6161887182246334,0.0012647737536365773,0.3825465080217301,0.6189361861175875,0.6161887182246334,0.6174534919782699
59.272236252871274,0.6170655126026583,0.00013906136404963582,0.3827954260332921,0.6209948172155502,0.6170655126026583,0.6172045739667079
59.41072278617238,0.6159765651894328,0.00308790554000261,0.38093552927056473,0.623051271940159,0.6159765651894328,0.6190644707294354
59.549209319473476,0.616425034195905,0.006802536709893961,0.3767724290942014,0.6251055133012886,0.616425034195905,0.6232275709057989
59.68769585277458,0.6202012022486056,0.007114929081242155,0.3726838686701527,0.6271575043486334,0.6202012022486056,0.6273161313298478
59.82618238607568,0.6253714098177557,0.0036745607849566018,0.37095402939728783,0.6292072081723524,0.6253714098177557,0.6290459706027124
59.964668919376784,0.6284316945485676,0.0003417191923501408,0.3712265862590826,0.6312545879037601,0.6284316945485676,0.6287734137409178
60.10315545267788,0.628227457520766,0.0008560406450478755,0.37091650183418634,0.6332996067159625,0.628227457520766,0.6290834981658139
60.24164198597899,0.6272543725042814,0.004640427449024701,0.3681052000466938,0.6353422278245366,0.6272543725042814,0.6318947999533061
60.380128519280085,0.6288747987336073,0.0074485840537686105,0.36367661721262434,0.637382414488198,0.6288747987336073,0.6363233827873759
60.51861505258118,0.6335543825500174,0.006129600282134954,0.36031601716784767,0.6394201300094305,0.6335543825500174,0.6396839828321523
60.65710158588229,0.6383311181807325,0.0021634503573837354,0.35950543146188424,0.6414553377351877,0.6383311181807325,0.6404945685381163
60.795588119183385,0.6401219920609477,3.783081420507699e-07,0.3598776296309103,0.6434880010575141,0.6401219920609477,0.6401223703690897
60.93407465248449,0.6391757510529318,0.0020674730371932006,0.3587567759098753,0.6455180834142393,0.6391757510529318,0.641243224090125
61.07256118578559,0.6388048450226655,0.0060453376101699055,0.35514981736716483,0.6475455482896071,0.6388048450226655,0.6448501826328354
61.21104771908669,0.6416849586315314,0.007470583501760927,0.35084445786670787,0.6495703592149377,0.6416849586315314,0.6491555421332923
61.34953425238779,0.6468560695034602,0.004744004393878168,0.34839992610266185,0.6515924797693042,0.6468560695034602,0.6516000738973383
61.488020785688896,0.6507862614897929,0.0009249759087822582,0.3482887626014247,0.6536118735801557,0.6507862614897929,0.6517112373985752
61.626507318989994,0.6513195079017144,0.0002986635174817088,0.348381828580804,0.655628504323991,0.6513195079017144,0.6516181714191962
61.7649938522911,0.650094713194999,0.0035678250658462297,0.3463374617391548,0.6576423357270377,0.650094713194999,0.6536625382608452
61.9034803855922,0.6507218251645835,0.007064276814679257,0.3422138980207372,0.6596533315658288,0.6507218251645835,0.6577861019792628
62.041966918893294,0.6547446990052548,0.0068648025940225175,0.33839049840072305,0.6616614556679417,0.6547446990052548,0.6616095015992773
62.1804534521944,0.659905596399863,0.0031932237360846596,0.33690117986405244,0.6636666719125498,0.659905596399863,0.6630988201359477
62.3189399854955,0.6626621804564155,0.0001692589097129554,0.3371685606338719,0.665668944231215,0.6626621804564155,0.6628314393661284
62.4574265187966,0.6621509339988052,0.0011859672945890587,0.336663098706606,0.667668236608405,0.6621509339988052,0.6633369012933943
62.5959130520977,0.6611623529533711,0.005102544708662088,0.33373510233796677,0.6696645130821772,0.6611623529533711,0.6662648976620332
62.734399585398805,0.6630266512688812,0.007524370277308939,0.32944897845381005,0.671657737744886,0.6630266512688812,0.6705510215461901
62.8728861186999,0.6678856259774243,0.005734019046907815,0.3263803549756682,0.6736478747437238,0.6678856259774243,0.6736196450243321
63.01137265200101,0.6725242837216276,0.0017403661291031636,0.32573535014926924,0.6756348882814082,0.6725242837216276,0.6742646498507308
63.149859185302105,0.6739614392786952,2.4515462690850194e-05,0.3260140452586142,0.6776187426169284,0.6739614392786952,0.6739859547413861
63.28834571860321,0.6727891169112136,0.0025117483218052446,0.32469913476698137,0.6795994020660834,0.6727891169112136,0.6753008652330188
63.42683225190431,0.672520017879899,0.0064112490814186495,0.3210687330386826,0.6815768310020093,0.672520017879899,0.6789312669613177
63.56531878520541,0.6756620908892973,0.007347557836996263,0.31699035127370684,0.6835509938560824,0.6756620908892973,0.6830096487262936
63.70380531850651,0.680906861676439,0.0042700833282089444,0.31482305499535224,0.6855218551184459,0.680906861676439,0.685176945004648
63.84229185180761,0.6845836675808895,0.0006319256184222561,0.3147844068006885,0.6874893793384912,0.6845836675808895,0.6852155931993118
63.980778385108714,0.684763563961505,0.0005153029620090545,0.3147211330764859,0.6894535311258119,0.684763563961505,0.685278866923514
64.11926491840981,0.6834245206911638,0.004051072560064119,0.3125244067487719,0.6914142751504164,0.6834245206911638,0.6874755932512279
64.25775145171092,0.6842474876847653,0.0072719013967568885,0.30848061091847806,0.6933715761439053,0.6842474876847653,0.6915193890815222
64.39623798501202,0.6884989956616502,0.006563837763221129,0.30493716657512915,0.6953253988995766,0.6884989956616502,0.6950628334248713
64.53472451831311,0.6936058994160048,0.002721369013041799,0.3036727315709537,0.6972757082733759,0.6936058994160048,0.6963272684290466
64.67321105161422,0.6960260500324827,5.596191758168964e-05,0.3039179880499355,0.6992224691845386,0.6960260500324827,0.6960820119500645
64.81169758491532,0.6952122319021354,0.0015583536486945106,0.3032294144491702,0.7011656466159781,0.6952122319021354,0.6967705855508299
64.95018411821643,0.6942333222608884,0.005542775902344386,0.3002239018367675,0.7031052056151259,0.6942333222608884,0.6997760981632328
65.08867065151752,0.6963476823969719,0.0075384820654012035,0.29611383553762716,0.7050411112944839,0.6963476823969719,0.7038861644623731
65.22715718481862,0.7013548128876471,0.005306177203614982,0.29333900990873807,0.7069733288323843,0.7013548128876471,0.7066609900912622
65.36564371811973,0.7058102742083349,0.0013506333428409353,0.2928390924488241,0.7089018234733347,0.7058102742083349,0.7071609075511758
65.50413025142083,0.7068738782539006,0.0001101939093251458,0.2930159278367744,0.7108265605288133,0.7068738782539006,0.7069840721632257
65.64261678472192,0.7054917913360533,0.0029767019460244563,0.29153150671792244,0.7127475053779332,0.7054917913360533,0.7084684932820778
65.78110331802303,0.7053472985372512,0.0067337736758729325,0.28791892778687617,0.7146646234681684,0.7053472985372512,0.7120810722131241
65.91958985132413,0.7087436505664086,0.007165762603157117,0.28409058683043437,0.7165778803156687,0.7087436505664086,0.7159094131695658
66.05807638462522,0.7140211307307266,0.0037879527740932364,0.28219091649518024,0.7184872415060011,0.7140211307307266,0.7178090835048199
66.19656291792633,0.7174048864496784,0.0003904374295444027,0.28220467612077726,0.7203926726946341,0.7174048864496784,0.7177953238792227
66.33504945122743,0.7172262315669994,0.0007854205104084591,0.28198834792259264,0.7222941396083198,0.7172262315669994,0.7180116520774078
66.47353598452854,0.7157967693130793,0.004529708710219924,0.27967352197670087,0.7241916080446866,0.7157967693130793,0.7203264780232993
66.61202251782963,0.7168304570918211,0.007421999375131738,0.2757475435330475,0.7260850438732624,0.7168304570918211,0.7242524564669529
66.75050905113073,0.7212885352720037,0.0062169791647310405,0.27249448556326544,0.7279744130363672,0.7212885352720037,0.7275055144367347
66.88899558443184,0.7262959071833672,0.0022667487555153316,0.2714373440611177,0.7298596815488269,0.7262959071833672,0.7285626559388826
67.02748211773294,0.728350443618889,3.6895813353348596e-06,0.27164586679977576,0.7317408154997856,0.728350443618889,0.7283541332002244
67.16596865103404,0.7272427788102714,0.0019670817415170993,0.27079013944821156,0.7336177810536904,0.7272427788102714,0.7292098605517885
67.30445518433514,0.7262992350386431,0.00595388843598701,0.26774687652537027,0.7354905444475011,0.7262992350386431,0.7322531234746301
67.44294171763624,0.7286663382353524,0.007490687574496296,0.2638429741901514,0.7373590719960865,0.7286663382353524,0.7361570258098488
67.58142825093734,0.7337871017270643,0.0048531038008668235,0.26135979447206903,0.7392233300894859,0.7337871017270643,0.7386402055279311
67.71991478423844,0.7380151958834926,0.001000654950251203,0.2609841491662567,0.7410832851948594,0.7380151958834926,0.7390158508337439
67.85840131753955,0.7386898663212678,0.00025600602972195957,0.2610541276490106,0.7429389038558892,0.7386898663212678,0.7389458723509897
67.99688785084065,0.7371176257057014,0.003454695148779468,0.2594276791455193,0.7447901526955506,0.7371176257057014,0.7405723208544809
68.13537438414174,0.7371193139028379,0.0070076126107197325,0.2558730734864423,0.7466369984146739,0.7371193139028379,0.7441269265135576
68.27386091744285,0.7407582317680426,0.006928184529061023,0.25231358370289664,0.7484794077934409,0.7407582317680426,0.7476864162971036
68.41234745074395,0.7460254955512384,0.0033055336937504094,0.25066897075501093,0.7503173476918314,0.7460254955512384,0.7493310292449888
68.55083398404506,0.7490791828054638,0.00020447877120803598,0.25071633842332797,0.7521507850502195,0.7490791828054638,0.7492836615766718
68.68932051734615,0.7485414253966898,0.0011045783792902374,0.25035399622402,0.7539796868899683,0.7485414253966898,0.74964600377598
68.82780705064725,0.7470471638695045,0.004995869963840169,0.2479569661666557,0.7558040203140227,0.7470471638695045,0.7520430338333447
68.96629358394836,0.7483037139505035,0.007512104777846241,0.24418418127165065,0.757623752507501,0.7483037139505035,0.7558158187283498
69.10478011724946,0.7529424731997928,0.00582992536679592,0.24122760143341132,0.7594388507382864,0.7529424731997928,0.7587723985665887
69.24326665055055,0.7578045031451266,0.0018368319567987844,0.24035866489807478,0.7612492823576128,0.7578045031451266,0.7596413351019253
69.38175318385166,0.7594681993135621,1.3300687327100523e-05,0.2405184999991109,0.7630550148006559,0.7594681993135621,0.7594815000008892
69.52023971715276,0.7580795284936173,0.0024054365456581983,0.2395150349607247,0.7648560155871158,0.7580795284936173,0.7604849650392754
69.65872625045385,0.7571970764086636,0.006329128108041185,0.23647379548329522,0.7666522523218018,0.7571970764086636,0.7635262045167048
69.79721278375496,0.7598158893485651,0.007381772024114115,0.23280233862732108,0.7684436926952172,0.7598158893485651,0.7671976613726793
69.93569931705606,0.7650128477653395,0.004382242418581548,0.23060490981607884,0.7702303044841383,0.7650128477653395,0.769395090183921
70.07418585035717,0.7689709423620606,0.0006961807748656411,0.23033287686307385,0.7720120555521943,0.7689709423620606,0.7696671231369263
70.21267238365826,0.7692459516244943,0.0004595562644736868,0.23029449211103203,0.7737889138504461,0.7692459516244943,0.769705507888968
70.35115891695936,0.7675061073432627,0.003937874940466965,0.22855601771627077,0.7755608474179617,0.7675061073432627,0.7714439822837297
70.48964545026047,0.7676738687813391,0.007228266963558655,0.2250978642551022,0.777327824382393,0.7676738687813391,0.7749021357448977
70.62813198356157,0.7715396161772895,0.006638726804230906,0.22182165701847986,0.7790898129605464,0.7715396161772895,0.7781783429815204
70.76661851686266,0.7767522861392075,0.0028307517896291,0.2204169620711637,0.7808467814589568,0.7767522861392075,0.7795830379288367
70.90510505016377,0.7794420393054893,7.710477329158442e-05,0.22048085592121922,0.7825986982744574,0.7794420393054893,0.7795191440787809
71.04359158346487,0.7785492561237446,0.0014675330977517106,0.21998321077850388,0.7843455318947463,0.7785492561237446,0.7800167892214963
71.18207811676596,0.777017135431163,0.005441897719419482,0.21754096684941748,0.786087250898956,0.777017135431163,0.7824590331505825
71.32056465006707,0.7785056309314451,0.00754073725580213,0.21395363181275284,0.7878238239582162,0.7785056309314451,0.7860463681872473
71.45905118336817,0.7832955896062335,0.005409035307868923,0.2112953750858978,0.7895552198362195,0.7832955896062335,0.7887046249141024
71.59753771666928,0.7879667903058847,0.001438681755031973,0.21059452793908348,0.7912814073897805,0.7879667903058847,0.7894054720609166
71.73602424997037,0.7892187203880578,8.463733375927457e-05,0.2106966422781832,0.7930023555693999,0.7892187203880578,0.7893033577218171
71.87451078327148,0.7875657644135963,0.0028662162941013305,0.2095680192923024,0.7947180334198183,0.7875657644135963,0.7904319807076976
72.01299731657258,0.7867696644829912,0.006662330075267255,0.2065680054417416,0.7964284100805782,0.7867696644829912,0.7934319945582585
72.15148384987369,0.7896352943185909,0.007213524796797448,0.20315118088461168,0.7981334547865735,0.7896352943185909,0.7968488191153884
72.28997038317478,0.79486851937074,0.0039013288768646784,0.2012301517523956,0.7998331368686085,0.79486851937074,0.7987698482476047
72.42845691647588,0.7985160941127409,0.0004422130476511506,0.20104169283960832,0.8015274257539445,0.7985160941127409,0.7989583071603921
72.56694344977699,0.7983855031496357,0.0007175004700261294,0.20089699638033826,0.8032162909668533,0.7983855031496357,0.7991030036196619
72.70542998307808,0.796503143359131,0.004418303120871609,0.19907855351999765,0.8048997021291634,0.796503143359131,0.8009214464800026
72.84391651637918,0.796854756590138,0.007392111586200324,0.19575313182366186,0.806577628960808,0.796854756590138,0.8042468681763384
72.98240304968029,0.8009276515227691,0.006302144953405811,0.1927702035238253,0.8082500412803679,0.8009276515227691,0.807229796476175
73.12088958298139,0.806040452633677,0.0023714072923442793,0.19158814007397898,0.8099169090056177,0.806040452633677,0.8084118599260213
73.25937611628248,0.8083360225690734,1.0408073451765489e-05,0.19165356935747482,0.8115782021540585,0.8083360225690734,0.8083464306425252
73.39786264958359,0.8070968260171717,0.001868321653064977,0.19103485232976375,0.8132338908434749,0.8070968260171717,0.8089651476702366
73.53634918288469,0.8055546160085714,0.005860464150748703,0.18858491984068043,0.8148839452924455,0.8055546160085714,0.8114150801593201
73.6748357161858,0.8072807974124031,0.007507426403938764,0.18521177618365833,0.8165283358209052,0.8072807974124031,0.8147882238163419
73.81332224948689,0.812189176670016,0.00496122382518395,0.18284959950480043,0.8181670328506597,0.812189176670016,0.8171504004951999
73.95180878278799,0.8166249813449344,0.001078839392273189,0.1822961792627926,0.8198000069059385,0.8166249813449344,0.8177038207372076
74.0902953160891,0.8174488031391578,0.00021652752491248787,0.1823346693359298,0.821427228613891,0.8174488031391578,0.8176653306640703
74.2287818493902,0.8155518678180198,0.0033418507987696467,0.18110628138321075,0.8230486687051622,0.8155518678180198,0.8188937186167895
74.3672683826913,0.8148664260489642,0.006948020135549109,0.17818555381548662,0.8246642980143732,0.8148664260489642,0.8218144461845133
74.5057549159924,0.8179700396316033,0.006988710040141085,0.17504125032825568,0.8262740874806689,0.8179700396316033,0.8249587496717444
74.6442414492935,0.8231975844358475,0.003418264143557766,0.1733841514205948,0.8278780081482432,0.8231975844358475,0.8266158485794052
74.7827279825946,0.8264967792793594,0.0002429242250098725,0.173260296495631,0.8294760311668434,0.8264967792793594,0.8267397035043692
74.9212145158957,0.8259595002441846,0.001025600859850846,0.1730148988959649,0.8310681277923196,0.8259595002441846,0.8269851011040354
75.0597010491968,0.8239618108775258,0.004888086696184725,0.1711501024262897,0.8326542693871066,0.8239618108775258,0.8288498975737105
75.19818758249791,0.8245125440867104,0.007496454662024357,0.16799100125126532,0.8342344274207432,0.8245125440867104,0.8320089987487347
75.336674115799,0.8287691035720175,0.005923968707333567,0.16530692772064887,0.8358085734704295,0.8287691035720175,0.8346930722793511
75.4751606491001,0.8337364395224172,0.0019350468100960542,0.16432851366748727,0.8373766792214759,0.8337364395224172,0.8356714863325132
75.61364718240121,0.8356116072655709,5.484437089216927e-06,0.16438290829733992,0.8389387164678475,0.8356116072655709,0.8356170917026602
75.75213371570231,0.8340389844249083,0.0023003594572065618,0.16366065611788524,0.8404946571126725,0.8340389844249083,0.8363393438821148
75.8906202490034,0.8325147815346654,0.006244692595684687,0.1612405258696499,0.8420444731687481,0.8325147815346654,0.8387594741303501
76.02910678230451,0.8344808176914938,0.00741271948894611,0.1581064628195602,0.843588136759009,0.8344808176914938,0.8418935371804399
76.16759331560561,0.8394718953762557,0.004493848050116717,0.1560342565736277,0.845125620117095,0.8394718953762557,0.8439657434263724
76.3060798489067,0.843629249163201,0.0007632167479873156,0.1556075340888118,0.8466568955877806,0.843629249163201,0.8443924659111883
76.44456638220781,0.8440134209182585,0.0004068044259424612,0.15557977465579947,0.8481819356274993,0.8440134209182585,0.8444202253442009
76.58305291550892,0.8418960471363403,0.0038245258214668547,0.1542794270421933,0.8497007128048426,0.8418960471363403,0.8457205729578071
76.72153944881002,0.841344142031379,0.007181504663510404,0.15147435330511086,0.8512131998011225,0.841344142031379,0.8485256466948894
76.86002598211111,0.8446729513863027,0.0067110212541159064,0.14861602735958157,0.8527193694107248,0.8446729513863027,0.8513839726404187
76.99851251541222,0.8498513616679327,0.002940984528529981,0.14720765380353737,0.8542191945416342,0.8498513616679327,0.8527923461964627
77.13699904871332,0.8527674909394588,0.00010158843915466763,0.14713092062138663,0.8557126482160654,0.8527674909394588,0.8528690793786134
77.27548558201443,0.8518272778576564,0.0013787956273969481,0.14679392651494677,0.8571997035707375,0.8518272778576564,0.8532060734850534
77.41397211531552,0.8497430705112112,0.00533950755367611,0.14491742193511287,0.8586803338575072,0.8497430705112112,0.8550825780648873
77.55245864861662,0.8505053263963357,0.007539581930140475,0.14195509167352416,0.8601545124438902,0.8505053263963357,0.8580449083264762
77.69094518191773,0.8549184768187476,0.005510411154407343,0.13957111202684536,0.8616222128131947,0.8549184768187476,0.8604288879731549
77.82943171521883,0.8596950198131803,0.0015288393447668925,0.13877614084205328,0.8630834085654893,0.8596950198131803,0.8612238591579472
77.96791824851992,0.8611279538312786,6.241475490506676e-05,0.13880963141381653,0.864538073417702,0.8611279538312786,0.8611903685861837
78.10640478182103,0.8592390397918082,0.0027565485257511884,0.13800441168244093,0.8659861812044192,0.8592390397918082,0.8619955883175593
78.24489131512213,0.8577607599971979,0.0065882705337377,0.13565096946906469,0.8674277058780174,0.8577607599971979,0.8643490305309356
78.38337784842322,0.8599650787404406,0.00725817245847925,0.13277674880108017,0.8688626215092847,0.8599650787404406,0.8672232511989199
78.52186438172433,0.8650005968180757,0.004014586537407315,0.13098481664451708,0.8702909022879018,0.8650005968180757,0.869015183355483
78.66035091502543,0.8688385328724413,0.0004969992122709551,0.13066446791528805,0.8717125225229639,0.8688385328724413,0.8693355320847123
78.79883744832654,0.8687764604017975,0.0006523419619735968,0.13057119763622893,0.8731274566432833,0.8687764604017975,0.8694288023637711
78.93732398162763,0.8664650256118945,0.004306311454718544,0.1292286629333872,0.874535679198061,0.8664650256118945,0.870771337066613
79.07581051492873,0.8660676593937635,0.0073589477227300765,0.1265733928835065,0.8759371648570935,0.8660676593937635,0.8734266071164936
79.21429704822984,0.86960497438389,0.006385020610462474,0.12401000500564748,0.8773318884113012,0.86960497438389,0.8759899949943524
79.35278358153094,0.8746898316238024,0.002477331297535602,0.12283283707866226,0.8787198247735216,0.8746898316238024,0.877167162921338
79.49127011483203,0.8771918561985056,2.0527707152911008e-05,0.12278761609434174,0.880100948978276,0.8771918561985056,0.8772123839056585
79.62975664813314,0.8758572240512223,0.0017712821067905299,0.12237149384198731,0.881475236183067,0.8758572240512223,0.8776285061580129
79.76824318143424,0.8737164401355382,0.005765149263021257,0.12051841060144072,0.882842661667927,0.8737164401355382,0.8794815893985595
79.90672971473533,0.8746994486975284,0.007520784849056375,0.11777976645341555,0.8842032008366727,0.8746994486975284,0.8822202335465847
80.04521624803644,0.8792387991218387,0.00506826666546118,0.11569293421270019,0.8855568292167757,0.8792387991218387,0.8843070657872999
80.18370278133754,0.883780084165151,0.001159458511972784,0.11506045732287651,0.8869035224600575,0.883780084165151,0.8849395426771237
80.32218931463865,0.8847536357019943,0.00018026371390293607,0.11506610058410273,0.8882432563431966,0.8847536357019943,0.8849338994158972
80.46067584793974,0.8825694251496191,0.0032293940909728855,0.11420118075940823,0.8895760067679952,0.8825694251496191,0.885798819240592
80.59916238124084,0.8811643017071006,0.006885553294701161,0.11195014499819844,0.8909017497616111,0.8811643017071006,0.8880498550018018
80.73764891454195,0.8836014834905807,0.007046324378285535,0.10935219213113409,0.892220461477647,0.8836014834905807,0.8906478078688662
80.87613544784305,0.8886411030961047,0.0035313131136287036,0.10782758379026695,0.8935321181960595,0.8886411030961047,0.8921724162097334
81.01462198114415,0.8921212945225865,0.0002845604946999151,0.10759414498271408,0.8948366963232803,0.8921212945225865,0.8924058550172864
81.15310851444525,0.8916114065049141,0.0009491061765537331,0.10743948731853223,0.8961341723938185,0.8916114065049141,0.8925605126814679
81.29159504774636,0.8891346843478969,0.004779292402763227,0.10608602324934006,0.8974245230695413,0.8891346843478969,0.8939139767506601
81.43008158104746,0.8889105662436891,0.007477434086587916,0.10361199966972291,0.8987077251404341,0.8889105662436891,0.8963880003302771
81.56856811434855,0.8926359142425709,0.006016064000406185,0.10134802175702325,0.8999837555249881,0.8926359142425709,0.8986519782429772
81.70705464764966,0.8975824025734146,0.0020349218473754466,0.1003826755792101,0.9012525912709122,0.8975824025734146,0.89961732442079
81.84554118095076,0.8996433528495282,1.0737822507926975e-06,0.10035557336822107,0.9025142095552432,0.8996433528495282,0.899644426631779
81.98402771425185,0.8979274266456818,0.0021966121053979683,0.09987596124892048,0.9037685876848405,0.8979274266456818,0.9001240387510798
82.12251424755296,0.895760626200612,0.006158018921697446,0.09808135487769051,0.9050157030967942,0.895760626200612,0.9019186451223095
82.26100078085406,0.8969701910036255,0.007440372237571702,0.09558943675880285,0.9062555333588327,0.8969701910036255,0.9044105632411972
82.39948731415517,0.9016023656771829,0.004604799268442401,0.09379283505437473,0.9074880561697223,0.9016023656771829,0.9062071649456253
82.53797384745626,0.9058653802484358,0.0008329728994930096,0.09330164685207169,0.9087132493596741,0.9058653802484358,0.9066983531479288
82.67646038075736,0.9063673123016178,0.00035709516374149723,0.09327559253464095,0.9099310908907372,0.9063673123016178,0.9067244074653593
82.81494691405847,0.9039123143013631,0.003711127734372103,0.09237655796426517,0.9111415588571978,0.9039123143013631,0.9076234420357352
82.95343344735957,0.9026064088298129,0.00713165679587304,0.09026193437431397,0.9123446314859732,0.9026064088298129,0.9097380656256859
83.09191998066066,0.9052671457278529,0.006780655717865706,0.08795219855428137,0.9135402871370026,0.9052671457278529,0.9120478014457186
83.23040651396177,0.9102689430801446,0.003051967517293222,0.08667908940256232,0.914728504303637,0.9102689430801446,0.9133209105974378
83.36889304726287,0.9133562221847196,0.000129390768155947,0.0865143870471245,0.9159092616130255,0.9133562221847196,0.9134856129528756
83.50737958056396,0.9124019726933479,0.0012922215060571494,0.08630580580059526,0.9170825378265002,0.9124019726933479,0.913694194199405
83.64586611386507,0.9097906581832096,0.005235698023050996,0.08497364379373964,0.9182483118399589,0.9097906581832096,0.9150263562062606
83.78435264716617,0.9097558270161956,0.00753501713310876,0.08270915585069598,0.9194065626842425,0.9097558270161956,0.9172908441493044
83.92283918046728,0.9136451382893773,0.0056102130422924276,0.08074464866833037,0.9205572695255135,0.9136451382893773,0.9192553513316698
84.06132571376837,0.918408626518025,0.0016210245589167258,0.07997034892305836,0.9217004116656322,0.918408626518025,0.9200296510769418
84.19981224706947,0.920005969686416,4.354627441075999e-05,0.07995048403917333,0.9228359685425263,0.920005969686416,0.9200495159608267
84.33829878037058,0.9179262662085512,0.0026477978419444997,0.07942593594950424,0.9239639197305634,0.9179262662085512,0.9205740640504957
84.47678531367168,0.9157641100123912,0.006511662042189932,0.0777242279454192,0.9250842449409152,0.9157641100123912,0.9222757720545811
84.61527184697277,0.9172024125764721,0.0072996652012315135,0.07549792222229665,0.9261969240219265,0.9172024125764721,0.9245020777777035
84.75375838027388,0.9218914378584608,0.004127623307062861,0.0739809388344767,0.9273019369594736,0.9218914378584608,0.9260190611655237
84.89224491357498,0.9258351979009529,0.000554746365960427,0.0736100557330872,0.9283992638773277,0.9258351979009529,0.9263899442669133
85.03073144687609,0.9258583444016121,0.0005900039259864411,0.07355165167240155,0.92948888503751,0.9258583444016121,0.9264483483275985
85.16921798017718,0.9231601862158014,0.004193835014668503,0.0726459787695302,0.9305707808406485,0.9231601862158014,0.92735402123047
85.30770451347828,0.9219779214569448,0.007322537782936471,0.07069954076011911,0.9316449318263287,0.9219779214569448,0.9293004592398812
85.44619104677939,0.9248490427803205,0.006465531169452083,0.06868542605022779,0.9327113186734461,0.9248490427803205,0.9313145739497726
85.58467758008048,0.9297700385109562,0.002584424956279794,0.06764553653276426,0.9337699222005503,0.9297700385109562,0.9323544634672359
85.72316411338159,0.9324328753584965,3.403932859975228e-05,0.06753308531290403,0.9348207233661945,0.9324328753584965,0.9324669146870963
85.86165064668269,0.9310426738155424,0.0016760508806578963,0.06728127530379971,0.9358637032692733,0.9310426738155424,0.9327187246962003
86.0001371799838,0.9283288820579269,0.005668029990459928,0.06600308795161317,0.9368988431493668,0.9283288820579269,0.9339969120483868
86.13862371328489,0.9284963747313534,0.007530750825844368,0.06397287444280217,0.9379261243870752,0.9284963747313534,0.9360271255571977
86.27711024658599,0.9325222311210252,0.00517413549468745,0.06230363338428776,0.9389455285043543,0.9325222311210252,0.9376963666157127
86.4155967798871,0.9370588609659117,0.001242439384420292,0.061698699649668245,0.9399570371648492,0.9370588609659117,0.938301300350332
86.5540833131882,0.9381748069415524,0.0001472473994586378,0.0616779456589891,0.9409606321742241,0.9381748069415524,0.938322054341011
86.69256984648929,0.935752952918101,0.003117426749042558,0.06112962033285657,0.9419562954804845,0.935752952918101,0.9388703796671436
86.8310563797904,0.9336256866068936,0.006820268592795009,0.059554044800311554,0.9429440091743116,0.9336256866068936,0.9404459551996887
86.9695429130915,0.9352911526222397,0.00710097542745463,0.05760787195030579,0.9439237554893755,0.9352911526222397,0.9423921280496943
87.10802944639259,0.9399988926525203,0.00364457834414206,0.056356529003337985,0.9448955168026585,0.9399988926525203,0.9436434709966625
87.2465159796937,0.9435849959880431,0.00032934991771912015,0.05608565409423789,0.94585927563477,0.9435849959880431,0.9439143459057623
87.3850025129948,0.9431273488558125,0.0008751635234081627,0.05599748762077936,0.9468150146502725,0.9431273488558125,0.9440025123792207
87.52348904629591,0.9402163354390718,0.004669585494386073,0.05511407906654237,0.9477627166579681,0.9402163354390718,0.9448859209334579
87.661975579597,0.9391800576482963,0.007455060256478687,0.053364882095225115,0.9487023646112328,0.9391800576482963,0.946635117904775
87.8004621128981,0.9422446223121589,0.006106127939961384,0.051649249747879926,0.9496339416083118,0.9422446223121589,0.9483507502521202
87.93894864619921,0.9470413361708051,0.0021363667254733847,0.050822297103721416,0.950557430892627,0.9470413361708051,0.9491777028962785
88.07743517950031,0.9492522690523266,7.2712498531415e-08,0.050747658235175123,0.9514728158530756,0.9492522690523266,0.9492523417648252
88.2159217128014,0.9474393389500941,0.002094288336002918,0.050466372713902946,0.9523800800243247,0.9474393389500941,0.949533627286097
88.35440824610251,0.9446560857688215,0.006069185487581955,0.04927472874359672,0.9532792070871215,0.9446560857688215,0.9507252712564035
88.49289477940361,0.9450356574525233,0.0074647052561973015,0.04749963729127955,0.9541701808685735,0.9450356574525233,0.9525003627087205
88.63138131270472,0.9491676008942477,0.004714995711211412,0.046117403394541005,0.955052985342435,0.9491676008942477,0.953882596605459
88.76986784600581,0.953434872381471,0.0009053861305821378,0.04565974148794715,0.9559276046294322,0.953434872381471,0.9543402585120531
88.90835437930691,0.9540566137205381,0.00031047344297263234,0.045632912836489216,0.9567940229974851,0.9540566137205381,0.9543670871635107
89.04684091260802,0.9513180051799317,0.003597783254791021,0.0450842115652775,0.9576522248620487,0.9513180051799317,0.9549157884347227
89.18532744590911,0.9492549540346918,0.007078768451122979,0.043666277514185316,0.958502194786367,0.9492549540346918,0.9563337224858148
89.32381397921021,0.9511421840505467,0.006847567206716476,0.042010248742736865,0.959343917481748,0.9511421840505467,0.9579897512572633
89.46230051251132,0.9558288186375627,0.003163600364804596,0.04100758099763252,0.9601773778078468,0.9558288186375627,0.9589924190023673
89.60078704581242,0.9590219672359768,0.0001604866113171414,0.040817546152706045,0.96100256077296,0.9590219672359768,0.959182453847294
89.73927357911352,0.9580866901166196,0.0012078890455097212,0.04070542083787098,0.9618194515342353,0.9580866901166196,0.9592945791621293
89.87776011241462,0.9549953266213637,0.005130563029911582,0.03987411034872507,0.9626280353979886,0.9549953266213637,0.9601258896512752
90.01624664571573,0.9541249050330787,0.007527046993956502,0.03834804797296492,0.9634282978199619,0.9541249050330787,0.9616519520270351
90.15473317901683,0.9573623596926919,0.005708350694435559,0.0369292896128729,0.9642202244055809,0.9573623596926919,0.9630707103871274
90.29321971231792,0.9619913821353828,0.0017151540100800488,0.03629346385453748,0.965003800910205,0.9619913821353828,0.9637065361454629
90.43170624561903,0.9637273932875811,2.8048960012111368e-05,0.036244557752406974,0.9657790132393643,0.9637273932875811,0.9637554422475931
90.57019277892013,0.961509562143096,0.0025400626146964544,0.03595037524220777,0.966545847449081,0.961509562143096,0.9640496247577924
90.70867931222122,0.9586902352555624,0.006432573898083835,0.03487719084635423,0.9673042897460506,0.9586902352555624,0.9651228091536462
90.84716584552233,0.9592881362155267,0.0073379654923795105,0.033373898292094,0.9680543264879328,0.9592881362155267,0.9666261017079062
90.98565237882343,0.9634930326038212,0.004240336936895033,0.03226663045928387,0.9687959441835604,0.9634930326038212,0.9677333695407163
91.12413891212454,0.9674503775670494,0.000615402272702336,0.03193422016024868,0.9695291294931948,0.9674503775670494,0.9680657798397517
91.26262544542563,0.9675702597256048,0.000530542750837564,0.0318991975235579,0.9702538692288167,0.9675702597256048,0.9681008024764424
91.40111197872673,0.9645436682120291,0.004080975543018761,0.03137535624495225,0.9709701503543285,0.9645436682120291,0.9686246437550479
91.53959851202784,0.9625727510700246,0.0072829147021524635,0.030144334227823043,0.9716779599856699,0.9625727510700246,0.9698556657721771
91.67808504532894,0.9646725172289773,0.006543603803553566,0.02878387896746944,0.9723772853913245,0.9646725172289773,0.9712161210325309
91.81657157863003,0.9692970547067736,0.002692591395516823,0.028010353897709794,0.9730681139922134,0.9692970547067736,0.9719896461022904
91.95505811193114,0.9720655377032786,5.0930715648009334e-05,0.027883531581073692,0.9737504333622016,0.9720655377032786,0.9721164684189266
92.09354464523224,0.9706609063505481,0.0015827141174824773,0.027756379531969445,0.9744242312282292,0.9706609063505481,0.9722436204680306
92.23203117853333,0.9674233915480918,0.005569194183842332,0.027007414268065837,0.9750894954704373,0.9674233915480918,0.9729925857319341
92.37051771183444,0.9667358617268547,0.00753731531961692,0.02572682295352846,0.9757462141224803,0.9667358617268547,0.9742731770464715
92.50900424513554,0.9701222625892003,0.005278734547812414,0.024599002862987548,0.9763943753718078,0.9701222625892003,0.9754009971370128
92.64749077843665,0.9745408344357399,0.0013277069480956245,0.02413145861616456,0.9770339675596893,0.9745408344357399,0.9758685413838355
92.78597731173774,0.9757836652020639,0.0001175084469501979,0.024098826350985925,0.9776649791815708,0.9757836652020639,0.9759011736490142
92.92446384503884,0.9731830892938904,0.003006050054697695,0.02381086065141224,0.9782873988872473,0.9731830892938904,0.9761891393485881
93.06295037833995,0.9703609188004457,0.006752225084186245,0.022886856115368413,0.9789012154810651,0.9703609188004457,0.977113143884632
93.20143691164105,0.971179731856888,0.007152613752417903,0.021667654390694287,0.9795064179220683,0.971179731856888,0.9783323456093059
93.33992344494214,0.97542218483395,0.0037579573794930816,0.02081985778655697,0.9801029953243188,0.97542218483395,0.9791801422134431
93.47840997824325,0.9790315196102402,0.00037725197915236335,0.020591228410607888,0.980690936957,0.9790315196102402,0.9794087715893925
93.61689651154435,0.9786471389920041,0.0008038397862965489,0.020549021221699753,0.9812702322445149,0.9786471389920041,0.9794509787783006
93.75538304484546,0.9753642711538106,0.004559065208096198,0.020076663638093205,0.9818408707669785,0.9753642711538106,0.9799233363619069
93.89386957814655,0.9735115415582639,0.007429353410439685,0.019059105031296285,0.9824028422601637,0.9735115415582639,0.9809408949687036
94.03235611144765,0.9758108508354434,0.006194079057530686,0.017995070107026067,0.982956136615572,0.9758108508354434,0.982004929892974
94.17084264474876,0.9803316680262794,0.0022392896810270674,0.017429042292693604,0.9835007438810164,0.9803316680262794,0.9825709577073064
94.30932917804985,0.9826477979712583,2.482133347418102e-06,0.017349719895394276,0.9840366542604535,0.9826477979712583,0.9826502801046058
94.44781571135096,0.980787068388296,0.0019934807074907164,0.01721945090421343,0.984563858114393,0.980787068388296,0.9827805490957867
94.58630224465206,0.9774387673511405,0.005978272649067662,0.016582959999792042,0.9850823459596362,0.9774387673511405,0.9834170400002082
94.72478877795317,0.9769480244930693,0.007485696534269068,0.015566278972661692,0.9855921084700658,0.9769480244930693,0.9844337210273384
94.86327531125426,0.9804563196368336,0.004824337698794246,0.014719342664372,0.9860931364765537,0.9804563196368336,0.9852806573356278
95.00176184455536,0.9846229108063712,0.0009803909388353725,0.014396698254793741,0.9865854209666156,0.9846229108063712,0.9856033017452066
95.14024837785647,0.9853593113689186,0.0002669814359779853,0.014373707195103422,0.9870689530856547,0.9853593113689186,0.9856262928048967
95.27873491115757,0.982402139827905,0.0034845949102366956,0.014113265261858366,0.9875437241361339,0.982402139827905,0.9858867347381417
95.41722144445866,0.9796096767583189,0.007022887470457012,0.013367435771224331,0.988009725578191,0.9796096767583189,0.9866325642287759
95.55570797775977,0.9806482183369108,0.006911695195175723,0.01244008646791376,0.9884669490297063,0.9806482183369108,0.9875599135320866
95.69419451106087,0.9848910267250398,0.003275782092062573,0.011833191182897952,0.9889153862664517,0.9848910267250398,0.9881668088171024
95.83268104436196,0.9881172754305647,0.00019484784042162067,0.011687876729013993,0.9893550292222404,0.9881172754305647,0.9883121232709864
95.97116757766307,0.9872315038016898,0.0011258745299450677,0.011642621668365353,0.9897858699890704,0.9872315038016898,0.9883573783316348
96.10965411096417,0.9837265215845997,0.0050241976758665175,0.011249280739533787,0.9902079008172685,0.9837265215845997,0.9887507192604662
96.24814064426528,0.9820157438106656,0.007515678722519136,0.010468577466815716,0.9906211141156278,0.9820157438106656,0.9895314225331847
96.38662717756637,0.9844979670988366,0.00580473533922797,0.00969729756193573,0.991025502451546,0.9844979670988366,0.9903027024380646
96.52511371086747,0.9888733680330112,0.001811142552133786,0.009315489414855592,0.9914210585511579,0.9888733680330112,0.990684510585145
96.66360024416858,0.9907138635733083,1.5936830006342645e-05,0.009270199596685612,0.9918077752994661,0.9907138635733083,0.9907298004033146
96.80208677746968,0.9884150701615515,0.0024334402975840354,0.00915148954086446,0.992185645740471,0.9884150701615515,0.9908485104591356
96.94057331077077,0.9849919748541613,0.006351077642030041,0.008656947503808844,0.9925546630772923,0.9849919748541613,0.9913430524961914
97.07905984407188,0.984708522256294,0.00737303868715066,0.007918439056555529,0.9929148206722951,0.984708522256294,0.9920815609434447
97.21754637737298,0.9883088902685212,0.004352625470311368,0.00733848426116726,0.9932661120472069,0.9883088902685212,0.9926615157388325
97.35603291067409,0.9921837685711195,0.0006789120653080903,0.007137319363572844,0.9936085308832344,0.9921837685711195,0.9928626806364276
97.49451944397518,0.9924056784010286,0.00047401222300428984,0.00712030937596753,0.9939420710211784,0.9924056784010286,0.9928796906240328
97.63300597727628,0.989121662173685,0.003967835128627104,0.0069105026976880885,0.9942667264615426,0.989121662173685,0.9930894973023121
97.77149251057739,0.9863902736684025,0.007240114322333989,0.006369612009263615,0.9945824913646436,0.9863902736684025,0.9936303879907364
97.90997904387848,0.9876435603378809,0.0066191678912926565,0.005737271770826659,0.9948893600507157,0.9876435603378809,0.9942627282291736
98.04846557717958,0.9918482121823041,0.0028017327717932165,0.005350055045902725,0.9951873270000098,0.9918482121823041,0.9946499449540973
98.18695211048069,0.9946597923830834,7.118658891791021e-05,0.0052690210279987435,0.995476386852898,0.9946597923830834,0.9947309789720014
98.3254386437818,0.9932807273860196,0.0014913562464611229,0.005227916367519479,0.9957565344099656,0.9932807273860196,0.9947720836324807
98.46392517708288,0.9895897366671872,0.005468731246789902,0.004941532086022774,0.9960277646321062,0.9895897366671872,0.9950584679139771
98.60241171038399,0.9880420036596448,0.00754047239267585,0.004417523947679816,0.9962900726406142,0.9880420036596448,0.9955824760523206
98.7408982436851,0.9906870689297436,0.005381969208414108,0.003930961861842086,0.9965434537172689,0.9906870689297436,0.9960690381381577
98.8793847769862,0.9948758536226384,0.001415184072990495,0.0037089623043710654,0.9967879033044227,0.9948758536226384,0.9962910376956289
99.01787131028729,0.9962221626372766,9.107375716458399e-05,0.0036867636055588015,0.99702341700508,0.9962221626372766,0.9963132363944411
99.1563578435884,0.9935078496978202,0.0028953647554605666,0.0035967855467194717,0.9972499905829793,0.9935078496978202,0.9964032144532808
99.2948443768895,0.9900460362836421,0.006681484318853958,0.0032724793975041386,0.9974676199626671,0.9900460362836421,0.996727520602496
99.43333091019059,0.989976793264747,0.007201192643198176,0.0028220140920550596,0.9976763012295732,0.989976793264747,0.9971779859079452
99.5718174434917,0.9936370330436024,0.0038713476611295468,0.0024916192952682183,0.9978760306300789,0.9936370330436024,0.9975083807047319
99.7103039767928,0.9971828141196839,0.0004282233484867536,0.002388962531829613,0.9980668045715866,0.9971828141196839,0.9976110374681707
99.8487905100939,0.9968874703741539,0.0007351994821167562,0.002377330143729635,0.9982486196225823,0.9968874703741539,0.9976226698562707
99.987277043395,0.993309522433418,0.004447831516647257,0.0022426460499348605,0.9984214725127004,0.993309522433418,0.9977573539500653
100.1257635766961,0.9906689118301975,0.0074003368020574105,0.0019307513677453896,0.9985853601327785,0.9906689118301975,0.9980692486322549
100.2642501099972,0.9921281931162066,0.006279837795771757,0.001591969088021575,0.9987402795349172,0.9921281931162066,0.9984080309119784
100.40273664329831,0.9962553886652509,0.0023435976136707923,0.0014010137210784053,0.9988862279325298,0.9962553886652509,0.9985989862789216
100.5412231765994,0.9986246518214844,8.299865299376324e-06,0.0013670483132163676,0.9990232027003956,0.9986246518214844,0.9986329516867838
100.67970970990051,0.9967654944762043,0.0018942804067039257,0.0013402251170915344,0.9991512013747037,0.9967654944762043,0.9986597748829082
100.81819624320161,0.9929260104487025,0.005885362642474115,0.0011886269088234559,0.9992702216531014,0.9929260104487025,0.9988113730911766
100.95668277650272,0.9915594099884082,0.007503327083746824,0.0009372629278451397,0.9993802613947311,0.9915594099884082,0.999062737072155
101.09516930980381,0.9943440566730254,0.004932726324416275,0.0007232170025585487,0.9994813186202721,0.9943440566730254,0.9992767829974417
101.23365584310491,0.9983060910497624,0.001057919477685487,0.0006359894725523883,0.999573391511976,0.9983060910497624,0.9993640105274479
101.37214237640602,0.9991446491834286,0.00022665848394852136,0.000628692332623032,0.9996564784136964,0.9991446491834286,0.9993713076673771
101.51062890970711,0.9960415401555417,0.0033716650864338915,0.000586794758024413,0.9997305778309231,0.9960415401555417,0.9994132052419756
101.64911544300821,0.9925766318429181,0.0069640644013788,0.0004593037557034558,0.9997956884308046,0.9925766318429181,0.9995406962442969
101.78760197630932,0.9927248043945837,0.006972981675228819,0.00030221393018795684,0.9998518090421762,0.9927248043945837,0.9996977860698125
101.92608850961042,0.9964107700929574,0.0033884112236464746,0.0002008186833960348,0.9998989386555781,0.9964107700929574,0.999799181316604
102.06457504291151,0.9995929398516054,0.00023244337360760683,0.00017461677478723027,0.9999370764232738,0.9995929398516054,0.999825383225213
102.20306157621262,0.9987829120705466,0.001046252146409428,0.00017083578304442679,0.9999662216592673,0.9987829120705466,0.999829164216956
102.34154810951372,0.9949466259998018,0.004916698174547229,0.00013667582565100032,0.9999863738393133,0.9949466259998018,0.999863324174349
102.48003464281483,0.9924243856532817,0.0075009226016318625,7.469174508662472e-05,0.9999975326009283,0.9924243856532817,0.9999253082549135
102.61852117611592,0.9940772428003041,0.005899279790555181,2.347740914070445e-05,0.9999996977433959,0.9940772428003041,0.9999765225908592
102.75700770941702,0.9980874382338393,0.0019089033575102527,3.658408650815682e-06,0.999992869227771,0.9980874382338393,0.9999963415913495
102.89549424271813,0.9999910579840972,7.2208405244638585e-06,1.721175378660349e-06,0.9999770471768809,0.9999910579840972,0.9999982788246217
103.03398077601922,0.9976699192075339,0.0023280273367428665,2.0534557234223877e-06,0.99995223187532,0.9976699192075339,0.9999979465442768
103.17246730932033,0.9937203171629133,0.0062672469918815445,1.2435845205655402e-05,0.9999184237694514,0.9937203171629133,0.9999875641547948
103.31095384262143,0.9925496517557444,0.007404853059233729,4.5495185022360426e-05,0.9998756234673921,0.9925496517557444,0.9999545048149782
103.44944037592253,0.9954477424646005,0.004464387335273082,8.787020012653874e-05,0.9998238317390048,0.9954477424646005,0.9999121297998737
103.58792690922363,0.9991445204570025,0.000745218295285594,0.00011026124771234149,0.9997630495158827,0.9991445204570025,0.9998897387522881
103.72641344252473,0.9994669409980987,0.0004204634776954478,0.00011259552420602271,0.9996932778913374,0.9994669409980987,0.9998874044757942
103.86489997582584,0.9960055507890485,0.0038545161135215772,0.00013993309743014698,0.9996145181203738,0.9960055507890485,0.9998600669025701
104.00338650912694,0.9925721949089125,0.007194175358512636,0.00023362973257498565,0.9995267716196699,0.9925721949089125,0.9997663702674251
104.14187304242803,0.992937211295158,0.006692155079973382,0.00037063362486880155,0.9994300399675484,0.992937211295158,0.9996293663751313
104.28035957572914,0.99661328560114,0.002911750359983546,0.0004749640388765187,0.9993243249039586,0.99661328560114,0.9995250359611236
104.41884610903024,0.9994006869078942,9.478862572965956e-05,0.0005045244663764655,0.9992096283304236,0.9994006869078942,0.9994954755336238
104.55733264233135,0.9980838375154042,0.0014020599061661987,0.000514102578429865,0.9990859523100354,0.9980838375154042,0.9994858974215703
104.69581917563244,0.9940269722261993,0.005366732053723568,0.0006062957200773537,0.9989532990673912,0.9940269722261993,0.9993937042799229
104.83430570893354,0.991648176315676,0.007540219188803995,0.0008116044955199578,0.9988116709885708,0.991648176315676,0.99918839550448
104.97279224223465,0.9934786855548867,0.005483746094208768,0.0010375683509044906,0.9986610706210821,0.9934786855548867,0.9989624316490955
105.11127877553574,0.9973326488889726,0.0015047916306782233,0.0011625594803497269,0.9985015006738285,0.9973326488889726,0.9988374405196507
105.24976530883684,0.9987519510409569,6.796724184645463e-05,0.001180081717196668,0.9983329640170415,0.9987519510409569,0.9988199182828034
105.38825184213795,0.9959915903238783,0.0027854709727057427,0.0012229387034160197,0.9981554636822457,0.9959915903238783,0.9987770612965841
105.52673837543905,0.991970550675908,0.006608110285765814,0.0014213390383264564,0.9979690028622012,0.991970550675908,0.9985786609616738
105.66522490874014,0.9910071157441684,0.007246668156902907,0.0017462160989287821,0.9977735849108337,0.9910071157441684,0.9982537839010713
105.80371144204125,0.9939900004459619,0.003984646620469437,0.0020253529335687993,0.9975692133431939,0.9939900004459619,0.9979746470664314
105.94219797534235,0.9973851893673702,0.0004822179189774937,0.0021325927136523933,0.9973558918353783,0.9973851893673702,0.9978674072863477
106.08068450864346,0.9971883814858324,0.0006693047001665292,0.0021423138140012404,0.9971336242244733,0.9971883814858324,0.997857686185999
106.21917104194455,0.9934025781260944,0.004335985037558075,0.0022614368363475623,0.9969024145084819,0.9934025781260944,0.9977385631636525
106.35765757524565,0.9900339458615065,0.0073680366784016965,0.002598017460091892,0.9966622668462373,0.9900339458615065,0.9974019825399082
106.49614410854676,0.9906114582887096,0.006363326580453428,0.0030252151308372407,0.9964131855573757,0.9906114582887096,0.996974784869163
106.63463064184785,0.9942410565722201,0.002449196170375328,0.0033097472574044632,0.9961551751221612,0.9942410565722201,0.9966902527425954
106.77311717514895,0.996606332470959,1.752064583628163e-05,0.0033761468832048318,0.9958882401815761,0.996606332470959,0.9966238531167952
106.91160370845006,0.9947957037452445,0.0017967771664226628,0.0034075190883328193,0.9956123855370029,0.9947957037452445,0.9965924809116672
107.05009024175116,0.9905576425952269,0.0057905395105992425,0.003651817894173921,0.9953276161503688,0.9905576425952269,0.9963481821058262
107.18857677505225,0.9883444864849357,0.007517580956622701,0.004137932558441576,0.9950339371439303,0.9883444864849357,0.9958620674415584
107.32706330835336,0.9903334442761283,0.005040063543744033,0.0046264921801281635,0.9947313538001405,0.9903334442761283,0.9953735078198724
107.46554984165446,0.9939928146291539,0.0011379016176829642,0.0048692837531634165,0.9944198715616062,0.9939928146291539,0.9951307162468369
107.60403637495557,0.9949140436234054,0.00018954106151622204,0.004896415315078841,0.9940994960312253,0.9949140436234054,0.9951035846849217
107.74252290825666,0.9917415440595715,0.0032590959355424396,0.004999360004885932,0.9937702329715825,0.9917415440595715,0.9950006399951139
107.88100944155777,0.9876875005025381,0.006902352453126362,0.005410147044335662,0.9934320883052808,0.9876875005025381,0.9945898529556644
108.01949597485887,0.9869389244704084,0.007031371209431749,0.006029704320160095,0.993085068114635,0.9869389244704084,0.9939702956798402
108.15798250815996,0.9899758513804336,0.003501385879378272,0.006522762740188316,0.9927291786415795,0.9899758513804336,0.993477237259812
108.29646904146107,0.993035811909742,0.0002732392033069305,0.00669094888695137,0.9923644262876308,0.993035811909742,0.9933090511130489
108.43495557476217,0.9923220253862296,0.0009690939184420756,0.006708880695328424,0.9919908176136935,0.9923220253862296,0.9932911193046716
108.57344210806328,0.9882485480217923,0.004808161766227823,0.006943290211980083,0.99160835934003,0.9882485480217923,0.9930567097880201
108.71192864136437,0.9849758647988622,0.007482791979316378,0.007541343221821188,0.9912170583460282,0.9849758647988622,0.9924586567781786
108.85041517466547,0.9857578171628951,0.005991898527022211,0.008250284310082751,0.9908169216701412,0.9857578171628951,0.9917497156899173
108.98890170796658,0.9893039144725291,0.00200834799530904,0.008687737532162003,0.9904079565097583,0.9893039144725291,0.9913122624678381
109.12738824126768,0.9912239008855168,1.908875726693377e-06,0.008774190238756469,0.9899901702210703,0.9912239008855168,0.9912258097612435
109.26587477456877,0.9889375302085169,0.002223919085040464,0.008838550706442804,0.9895635703189342,0.9889375302085169,0.9911614492935574
109.40436130786988,0.9845587231575769,0.006181157778026552,0.009260119064396805,0.989128164476743,0.9845587231575769,0.9907398809356034
109.54284784117098,0.9825302150754124,0.007433379830676518,0.010036405093911425,0.9886839605262838,0.9825302150754124,0.9899635949060889
109.68133437447209,0.9846554217418474,0.004575521436080582,0.010769056822072203,0.9882309664575977,0.9846554217418474,0.9892309431779279
109.81982090777318,0.9880832630477885,0.0008142609843818369,0.0111024759678296,0.9877691904188374,0.9880832630477885,0.9888975240321703
109.95830744107428,0.9884977806459705,0.0003699449532033494,0.011132274400826273,0.9872986407161195,0.9884977806459705,0.9888677255991738
110.09679397437539,0.984944165496604,0.0037411210021510467,0.011314713501244956,0.9868193258133747,0.984944165496604,0.9886852864987551
110.23528050767648,0.9808947650972041,0.007145139365625146,0.011960095537171086,0.9863312543321976,0.9808947650972041,0.9880399044628292
110.37376704097758,0.9803649139139777,0.006762499348145945,0.01287258673787643,0.9858344350516889,0.9803649139139777,0.9871274132621237
110.51225357427869,0.98342348052447,0.0030225446421550343,0.013553974833375124,0.9853288769082994,0.98342348052447,0.986446025166625
110.6507401075798,0.9861177529973426,0.00012171547651104211,0.013760531526146603,0.9848145889956684,0.9861177529973426,0.9862394684738537
110.78922664088088,0.9848945487233138,0.0013149058709069842,0.013790545405779231,0.984291580564462,0.9848945487233138,0.9862094545942208
110.92771317418199,0.9805724896214423,0.005263288869593837,0.014164221508964013,0.9837598610222029,0.9805724896214423,0.9858357784910361
111.0661997074831,0.9774246036300793,0.007536555937208797,0.015038840432711809,0.9832194399331043,0.9774246036300793,0.9849611595672881
111.2046862407842,0.9783993642309633,0.005583973141573576,0.016016662627463343,0.982670327017898,0.9783993642309633,0.9839833373725368
111.34317277408529,0.9818250367091609,0.001596448565384065,0.016578514725455455,0.9821125321536566,0.9818250367091609,0.983421485274545
111.4816593073864,0.9832810983341469,4.820980231242859e-05,0.016670691863540935,0.9815460653736195,0.9832810983341469,0.9833293081364594
111.6201458406875,0.9805417646516549,0.002676468112472878,0.016781767235872495,0.98097093686701,0.9805417646516549,0.9832182327641278
111.75863237398859,0.9760631623256069,0.006532169356592847,0.017404668317800354,0.9803871569788526,0.9760631623256069,0.9825953316821997
111.8971189072897,0.9742348722330264,0.0072889991581723745,0.018476128608801292,0.9797947362097873,0.9742348722330264,0.9815238713911988
112.0356054405908,0.976471469415897,0.004097751771414648,0.019430778812688294,0.9791936852158802,0.976471469415897,0.9805692211873117
112.1740919738919,0.9796328097156395,0.0005391868490644687,0.01982800343529627,0.9785840148084327,0.9796328097156395,0.980171996564704
112.312578507193,0.9795372227201322,0.0006062150465088399,0.019856562233359094,0.9779657359537862,0.9795372227201322,0.980143437766641
112.4510650404941,0.9756370196007407,0.004223626943255213,0.02013935345600416,0.977338859773124,0.9756370196007407,0.9798606465439959
112.5895515737952,0.9716286033843208,0.007332482257208565,0.021038914358470964,0.9767033975422728,0.9716286033843208,0.9789610856415294
112.72803810709631,0.9713175509392552,0.006444469890777853,0.02223797916996706,0.9760593606915016,0.9713175509392552,0.977762020830033
112.8665246403974,0.9743641879341425,0.0025559898305127114,0.023079822235345104,0.9754067608053106,0.9743641879341425,0.9769201777646552
113.0050111736985,0.9766659371420389,3.01361341500649e-05,0.02330392672381101,0.9747456096222272,0.9766659371420389,0.9766960732761889
113.14349770699961,0.9749460838295007,0.0017010591846500461,0.023352856985849702,0.9740759190345953,0.9749460838295007,0.9766471430141507
113.28198424030072,0.9704163426122773,0.005693889027271659,0.023889768360451376,0.9733977010883573,0.9704163426122773,0.9761102316395489
113.4204707736018,0.9674193382614411,0.007528445259618436,0.025052216478940504,0.9727109679828427,0.9674193382614411,0.9749477835210596
113.55895730690291,0.9685718952785429,0.005146252263524413,0.026281852457932787,0.9720157320705437,0.9685718952785429,0.9737181475420673
113.69744384020402,0.9718408672868131,0.0012202650098493415,0.02693886770333767,0.9713120058568961,0.9718408672868131,0.9730611322966624
113.83593037350511,0.9728191712875008,0.00015566274377090266,0.027025165968728435,0.970599802000054,0.9728191712875008,0.9729748340312717
113.97441690680621,0.9696540767801269,0.003146989283749374,0.02719893393612392,0.96987913331066,0.9696540767801269,0.9728010660638763
114.11290344010732,0.9651165653958398,0.006837807448434538,0.028045627155725582,0.9691500127516178,0.9651165653958398,0.9719543728442743
114.25138997340842,0.9635004349496632,0.007086810980978369,0.029412754069358588,0.9684124534378591,0.9635004349496632,0.9705872459306416
114.38987650670951,0.9658212913939435,0.003614603866515961,0.030564104739540958,0.9676664686361028,0.9658212913939435,0.9694358952604594
114.52836304001062,0.9686836390275985,0.0003171984270411206,0.03099916254536057,0.9669120717646207,0.9686836390275985,0.9690008374546396
114.66684957331172,0.9680798539456188,0.0008944696406694226,0.031025676413711983,0.9661492763929974,0.9680798539456188,0.9689743235862882
114.80533610661283,0.963870613524864,0.004698686629303408,0.031430699845832626,0.9653780962418819,0.963870613524864,0.9685693001541674
114.94382263991392,0.9599377257381405,0.0074613032562164255,0.03260097100564332,0.9645985451827427,0.9599377257381405,0.9673990289943569
115.08230917321502,0.9598417905087534,0.006082507769253582,0.03407570172199317,0.9638106372376221,0.9598417905087534,0.965924298278007
115.22079570651613,0.9628422707298231,0.0021093865114978527,0.03504834275867944,0.9630143865788775,0.9628422707298231,0.9649516572413209
115.35928223981722,0.9647286820580302,5.7406009493786915e-09,0.03527131220136914,0.9622098075289255,0.9647286820580302,0.9647286877986312
115.49776877311832,0.962529980749585,0.0021212097151952483,0.035348809535220044,0.9613969145599984,0.962529980749585,0.9646511904647802
115.63625530641943,0.9578346994737089,0.006092887873987113,0.03607241265230411,0.9605757222938637,0.9578346994737089,0.963927587347696
115.77474183972053,0.9550115618118448,0.007458593197489696,0.0375298449906657,0.9597462455015766,0.9550115618118448,0.9624701550093344
115.91322837302162,0.956323778271734,0.0046859272449370345,0.03899029448332893,0.9589084991032066,0.956323778271734,0.961009705516671
116.05171490632273,0.9594009663831945,0.000885977679025764,0.039713055937780094,0.9580624981675752,0.9594009663831945,0.9602869440622203
116.19020143962383,0.9598926894356947,0.0003225023467941384,0.039784808217511534,0.9572082579119706,0.9598926894356947,0.9602151917824888
116.32868797292494,0.9563330814072413,0.003627752367887686,0.04003916622487104,0.9563457937019055,0.9563330814072413,0.959960833775129
116.46717450622603,0.9517769274534965,0.007093050700208679,0.04113002184629512,0.9554751210507793,0.9517769274534965,0.9588699781537052
116.60566103952713,0.9503811439245878,0.006830137065144208,0.04278871901026808,0.9545962556197032,0.9503811439245878,0.9572112809897321
116.74414757282824,0.95275728328135,0.003134015397807461,0.04410870132084254,0.9537092132170867,0.95275728328135,0.9558912986791575
116.88263410612934,0.9552911116372624,0.0001519427841582508,0.04455694557857939,0.9528140097984479,0.9552911116372624,0.9554430544214206
117.02112063943044,0.9541863153446362,0.0012299729771859161,0.04458371167817814,0.9519106614661403,0.9541863153446362,0.9554162883218221
117.15960717273154,0.9497080921376915,0.005158495265654163,0.04513341259665461,0.9509991844689613,0.9497080921376915,0.9548665874033456
117.29809370603265,0.9458830258592984,0.007529485951813516,0.04658748818888829,0.9500795952019463,0.9458830258592984,0.9534125118111119
117.43658023933374,0.9459948730166842,0.0056825596888525984,0.048322567294463444,0.949151910206028,0.9459948730166842,0.9516774327055367
117.57506677263484,0.9489148372000437,0.0016900719675222982,0.04939509083243395,0.9482161461678151,0.9489148372000437,0.9506049091675659
117.71355330593595,0.950367457683458,3.181931041554612e-05,0.04960072300612639,0.9472723199192122,0.950367457683458,0.9503992769938735
117.85203983923705,0.9477124967801591,0.0025684547749195816,0.0497190484449214,0.9463204484370649,0.9477124967801591,0.9502809515550787
117.99052637253814,0.9428944847458193,0.006453730224931861,0.05065178502924905,0.9453605488430286,0.9428944847458193,0.9493482149707512
118.12901290583925,0.9402648200052716,0.007328147356041321,0.052407032638687054,0.9443926384031898,0.9402648200052716,0.9475929673613129
118.26749943914035,0.9417157439674847,0.004210560803170021,0.054073695229345554,0.9434167345275837,0.9417157439674847,0.9459263047706548
118.40598597244146,0.9445677889945784,0.0005990786066981926,0.05483313239872374,0.9424328547701815,0.9445677889945784,0.9451668676012766
118.54447250574255,0.9445692542909151,0.0005459875897330242,0.05488475811935201,0.9414410168282773,0.9445692542909151,0.9451152418806481
118.68295903904365,0.940649993204259,0.004110858868764434,0.05523914792697665,0.9404412385424936,0.940649993204259,0.9447608520730234
118.82144557234476,0.9361143065674933,0.007293705699678447,0.056591987732828704,0.939433537896058,0.9361143065674933,0.9434080122671717
118.95993210564585,0.9349432425004903,0.00652319432745369,0.05853356317205616,0.9384179330148972,0.9349432425004903,0.9414664368279441
119.09841863894695,0.9373443061095287,0.002663881992461757,0.05999181189800985,0.9373944421669176,0.9373443061095287,0.9400081881019904
119.23690517224806,0.9395234990558555,4.613491871827484e-05,0.06043036602542655,0.9363630837621072,0.9395234990558555,0.9395696339745738
119.37539170554916,0.9379300656720895,0.0016072130442117867,0.06046272128369907,0.9353238763517594,0.9379300656720895,0.9395372787163012
119.51387823885025,0.9332248690786372,0.005595498618689651,0.061179632302673564,0.9342768386284832,0.9332248690786372,0.9388203676973269
119.65236477215136,0.9295372552132699,0.007535910165048922,0.06292683462168146,0.933221989425704,0.9295372552132699,0.9370731653783189
119.79085130545246,0.9298460623046568,0.005251196429298054,0.06490274126604506,0.9321593477173142,0.9298460623046568,0.9350972587339549
119.92933783875357,0.932651552995707,0.0013049351513553218,0.0660435118529377,0.9310889326173926,0.932651552995707,0.9339564881470623
120.06782437205466,0.9336565717242674,0.00012505417570004548,0.0662183741000328,0.930010763379772,0.9336565717242674,0.9337816258999675
120.20631090535576,0.9305724163312161,0.003035446538204272,0.06639213713057975,0.9289248593980165,0.9305724163312161,0.9336078628694204
120.34479743865687,0.9256745736225989,0.006770487771821781,0.06755493860557941,0.9278312402044269,0.9256745736225989,0.9324450613944206
120.48328397195797,0.9232543900917011,0.00713925084081545,0.0696063590674838,0.9267299254704696,0.9232543900917011,0.9303936409325165
120.62177050525906,0.9248206148415251,0.003727962772291874,0.07145142238618298,0.9256209350057285,0.9248206148415251,0.928548577613817
120.76025703856017,0.9274163932223379,0.0003642812809895328,0.07221932549667265,0.9245042887581403,0.9274163932223379,0.9277806745033275
120.89874357186127,0.9269291351274553,0.0008224468151867934,0.07224841805735818,0.9233800068129628,0.9269291351274553,0.9277515819426422
121.03723010516237,0.9226882155466795,0.004588371790338828,0.07272341266298192,0.9222481093931576,0.9226882155466795,0.9272765873370182
121.17571663846347,0.9182104394252298,0.007436475869690085,0.07435308470508017,0.9211086168584891,0.9182104394252298,0.9256469152949199
121.31420317176458,0.9172646587134373,0.006171025555315914,0.0765643157312468,0.9199615497056305,0.9172646587134373,0.9234356842687532
121.45268970506568,0.9196593957231863,0.0022119275104932473,0.07812867676632057,0.9188069285668427,0.9196593957231863,0.9218713232336796
121.59117623836677,0.9214616464474252,1.5131566267492519e-06,0.07853684039594824,0.9176447742106673,0.9214616464474252,0.921463159604052
121.72966277166788,0.9193969717891923,0.00201999213385745,0.0785830360769503,0.9164751075415652,0.9193969717891923,0.9214169639230497
121.86814930496898,0.9145081959633143,0.006002517124787353,0.07948928691189826,0.9152979495983476,0.9145081959633143,0.9205107130881017
122.00663583827009,0.9109846419055463,0.007480470352166994,0.08153488774228664,0.9141133215551079,0.9109846419055463,0.9184651122577133
122.14512237157118,0.9114763251610939,0.004795504892831313,0.08372816994607508,0.9129212447201681,0.9114763251610939,0.9162718300539252
122.28360890487228,0.9141343200456349,0.0009603035070800535,0.08490537644728526,0.91172174053575,0.9141343200456349,0.915094623552715
122.42209543817339,0.9146827832967205,0.0002781785731150786,0.08503903813016472,0.9105148305777283,0.9146827832967205,0.9149609618698356
122.56058197147448,0.9112006037087618,0.0035145127592271373,0.08528488353201112,0.9093005365551876,0.9112006037087618,0.9147151164679889
122.69906850477558,0.9062653524428198,0.007037956479139993,0.08669669107804027,0.908078880310031,0.9062653524428198,0.9133033089219598
122.83755503807669,0.9040669048461031,0.006895007048157648,0.08903808810573938,0.9068498838165884,0.9040669048461031,0.9109619118942607
122.97604157137779,0.9057229730330192,0.003246061794732352,0.09103096517224851,0.9056135691812224,0.9057229730330192,0.9089690348277515
123.11452810467888,0.90803407919794,0.00018544320622082533,0.09178047759583913,0.9043699586419275,0.90803407919794,0.9082195224041608
123.25301463797999,0.9070648343905675,0.0011473380518355336,0.09178782755759718,0.903119074567933,0.9070648343905675,0.908212172442403
123.39150117128109,0.9025428663068414,0.005052446033751235,0.09240468765940749,0.9018609394592993,0.9025428663068414,0.9075953123405927
123.5299877045822,0.8981583017760564,0.00751901562744821,0.09432268259649579,0.900595575946514,0.8981583017760564,0.9056773174035045
123.66847423788329,0.8974346317062423,0.005779416558251022,0.09678595173550658,0.8993230067900846,0.8974346317062423,0.9032140482644933
123.8069607711844,0.8997914084080783,0.001785577148950691,0.09842301444297127,0.8980432548801273,0.8997914084080783,0.9015769855570289
123.9454473044855,0.9011985651094117,1.881059232894279e-05,0.09878262429825979,0.8967563432359594,0.9011985651094117,0.9012173757017405
124.08393383778659,0.8986848312224297,0.0024615286645649982,0.09885364011300538,0.8954622950056808,0.8986848312224297,0.9011463598869947
124.2224203710877,0.8936566726581772,0.0063728638435083616,0.09997046349831457,0.8941611334657596,0.8936566726581772,0.9000295365016855
124.3609069043888,0.8903204560610267,0.0073640773383065825,0.10231546660066708,0.8928528820206152,0.8903204560610267,0.8976845333993333
124.4993934376899,0.8909779533496784,0.004322971672904177,0.10469907497741779,0.8915375642021931,0.8909779533496784,0.8953009250225826
124.637879970991,0.8934568892137659,0.0006618390160654775,0.10588127177016886,0.8902152036695463,0.8934568892137659,0.8941187282298313
124.7763665042921,0.8935448467102418,0.0004886768092546839,0.10596647648050361,0.8888858242084056,0.8935448467102418,0.8940335235194965
124.9148530375932,0.8896994918030336,0.003997782819680882,0.10630272537728556,0.8875494497307547,0.8896994918030336,0.8936972746227145
125.05333957089431,0.8847682238908444,0.007251742081474859,0.10798003402768082,0.8862061042743989,0.8847682238908444,0.8920199659723193
125.1918261041954,0.8827999233849393,0.006599428679228772,0.11060064793583224,0.884855812002532,0.8827999233849393,0.8893993520641681
125.3303126374965,0.88451876829687,0.0027727750609882387,0.112708456642142,0.8834985972033031,0.88451876829687,0.8872915433578583
125.46879917079761,0.8865199600741764,6.550252762015422e-05,0.11341453739820379,0.8821344842893795,0.8865199600741764,0.8865854626017966
125.60728570409871,0.8850805851549405,0.0015153236348114264,0.11340409121024837,0.8807634977975061,0.8850805851549405,0.8865959087897519
125.7457722373998,0.8803202437701474,0.00549545728516549,0.11418429894468751,0.8793856623880668,0.8803202437701474,0.8858157010553129
125.88425877070091,0.8760616162525068,0.007539968920456306,0.11639841482703711,0.8780010028446366,0.8760616162525068,0.883601585172963
126.02274530400202,0.8755532839647455,0.005354801112451784,0.11909191492280304,0.8766095440735411,0.8755532839647455,0.8809080850771973
126.1612318373031,0.8778406038737393,0.0013918354526826263,0.12076756067357819,0.8752113111034036,0.8778406038737393,0.8792324393264219
126.29971837060421,0.878838956580606,9.774304468691637e-05,0.12106330037470715,0.8738063290846994,0.878838956580606,0.8789366996252929
126.43820490390532,0.8759028299423712,0.0029245685964690528,0.12117260146116007,0.8723946232892988,0.8759028299423712,0.8788273985388403
126.57669143720642,0.870779701811232,0.006700454318348713,0.12251984387041967,0.8709762191100159,0.870779701811232,0.8774801561295807
126.71517797050751,0.8676505239567055,0.0071886433538698455,0.12516083268942507,0.8695511420601517,0.8676505239567055,0.8748391673105753
126.85366450380862,0.868454129460755,0.003841360056382065,0.12770451048286313,0.8681194177730324,0.868454129460755,0.872295489517137
126.99215103710972,0.8707244081117602,0.00041444517568099183,0.12886114671255916,0.8666810720015519,0.8707244081117602,0.8711388532874412
127.13063757041083,0.8703529878854849,0.0007530905912812764,0.12889392152323384,0.8652361306177039,0.8703529878854849,0.8711060784767661
127.26912410371192,0.8661825100273106,0.004477317036317735,0.1293401729363717,0.8637846196121249,0.8661825100273106,0.8706598270636283
127.40761063701302,0.8612950599382111,0.007408332277900804,0.1312966077838883,0.8623265650936167,0.8612950599382111,0.8687033922161119
127.54609717031413,0.8595614507255258,0.0062573718153287475,0.1341811774591454,0.8608619932886808,0.8595614507255258,0.8658188225408545
127.68458370361522,0.8613148672529972,0.0023158782373999577,0.13636925450960297,0.8593909305410501,0.8613148672529972,0.8636307454903972
127.82307023691632,0.8629844669394301,6.4297602359714525e-06,0.1370091033003338,0.8579134033112125,0.8629844669394301,0.8629908966996661
127.96155677021743,0.8610917836444802,0.0019203578988994598,0.1369878584566206,0.8564294381759351,0.8610917836444802,0.8630121415433797
128.10004330351853,0.8561372361535812,0.005910127276754201,0.13795263656966478,0.8549390618277807,0.8561372361535812,0.8620473634303354
128.23852983681962,0.8520343103233627,0.007498991505605674,0.14046669817103163,0.8534423010746365,0.8520343103233627,0.8595333018289684
128.37701637012074,0.8517311410480156,0.0049041552598330556,0.14336470369215132,0.8519391828392252,0.8517311410480156,0.8566352963078486
128.51550290342183,0.8539181670560474,0.0010371712360565113,0.14504466170789637,0.85042973415863,0.8539181670560474,0.8549553382921039
128.65398943672292,0.8544986707636704,0.0002370137258684182,0.14526431551046154,0.8489139821837982,0.8544986707636704,0.8547356844895387
128.79247597002404,0.8511709387857399,0.0034015046087655697,0.14542755660549467,0.847391954179053,0.8511709387857399,0.8545724433945054
128.93096250332513,0.8459968910699015,0.0069799065388521896,0.14702320239124617,0.8458636775216111,0.8459968910699015,0.8529767976087537
129.06944903662622,0.8430906933291575,0.00695705061827186,0.14995225605257081,0.8443291797010759,0.8430906933291575,0.8500477439474294
129.20793556992734,0.8440184381329385,0.0033585824798235834,0.15262297938723807,0.8427884883189768,0.8440184381329385,0.8473770206127621
129.34642210322843,0.8460529058762302,0.00022218643940566106,0.1537249076843642,0.841241631088218,0.8460529058762302,0.8462750923156358
129.48490863652952,0.8452283163410564,0.001067075843469548,0.1537046078154744,0.8396886358326504,0.8452283163410564,0.846295392184526
129.62339516983064,0.8407734551856573,0.004945237102332951,0.1542813077120098,0.8381295304864764,0.8407734551856573,0.8457186922879902
129.76188170313173,0.8359676057538755,0.007505154435357755,0.1565272398107668,0.8365643430938408,0.8359676057538755,0.8434727601892332
129.90036823643285,0.8344694081953461,0.005874456136639188,0.15965613566801465,0.8349931018083039,0.8344694081953461,0.8403438643319853
130.03885476973394,0.8362285455257881,0.0018828777191299778,0.16188857675508234,0.8334158348922799,0.8362285455257881,0.838111423244918
130.17734130303504,0.837548789937374,9.195415258214986e-06,0.16244201464736763,0.8318325707165799,0.837548789937374,0.8375579853526323
130.31582783633615,0.835224360234097,0.0023557865029857662,0.16241985326291727,0.8302433377598984,0.835224360234097,0.8375801467370827
130.45431436963725,0.830120678476725,0.006289643361311601,0.16358967816196335,0.8286481646082964,0.830120678476725,0.8364103218380365
130.59280090293834,0.8261999272990542,0.007396756604179204,0.16640331609676698,0.8270470799546727,0.8261999272990542,0.8335966839032334
130.73128743623946,0.8260886006945694,0.004434882697867035,0.16947651660756383,0.8254401125982488,0.8260886006945694,0.8305234833924364
130.86977396954055,0.8281456705590081,0.0007274113063436253,0.17112691813464836,0.8238272914440679,0.8281456705590081,0.8288730818653517
131.00826050284167,0.8283041008840055,0.00043433454635543917,0.17126156456963906,0.8222086455024936,0.8283041008840055,0.828738435430361
131.14674703614276,0.8246192523040835,0.0038845010806792444,0.1714962466152373,0.8205842038886482,0.8246192523040835,0.8285037533847628
131.28523356944385,0.8194374066300383,0.007206629361629902,0.1733559640083317,0.8189539958218701,0.8194374066300383,0.8266440359916681
131.42372010274497,0.8167662524360015,0.006673103987447492,0.17656064357655094,0.8173180506252355,0.8167662524360015,0.823439356423449
131.56220663604606,0.8177943244478527,0.002882570535381952,0.17932310501676568,0.8156763977250148,0.8177943244478527,0.8206768949832347
131.70069316934715,0.8195687171157084,8.822144158769646e-05,0.1803430614427039,0.8140290666502619,0.8195687171157084,0.8196569385572962
131.83917970264827,0.8183021761017149,0.001425474076386048,0.18027234982189938,0.8123760870319519,0.8183021761017149,0.8197276501781009
131.97766623594936,0.8136058092463735,0.005393855520746592,0.1810003352328802,0.8107174886027607,0.8136058092463735,0.81899966476712
132.11615276925045,0.8089168379785779,0.007540617854738037,0.18354254416668425,0.8090533011965336,0.8089168379785779,0.816457455833316
132.25463930255157,0.8076510569714148,0.005456972596079012,0.18689197043250605,0.8073835547474348,0.8076510569714148,0.8131080295674938
132.39312583585266,0.8093869246744758,0.0014808873069412011,0.18913218801858328,0.8057082792898413,0.8093869246744758,0.810867811981417
132.53161236915378,0.8103442582936602,7.375405539250936e-05,0.18958198765094764,0.804027504957501,0.8103442582936602,0.8104180123490528
132.67009890245487,0.8076140927359318,0.0028144557549128145,0.18957145150915578,0.8023412619829012,0.8076140927359318,0.8104285484908446
132.80858543575596,0.8024066607718221,0.0066277704380973785,0.1909655687900806,0.8006495806971861,0.8024066607718221,0.8090344312099195
132.94707196905708,0.7986909934552635,0.007234943841734096,0.19407406270300276,0.7989524915291072,0.7986909934552635,0.8059259372969976
133.08555850235817,0.7987553533961935,0.003954693143759116,0.19728995346004757,0.7972500250049251,0.7987553533961935,0.8027100465399526
133.22404503565926,0.800654479911004,0.00046764473462705984,0.19887787535436868,0.7955422117472128,0.800654479911004,0.801122124645631
133.36253156896038,0.8003915185262438,0.0006864637061419665,0.19892201776761453,0.7938290824750693,0.8003915185262438,0.8010779822323858
133.50101810226147,0.796387274151036,0.004365622823617562,0.19924710302534654,0.7921106680030892,0.796387274151036,0.8007528969746536
133.63950463556256,0.7912392819447841,0.007376897938863409,0.20138382011635247,0.7903869992410593,0.7912392819447841,0.7986161798836475
133.77799116886368,0.7888113055987265,0.0063414684437859935,0.2048472259574879,0.788658107193055,0.7888113055987265,0.7951527740425125
133.91647770216477,0.7899145015594765,0.002421144662148632,0.2076643537783749,0.7869240229574027,0.7899145015594765,0.7923356462216251
134.0549642354659,0.79140784762337,1.4751104015172487e-05,0.2085774012726151,0.7851847777253896,0.79140784762337,0.7914225987273852
134.19345076876698,0.7897154392778205,0.0018223971359947221,0.20846216358618527,0.7834404027815918,0.7897154392778205,0.7915378364138153
134.33193730206807,0.7848220082674382,0.005815801902731927,0.20936218982983013,0.7816909295023337,0.7848220082674382,0.7906378101701701
134.4704238353692,0.7802822809097595,0.007514139904547414,0.21220357918569338,0.7799363893564799,0.7802822809097595,0.7877964208143069
134.60891036867028,0.7792423772025782,0.0050117800648544425,0.21574584273256747,0.7781768139030322,0.7792423772025782,0.7842541572674326
134.74739690197137,0.7809263561247666,0.0011165113341363604,0.2179571325410975,0.7764122347923,0.7809263561247666,0.782042867458903
134.8858834352725,0.7815116623580931,0.00019904504130916287,0.2182892926005977,0.7746426837643301,0.7815116623580931,0.7817107073994023
135.02436996857358,0.7784058661272419,0.0032888301398193917,0.21830530373293872,0.772868192648577,0.7784058661272419,0.7816946962670613
135.16285650187467,0.7731397918302882,0.006918953389553453,0.2199412547801585,0.7710887933633268,0.7731397918302882,0.7800587452198418
135.3013430351758,0.7696483444759739,0.007016211653325459,0.22333544387070098,0.7693045179156112,0.7696483444759739,0.7766645561292993
135.43982956847688,0.769869756743333,0.0034714756709497718,0.22665876758571704,0.7675153983993112,0.769869756743333,0.7733412324142828
135.578316101778,0.7715851041649588,0.0002621392470631223,0.22815275658797807,0.7657214669955114,0.7715851041649588,0.7718472434120219
135.7168026350791,0.7709063523900961,0.0009892589544518043,0.22810438865545227,0.7639227559731895,0.7709063523900961,0.7718956113445479
135.85528916838018,0.7666231534178614,0.004836965448933492,0.22853988113320517,0.7621192976859384,0.7666231534178614,0.7714601188667949
135.9937757016813,0.7615486855819522,0.007487914914088293,0.2309633995039594,0.7603111245731521,0.7615486855819522,0.7690366004960405
136.1322622349824,0.7593681080949087,0.005967592454742777,0.23466429945034845,0.7584982691590323,0.7593681080949087,0.7653357005496515
136.27074876828348,0.7605203098803682,0.0019818856634743476,0.23749780445615795,0.7566807640520022,0.7605203098803682,0.7625021955438426
136.4092353015846,0.7617152848361046,2.9824767216510172e-06,0.238281732687174,0.7548586419441193,0.7617152848361046,0.7617182673128263
136.5477218348857,0.7596177464364311,0.0022513239407280553,0.2381309296228412,0.7530319356104902,0.7596177464364311,0.7618690703771591
136.68620836818678,0.7545726669532569,0.00620414405660741,0.23922318899013573,0.7512006779086783,0.7545726669532569,0.7607768110098643
136.8246949014879,0.7502112842681532,0.007426155593213789,0.24236256013863325,0.7493649017781142,0.7502112842681532,0.757637439861367
136.963181434789,0.7493874053341838,0.004546192647447588,0.2460664020183687,0.7475246402395034,0.7493874053341838,0.7539335979816314
137.1016679680901,0.7509917546224074,0.0007957361632376353,0.24821250921435511,0.7456799263942309,0.7509917546224074,0.751787490785645
137.2401545013912,0.7512005211642924,0.00038300995699933836,0.24841646887870836,0.7438307934237683,0.7512005211642924,0.7515835311212917
137.3786410346923,0.747752883198464,0.0037711161221072546,0.24847600067942888,0.7419772745890747,0.747752883198464,0.7515239993205712
137.5171275679934,0.7424724228563613,0.007158408347250034,0.25036916879638893,0.740119403229999,0.7424724228563613,0.7496308312036113
137.6556141012945,0.7392204145317365,0.006744153608029239,0.25403543186023436,0.7382572127646811,0.7392204145317365,0.7459645681397657
137.7941006345956,0.7395781660554503,0.0029931690987275604,0.2574286648458225,0.73639073668895,0.7395781660554503,0.742571335154178
137.9325871678967,0.7410864947223599,0.00011427110993336058,0.2587992341677071,0.7345200085757211,0.7410864947223599,0.7412007658322932
138.0710737011978,0.7400024147857973,0.0013377456433124988,0.2586598395708908,0.7326450620743935,0.7400024147857973,0.7413401604291098
138.20956023449892,0.7354828765881664,0.00529078523021338,0.25922633818162066,0.7307659309102424,0.7354828765881664,0.7407736618183798
138.3480467678,0.7305191523475885,0.007537856380524522,0.261942991271887,0.728882648883816,0.7305191523475885,0.738057008728113
138.4865333011011,0.728586363396835,0.005557618459544483,0.2658560181436206,0.7269952498703239,0.728586363396835,0.7341439818563795
