t,P_A,P_I,P_B,P_B_eff,fidelity,trace_distance,S_atom
0.0,1.0,0.0,0.0,0.0,1.0,0.0,1.1294555522617033e-15
0.09433652732305661,0.9978805583769111,0.002118820511772861,6.211113161931921e-07,4.496831764730218e-06,0.9999978624926456,0.0020709437029579536,0.02188774351062904
0.18867305464611323,0.9926922561262277,0.007298729949090596,9.013924681713025e-06,1.7987246172924617e-05,0.9999926255995338,0.003849704168108622,0.06246269609382824
0.2830095819691698,0.9872978938110233,0.012663401470113925,3.870471886314784e-05,4.047100056806099e-05,0.99998718920963,0.005075045116354296,0.09859552598672096
0.37734610929222645,0.984669332234249,0.015233928722921099,9.673904283022833e-05,7.19476905274724e-05,0.9999846444271469,0.0055565871576939655,0.1151977837747895
0.4716826366152831,0.9862434703753293,0.013582968768053542,0.00017356085661756205,0.00011241674986963209,0.9999863954520304,0.005216216143367355,0.10611985796904642
0.5660191639383396,0.9911274110102952,0.008627299234685599,0.00024528975501937616,0.00016187745066434338,0.9999915586552002,0.004108846351941578,0.07484161516543972
0.6603556912613963,0.996592496578637,0.00311870252513144,0.00028880089623149177,0.00022032890324583503,0.9999971021288603,0.002408000668471191,0.034265913622978574
0.7546922185844529,0.9995838602156064,0.00011590884621760185,0.00030023093817625285,0.0002877700562287621,0.9999999472452675,0.000366231967769434,0.005628908049379151
0.8490287459075095,0.998410353558129,0.0012861349002817434,0.000303511541589347,0.000364199696527115,0.9999985090998031,0.0017267883982442977,0.01818879730888417
0.9433652732305662,0.9936799712639072,0.005979357712853294,0.0003406710232399013,0.0004496164493760358,0.9999936032347623,0.0035768645064265664,0.05717560651818503
1.0377018005536227,0.9879633471209464,0.01158934238483462,0.00044731049421939585,0.0005440187783565367,0.9999879212148444,0.004915150147364605,0.09676898656604527
1.1320383278766792,0.9843715704602477,0.015000903863379324,0.0006275256763732547,0.0006474049854231392,0.9999846772133654,0.005535823198172209,0.11993316478758256
1.226374855199736,0.9848351573531032,0.014319717000653308,0.0008451256462438437,0.0007597732109344069,0.9999857513066083,0.005338333199021662,0.11805949706568142
1.3207113825227925,0.9890362623174559,0.009924127577596949,0.0010396101049471554,0.0008811214336863808,0.9999905220621153,0.004353824288844847,0.0920760913515951
1.4150479098458493,0.9945847521134462,0.004254945367423803,0.001160302519130226,0.001011447470948952,0.9999962529291998,0.0027375404216588312,0.052620486614844766
1.5093844371689058,0.9983406018246299,0.00046001013185649275,0.0011993880435140602,0.0011507489785051032,0.999999794029373,0.0007321304067280567,0.019129956773649325
1.6037209644919623,0.9981509476418484,0.0006462417411764597,0.0012028106169754507,0.0012990234506930775,0.9999991096681451,0.0013759054895570856,0.021179005657879675
1.698057491815019,0.9940408378156688,0.00470979858366928,0.0012493636006620818,0.0014562682204514548,0.9999945855922773,0.0032907121005015727,0.05702849041586474
1.7923940191380756,0.9881990588485587,0.010393893596883988,0.0014070475545575453,0.001622480459367098,0.9999887813469384,0.004736790080257579,0.09872964430051644
1.8867305464611324,0.9837670543021164,0.014542078066313233,0.0016908676315705888,0.0017976571777260503,0.9999849065677653,0.005494236676488783,0.1275569744318856
1.981067073784189,0.9831010609799853,0.014850986028957873,0.0020479529910570962,0.0019817952245673545,0.9999851986256542,0.0054409922968013235,0.13265880326673163
2.0754036011072454,0.9864688857874578,0.01114924499133954,0.0023818692212027,0.0021748912877396346,0.9999894930713742,0.004584075354513106,0.11246762030528258
2.169740128430302,0.9919021505491374,0.005492446327774195,0.002605403123088679,0.0023769418939606993,0.9999953217210994,0.0030590625127713727,0.07523992971127323
2.2640766557533585,0.9962855273582039,0.001021543834165169,0.002692928807630946,0.002587943408880184,0.9999993987395345,0.001097329594913927,0.038486436267992724
2.3584131830764155,0.9970802020710027,0.00021869250592397338,0.002701105423073534,0.0028078920371446465,0.9999994814731863,0.0010186719152475744,0.02991172710885922
2.452749710399472,0.9937280851606993,0.003529067193317029,0.0027428476459837726,0.0030367838224660674,0.9999955261475976,0.002991569149331053,0.06111149662365236
2.5470862377225285,0.9879600845511516,0.009113887444393332,0.002926028004455449,0.003274614647693061,0.9999896958892023,0.004540159305982934,0.10366420603802266
2.641422765045585,0.9828381560779293,0.013871668645503758,0.0032901752765673504,0.003521380234884318,0.9999852481363157,0.0054317133346563524,0.13729372174601936
2.7357592923686416,0.9810613126581785,0.015160494105837603,0.0037781932359839264,0.0037770761453865625,0.9999847453088756,0.00552371652973579,0.14909264738211747
2.8300958196916985,0.9834727997642992,0.012264908145778639,0.00426229208992236,0.004041697779913846,0.9999884850564991,0.004798932632165269,0.13508135186086334
2.924432347014755,0.9885941428751004,0.006792943775105259,0.004612913349794458,0.0043152403786300055,0.9999943149256908,0.0033719603047792914,0.1010787339629577
3.0187688743378116,0.9934435467099623,0.001782958567762902,0.004773494722274774,0.004597699021235166,0.9999989321537925,0.001461400449469167,0.06251616115085154
3.113105401660868,0.9951856161360738,1.638236884977609e-05,0.004798001495076499,0.004889068627052487,0.9999997850835017,0.0006556164667554437,0.04415006794463925
3.2074419289839247,0.9926996432567884,0.002473349125711139,0.004827007617500822,0.005189343955122576,0.999996410525999,0.0026797213720844565,0.06905332694301076
3.3017784563069816,0.9871990019744322,0.00778872362990107,0.005012274395666773,0.005498519604294194,0.9999906464171731,0.004325398574987177,0.11119991467863014
3.396114983630038,0.9815593144387756,0.013010432837433639,0.005430252723790727,0.005816590013323833,0.9999857005345537,0.00534808911642711,0.1487186256491949
3.4904515109530947,0.9787273887911506,0.015238845132298852,0.006033766076550876,0.006143549460975405,0.9999843995849054,0.00558596068668071,0.16682965815780826
3.5847880382761512,0.9800912781628669,0.013236787018949212,0.006671934818183954,0.006479392066122333,0.9999875118106759,0.004997621703753003,0.15924531802976696
3.6791245655992078,0.9847130419185024,0.008116225258698902,0.0071707328227988715,0.006824111787854201,0.9999932453175344,0.003675502592071408,0.1293338543566257
3.7734610929222647,0.9898483093922809,0.002720471385842759,0.007431219221876667,0.007177702425583719,0.9999983368364017,0.0018238213810328969,0.09030982109270153
3.8677976202453213,0.9924648328478266,4.5151461592416764e-05,0.007490015690581104,0.007540157619161554,0.9999999590917319,0.00028846469769606346,0.06436726240317361
3.962134147568378,0.9909197416707488,0.0015748648225406654,0.007505393506710927,0.007911470848987546,0.9999972268477144,0.0023554530547704976,0.0806752453756777
4.056470674891434,0.9858677194451172,0.006459125718122148,0.007673154836760494,0.008291635436128923,0.999991625236537,0.004092610021729857,0.12114168917762518
4.150807202214491,0.979898052885902,0.011985006261313786,0.008116940852784206,0.008680644542441262,0.9999862545481356,0.005243158856125949,0.16157424715173657
4.245143729537547,0.9761017762338757,0.015083815716807078,0.00881440804931753,0.009078491170689056,0.9999841676397491,0.005627119141952276,0.18549897519236458
4.339480256860604,0.9763618464782726,0.014035041242559313,0.009603112279168017,0.009485168164680834,0.9999865888665797,0.005179262488851548,0.18444233302553473
4.43381678418366,0.980312177868691,0.009421396298833568,0.010266425832475766,0.009900668209377295,0.9999921241990531,0.003968820966735851,0.15934580018965486
4.528153311506717,0.9855410362347508,0.0038048256040165733,0.01065413816123287,0.010324983831046335,0.9999976161254777,0.0021839521138154404,0.12110197561605655
4.622489838829774,0.9889257900359048,0.00030361172463755424,0.010770598239457868,0.010758107397386536,1.0000000731698582,0.00010359320822471981,0.08984055703145373
4.716826366152831,0.988360294950443,0.0008608616451200677,0.010778843404437351,0.011200031117659479,0.9999979616196861,0.0020190979356117557,0.09590645601606089
4.811162893475887,0.983919329177639,0.0051658573433514465,0.010914813479009494,0.011650747042841008,0.9999926199645746,0.0038418766750567958,0.13339387469734648
4.905499420798944,0.9778162765397856,0.01082705501241483,0.011356668447799794,0.012110247065755359,0.9999869108802268,0.0051166877153510145,0.17570655163259083
4.9998359481220005,0.9731779953846377,0.01470041309114363,0.012121591524218725,0.012578522921223422,0.9999840596435245,0.005646536648313779,0.20483783571610897
5.094172475445057,0.9723150171079253,0.014635251509471947,0.013049731382602637,0.013055566186213532,0.9999857267370041,0.005342875842472814,0.2102653134821874
5.1885090027681136,0.9754440423825008,0.010668168740663923,0.013887788876835349,0.013541368279993436,0.9999909667700327,0.0042509029411874994,0.19055869218438226
5.28284553009117,0.9805690948835509,0.005002221807874456,0.014428683308574925,0.014035920464287368,0.9999967723178969,0.002541011332937349,0.1542219892725443
5.377182057414227,0.984586511462335,0.0007832045568794045,0.014630283980785468,0.014539213843414927,0.9999998878946853,0.00047353620557651446,0.11931615397774406
5.471518584737283,0.9850020224461427,0.00035276644072193124,0.014645211113135416,0.015051239364487393,0.9999986036674713,0.0016711262989575547,0.11475983680454845
5.565855112060341,0.9813099355378272,0.003948439710777917,0.014741624751395073,0.015571987817514586,0.9999936170914657,0.0035732871090224743,0.1479242867722639
5.660191639383397,0.9752717977340868,0.009572269165101267,0.015155933100812214,0.016101449835641185,0.9999876587940154,0.004968425308994943,0.19103301439272402
5.754528166706454,0.9699409792815438,0.01410070246660876,0.015958318251847573,0.016639615895236985,0.9999840799642161,0.005643521625616311,0.2246639156814916
5.84886469402951,0.9679733110227434,0.015019176238338415,0.017007512738918484,0.01718647631616618,0.999984944137508,0.005487394491326089,0.2363935199520259
5.943201221352567,0.9701584910400597,0.011818126986558255,0.018023381973382272,0.01774202126184971,0.9999897820768908,0.004520590869760529,0.22250032054997457
6.037537748675623,0.9749843731238113,0.006275391571410526,0.018740235304778363,0.01830624073950694,0.9999958163677461,0.0028940589096768327,0.18907213120123917
6.13187427599868,0.979474546435128,0.0014684868794137334,0.01905696668545832,0.018879124600373512,0.9999998756852894,0.0008567876722642776,0.15200926362642683
6.226210803321736,0.9808352608603235,6.552563265415471e-05,0.01909921350702274,0.019460662539775235,0.9999991388846118,0.001312337621844326,0.13735593064239235
6.320547330644793,0.9780003893606996,0.0028439118377918252,0.019155698801508934,0.020050844097382094,0.9999946005444046,0.0032869667422211713,0.164744562354629
6.414883857967849,0.9722200323650599,0.00825923058961265,0.019520737045327453,0.02064965865747301,0.9999884926413226,0.0047981225367945855,0.2075234552679425
6.509220385290906,0.9663677934705779,0.013303409992029945,0.020328796537392422,0.021257095448894467,0.999984225767285,0.00561736153876656,0.24485800257970067
6.603556912613963,0.9633506018052062,0.015175309489078692,0.021474088705715627,0.021873143545491046,0.9999842558266379,0.0056116777624304354,0.2625776381791015
6.69789343993702,0.9645010715340411,0.01283593125091106,0.02266299721504775,0.022497791866273247,0.9999885920452032,0.00477658658998268,0.25477056876680343
6.792229967260076,0.9688415116096841,0.0075847788133136295,0.02357370957700249,0.023131029175412373,0.9999947447582587,0.0032419833227873267,0.22511707749147364
6.886566494583133,0.97362607975087,0.0023376357464189013,0.024036284502711204,0.023772844082719922,0.9999992257066189,0.0012444220201646566,0.18725852499616774
6.980903021906189,0.9758604395754669,7.15362763007449e-06,0.0241324067969031,0.02442322504363836,0.9999995561523153,0.0009444557545795832,0.16418516573163955
7.075239549229246,0.9739578631315429,0.0018856734552572404,0.024156463413200022,0.025082160359508665,0.9999955528514246,0.0029831191868218985,0.1838991805003643
7.1695760765523024,0.9686158025111713,0.006928192029891686,0.024456005458937325,0.025749638177946458,0.9999894000454485,0.004605551291444635,0.22518712669703347
7.263912603875359,0.9624286684550875,0.012333314800015684,0.025238016744896764,0.02642564649279326,0.9999845022426068,0.005567339993727823,0.265351808482736
7.3582491311984155,0.9584518056767326,0.015099222714818636,0.026448971608449022,0.027110173144288586,0.9999836719432098,0.005714529462235319,0.2886291567763266
7.452585658521472,0.9585115399954072,0.01369041917241816,0.027798040832174818,0.027803205819657294,0.9999874124606869,0.005017461527638094,0.28703368625530434
7.5469221858445295,0.9621960627643296,0.00888979029892387,0.02891414693674673,0.028504732053466174,0.999993581440601,0.0035834947376279904,0.26187864235286157
7.641258713167586,0.9670847462745891,0.0033631545004406114,0.029552099224970454,0.029214739226828813,0.9999986649150281,0.0016350285692676176,0.22447027519938717
7.7355952404906425,0.9700882017068629,0.00017850343552687067,0.02973329485761053,0.02993321456843766,0.9999998358282511,0.000573012627476776,0.19552498757339493
7.829931767813699,0.9691572080343237,0.0011024476586323421,0.029740344307043996,0.03066014515539367,0.9999964566442278,0.002662085458771133,0.20546122371404865
7.924268295136756,0.964415176948847,0.005619807159435157,0.029965015891717732,0.031395517911641795,0.999990364597135,0.004390527488805014,0.24406340033607113
8.018604822459812,0.9580883046694723,0.011220450503778817,0.030691244826749193,0.032139319609969894,0.9999849175883398,0.005492755263685355,0.28611868691476394
8.112941349782869,0.9532729278620508,0.014793680084423689,0.03193339205352569,0.0328915368713735,0.9999832104794933,0.00579471820934447,0.31441205603477357
8.207277877105925,0.9522226204926278,0.014355570585597026,0.03342180892177526,0.03365215616547483,0.9999862667169979,0.005241671822026362,0.3190123908893346
8.301614404428982,0.9551026452086576,0.010150074667546171,0.03474728012379618,0.03442116381076613,0.9999923280402676,0.003917124022455878,0.2989329056660408
8.395950931752038,0.9599001955873854,0.004512756930942094,0.0355870474816728,0.035198545974855666,0.999997944819078,0.0020274016924131536,0.26310123753535447
8.490287459075095,0.9635391673451086,0.0005732660667462702,0.03588756658814564,0.03598428867471664,0.9999999715067837,0.00023871831094560294,0.23007792949202432
8.584623986398151,0.9635820423399621,0.0005173963263250729,0.03590056133371293,0.03677837777693854,0.9999972984858424,0.0023244399361362156,0.2295369061310579
8.678960513721208,0.9595772799234649,0.004373852790311948,0.03604886728622371,0.037580798997981356,0.9999913834106144,0.004152938364319323,0.2642148720125632
8.773297041044264,0.9533073996334062,0.009999142672169462,0.03669345769442441,0.03839153790443245,0.9999854579928592,0.0053929400898343124,0.30716617648949596
8.86763356836732,0.9478014620139047,0.014268524559275974,0.03793001342681955,0.03921057991326625,0.9999828827557867,0.005850999523821549,0.3398358628922475
8.961970095690377,0.9456590532694147,0.014811304883116131,0.039529641847469446,0.04003791029210641,0.9999851618376653,0.00544757785626406,0.3504828334956102
9.056306623013434,0.9476131629930067,0.011326788601554694,0.04106004840543872,0.040873514159490996,0.9999910059529691,0.004241227790253519,0.3359083092995721
9.150643150336492,0.9521264614799209,0.0057504001619080435,0.042123138358171136,0.04171737648514007,0.9999970712728842,0.0024202160345395407,0.3026526906754239
9.244979677659549,0.9562433490740616,0.001178197748588723,0.042578453177349866,0.04256948209022565,0.999999954773206,0.00031986185903706127,0.2670795991481971
9.339316204982605,0.9572255309890414,0.00014741617668447677,0.04262705283427433,0.043429815647645684,0.9999980607761316,0.0019711729453416793,0.25628979981023553
9.433652732305662,0.9540659999569467,0.0032279844899107293,0.04270601555314275,0.04429836168229866,0.9999924293036847,0.0038927759140434566,0.28572243168770883
9.527989259628718,0.9480443386431371,0.008706914048788372,0.04324874730807489,0.04517510457136286,0.9999861314723569,0.00526728277942631,0.328529815240404
9.622325786951775,0.9420171259438003,0.013540339437696303,0.04444253461850349,0.04606002854457684,0.9999827000705461,0.005882139034358171,0.3648496018009304
9.716662314274831,0.938836966097539,0.01504408601901614,0.04611894788344517,0.04695311768452336,0.999984133314306,0.0056334674425384465,0.3812699563165685
9.810998841597888,0.9397751561581115,0.01238380936577545,0.047841034476113015,0.04785435592691533,0.9999896304912189,0.004553999345163084,0.3724839719969503
9.905335368920944,0.9438201982762002,0.007037432263328891,0.04914236946047113,0.04876372706088562,0.9999960490627402,0.002811964444894948,0.3426689797055561
9.999671896244001,0.9482392430338162,0.0019735665506406767,0.04978719041554344,0.049681214729277834,0.9999997604472177,0.0006975357235712301,0.3059236114474041
10.094008423567058,0.950090828116809,2.6372896587023344e-06,0.049906534593532594,0.05060680242894067,0.9999987153546519,0.0016041095827158776,0.28605227571842873
10.188344950890114,0.9478515345332075,0.0022165655505576756,0.049931899916234944,0.05154047351102494,0.9999934865307935,0.0036101801421247184,0.3086823736007807
10.28268147821317,0.9422569843161972,0.007383293464272856,0.050359722219530265,0.052482211181283545,0.9999869170237521,0.005115249879720795,0.3502679319508215
10.377018005536227,0.935892904135984,0.012631897399009894,0.051475198465006214,0.053431998500372384,0.999983027942005,0.00588693626783442,0.38943640375336935
10.471354532859284,0.9317635906423508,0.015047316626536461,0.05318909273111261,0.05438981838415648,0.9999831965991831,0.005797581818083432,0.41124303483450475
10.56569106018234,0.931630343846307,0.013288854914893415,0.05508080123879941,0.055355653604014954,0.9999882217712854,0.0048534852118105615,0.40838783591712946
10.660027587505397,0.9350388507620939,0.008333817009804923,0.05662733222810143,0.056329486787155644,0.9999948849600073,0.0032009406600074664,0.3827376594775082
10.754364114828453,0.9395726310434872,0.0029338028733960006,0.05749356608311698,0.057311300416920466,0.9999993882179262,0.001108535683501978,0.3460713808825547
10.84870064215151,0.9421911672128852,8.613917215825359e-05,0.05772269361495666,0.0583010768331087,0.999999251629207,0.001227101683816522,0.3196177459384085
10.943037169474566,0.9409117129980531,0.001369606650159392,0.05771868035178763,0.059298798232285996,0.999994539608332,0.003305499495320211,0.3332063096340155
11.037373696797623,0.9359044967979635,0.006068567338850264,0.05802693586318633,0.06030444666811321,0.9999878158486952,0.004936411060150899,0.3724572729277964
11.131710224120681,0.9293963559357945,0.011571415959882222,0.059032228104323375,0.0613180040516632,0.999982805146062,0.005864248648605258,0.41360865413624703
11.226046751443738,0.9244373324587206,0.014821509732686493,0.060741157808592974,0.06233945215174386,0.9999823690699954,0.005938143578443865,0.4403113303333555
11.320383278766794,0.9232134135462903,0.014014476010093884,0.06277211044361604,0.06336877259524087,0.9999868105309694,0.005137606726520679,0.44339446874078425
11.41471980608985,0.9258388266982635,0.009599395900733634,0.06456177740100297,0.06440594686742718,0.9999935730155919,0.0035852374413930495,0.4224900349392331
11.509056333412907,0.9302951401222483,0.00402833168059553,0.06567652819715615,0.06545095631230835,0.9999988306352587,0.0015310634977642287,0.38703021807410387
11.603392860735964,0.9335495970837764,0.0003938922478028844,0.06605651066842086,0.06650378213296664,0.9999996409790001,0.0008504764706223835,0.3560161242960368
11.69772938805902,0.933233048715013,0.000711849696229894,0.06605510158875702,0.06756440539187022,0.999995564820174,0.002979384064439419,0.3594261500936368
11.792065915382077,0.9289491155759497,0.004802514305703593,0.06624837011834663,0.06863280701124659,0.9999888112766093,0.004730467375858921,0.39518943565209064
11.886402442705133,0.9224911383349537,0.010391644480859587,0.06711721718418709,0.06970896777340738,0.9999831106255934,0.0058130155398730815,0.437403621597158
11.98073897002819,0.9168481896968622,0.01437423388275854,0.06877757642037918,0.07079286832109327,0.9999816780929384,0.006053385699800403,0.4684198539029708
12.075075497351246,0.9145511003804647,0.014538889193088673,0.07091001042644653,0.07188448915783804,0.9999853972802275,0.005404185998353673,0.47732247383642945
12.169412024674303,0.9162737404294219,0.010795146593025023,0.07293111297755331,0.07298381064828875,0.9999921534688971,0.003962753772261083,0.46160148613826
12.26374855199736,0.9204626147418362,0.005222558556641061,0.07431482670152309,0.07409081301860278,0.9999980789428318,0.0019601302627697496,0.4283470428415224
12.358085079320416,0.9241983752802535,0.0009149252312165819,0.07488669948853036,0.0752054763567681,0.999999867533142,0.0005147171041883678,0.3943526236217145
12.452421606643473,0.9248114820727518,0.0002620244102652248,0.07492649351698326,0.07632778061294698,0.9999965337896981,0.0026329467498141124,0.38751116039914313
12.546758133966529,0.9213578356315812,0.003623163783910647,0.07501900058450796,0.07745770559992333,0.9999898871628031,0.004497284972509859,0.4185682034323393
12.641094661289586,0.9151386843515795,0.009128813180000875,0.07573250246841977,0.07859523099333729,0.9999835750311536,0.005732282406134263,0.4608795430629973
12.735431188612642,0.90897850229125,0.013719834926387332,0.07730166278236263,0.07974033633215916,0.9999811403142339,0.006141580891225018,0.4955452786876447
12.829767715935699,0.9056615890222102,0.014846624877410876,0.07949178610037913,0.08089300101901421,0.9999840355906096,0.005650975408408609,0.5100315404031482
12.924104243258755,0.9063927929989656,0.01188439729359778,0.08172280970743664,0.08205320432050627,0.9999906202696984,0.004331209141100416,0.49979127855734173
13.018440770581812,0.9101333639635649,0.006478976837813049,0.08338765919862222,0.08322092536772166,0.9999971370583828,0.002392880071593143,0.4696072483223532
13.11277729790487,0.9141780436272159,0.0016317114674694751,0.08419024490531468,0.08439614315646762,0.9999999209034243,0.0004098058532385493,0.4340279630023174
13.207113825227927,0.9156527879148268,3.230037420143684e-05,0.08431491171097201,0.08557883654770122,0.9999974296446665,0.002268079154416583,0.4177278415016371
13.301450352550983,0.9131039150531797,0.0025656182433348583,0.08433046670348568,0.08676898426796656,0.9999910296612262,0.004236937862358177,0.4427080677324075
13.39578687987404,0.9072999723624223,0.007821478909414906,0.08487854872816306,0.08796656490962856,0.9999842007872161,0.005621225484840488,0.4841121612390926
13.490123407197096,0.9008040008750678,0.012878944987207777,0.08631705413772454,0.0891715569314469,0.9999807731764623,0.006201070666010972,0.5216920508095311
13.584459934520153,0.8965542583156729,0.014928971036583622,0.0885167706477434,0.09038393865889521,0.9999827435684184,0.005875689725294592,0.5414192127311526
13.67879646184321,0.8962393485654943,0.012833958396470961,0.09092669303803476,0.0916036882843607,0.999989010498932,0.004688163965238874,0.536821738088368
13.773132989166266,0.8993663499971631,0.007758359361527557,0.09287529064130919,0.092830783867865,0.9999960153639585,0.002826832974787964,0.5104352955217262
13.867469516489322,0.9035362224565323,0.002520760222508144,0.09394301732095933,0.09406520333720302,0.9999997693928672,0.0006829954335324489,0.4745277902548577
13.961806043812379,0.9057726339056515,2.7950703707695202e-05,0.094199415390641,0.09530692448846084,0.9999982229234158,0.0018881607210299409,0.45079285888641446
14.056142571135435,0.9041681580114662,0.001660976528339053,0.09417086546019515,0.09655592498653062,0.9999922038916548,0.003949766388960522,0.467734614577031
14.150479098458492,0.8989373186400029,0.006509305551941026,0.0945533758080561,0.09781218236501918,0.9999849954511617,0.005479177746298151,0.5071917317908341
14.244815625781548,0.8922951133984562,0.011877795988582051,0.09582709061296182,0.09907567402733371,0.9999806092416874,0.006230293718658429,0.5468887496275241
14.339152153104605,0.8872297754342804,0.014784199798885456,0.09798602476683434,0.10034637724663256,0.9999815406993068,0.0060760398814257,0.5714174824867995
14.433488680427661,0.8858497590333906,0.013615135654842967,0.10053510531176664,0.10162426916639032,0.9999873578174635,0.005031045404190915,0.5724967807221273
14.527825207750718,0.8882193865189784,0.009020995906046462,0.10275961757497537,0.10290932680065579,0.9999946925174823,0.00325949571654029,0.5504956355967208
14.622161735073774,0.8923261706284583,0.003553392337213461,0.10412043703432834,0.10420152703480177,0.9999994049148763,0.0010909490789163443,0.5153877366641422
14.716498262396831,0.895196289732607,0.00024723648145288935,0.10455647378594032,0.10550084662549897,0.9999988792283625,0.001499911965917442,0.486554656999749
14.810834789719888,0.8945399259107282,0.0009353920064423925,0.1045246820828293,0.10680726220134247,0.9999933880427883,0.0036364640388686052,0.49378840148981384
14.905171317042944,0.8900161248865146,0.005231818701394336,0.10475205641209123,0.10812075026372661,0.9999859285701161,0.005305657452981149,0.5302205496152478
14.999507844366,0.8834184778248098,0.010747361349612449,0.1058341608255777,0.10944128718640321,0.9999806069818475,0.006227813437827769,0.571184741287587
15.093844371689059,0.8776805330088727,0.01441757143444148,0.10790189555668608,0.11076884921629948,0.9999804756582418,0.00624976748198052,0.5999893161675023
15.188180899012115,0.8752524789645807,0.014204593342607475,0.11054292769281193,0.11210341247418854,0.9999856502202039,0.005357177771580246,0.6066598581134712
15.282517426335172,0.8767474142352155,0.010227936236745973,0.11302464952803863,0.11344495295498662,0.9999932029111511,0.003688250670099205,0.5894933213786874
15.376853953658228,0.8806051670308439,0.0046966738280261955,0.11469815914113006,0.11479344652797374,0.9999988219553484,0.0015370666936080392,0.5561835114134581
15.471190480981285,0.8839580003594053,0.0006815138092983719,0.1153604858312967,0.11614886893666586,0.9999993821857014,0.0011191571397437886,0.5239071617156961
15.565527008304342,0.8842178402153834,0.0004092946112436327,0.11537286517337325,0.11751119580169514,0.9999945653700149,0.003298218275632445,0.5210367992396805
15.659863535627398,0.8805065147078895,0.004027174792094143,0.11546631050001656,0.11888040261778021,0.9999869928679619,0.005100401444250202,0.5533111045886029
15.754200062950455,0.8741386017505073,0.009522354845513479,0.11633904340397928,0.12025646475671098,0.9999808316436671,0.006192344667858715,0.5946471604054693
15.848536590273511,0.8678914095725347,0.013841117525578567,0.11826747290188669,0.12163935746680718,0.9999795538298902,0.006394679208074849,0.6271252262143542
15.942873117596568,0.8644675014268529,0.014585041034161427,0.12094745753898593,0.12302905587352615,0.9999839667409189,0.005663816655493793,0.6391914247394284
16.037209644919624,0.8650009177247777,0.01134219885768015,0.12365688341754226,0.1244255349799083,0.9999915665235597,0.0041103269711891596,0.6271740219130301
16.131546172242683,0.8684327756514879,0.005914476111221885,0.12565274823729042,0.12582876966702805,0.9999980237002265,0.0019999214869381686,0.5965284264679461
16.225882699565737,0.8721000492649003,0.0013155580704870414,0.12658439266461274,0.12723873469444474,0.9999996937184198,0.0007917166301629657,0.5622255774703065
16.320219226888796,0.8732101524695481,9.68002499650358e-05,0.12669304728048686,0.12865540470065698,0.9999956871204372,0.0029369611037386406,0.549710118411981
16.41455575421185,0.8703847976795376,0.0029309839917922753,0.12668421832867022,0.13007875420355858,0.9999881735681488,0.0048634066083750906,0.5765851005810178
16.50889228153491,0.8644196045884984,0.008240120003369152,0.12734027540813272,0.13150875760089714,0.9999812612720184,0.006122780161166349,0.6173582477339747
16.603228808857963,0.8578408214278964,0.013073212289054647,0.12908596628304925,0.13294538917073442,0.9999788315139136,0.006508680431636691,0.6528399822468243
16.69756533618102,0.8535061329232196,0.014745723619325501,0.13174814345745534,0.13438862307190858,0.9999823093865421,0.005948185770393184,0.6700060572457112
16.791901863504076,0.8530245416950155,0.012329907065987218,0.13464555123899774,0.13583843334449947,0.9999897720704128,0.00452280383870211,0.6633233420944166
16.886238390827135,0.8558690602773349,0.007168627713736694,0.13696231200892844,0.13729479391029575,0.9999969457978874,0.002471516719762535,0.6360733932694921
16.98057491815019,0.8596715492367133,0.0021280929784587717,0.13820035778482792,0.13875767857326304,0.9999997884282369,0.0006504947987763665,0.6010054235136564
17.074911445473248,0.86153476992116,5.324715305050426e-06,0.1384599053635353,0.14022706102001659,0.9999967383373984,0.0025558599733187404,0.5802910081790443
17.169247972796303,0.8596347067005332,0.001975224028972191,0.13839006927049494,0.14170291482029318,0.9999894463041722,0.004594985419875845,0.6001738386864007
17.26358450011936,0.854226975265808,0.006939446643003147,0.1388335780911889,0.14318521342742713,0.9999818903646355,0.006018217574148667,0.6394130715835192
17.357921027442416,0.8475020231372148,0.012137947806595854,0.14036002905618933,0.14467393017882832,0.9999782939000553,0.006589807571175627,0.6771695415339538
17.452257554765474,0.8423711124077078,0.01468270078074897,0.14294618681154347,0.14616903829646083,0.9999807439191049,0.006207515521427055,0.6990493661803902
17.54659408208853,0.8408559566754863,0.013161316662925185,0.1459827266615885,0.14767051088732525,0.9999879030064438,0.004922629886993616,0.6977654607664616
17.640930609411587,0.842972816257626,0.00842011971664468,0.14860706402572937,0.14917832094394276,0.9999956657172695,0.002947043679649236,0.6745075282267933
17.73526713673464,0.8467270083922209,0.0030925054562354025,0.15018048615154395,0.15069244134483945,0.9999996628950532,0.0008290946593481605,0.6398014123951588
17.8296036640577,0.8492189384102653,0.0001354124127117079,0.1506456491770231,0.1522128448550364,0.9999976663697425,0.0021603830840358,0.6133572288368647
17.923940191380755,0.8482483634187892,0.0011872787907363396,0.15056435779047483,0.1537395041265373,0.9999907728112511,0.004295845941997869,0.6242211048545887
18.018276718703813,0.8435292783305861,0.005659353139251125,0.15081136853016308,0.15527239169882243,0.9999827244771896,0.005877988361524998,0.6609176739793796
18.112613246026868,0.8368446046394293,0.01106433513715528,0.15209106022341534,0.15681147999934142,0.9999779797910067,0.006636258968490905,0.7001682583303301
18.206949773349926,0.8310570661623056,0.014398909150036011,0.1545440246876584,0.1583567413440084,0.9999792688948883,0.006439082267226788,0.7262948377155292
18.301286300672984,0.8285250141931118,0.013811703576894246,0.1576632822299943,0.1599081479377029,0.9999859196233601,0.005306651959744101,0.7303611694086727
18.39562282799604,0.8297998855300921,0.009630325839489272,0.1605697886304185,0.16146567187476668,0.9999941484549205,0.003422616508146755,0.7115585664679069
18.489959355319098,0.8333247272791431,0.004177721562206026,0.16249755115865083,0.1630292851395075,0.9999992705070141,0.0012078846960479877,0.6782112822203108
18.584295882642152,0.8362985972675014,0.00048078312652207703,0.1632206196059766,0.1645989596067013,0.9999984544677999,0.0017608766030238637,0.6478281003315903
18.67863240996521,0.8362269372930675,0.0005891310915372671,0.16318393161539507,0.166174667042102,0.9999921396149323,0.00396721579225017,0.648891490202278
18.772968937288265,0.8322997438824069,0.004437873679632488,0.16326238243796054,0.16775637910294172,0.999983750089152,0.005701690675927781,0.6819877208228886
18.867305464611324,0.8258361258960794,0.009885358693777036,0.16427851541014354,0.16934406733845,0.9999779191151371,0.0066464243765921435,0.7219064127225805
18.96164199193438,0.819551277504103,0.013904007485131016,0.16654471501076612,0.17093770319036472,0.999977953314516,0.006640247353270479,0.7517407309328115
19.055978519257437,0.8160532200100917,0.014262084564489314,0.16968469542541942,0.1725372579934275,0.9999839160624373,0.005671650238959072,0.7610054350010652
19.15031504658049,0.8164016173189096,0.010762198044409345,0.17283618463668107,0.17414270297593104,0.9999924210503298,0.003894609048373937,0.7469927369468877
19.24465157390355,0.8195250888700244,0.005349213731903419,0.17512569739807238,0.1757540092602096,0.9999986155708691,0.0016639880843605825,0.7158710024412509
19.338988101226604,0.8228174333846376,0.0010285929323072685,0.17615397368305566,0.17737114786316915,0.9999990485394619,0.001379463725329485,0.6829950502353945
19.433324628549663,0.823580975877978,0.00019673367636836002,0.17622229044565396,0.17899408969680503,0.9999934801423855,0.003611048700731127,0.6743935479794623
19.527661155872718,0.8205176817521049,0.0033108891714875755,0.17617142907640798,0.18062280556874663,0.9999849415166685,0.005489229530932524,0.7027478218569977
19.621997683195776,0.8144438252210429,0.008636915696053859,0.17691925908290335,0.1822572661827379,0.9999781034492454,0.006618913489648472,0.742468084127941
19.71633421051883,0.8078347383841391,0.013214012257735107,0.17895124935812606,0.18389744213920325,0.9999768219284135,0.006808495130953973,0.775407137570565
19.81067073784189,0.8034535415414057,0.014499749882646656,0.18204670857594774,0.18554330393575522,0.9999819144925052,0.006014377556634868,0.7896246322833096
19.905007265164944,0.8028235307382662,0.01178139979753886,0.18539506946419493,0.1871948219677683,0.9999905014805717,0.004359429474905988,0.7806139794564049
19.999343792488002,0.8053888067800441,0.006570105704230637,0.1880410875157252,0.18885196652880853,0.9999976812230364,0.00215349681959521,0.7524536791080647
20.093680319811057,0.808825672880304,0.0017598984680412607,0.1894144286516548,0.19051470781130359,0.9999994349359379,0.0010686338573856046,0.7183515199403194
20.188016847134115,0.810330396716857,1.957645031132329e-05,0.18965002683283189,0.19218301590695663,0.9999947893868265,0.0032303949584044185,0.7010672580232261
20.282353374457173,0.8081696676438332,0.002311038555331147,0.18951929380083557,0.19385686080738052,0.9999862665494637,0.005240869437876815,0.7233318759791384
20.376689901780228,0.802636335192082,0.007356675858540452,0.1900069889493778,0.19553621240459168,0.999978531588695,0.00655258435421991,0.7619493863230506
20.471026429103286,0.7958834394337857,0.012350737727811775,0.19176582283840263,0.19722104049152106,0.9999759077111642,0.006941469385748861,0.7973332881240858
20.56536295642634,0.7907305525724024,0.014518593183159467,0.1947508542444385,0.19891131476261825,0.9999799605793925,0.006331601306602142,0.8161735969759236
20.6596994837494,0.7891042272291289,0.01265734162022571,0.1982384311506458,0.200607004814377,0.9999884153061227,0.004813445081200589,0.8122625117173848
20.754036011072454,0.7909751979908038,0.007802338760526513,0.2012224632486697,0.20230808014589516,0.9999964633303491,0.002659572670990684,0.7876695498443232
20.848372538395513,0.7943786584648656,0.002650307323688923,0.20297103421144583,0.20401451015926786,0.9999995642844118,0.0009389021682535965,0.753465935906714
20.942709065718567,0.7965041442888506,6.0461338511501635e-05,0.20343539437263805,0.20572626416049905,0.9999959952081302,0.002830117965948389,0.7296605689723648
21.037045593041626,0.7952504581888604,0.0014667442186501846,0.20328279759248974,0.20744331135968666,0.9999877178346052,0.004957308244831902,0.7438852380450297
21.13138212036468,0.7903853403935175,0.006082898594797721,0.20353176101168524,0.20916562087166457,0.9999792278669242,0.006446573005465172,0.7804570845176415
21.22571864768774,0.7836698462646775,0.011341060736863338,0.2049890929984595,0.21089316171677944,0.9999752458528801,0.007037007864682501,0.8175751636784384
21.320055175010793,0.777880905394382,0.014319230640475656,0.20779986396514266,0.21262590282105748,0.9999781016778734,0.006620146591597458,0.840632645747887
21.41439170233385,0.7752745906695837,0.013364087186203834,0.21136132214421233,0.2143638130173398,0.9999862030656395,0.005252968529070201,0.8418128303643386
21.508728229656906,0.7763405447392326,0.009007861396152035,0.21465159386461546,0.2161068610450396,0.9999949672195155,0.003173407768956516,0.8212660093004287
21.603064756979965,0.7795352683304817,0.0036707915166543253,0.21679394015286405,0.21785501555150505,0.9999994120098354,0.0010856341889834043,0.7879548642589138
21.69740128430302,0.7821395282668926,0.0003154893156579924,0.21754498241744955,0.2196082450920785,0.9999970826744753,0.0024183913136868185,0.759671893062047
21.791737811626078,0.7817636026999983,0.0008013810573546914,0.21743501624264705,0.22136651813084068,0.9999892525760211,0.004639787528585762,0.7645706613355526
21.886074338949133,0.7776671141278058,0.004853245892026058,0.21747963998016834,0.2231298030411532,0.9999801599712379,0.006300326354614584,0.7981076391967918
21.98041086627219,0.7711645031882886,0.010216035852149018,0.2186194609595628,0.224898068106341,0.9999748431184198,0.007093174909107755,0.8362034492464376
22.074747393595246,0.7648941079888787,0.013908908238886684,0.22119698377223487,0.22667128151982235,0.9999763570482751,0.006876939420793621,0.8630046934931958
22.169083920918304,0.7613573015279996,0.013881102842059055,0.2247615956299414,0.22844941138641595,0.9999839011828915,0.005674273085140576,0.8691712737116348
22.263420448241362,0.7615366061078321,0.010149804309568869,0.22831358958259906,0.2302324257222774,0.9999931959070014,0.003688921210941452,0.8530272163148083
22.357756975564417,0.7643562378829342,0.004788636065269437,0.23085512605179664,0.2320202924555529,0.9999989594597957,0.0014425946500303017,0.8214747104299371
22.452093502887475,0.7672812714084838,0.0007742572208895699,0.2319444713706269,0.2338129794279044,0.9999979893130343,0.002010056652481787,0.79020913495248
22.54643003021053,0.7677217314018883,0.00033261367593313373,0.2319456549221789,0.23561045439282252,0.9999907994674154,0.004290267934180329,0.7855837254123055
22.64076655753359,0.7644638765359608,0.00370362862400079,0.2318324948400385,0.237412685019122,0.9999813175944883,0.006113641368022726,0.8150267829412321
22.735103084856643,0.7583377012468935,0.009009890953076131,0.2326524078000304,0.2392196388892838,0.9999747410558804,0.007108292557085261,0.8533018442328333
22.8294396121797,0.7517535723721296,0.013301203011903602,0.23494522461596684,0.24103128350126918,0.9999748083009522,0.007099048967357026,0.8833125766301102
22.923776139502756,0.747366679048304,0.014193828869964491,0.2384394920817317,0.24284758626809994,0.9999815599816847,0.006073623019865721,0.8942732963071285
23.018112666825814,0.7466093334198556,0.011193603611507175,0.24219706296863747,0.24466851451938676,0.9999911754862202,0.004201065303814289,0.8827731207867495
23.11244919414887,0.7489024486835584,0.005968490712430192,0.24512906060401157,0.24649403550177176,0.9999981873264654,0.0019040335568963113,0.8537190705835751
23.206785721471928,0.7519803062447641,0.0014202552370327292,0.24659943851820365,0.24832411637890692,0.9999986704967644,0.001634392934035375,0.8207457059232962
23.301122248794982,0.7531465125683802,7.192043982656552e-05,0.24678156699179332,0.25015872423264635,0.9999923593730169,0.003911724683939186,0.8072012707132614
23.39545877611804,0.7507649240723162,0.002667122424716687,0.24656795350296723,0.25199782606290944,0.9999826799208553,0.005886715200918725,0.8313498728454507
23.489795303441095,0.7451611456460323,0.007758936779498407,0.24707991757446962,0.2538413887893848,0.9999749296113278,0.007080970895235263,0.8689657322276672
23.584131830764154,0.7384378901368921,0.0125155305865465,0.2490465792765617,0.2556893792513071,0.9999734785687735,0.0072837281319231,0.9015966650638338
23.67846835808721,0.7333088526525458,0.014294056882713128,0.25239709046474124,0.25754176420826747,0.9999792313004127,0.006447312334713409,0.917080610903137
23.772804885410267,0.7315978350645997,0.012108037382086809,0.25629412755331343,0.259398510340813,0.9999889304516515,0.004705207132881977,0.9103579008248011
23.86714141273332,0.7332332494842366,0.007173490006650161,0.2595932605091136,0.26125958425104423,0.9999970830543838,0.0024153431896236912,0.884417892495636
23.96147794005638,0.7362923689514043,0.00223144957957604,0.2614761814690195,0.26312495246321715,0.9999990879403208,0.0013505993211453769,0.8508586153738749
24.055814467379435,0.7380682838272871,2.4316779620760188e-05,0.26190739939309243,0.2649945814243445,0.9999938480018105,0.003508676049105725,0.830008192804629
24.150150994702493,0.7365674896400816,0.0017729864648103352,0.261659523895108,0.2668684375047994,0.9999842147523987,0.005620213743561223,0.8472235696123263
24.24448752202555,0.7316095584375644,0.006500426220817789,0.26189001534161815,0.26874648699892045,0.9999754361247517,0.007010138936424229,0.8833012094187094
24.338824049348606,0.724922282971046,0.011576477431368967,0.2635012395975852,0.2706286961256178,0.9999724149380756,0.007428451946131898,0.9179128177492565
24.433160576671664,0.7191822510184966,0.014180104234884782,0.26663764474661844,0.27251503102898017,0.9999769360859267,0.006791707900130981,0.9375783463199622
24.52749710399472,0.7165336262156585,0.0128661440348569,0.27060022974948494,0.27440545777888503,0.9999864960910563,0.00519688710027298,0.9356678874946942
24.621833631317777,0.7174048722265327,0.008366405285351708,0.2742287224881156,0.27629994237160793,0.9999956434157501,0.002951804451846611,0.9133369905677167
24.716170158640832,0.7202764460182614,0.003181029218343015,0.27654252476339597,0.2781984507304346,0.9999992124184238,0.0012550547927330806,0.8801811665314248
24.81050668596389,0.7225253753808105,0.00018828354024122713,0.2772863410789484,0.2801009487062741,0.999995231543069,0.0030881857332687515,0.8542402197014669
24.904843213286945,0.7218773035563231,0.00104581463050971,0.27707688181316736,0.28200740207827235,0.9999858955226304,0.005315371056273464,0.8628101617659827
24.999179740610003,0.7176621555592662,0.00527140016407902,0.277066444276655,0.28391777655442796,0.9999762358945702,0.006895077951169236,0.8964244849434891
25.093516267933058,0.7111801697805675,0.010512981568378937,0.2783068486510536,0.28583203777221,0.9999716494569618,0.007530953688932166,0.9323307100756721
25.187852795256116,0.7049783851658473,0.013856783002414495,0.28116483183173835,0.28775015129917514,0.9999747772019643,0.0071032944590202676,0.9557723526296573
25.28218932257917,0.7014401874630767,0.013445995258003555,0.28511381727891966,0.2896720826335871,0.9999839251872066,0.005671729462383363,0.9586191034685404
25.37652584990223,0.701469001429541,0.009510791670670395,0.2890202068997886,0.29159779720503787,0.9999938797360646,0.0035002484298697163,0.9402773150150948
25.470862377225284,0.7039931343250955,0.004238290524091874,0.29176857515081267,0.2935272603750675,0.9999990044568166,0.0014110582466523485,0.9083891723417594
25.565198904548343,0.7065631545572248,0.0005558994776733188,0.29288094596510217,0.29546043743779216,0.9999964628512197,0.0026618684323185425,0.8789483550140571
25.659535431871397,0.7067088374245138,0.0005048438566391087,0.2927863187188471,0.29739729362052114,0.9999876288815627,0.0049741415168813585,0.8782981216418302
25.753871959194456,0.7033039429181089,0.004107556558099397,0.2925885005237919,0.29933779408438976,0.9999773165315429,0.006735460071475504,0.908461709804983
25.84820848651751,0.6971847882641253,0.009357389970209485,0.29345782176566537,0.3012819039249802,0.999971201159525,0.007589258960934165,0.9449325377972335
25.94254501384057,0.690682890797502,0.013335167731761834,0.2959819414707363,0.3032295881729521,0.9999728030479719,0.007378719701012073,0.9716867611345323
26.036881541163623,0.686332844126081,0.013831301433217843,0.2998358544407014,0.30518081179467266,0.9999812524211351,0.006125421517898558,0.979154565908083
26.13121806848668,0.6854715487153701,0.010572093968445079,0.3039563573161852,0.30713553969284374,0.9999917904601205,0.004052038050362448,0.9650737493580986
26.22555459580974,0.6875029778015941,0.005369629740927947,0.30712739245747833,0.30909373670713736,0.9999984418960022,0.0017680928483824907,0.9351961163515026
26.319891123132795,0.6902328314943635,0.0011131704647830906,0.3086539980408534,0.311055367614817,0.9999974744170604,0.0022500252379739037,0.9035469395397018
26.414227650455853,0.6910852254649195,0.00016343890576616342,0.3087513356293147,0.31302039713139374,0.9999894250858273,0.004599444613463442,0.8939314165116007
26.508564177778908,0.6885267839041664,0.0030421779664139333,0.30843103812941974,0.3149887899112368,0.9999786761746945,0.0065313963847072895,0.9195493895240854
26.602900705101966,0.6829108074549364,0.008144424346040834,0.30894476819902283,0.3169605105482208,0.9999711272320225,0.0076017183995954266,0.9558120849551165
26.69723723242502,0.6762767855449772,0.012632172548158448,0.3110910419068644,0.318935523576362,0.9999710066997144,0.007614838144045727,0.9853618783170888
26.79157375974808,0.6712189654454316,0.014011833186773235,0.3147692013677953,0.3209137934704567,0.9999785299227055,0.0065537265615083756,0.9972415097762857
26.885910287071134,0.6694516755965397,0.011518677308765119,0.3190296470946954,0.3228952846467201,0.9999894260791667,0.004600465968474245,0.9875933982722822
26.980246814394192,0.6708648439170545,0.006539610257161599,0.32259554582578404,0.3248799614634196,0.9999974903493475,0.0022403783174726726,0.9603512177191502
27.074583341717247,0.6735900744713592,0.0018405417916081417,0.32456938373703265,0.32686778822152274,0.9999982144647891,0.0018897267617468006,0.9276137266380993
27.168919869040305,0.6750378704033915,2.876688253925232e-05,0.32493336271406903,0.32885872916534775,0.9999912071817021,0.004195578435819632,0.9101249905373738
27.26325639636336,0.6733302001849965,0.0021051503847578606,0.3245646494302459,0.33085274848318147,0.999980258612724,0.006283501001007914,0.9298357539672826
27.35759292368642,0.6683358689216938,0.00691008939403969,0.3247540416842666,0.3328498103079586,0.9999713695413373,0.0075670402155828195,0.9650741353332957
27.451929451009473,0.6617378890288435,0.01176995412066268,0.32649215685049415,0.33484987871785565,0.999969511223536,0.007808752996682433,0.9968524628429061
27.54626597833253,0.6560984704511601,0.013983648918485041,0.3299178806303551,0.3368529177370077,0.9999758355094152,0.006952514258966816,1.0128686799474296
27.640602505655586,0.653441097441775,0.012322751393971952,0.33423615116425287,0.3388588913360917,0.999986795353503,0.005139717532369726,1.0077334301452505
27.734939032978644,0.6541344008429332,0.007712069848141625,0.3381535293089252,0.34086776343298597,0.9999961613777649,0.0027733428273780166,0.9836383128919137
27.8292755603017,0.6566934901186405,0.002713574328871027,0.3405929355524887,0.34287949789348865,0.9999986550311717,0.0016455114938090957,0.9507963859569345
27.923612087624758,0.658605753139667,0.00010166845520709689,0.3412925784051262,0.3448940585318522,0.9999929041984362,0.0037689518196917953,0.9274841916936227
28.017948614947812,0.6577218784785077,0.0013221025800167782,0.34095601894147554,0.3469114091115054,0.999982046418395,0.005992981491424365,0.9394839749218397
28.11228514227087,0.6534419979345683,0.005690558797106371,0.3408674432683256,0.3489315133457276,0.9999720079990895,0.007484324344469155,0.9728342133560866
28.20662166959393,0.6470423480190863,0.010775162259691828,0.34218248972122217,0.3509543348982182,0.9999683416932444,0.007957855602812192,1.0062264055154013
28.300958196916984,0.6409646155792263,0.013749124544516846,0.345286259876257,0.35297983738384403,0.9999732335864497,0.007317799927510206,1.026043822232386
28.395294724240042,0.6374636901594841,0.012961161204153245,0.3495751486363629,0.3550079843692082,0.9999839647168645,0.005664432177374792,1.0254185946679615
28.489631251563097,0.6373627513692293,0.008851232440845956,0.3537860161899248,0.35703873937341135,0.999994428421847,0.0033381320019619204,1.0048747269873606
28.583967778886155,0.6396030282003753,0.0037037604495858334,0.35669321135003895,0.359072065868536,0.9999987269487848,0.001599914515535295,0.9727893670304191
28.67830430620921,0.6418344766408279,0.00037672633852126286,0.3577887970206507,0.36110792728047447,0.9999944574106591,0.003329436583237325,0.9454200209032286
28.772640833532268,0.6417178677961757,0.0007136907891552021,0.3575684414146692,0.36314628698961793,0.9999839720343654,0.005661773076896155,0.9486795311965583
28.866977360855323,0.638216831756987,0.004521074288606845,0.3572620939544064,0.3651871083311734,0.9999729750493705,0.007353100838115665,0.9792186700788876
28.96131388817838,0.632166205705189,0.009678064367316708,0.35815572992749434,0.3672303545964076,0.9999675299353977,0.008059862511791407,1.013563806010399
29.055650415501436,0.625805028503316,0.013316788080002851,0.3608781834166812,0.3692759890326059,0.9999707705369385,0.007645787844449824,1.036791477874207
29.149986942824494,0.6215354090536758,0.01341602180279895,0.3650485691435254,0.37132397484431307,0.9999809795778815,0.006169516964604479,1.0405985628219265
29.24432347014755,0.6205952727531688,0.00992278949573151,0.3694819377510997,0.3733742751938484,0.9999923312325315,0.0039182584437372475,1.023909815575636
29.338659997470607,0.6223783727364097,0.004779451610474115,0.37284217565311606,0.3754268532016586,0.9999983994077312,0.0017891847236732208,0.9933258243056808
29.432996524793662,0.624775084391477,0.0008425252840025054,0.37438239032452086,0.3774816719474089,0.9999958244039419,0.0028929313084756544,0.9632269719542422
29.52733305211672,0.6253424638957449,0.0002950484995077212,0.37436248760474733,0.37953869447042465,0.9999860015713634,0.005292746806351158,0.9576488245803242
29.621669579439775,0.6226546200945442,0.003434891997288325,0.3739104879081674,0.38159788377023596,0.9999742710050463,0.007173376326905197,0.9843652011393687
29.716006106762833,0.6170869532466734,0.008511573458825888,0.3744014732945009,0.383659202807737,0.9999670991256904,0.008112850686387105,1.018956419833326
29.810342634085888,0.6106029435667558,0.012700967865250181,0.37669608856799414,0.38572261450525175,0.999968544539174,0.007932915601417099,1.045151156022064
29.904679161408946,0.6056645170148427,0.013675180297206938,0.3806603026879506,0.38778808174735196,0.9999778986049142,0.006650076103631053,1.0532452434253856
29.999015688732,0.6038707029321142,0.01089491776862309,0.38523437929926263,0.38985556738181515,0.9999898623204411,0.004502805386364903,1.0406230968179035
30.09335221605506,0.6050773808424645,0.0059068665054214965,0.3890157526521142,0.391925034220421,0.9999976572792318,0.002165535682764447,1.0121742060933685
30.187688743378118,0.6074827019097334,0.0014820918413399635,0.3910352062489267,0.3939964450387079,0.9999969170633373,0.0024861144254740303,0.9804683387670368
30.282025270701173,0.6086277899097001,7.541537022402961e-05,0.3912967947200761,0.3960697625776771,0.9999880510058158,0.004890046209342654,0.9667188986401657
30.37636179802423,0.606756962271692,0.0024623080695199886,0.3907807296587882,0.3981449495436678,0.9999758794329401,0.006945694270963731,0.9884240390758343
30.470698325347286,0.6017850033679822,0.007310211948248456,0.39090478468376955,0.4002219686098593,0.9999670763873222,0.008115291882043395,1.022507437180429
30.565034852670344,0.5953385870111105,0.01192126897672021,0.3927401440121696,0.4023007824160393,0.999966581630835,0.008175897653613705,1.0511759266957803
30.6593713799934,0.5898521071768147,0.013732493861764125,0.3964153989614211,0.4043813535702544,0.9999747972297829,0.007101397637681374,1.0633502223789062
30.753707907316457,0.5872205033075353,0.01173920293015485,0.4010402937623101,0.4064636446480716,0.9999870790581681,0.00508347486590428,1.0549220180174999
30.84804443463951,0.5877546278725887,0.0070511467871264034,0.4051942253402847,0.4085476181948885,0.9999964783434836,0.002657525256543263,1.0291363410643881
30.94238096196257,0.5900150559990704,0.0022734966814407296,0.40771144731948905,0.41063323672580054,0.9999976855867616,0.0021538075624982886,0.9968021668382183
31.036717489285625,0.5916130938250215,5.795336126689413e-05,0.4083289528137116,0.41272046272616436,0.999990059362639,0.004459653399522692,0.9764700919277327
31.131054016608683,0.5905332565084807,0.0016297923842963171,0.40783695110722296,0.41480925865180995,0.9999777471785921,0.0066712178519638754,0.9915604151940763
31.225390543931738,0.5862450297299168,0.006109044733882902,0.40764592553620055,0.4168995869311811,0.999967479787282,0.008066087836842041,1.024331555865929
31.319727071254796,0.5799906551268285,0.011001897522880378,0.40900744735029126,0.4189914099648594,0.9999649561445052,0.00837176701282465,1.0549314455770966
31.41406359857785,0.5740928938909237,0.013587918812490373,0.4123191872965858,0.4210846901265397,0.9999717711498344,0.007518969517010357,1.0709224517123155
31.50840012590091,0.5706685170312287,0.012431442161852352,0.416900040806919,0.42317938976370884,0.9999840257541222,0.005653290782664653,1.066739466360685
31.602736653223964,0.5704601123787538,0.008177426551921984,0.4213624610693242,0.42527547119831943,0.9999948381265964,0.0032147715949320706,1.0440458395915797
31.697073180547022,0.5724309303229682,0.003190597485541356,0.4243784721914907,0.42737289672747086,0.9999980797593676,0.001962792923083671,1.01194036006216
31.791409707870077,0.5743437942283477,0.00023975202584856475,0.42541645374580406,0.42947162862408517,0.9999919640851573,0.00401037439230916,0.9869268206839532
31.885746235193135,0.5740008483082399,0.0009592551106126026,0.42503989658114766,0.43157162913758584,0.9999798267990557,0.006351849724966458,0.9939597792713635
31.98008276251619,0.5704571219260626,0.004942615372169279,0.4246002627017687,0.43367286049457754,0.9999682945181394,0.007964608685662285,1.0245553300397705
32.07441928983925,0.5645378257048538,0.009970856918107736,0.4254913173770386,0.43577528489952533,0.9999637279992182,0.008517914676554834,1.0564953938261854
32.16875581716231,0.5583762357841435,0.013247411814322204,0.42837635240153443,0.4378788645354342,0.9999688062769125,0.007898510816942296,1.0759862887330263
32.263092344485365,0.55423092984965,0.012952303280564716,0.43281676686978543,0.43998356156452845,0.9999807425395061,0.006206009195723887,1.0760311649823082
32.357428871808416,0.5532381672892893,0.009251882098366138,0.4375099506123449,0.4420893381289346,0.9999927518371612,0.003807397161035968,1.0567663511703222
32.451765399131475,0.5547886174453042,0.0042038964408798105,0.44100748611381624,0.4441961563513606,0.9999980524229433,0.0019792291379919077,1.0256354684847087
32.54610192645453,0.5568703150799673,0.0006120188848730455,0.4425176660351597,0.4463039783357774,0.9999936876679865,0.0035555928742725586,0.9973442382923265
32.64043845377759,0.5571848769516348,0.0004674661002353803,0.44234765694812983,0.4484127661681009,0.9999820632849786,0.005990412349531753,0.9958399634073689
32.73477498110064,0.5544177139778526,0.0038439182701413255,0.44173836775200603,0.45052248191687383,0.999969495719952,0.007810738094844243,1.023317827655617
32.8291115084237,0.5489602428277419,0.008859043721961366,0.4421807134502966,0.4526330876339478,0.9999629237515661,0.008612126993465,1.0559572933073338
32.92344803574676,0.5426873461410506,0.012722650231512466,0.44459000362743695,0.4547445453551671,0.9999660924406042,0.00823601026227016,1.078579954141856
33.01778456306982,0.5379165285859371,0.013287822988008085,0.44879564842605496,0.45685681710105025,0.9999773252582097,0.006735847533026392,1.0827731039757567
33.11212109039287,0.536126614860959,0.010242729858092324,0.45363065528094915,0.458969864877473,0.999990244962004,0.004417010395312551,1.0671895362887303
33.20645761771593,0.5371444266292097,0.00528148335640875,0.45757409001438165,0.46108365067635315,0.9999975443899517,0.0022161259138420877,1.0376751858965743
33.300794145038985,0.5392467578823963,0.0011604450485670388,0.4595927970690372,0.4631981364763341,0.9999951441357158,0.0031163608567777046,1.0072414157857943
33.39513067236204,0.5401178309525427,0.00016564181907455664,0.45971652722838263,0.46531328424346685,0.9999843706303957,0.005590929701830783,0.997484842499932
33.489467199685095,0.5381302537863046,0.0028434379133529435,0.45902630830034263,0.46742905593189604,0.9999710821001773,0.007604930203622474,1.0207717410468857
33.58380372700815,0.5332409170607324,0.007699273172926544,0.4590598097663411,0.46954541348454387,0.9999625720147598,0.008652621736278133,1.0534186428020833
33.67814025433121,0.5270086392388696,0.012030584167049597,0.46096077659408097,0.47166231883379534,0.9999636469617634,0.00852776752308559,1.0787544444965809
33.77247678165427,0.5217272407205735,0.013429732329661085,0.4648430269497654,0.4737797339021803,0.9999738167465452,0.007237366779557898,1.0869591482338063
33.86681330897732,0.5191561927479011,0.01112114279103158,0.4697226644610675,0.4758976206030613,0.9999873484168693,0.005031026242686156,1.075232766859849
33.96114983630038,0.5195513034980672,0.006390033399645931,0.47405866310228717,0.4780159408413192,0.9999965618113555,0.0026249985050686275,1.0478793988246444
34.05548636362344,0.5215294651892171,0.0018657309575399734,0.4766048038532433,0.4801346565140322,0.9999962835742694,0.002726323100583468,1.0162791791133576
34.149822890946496,0.5228388345873972,5.920888303275165e-05,0.47710195652957,0.4822537295111721,0.999986698834658,0.00515908229865978,0.9993481528007229
34.244159418269554,0.5216055917256376,0.001968283302369224,0.47642612497199327,0.48437312171628033,0.9999730081282431,0.007348286031361767,1.0170853378050713
34.338495945592605,0.5173669874130794,0.0065252660293876625,0.476107746557533,0.4864927950071521,0.9999627096133564,0.008638084308460726,1.048993316836394
34.43283247291566,0.511321156777844,0.011192837738656048,0.47748600548350006,0.48861271125653427,0.9999615389982845,0.00877043466325084,1.0765729016251653
34.52716900023872,0.505658927741059,0.013375603180093485,0.48096546907884774,0.4907328323328043,0.9999703200055629,0.007705431021342797,1.0885989445341182
34.62150552756178,0.5023502673885641,0.011862058824436425,0.4857876737869998,0.49285312010064786,0.9999840959730412,0.005639840510149519,1.0808366488795695
34.71584205488483,0.5020576122956026,0.0074958274904617615,0.49044656021393573,0.4949735364217481,0.9999950564672029,0.0031443665746569366,1.056098014416811
34.81017858220789,0.503775532747406,0.0027042524493718734,0.4935202148032221,0.4970940431554971,0.999997037480714,0.002436794167590757,1.0241845796547249
34.90451510953095,0.505392697822362,0.00014774749286733602,0.49445955468477076,0.4992146021596478,0.9999889410053225,0.004702963645767057,1.0018591762005784
34.998851636854006,0.5048620780096084,0.001241442079180703,0.4938964799112109,0.5013351752909969,0.9999752078998534,0.007042661239736006,1.0124462135385182
35.09318816417706,0.5013307978138528,0.005370628762109526,0.4932985734240379,0.5034557244061263,0.999963296531184,0.008567706255956648,1.0428081806004608
35.187524691500116,0.4956060163516364,0.010234981447163477,0.49415900220120035,0.5055762113620017,0.9999598564349004,0.008961056362701062,1.0721104118363836
35.281861218823174,0.4897023954009811,0.013128815339585648,0.49716878925943364,0.5076965980167365,0.9999669686069664,0.008135207456197575,1.0877162226203763
35.37619774614623,0.48572483928680343,0.012444858967000323,0.5018303017461964,0.5098168462302706,0.9999805675602325,0.0062354693194406775,1.0839624985123253
35.47053427346928,0.48470612417312486,0.00856576348095337,0.5067281123459221,0.5119369178649663,0.9999930479475156,0.003728814374317103,1.0622088923019648
35.56487080079234,0.486041328590033,0.0036488434517972703,0.5103098279581698,0.5140567747864196,0.9999973482901886,0.002312075960730776,1.0307288594429123
35.6592073281154,0.48782877073703595,0.0004251123328075228,0.5117461169301567,0.5161763788640632,0.9999910350490726,0.004234361992591899,1.0045364127357135
35.75354385543846,0.48792537014497017,0.0006811744452692016,0.5113934554097607,0.5182956919719017,0.9999776161842392,0.0066908243502450185,1.0070693702118025
35.84788038276151,0.48513074900282194,0.004267858545298124,0.5106013924518802,0.5204146759891669,0.9999643769105302,0.008441229242004774,1.035003911073904
35.94221691008457,0.47984582406747495,0.00918570096036922,0.5109684749721559,0.5225332928009709,0.9999586204527094,0.009097108458997642,1.0654541831143738
36.036553437407626,0.47384457609857933,0.012698349464978338,0.5134570744364426,0.5246515042990415,0.9999636854991933,0.008522187681025549,1.0843475525142268
36.130889964730684,0.4692888331378854,0.012853897387440142,0.5178572694746747,0.5267692723824682,0.9999768056367777,0.006810887494758239,1.0845899139515551
36.225226492053736,0.46753324600631996,0.009568327361565725,0.5228984266321143,0.5288865589582057,0.9999905502528615,0.004349151966638178,1.06611564711241
36.319563019376794,0.46838107607536783,0.004669668566583289,0.5269492553580488,0.5310033259420408,0.9999971263753437,0.002399212549436795,1.0357187918980295
36.41389954669985,0.47019965053858087,0.0008797230078103276,0.5289206264536089,0.53311953525883,0.9999929002029552,0.003770922785119114,1.0068277204996572
36.50823607402291,0.47082796323822196,0.00030056208299245475,0.5288714746787858,0.5352351488437728,0.9999801756068107,0.00629669702083049,1.0012172297309818
36.60257260134597,0.4687718963416082,0.003247402878693396,0.5279807007796984,0.5373501286425248,0.9999658938858151,0.008258999039984505,1.025736094568549
36.69690912866902,0.4640259958828431,0.008075890218255784,0.5278981138989013,0.5394644366123296,0.9999578993090229,0.00917653513609706,1.0567040313557108
36.79124565599208,0.45806983257675093,0.012098416362263232,0.529831751060986,0.541578034722347,0.9999607342934909,0.008862219719804179,1.0785415857065273
36.88558218331514,0.4530446545891007,0.013078870838394848,0.5338764745725044,0.5436908849546774,0.9999729262661774,0.007359706029610457,1.0827145785174852
36.979918710638195,0.45056851407542264,0.010474495801194422,0.5389569901233833,0.5458029493048311,0.9999875757131408,0.004986210245364493,1.0677452920272812
37.074255237961246,0.4508455542877291,0.005735156718101839,0.5434192889941691,0.5479141897822353,0.9999963765798107,0.0026919931740620752,1.0389923047689549
37.168591765284305,0.45255979422995407,0.0014950110172272644,0.5459451947528189,0.550024568411451,0.9999944320298112,0.00333957164781197,1.0083824514649746
37.26292829260736,0.45360846668565136,0.00010722204040698976,0.5462843112739417,0.5521340472324189,0.9999828039096726,0.005865729780166422,0.9952563224085964
37.35726481993042,0.4522662746731017,0.0023368011751948928,0.5453969241517036,0.554242588301313,0.9999678229496418,0.008022036234899027,1.015176839438288
37.45160134725347,0.4481359368738292,0.006937698369546928,0.5449263647566241,0.556350153690935,0.999957699473253,0.009197785829176179,1.0459730994371783
37.54593787457653,0.44236132827227637,0.011347937973955094,0.5462907337537688,0.5584567054919007,0.9999581237369262,0.009151544816383403,1.0703587738566933
37.64027440189959,0.43698898516115925,0.01311502016135136,0.5498959946774895,0.5605622058128947,0.9999689943845851,0.007876020508840868,1.0783464109592686
37.73461092922265,0.43383436596598274,0.011258544251407833,0.5549070897826095,0.5626666167818551,0.9999841920654282,0.005626363003467302,1.067045793519545
37.8289474565457,0.43348096355726706,0.006812965929031334,0.5597060705137016,0.5647699005458021,0.9999950705211446,0.0031413007014278104,1.0404155751016524
37.92328398386876,0.43496409275567793,0.002250005748732382,0.5627859014955897,0.5668720192724179,0.9999955745496112,0.0029807650700061916,1.0089383600136415
38.017620511191815,0.43631066042512867,0.00010319013722290605,0.5635861494376486,0.5689729351502499,0.9999854000141105,0.0054055041951324816,0.98969404523763
38.11195703851487,0.4356329425758365,0.0015599323409817368,0.562807125083182,0.5710726103890317,0.9999701142721672,0.0077321337335552725,1.0035175166935812
38.206293565837925,0.43217003426668804,0.005803560651783794,0.5620264050815285,0.57317100722173,0.9999580538326942,0.009159853699539734,1.0333887390430745
38.30063009316098,0.42670240800970205,0.010469899586617513,0.5628276924036807,0.5752680879034364,0.9999559503328623,0.009386835639279976,1.0598715276915691
38.39496662048404,0.4211137779178192,0.01296316201888636,0.5659230600632947,0.5773638147138865,0.9999651018174568,0.008354348999415985,1.0715081507610802
38.4893031478071,0.4173461927082417,0.011898738501501378,0.5707550687902573,0.5794581499556645,0.9999804119298624,0.006259053968643721,1.063983654033895
38.58363967513016,0.41632799636751155,0.007870949165181863,0.5758010544673071,0.581551055958027,0.9999932028077547,0.0036930663514529783,1.0398805706927676
38.67797620245321,0.41746646292315853,0.003120038160937807,0.5794134989159035,0.5836424950745998,0.9999962274117331,0.0027494426350212244,1.0082838335960589
38.77231272977627,0.41898237209095723,0.00028497306237011233,0.5807326548466726,0.5857324296863522,0.9999878636721965,0.004926713744089409,0.9845208469182913
38.866649257099326,0.4188977497036832,0.0009363883964094177,0.5801658618999075,0.5878208222008512,0.9999726998550196,0.007391996792387992,0.9909741670722845
38.960985784422384,0.41612842833696284,0.004705242976850338,0.5791663286861867,0.5899076350534965,0.9999589453746607,0.009062318477540573,1.019093511145273
39.055322311745435,0.4110779334139157,0.009490596199598949,0.5794314703864853,0.5919928307081037,0.9999542521007505,0.009565234217138386,1.0471647528167394
39.14965883906849,0.40540740916932416,0.012629554315324386,0.5819630365153518,0.5940763716575772,0.9999613771047995,0.008789617938797052,1.0622344330010378
39.24399536639155,0.40111266193854356,0.012377891819751212,0.5865094462417052,0.5961582204245846,0.9999763714389521,0.006875509919916479,1.0585416544850605
39.33833189371461,0.3994211449358237,0.008878092031234875,0.5917007630329416,0.5982383395622332,0.9999907269056821,0.004306518622476303,1.0373026640266425
39.43266842103766,0.40011851160117,0.004077537802863854,0.5958039505959666,0.6003166916547398,0.9999963499167678,0.00270187955709385,1.006244161091145
39.52700494836072,0.4016742227718424,0.0006437631415904112,0.5976820140865677,0.602393239318108,0.9999901220109021,0.004444758781012142,0.9791974091702071
39.62134147568378,0.40209284190774697,0.0004809897126956368,0.5974261683795576,0.6044679452007948,0.9999754615294204,0.007005450665208811,0.9777997436464504
39.715678003006836,0.4000175348769541,0.0036729286765379773,0.5963095364465083,0.6065407719843893,0.999960346159473,0.008905397724227396,1.003246319006989
39.81001453032989,0.395475520312465,0.00843879859230082,0.5960856810952345,0.6086116823842768,0.9999531052041342,0.009684389119065825,1.0323366803441836
39.904351057652946,0.38985593612332176,0.012125603800298895,0.5980184600763796,0.6106806391503163,0.9999578888531752,0.0091771738733024,1.05057137194183
39.998687584976004,0.38513629219778134,0.012683774489265805,0.6021799333129533,0.6127476050675055,0.9999721240623108,0.0074680768037804655,1.050716883199982
40.09302411229906,0.3827882666547366,0.00980539483718538,0.6074063385080782,0.6148125429566513,0.9999877293635898,0.004953899701468896,1.0326182243643183
40.18736063962211,0.3829683227257552,0.005092896672371002,0.6119387806018738,0.6168754156750406,0.9999959070123747,0.0028647917613511134,1.0026750792614743
40.28169716694517,0.38443829340514185,0.00116580492530984,0.6143959016695485,0.6189361861171069,0.9999920708956488,0.003982228751894271,0.9733407807327494
40.37603369426823,0.38525592907080425,0.0002034526057481616,0.6145406183234479,0.6209948172150973,0.999978366323875,0.006577756778296967,0.9643152925418147
40.47037022159129,0.3838503034250855,0.00273437370559902,0.6134153228693154,0.6230512719397395,0.9999622436368352,0.008690012392611034,0.9860238056712844
40.56470674891435,0.37988663038247805,0.007344866329239627,0.6127685032882827,0.6251055133009101,0.9999525475544845,0.009742492383212656,1.0154999005836578
40.6590432762374,0.3744444071505763,0.011467428934206873,0.6140881639152168,0.6271575043482961,0.9999547522113365,0.009512808731645757,1.036576637693269
40.753379803560456,0.3694142487875872,0.012809367491022593,0.6177763837213903,0.6292072081720631,0.9999677697269999,0.008029879525791513,1.0405191588784715
40.847716330883515,0.3664504178009962,0.010626674106365128,0.6229229080926388,0.6312545879035166,0.9999842594352257,0.00561598589485391,1.0257822243329109
40.94205285820657,0.3660594117017627,0.006135372175376633,0.6278052161228609,0.6332996067157675,0.9999948244155628,0.003217319083870209,0.9974588792447792
41.036389385529624,0.3673267659930802,0.0018328984190636639,0.6308403355878561,0.635342227824391,0.9999936275785041,0.0035722078441531974,0.9666913700902783
41.13072591285268,0.3684293496322626,0.00010821502001532294,0.6314624353477222,0.637382414488096,0.9999812964579855,0.00611610449604702,0.9509684343474178
41.22506244017574,0.36764620640726653,0.00191415369205822,0.6304396399006754,0.6394201300093747,0.9999645735824435,0.008417875353377225,0.9676223946978655
41.3193989674988,0.3643074761398384,0.006239835707143171,0.6294526881530185,0.6414553377351707,0.9999525884516318,0.009738317579201941,0.9967825100938024
41.41373549482185,0.3591581702886783,0.010675295130422806,0.6301665345808988,0.6434880010575389,0.9999520577240866,0.009792791658519599,1.0203199785366763
41.50807202214491,0.35393932328563754,0.012752957115376912,0.6333077195989859,0.6455180834142955,0.9999634082847302,0.008554653212481927,1.027969926893682
41.60240854946797,0.3504219548998852,0.011319261844505803,0.6382587832556095,0.6475455482896895,0.9999802893230437,0.006278611741591197,1.0167659573519812
41.696745076791025,0.3494298841355442,0.007174001126333148,0.6433961147381227,0.6495703592150459,0.9999931147058387,0.0037108679464048985,0.9905014530999661
41.791081604114076,0.35039059374027437,0.0026230200819899576,0.6469863861777359,0.6515924797694258,0.9999946921028637,0.003260624898944166,0.9590517526982913
41.885418131437135,0.35165897329983326,0.00019442102531533144,0.6481466056748515,0.6536118735802886,0.9999841570821564,0.00563038668127577,0.938096765069717
41.97975465876019,0.35143096530924206,0.0012330226619562475,0.647336012028802,0.6556285043241382,0.999967262339278,0.008091616012268606,0.9482619133497324
42.07409118608325,0.3487397067431129,0.005154510530221791,0.6461057827266654,0.6576423357271758,0.9999532322580734,0.00967126137747149,0.9763293006791604
42.1684277134063,0.3439841268022997,0.009772942833517175,0.6462429303641835,0.6596533315659588,0.9999498669500781,0.010013903560015646,1.001884114738174
42.26276424072936,0.33870105218457874,0.012518072237381623,0.6487808755780397,0.6616614556680487,0.9999591897248549,0.009036667512556629,1.013101674596071
42.35710076805242,0.3347108923265703,0.011864584708962032,0.6534245229644678,0.6636666719126595,0.9999759911435064,0.006930600563183306,1.0055549834571489
42.45143729537548,0.33311182681372997,0.008178497303908678,0.6587096758823616,0.6656689442313166,0.9999907746476294,0.0042973157374847585,0.9817296826995838
42.545773822698536,0.33367825193330125,0.0035110397439353136,0.6628107083227637,0.667668236608487,0.999995189857122,0.0031016548193913297,0.9502645269435621
42.64011035002159,0.3349929891384515,0.0004560599874657192,0.664550950874083,0.6696645130822516,0.999986822794615,0.005134422034628792,0.9253974445766773
42.734446877344645,0.33523603052489437,0.0007073992287709361,0.6640565702463349,0.6716577377449273,0.9999702392427636,0.00771496135891662,0.9281931557690374
42.8287834046677,0.33319085164853146,0.004118582598053652,0.6626905657534152,0.6736478747437338,0.9999544959972311,0.009541392167188226,0.9543029613870462
42.92311993199076,0.32891187996212473,0.008786831469320132,0.6623012885685551,0.6756348882814234,0.999948251455298,0.01017347250786451,0.981365909751569
43.01745645931381,0.3236869254081075,0.012113270721618288,0.6641998038702743,0.6776187426169473,0.9999551569195955,0.009470702208999482,0.9959578754921586
43.11179298663687,0.3193194945838329,0.012248609451126132,0.6684318959650414,0.6795994020660429,0.9999714029929058,0.007562618356054004,0.9921474185069699
43.20612951395993,0.3171309488433529,0.009120106486218499,0.6737489446704289,0.681576831001958,0.9999877982767205,0.00493996940040425,0.9710889787731685
43.30046604128299,0.3172346170244582,0.0044695094113848385,0.6782958735641571,0.6835509938560521,0.9999950746957125,0.0031385640533240612,0.9402026741419522
43.39480256860604,0.3184806298996209,0.0008822517262065911,0.6806371183741725,0.6855218551183709,0.999989198824154,0.004647820459802434,0.9124572844373713
43.4891390959291,0.3190978411919574,0.00034899164478658957,0.6805531671632562,0.6874893793384113,0.9999734056815538,0.007293005528195588,0.9077155459930699
43.583475623252156,0.3176745094863905,0.00315980697709477,0.6791656835365147,0.689453531125678,0.9999563018591621,0.00934951086311226,0.930885348541942
43.677812150575214,0.3139347345165241,0.0077453240844589525,0.6783199413990171,0.6914142751503266,0.9999472682231563,0.010269409576392698,0.9588777135146744
43.772148677898265,0.30888363285834175,0.011551785754607729,0.6795645813870504,0.6933715761437692,0.9999514758922617,0.009852051157465467,0.9765934368969946
43.86648520522132,0.30424507260626693,0.012462145512393209,0.68329278188134,0.6953253988994408,0.999966667094353,0.00816655232045882,0.9765526637937323
43.96082173254438,0.30150648031181304,0.009972395064245881,0.6885211246239409,0.6972757082733109,0.9999842484344289,0.005612742915013949,0.9585409573137055
44.05515825986744,0.3011000151621502,0.0054694985837505745,0.6934304862540993,0.6992224691844687,0.9999942917808785,0.003378817198241848,0.9287642574987818
44.14949478719049,0.30217088498072386,0.0014576648653438057,0.6963714501539325,0.7011656466159495,0.9999911922566992,0.004198535643274487,0.8990068681864334
44.24383131451355,0.3030568997407073,0.0001645685274999407,0.6967785317317933,0.7031052056150968,0.9999766573880321,0.006832618755536583,0.8872157317566043
44.33816784183661,0.3022102801932048,0.002303254622850224,0.6954864651839451,0.7050411112945001,0.9999586193343324,0.009097231390666906,0.9062790446498716
44.432504369159666,0.2990505093871544,0.00667783840628157,0.6942716522065646,0.7069733288323766,0.9999469510607352,0.010300245838825344,0.9345487718163252
44.526840896482724,0.29427829670715483,0.010851046752075145,0.6948706565407705,0.7089018234733067,0.9999482253911802,0.010176541546512409,0.9550755935182289
44.621177423805776,0.2894809457743807,0.012501000271262098,0.6980180539543573,0.7108265605288135,0.9999618475981746,0.008735178764347925,0.9587906451912893
44.715513951128834,0.2862513251589275,0.010711951163322624,0.7030367236777502,0.7127475053780222,0.9999801836203449,0.00629677255665027,0.9440613211926371
44.80985047845189,0.28530947360945336,0.006481450192510765,0.7082090761980361,0.7146646234682631,0.9999928118321959,0.0037916070390050225,0.9158688040287128
44.90418700577495,0.2861112537479907,0.0021630520308813794,0.7117256942211283,0.7165778803156214,0.9999926835038206,0.0038253024490260256,0.8848578137703741
44.998523533098,0.2871567027228641,0.00015587746797069883,0.7126874198091657,0.7184872415059725,0.9999798911613121,0.0063430751837321026,0.8671401600264325
45.09286006042106,0.2868234489941769,0.0015706617928212252,0.7116058892130022,0.7203926726947505,0.999961392762422,0.008787091932914836,0.8807097743401825
45.18719658774412,0.28426213458008115,0.005613990154945836,0.7101238752649731,0.7222941396084124,0.9999473182815664,0.01026517233031211,0.9085266086752595
45.28153311506718,0.2798596388678971,0.01003209272650181,0.7101082684056012,0.7241916080447708,0.9999454958567865,0.010440561082898384,0.931485162326297
45.37586964239023,0.2750175253766775,0.012365987004273993,0.7126164876190487,0.7260850438732831,0.9999571141205881,0.009261991425633252,0.9388915973121358
45.470206169713286,0.27137245461047876,0.011318980576517777,0.7173085648130038,0.7279744130362339,0.9999756554605549,0.006977713539074347,0.9276380453032375
45.564542697036345,0.2698921994549599,0.007476031591059713,0.7226317689539806,0.7298596815488683,0.9999906308452906,0.004330080463853877,0.9014544043078248
45.6588792243594,0.27034658818968454,0.00297588265133449,0.7266775291589811,0.7317408155000041,0.9999936076684021,0.0035767574883628166,0.8698678652818912
45.753215751682454,0.27144257449346354,0.0003197092299574053,0.7282377162765791,0.7336177810534245,0.9999829719257397,0.005837016315884756,0.847554231934923
45.84755227900551,0.2715444408430438,0.0009798920996070954,0.7274756670573491,0.735490544447573,0.9999645283181227,0.008422713666895681,0.8544310397094244
45.94188880632857,0.26957801281350413,0.004582753734313275,0.7258392334521826,0.737359071996062,0.9999483443441646,0.010164085958142628,0.8809783204625965
46.03622533365163,0.2656190368688398,0.00911889854053148,0.7252620645906288,0.739223330089537,0.999943382008916,0.010641089068818723,0.905918053645711
46.13056186097468,0.2608434712348973,0.012062790014593719,0.7270937387505094,0.7410832851945593,0.9999525636051282,0.009741119890892585,0.9168963922822131
46.22489838829774,0.2568715179386235,0.011777783590731792,0.7313506984706449,0.7429389038556836,0.9999707838670989,0.007644044231934587,0.9092699652556777
46.3192349156208,0.25487130014143716,0.008424956110143217,0.7367037437484198,0.744790152695293,0.9999877431004989,0.004951126010267851,0.885475185684556
46.413571442943855,0.25491806912330234,0.0038710519240369723,0.741210878952661,0.7466369984146091,0.9999938756938741,0.0035011738905779545,0.8539262349735042
46.50790797026691,0.25596045330722317,0.0006481010109325284,0.7433914456818443,0.7484794077933777,0.9999857954816616,0.0053318929414233555,0.8281117704742433
46.602244497589965,0.2564080729918299,0.0005445231269082378,0.7430474038812623,0.7503173476917697,0.9999679361538636,0.008009032626093279,0.827734253839489
46.69658102491302,0.25501213650925236,0.0036116639649424044,0.7413761995258054,0.7521507850501582,0.9999500358530587,0.009997645800239407,0.8520917817071887
46.79091755223608,0.25155142699006167,0.00813763630101512,0.7403109367089235,0.7539796868899071,0.9999419401410463,0.010775729532636804,0.8784869213651525
46.88525407955914,0.24694687126917514,0.011601695438166845,0.7414514332926581,0.755804020313961,0.9999483636652508,0.010167299071591196,0.8928573774663588
46.97959060688219,0.24274563886229597,0.012077102833827924,0.7451772583038763,0.7576237525074383,0.9999656780602911,0.008286080213852291,0.8889658536508882
47.07392713420525,0.24026375003539494,0.00930175248843214,0.7504344974761731,0.7594388507382225,0.999984198846645,0.005621570690997411,0.8678990734961001
47.16826366152831,0.23986235369163217,0.004821643073934739,0.755316003234433,0.7612492823575482,0.999993426902331,0.0036257622828386443,0.8369462042718905
47.262600188851366,0.24075568027665284,0.0011286683800440349,0.7581156513433035,0.7630550148005911,0.9999882381253236,0.004851955008565266,0.8085242894602882
47.35693671617442,0.2414526411130837,0.0002735653957706022,0.7582737934911457,0.764856015587052,0.9999714783764664,0.007552644145296738,0.800971042408533
47.451273243497475,0.24058396113960281,0.0027260804206613387,0.7566899584397361,0.7666522523217405,0.9999523062802341,0.00976734624859143,0.822076876820369
47.54560977082053,0.23765602078078812,0.007115895203081823,0.7552280840161304,0.7684436926951598,0.9999412157000239,0.01084274616313841,0.8493228328379319
47.63994629814359,0.2333163939577455,0.010997199863005156,0.7556864061792495,0.7702303044840857,0.9999445478709297,0.010535867571516658,0.8668396543447798
47.73428282546664,0.22898835891968514,0.012210336447666715,0.7588013046326485,0.7720120555521476,0.9999604708695237,0.008895417277100146,0.8667440410083807
47.8286193527897,0.22608059697587615,0.010082461894923272,0.7638369411292008,0.7737889138504065,0.9999800475104523,0.006317007281386184,0.8487058680495765
47.92295588011276,0.22521092394798944,0.005799719350721832,0.768989356701289,0.7755608474179297,0.9999922309534518,0.003941831140198213,0.8188605649269676
48.01729240743582,0.22587184040459268,0.0017450521355350955,0.7723831074598724,0.777327824382369,0.9999901898280967,0.004430414744004404,0.788604545662265
48.11162893475887,0.22671888053483322,0.00017131729235732367,0.7731098021728097,0.7790898129605308,0.9999750615089676,0.007062319741846791,0.7745745193641151
48.20596546208193,0.22631804604049183,0.0019485332524113814,0.771733420707097,0.7808467814589494,0.9999551053389081,0.00947561642600887,0.7911670938085791
48.300301989404986,0.2239368096066555,0.0060818834303855845,0.7699813069629592,0.7825986982744576,0.9999412402891853,0.010841100110643216,0.8185768485093834
48.394638516728044,0.21994236590296992,0.010267512001744894,0.7697901220952853,0.7843455318947532,0.9999412153095317,0.01084278217507633,0.8389227037907305
48.4889750440511,0.21559068391238426,0.012175615043780324,0.7722337010438355,0.7860872508989681,0.9999552094504729,0.009464623228648997,0.8426326052426216
48.58331157137415,0.21232739289450747,0.010746245174932233,0.7769263619305606,0.7878238239582325,0.9999753654434516,0.0070191528146504294,0.827885709968846
48.67764809869721,0.21098965729613256,0.006777122277430807,0.7822332204264368,0.7895552198362371,0.9999902706054808,0.004412842768587916,0.7996183218267783
48.77198462602027,0.21134970164466207,0.002477463523169269,0.7861728348321688,0.7912814073897984,0.9999915536956397,0.004110053208906482,0.7682219095355907
48.86632115334333,0.2122488484396133,0.00023735546394984688,0.787513796096437,0.7930023555694156,0.9999785553433163,0.006549782384788375,0.7488780010824934
48.96065768066638,0.21224348327005316,0.001298166251323228,0.7864583504786237,0.7947180334198304,0.9999583575620546,0.009125959774072124,0.7596222787584755
49.05499420798944,0.2104028413079021,0.005063635305912522,0.7845335233861854,0.7964284100805828,0.9999420011708655,0.01077049296865197,0.7864214260710359
49.149330735312496,0.2068177309406298,0.009433965136967197,0.7837483039224032,0.7981334547865709,0.9999385671668493,0.011084641150083108,0.8092022426748271
49.243667262635554,0.20254218621078912,0.011975744917687773,0.7854820688715232,0.7998331368685935,0.9999501371708749,0.009987073223620913,0.8166701180625817
49.338003789958606,0.1990048236016004,0.011275886256565991,0.7897192901418337,0.8015274257539183,0.9999702587104233,0.007713730031281734,0.8054380149268625
49.432340317281664,0.19721862981577346,0.007726253434012649,0.795055116750214,0.8032162909668136,0.9999875376070093,0.004994567431930776,0.7791820706802107
49.52667684460472,0.19722629281840734,0.003303309083077286,0.7994703980985155,0.8048997021291113,0.9999922450713975,0.003938247969005667,0.7472802414575583
49.62101337192778,0.1980847751671337,0.0004666562922450401,0.8014485685406214,0.8065776289607411,0.9999818391494711,0.006030845711565711,0.7237692111532409
49.71534989925083,0.19839314352489085,0.0007902894604800313,0.8008165670146293,0.8082500412802859,0.9999619581391204,0.00872315459961789,0.7277343682703789
49.80968642657389,0.19706826298291938,0.004088245771467256,0.7988434912456134,0.8099169090055189,0.9999434957411438,0.010631418665160208,0.7530516102417347
49.90402295389695,0.19393885319264023,0.00852035991240272,0.7975407868949572,0.8115782021539485,0.9999366186882773,0.011258712459941068,0.7777921845745523
49.99835948122001,0.18983211444830383,0.011618023748797435,0.7985498618028992,0.8132338908433469,0.9999453254581284,0.010456868290130875,0.7889069018358927
50.09269600854306,0.18610950504975435,0.011658181220673747,0.8022323137295723,0.8148839452923119,0.9999648109655145,0.008389089980653033,0.7813709460547725
50.187032535866116,0.1839121534839745,0.00862081847434904,0.8074670280416765,0.8165283358207515,0.9999840546997137,0.0056482149167392005,0.7575258552411359
50.281369063189175,0.1835341544705216,0.004197874885771988,0.8122679706437067,0.8181670328505012,0.9999921878137381,0.0039527599842321915,0.7257072990076359
50.37570559051223,0.1842679329893727,0.0008498404788211161,0.8148822265318062,0.8198000069057767,0.9999847371490883,0.005526985399636593,0.6989697382058719
50.47004211783529,0.18480277518522,0.00043604998397415914,0.8147611748308062,0.8214272286137224,0.9999657783618361,0.008273546711890189,0.6958398691297782
50.56437864515834,0.183952133909161,0.003181152575514834,0.8128667135153247,0.82304866870499,0.9999456558153399,0.01042522978306392,0.7186860511210054
50.6587151724814,0.18130613390750566,0.007552258214707603,0.8111416078777867,0.8246642980142085,0.9999354394263457,0.01136296524858095,0.7448265744230853
50.75305169980446,0.17745046293894262,0.011113938385805204,0.8114355986752525,0.8262740874804989,0.9999409328246142,0.010868802226599325,0.7594067188222758
50.84738822712752,0.1736349071171699,0.011884206248909578,0.8144808866339209,0.8278780081480804,0.9999591875642029,0.009035380498991743,0.755701467114723
50.94172475445057,0.17107903842720518,0.009436514053538457,0.8194844475192566,0.829476031166702,0.9999798854503332,0.0063436411528580375,0.734633474561273
51.03606128177363,0.1703007886877271,0.00513504908457937,0.8245641622276936,0.8310681277921851,0.999991335317034,0.004164299287681491,0.7034487925599121
51.130397809096685,0.17083756890828486,0.0013735296117589099,0.8277889014799564,0.8326542693869745,0.999987173012073,0.005067164646395023,0.6742852908540335
51.22473433641974,0.17150999796752744,0.00024222591622484344,0.828247776116248,0.834234427420632,0.9999696998580255,0.0077854801303773626,0.6643405042935389
51.319070863742795,0.1710780222634218,0.00236548432409141,0.826556493412487,0.8358085734703161,0.9999484445148933,0.010154226324303895,0.6835680415700333
51.41340739106585,0.1689244205169383,0.0065562493765767196,0.8245193301064853,0.8373766792213828,0.9999350696245698,0.011396104655732806,0.7104613745233728
51.50774391838891,0.1653889559505193,0.010478757255976977,0.8241322867935043,0.8389387164677782,0.9999370722582986,0.011218356541926076,0.7282487884123225
51.60208044571197,0.161572361455995,0.011949461378599448,0.8264781771654058,0.8404946571126093,0.999953509201407,0.00964406053831742,0.7284559874498251
51.69641697303502,0.15872306201723732,0.010151640790702078,0.8311252971920611,0.8420444731686891,0.9999751008337565,0.007058029184604391,0.710497278338371
51.79075350035808,0.15754832489443493,0.006088061542872905,0.8363636135626923,0.8435881367589839,0.9999896530023332,0.004552187633503265,0.6804645155861513
51.88509002768114,0.1578299442709914,0.0020208009087303,0.8401492548202784,0.8451256201170467,0.9999890088718952,0.004688954525033818,0.6495917357695233
51.979426555004196,0.15855323621873565,0.00021114463320866906,0.8412356191480558,0.8466568955877497,0.9999735737063297,0.007269930466785368,0.6336671333212963
52.07376308232725,0.15847340819736314,0.0016614898943658185,0.8398651019082713,0.8481819356274617,0.9999517738439125,0.009821778562126205,0.647967046466643
52.168099609650305,0.1568031956736249,0.005559209792944584,0.8376375945334307,0.8497007128048361,0.9999355002507352,0.011357611470363953,0.6748759998248907
52.26243613697336,0.15364190662639696,0.009731032336380849,0.8366270610372225,0.8512131998011081,0.9999338531282211,0.011501711531269512,0.6955300084682476
52.35677266429642,0.1499121073724842,0.01185389061345595,0.8382340020140598,0.8527193694106272,0.9999479046108515,0.010207623582846423,0.6996715751136307
52.45110919161948,0.14684361824442763,0.010747628210106561,0.8424087535454658,0.8542191945415892,0.9999697893835128,0.007773786811343615,0.685117507425175
52.54544571894253,0.14529340906920973,0.007030219756962142,0.847676371173828,0.8557126482159165,0.9999871188093118,0.005077471484154509,0.656725573072365
52.63978224626559,0.14527751849588905,0.002771724199956316,0.8519507573041549,0.8571997035706739,0.9999901630796414,0.004436428503647867,0.6248053518347549
52.73411877358865,0.1459706384578769,0.0003407231577827529,0.8536886383843405,0.8586803338574618,0.9999772763691506,0.006741420127506038,0.6040030101303862
52.828455300911706,0.146168923598483,0.001086061761838289,0.852745014639679,0.8601545124436817,0.9999555169298167,0.009432501008057294,0.612181768894024
52.92279182823476,0.14495654372969968,0.0045875762787462564,0.8504558799915543,0.8616222128129686,0.9999367416140554,0.011247789572396359,0.6382745374178811
53.017128355557816,0.14220691663154786,0.008892027472555339,0.8489010558958969,0.8630834085652827,0.9999313790997967,0.011715766677381712,0.6613672453778779
53.111464882880874,0.1386443291371588,0.011601782351777515,0.8497538885110637,0.8645380734175182,0.9999425450891763,0.010719445908244132,0.6693976807501308
53.20580141020393,0.1354365137110153,0.011209460673259964,0.8533540256157248,0.8659861812042086,0.9999640879101684,0.008476872547269764,0.6585022291566772
53.30013793752698,0.1335473141130183,0.007935621333172702,0.8585170645538092,0.8674277058776584,0.9999837604458226,0.005699021374839249,0.6322123434181295
53.39447446485004,0.13320830720632557,0.00360396366010063,0.8631877291335739,0.86886262150906,0.9999905329975936,0.004351311892773431,0.5998675775609404
53.4888109921731,0.13379902933244736,0.0006246250466580474,0.8655763456208949,0.870290902287558,0.9999806625187179,0.0062192745505317715,0.5751860777208128
53.58314751949616,0.1341974652084365,0.0006523626293848271,0.8651501721621787,0.871712522522605,0.9999595724683967,0.008992502395717205,0.5765469019577995
53.67748404681921,0.1334029017424748,0.003666652190011112,0.8629304460675146,0.8731274566431476,0.9999387497404467,0.011067825780749427,0.6008866469693209
53.77182057414227,0.13108539021898022,0.007985091099575984,0.860929518681444,0.874535679197673,0.9999296894678467,0.01185816683704195,0.6258995549376654
53.866157101465326,0.12776013956355414,0.011201557191852419,0.8610383032445937,0.875937164856755,0.9999375786145004,0.011173709256525898,0.6376982843437037
53.960493628788385,0.12449487105722101,0.011525996536773239,0.8639791324060061,0.8773318884110717,0.9999580893348934,0.0091556799147022,0.6306678949557931
54.054830156111436,0.12231625965908771,0.00877982482632607,0.8689039155145866,0.8787198247734299,0.9999796411930572,0.006381801607682452,0.6069130610554992
54.149166683434494,0.1216454369049982,0.0044934258303865405,0.8738611372646155,0.8801009489781999,0.9999900682753505,0.004457968396965477,0.5747369961609766
54.24350321075755,0.12207293774697645,0.0010525253168296898,0.876874536936194,0.8814752361829529,0.9999835883689314,0.005729135431748003,0.5470216283286603
54.33783973808061,0.12259322242570705,0.0003695614904877347,0.8770372160838051,0.8828426616678668,0.9999637951679583,0.008509747564109688,0.5414463739293534
54.43217626540367,0.12216461124678615,0.0028199635677939065,0.8750154251854203,0.884203200836612,0.9999414684979369,0.01081986888611695,0.5629682424868323
54.52651279272672,0.12028284503140034,0.0070349920818894365,0.8726821628867102,0.885556829216726,0.9999288732868629,0.011927332942955251,0.5892902034432713
54.62084932004978,0.11725246803845044,0.010665452913375936,0.8720820790481739,0.8869035224600524,0.9999331342413171,0.011565367828667093,0.604654352125371
54.71518584737284,0.1140100968884924,0.01169017602822633,0.8742997270832813,0.8882432563431806,0.999951980815366,0.009800343967082039,0.6016405177232319
54.809522374695895,0.11160192084410182,0.009540462722775905,0.8788576164331223,0.8895760067678794,0.9999748068893162,0.00709828054357736,0.5808230111854409
54.903858902018946,0.11060690935001313,0.005414935082885534,0.8839781555671012,0.8909017497615316,0.9999887147119404,0.004752471203245585,0.5493846187763163
54.998195429342005,0.11082374067135216,0.0016104724092235417,0.8875657869194242,0.8922204614775648,0.999985932720451,0.005304183368707506,0.5193864732519738
55.09253195666506,0.11139066392010925,0.00024268202689786396,0.8883666540529932,0.8935321181958815,0.9999680428298086,0.00799458060949345,0.5073194256512207
55.18686848398812,0.1112672953274523,0.002068680393605396,0.8866640242789425,0.8948366963232821,0.9999447985056216,0.010507137647856865,0.524802238330736
55.28120501131117,0.10980901117580782,0.0060672375083150685,0.8841237513158774,0.8961341723938944,0.9999289244982901,0.011922497711961529,0.551728376986629
55.37554153863423,0.10711681627981967,0.010009118730864833,0.8828740649893155,0.8974245230695919,0.9999293261257244,0.011890141590647527,0.5703664731473872
55.46987806595729,0.10397286944444048,0.011699116524063078,0.8843280140314966,0.8987077251404139,0.9999458943517694,0.010402325174658469,0.5714574337446148
55.56421459328035,0.10140209782507033,0.010197782669383208,0.8884001195055465,0.8999837555249857,0.9999693711505064,0.007827112746340938,0.5539443640073571
55.6585511206034,0.10010557941148271,0.006342917842190764,0.8935515027463266,0.9012525912709309,0.9999864467700843,0.005206368805780235,0.5237908810443257
55.75288764792646,0.10007895626118175,0.002281334123859381,0.8976397096149589,0.9025142095552854,0.9999875772581704,0.00498450893611554,0.492206639639695
55.847224175249515,0.10062352802986292,0.0002725631069362261,0.8991039088632008,0.9037685876849082,0.9999721756923345,0.007460469411074505,0.47454793621631264
55.94156070257257,0.10073909261605953,0.0014311156023786044,0.8978297917815621,0.9050157030968892,0.9999486489758481,0.010134071806334266,0.48669998440700535
56.035897229895625,0.09967771954301902,0.005107390856900912,0.8952148896000802,0.9062555333589547,0.999929860351651,0.011843748440742326,0.5134304991249085
56.13023375721868,0.09735185169346787,0.009251132730331955,0.8933970155762002,0.907488056169872,0.9999262563818283,0.01214452522371963,0.5349575354273809
56.22457028454174,0.09437410138517069,0.01155409696201971,0.8940718016528098,0.9087132493598489,0.9999400038338356,0.010954166795276575,0.5401695820791894
56.3189068118648,0.09171151145029798,0.010735105609778195,0.897553382939924,0.9099310908909364,0.9999634357055288,0.008551447362526905,0.5262866772069449
56.41324333918786,0.09014934080439356,0.007252077547405688,0.9025985816482011,0.9111415588574173,0.9999832959855807,0.005780600958130442,0.49794372636645634
56.50757986651091,0.0898617126876271,0.003045312881068749,0.9070929744313042,0.9123446314862099,0.9999884225825267,0.004811933178161414,0.46543684111563255
56.60191639383397,0.0903238607949439,0.00045592822063140483,0.9092202109844251,0.9135402871372519,0.9999760217581309,0.006925020489628856,0.44320553577445954
56.696252921157026,0.09060978543729381,0.0009223118485889204,0.9084679027141176,0.9147285043038946,0.9999529433327805,0.009706546235359216,0.4490046598475976
56.790589448480084,0.0899065895754905,0.004180408032067359,0.9059130023924425,0.915909261613287,0.9999316567668038,0.011692080579393718,0.4746411275314455
56.884925975803135,0.0879598159849825,0.00841245774429139,0.9036277262707262,0.9170825378267604,0.9999240343598946,0.01232580664430161,0.498575301116743
56.97926250312619,0.08520583515057574,0.011260435917458624,0.9035337289319657,0.9182483118402135,0.9999344578442052,0.011449358911964169,0.5078442064306246
57.07359903044925,0.08252268572330276,0.011139192204732279,0.9063381220719652,0.919406562684486,0.9999571475433188,0.00925759563973155,0.49786807864740845
57.16793555777231,0.08074150511113658,0.008118043456862643,0.9111404514320008,0.9205572695257416,0.9999792836725402,0.006437281203404095,0.47183754098269304
57.26227208509536,0.08019041081508449,0.003880514581760948,0.9159290746031548,0.92170041166584,0.9999883895690665,0.004818788962436095,0.43904949268990295
57.35660861241842,0.08052114247562758,0.0007855580233324861,0.91869329950104,0.9228359685427113,0.9999794522987314,0.006411226244426121,0.4131527487371244
57.45094513974148,0.08090986321468291,0.0005537232589059413,0.918536413526411,0.9239639197307226,0.9999573927121069,0.009232176593885252,0.4120987580305973
57.545281667064536,0.08051653531922653,0.003310007469769561,0.9161734572110041,0.9250842449410449,0.9999342275946838,0.011469467744630316,0.43563347907058125
57.63961819438759,0.07894673532014995,0.007515851744871351,0.9135374129349791,0.9261969240220257,0.9999227185567444,0.012432092104289711,0.4613947493532181
57.733954721710646,0.07646203224061038,0.010827270386468536,0.9127106973729214,0.9273019369595412,0.9999294055817386,0.011882267653771265,0.47456786279271485
57.828291249033704,0.07382687472637704,0.011400511690564727,0.9147726135830583,0.9283992638773639,0.9999506689547821,0.009934127081705024,0.46871711546558914
57.92262777635676,0.07188135131206236,0.008917977899015078,0.9192006707889228,0.9294888850375145,0.9999744813994086,0.007144640791940202,0.44547286983715684
58.01696430367981,0.07107858995143224,0.004763554745940486,0.9241578553026275,0.9305707808406192,0.9999874270456073,0.00501542617321493,0.4130287561643391
58.11130083100287,0.07124153866268904,0.001250557819184323,0.9275079035181266,0.9316449318262682,0.9999823134625695,0.005948623182373398,0.38426885532483696
58.20563735832593,0.07166956427463818,0.0003329966396332213,0.9279974390857291,0.9327113186733581,0.999961982793988,0.008720754715525369,0.3764149198519737
58.29997388564899,0.07153111626643868,0.0025180888349522856,0.9259507948986093,0.9337699222004369,0.99993752259959,0.011178956355348508,0.39670976056971774
58.39431041297205,0.07032242741897432,0.006585249193659295,0.9230923233873664,0.9348207233660566,0.9999223420616252,0.01246233710002782,0.4236200754844324
58.4886469402951,0.06813922328912543,0.010267244481649122,0.9215935322292254,0.9358637032691194,0.9999249917523244,0.012248104110016249,0.44044960239032394
58.582983467618156,0.06561499060349268,0.01151341007373862,0.9228715993227691,0.936898843149193,0.99994414344393,0.0105712946840004,0.4388752272045737
58.677319994941215,0.06356481597482044,0.009631128383338476,0.9268040556418414,0.9379261243868973,0.9999689726967979,0.007877413516530471,0.41885690645965096
58.77165652226427,0.06253499671990392,0.005670185485135722,0.9317948177949604,0.9389455285041632,0.9999854926322705,0.005386513250098431,0.3873672124057892
58.865993049587324,0.06250730584155206,0.0018367098459027827,0.9356559843125452,0.9399570371646552,0.9999844805833752,0.005573388752549603,0.3564880205619002
58.96032957691038,0.06291793929166875,0.0002638538965239681,0.9368182068118075,0.9409606321740245,0.9999665068411864,0.008184859863759202,0.342413321879115
59.05466610423344,0.06297576588063389,0.0018242128988088114,0.9352000212205572,0.9419562954802845,0.9999414101736199,0.010824796533514834,0.3582017035582647
59.1490026315565,0.06210031012148344,0.005645129696704356,0.9322545601818122,0.9429440091741145,0.9999229137313734,0.012416384133934739,0.385486267815088
59.24333915887955,0.06023699269932452,0.009596119013126066,0.9301668882875498,0.9439237554891947,0.9999213345175465,0.01254291738987482,0.4056241948830399
59.33767568620261,0.05787849005359272,0.011476177213200118,0.9306453327332076,0.9448955168024868,0.999937719572808,0.011160682447446101,0.4083997738854307
59.43201221352567,0.055785288612166695,0.010239313024876125,0.9339753983629575,0.9458592756346152,0.9999628849743726,0.008615606405241123,0.39200476726625816
59.526348740848725,0.05456384806905819,0.006575927170921732,0.9388602247600203,0.946815014650115,0.9999825984792009,0.005899384610733287,0.3620641428147643
59.620685268171776,0.05433637380948557,0.0025268986415678527,0.9431367275489467,0.947762716657828,0.9999858230814576,0.005325471114278829,0.3297796242264611
59.715021795494835,0.05468197781535945,0.0003460748515842359,0.9449719473330567,0.948702364611112,0.9999708095368327,0.007640685456893309,0.3104119752957941
59.80935832281789,0.05487693553642718,0.001245153064391634,0.9438779113991814,0.9496339416081828,0.9999457913695371,0.010412625660619177,0.3204721000765907
59.90369485014095,0.054297024777050305,0.004719889792821383,0.9409830854301285,0.9505574308925322,0.9999244135070591,0.012295010067649347,0.34726023103038123
59.998031377464,0.052758279550500255,0.008832314315636872,0.938409406133863,0.9514728158529733,0.9999185440601408,0.012763602546967968,0.37025526284114924
60.09236790478706,0.05061017950570845,0.01129101481949804,0.9380988056747939,0.9523800800242063,0.99993161119727,0.011694995871350252,0.37736752865671
60.18670443211012,0.048534472726966024,0.010727329929864738,0.9407381973431695,0.9532792070870463,0.9999563557883181,0.009343130661669741,0.36494155522751986
60.28104095943318,0.047165270936612116,0.007456689356039393,0.9453780397073487,0.9541701808684557,0.9999787708419808,0.006516302224257095,0.33712501079283386
60.375377486756236,0.04674211900484278,0.0033015965985993758,0.949956284396558,0.955052985342382,0.9999862667032482,0.00524084009486548,0.30413383476483347
60.46971401407929,0.046985835717774226,0.0005755772699813442,0.9524385870122444,0.955927604629358,0.999974731053187,0.007109066114895809,0.2804372629503835
60.564050541402345,0.04726119470467369,0.0007945267558522576,0.9519442785394744,0.956794022997385,0.9999505002389866,0.00994972722242195,0.28391878938273474
60.6583870687254,0.046931895900254345,0.003833232847384803,0.9492348712523611,0.957652224861953,0.9999267942731209,0.012099987640495677,0.30924149582298943
60.75272359604846,0.045709485123929326,0.00799639965740951,0.9462941152186611,0.9585021947862318,0.9999167094452315,0.01290791818947996,0.3345382162819504
60.84706012337151,0.043804903590068715,0.010963909654825082,0.9452311867551063,0.9593439174816375,0.9999259720923209,0.012167942590193256,0.34587853212472963
60.94139665069457,0.04180327087881029,0.011083283466790862,0.9471134456543989,0.9601773778077333,0.9999495338703446,0.010046734674780004,0.3377052031869582
61.03573317801763,0.04033589348320247,0.008289366530423836,0.9513747399863738,0.9610025607727983,0.9999740613585567,0.007202541917505873,0.3125619976128685
61.13006970534069,0.03973333396787828,0.00413939603094776,0.956127270001174,0.9618194515340713,0.9999857408047395,0.005340242241406279,0.2795540328622258
61.22440623266374,0.039850196168297186,0.0009445887755527645,0.9592052150561505,0.9626280353978464,0.9999781142969965,0.006616511532796039,0.2524028399366579
61.3187427599868,0.040154329458811484,0.0004825126077041051,0.9593631579334847,0.9634282978197944,0.9999553912627823,0.009445394883004717,0.2489826634030898
61.413079287309856,0.04002625556262957,0.0030075908530905536,0.9569661535842802,0.9642202244054106,0.9999299816589887,0.011834167942070702,0.2717626601364906
61.507415814632914,0.0391003863396733,0.007110543143069418,0.9537890705172573,0.9650038009100639,0.9999158274839032,0.012974511442845128,0.29870290750122763
61.601752341955965,0.03746008746947511,0.010504418223801519,0.9520354943067237,0.9657790132392542,0.9999209436099112,0.012574169319657016,0.3140602048821134
61.69608886927902,0.035582651809410414,0.011298822624944652,0.9531185255656449,0.9665458474488675,0.9999425898379068,0.010715270797341204,0.31035007219815425
61.79042539660208,0.03406955643301141,0.009052395592719437,0.9568780479742693,0.967304289745769,0.999968563558183,0.007929179994417676,0.2883955639251952
61.88476192392514,0.03331438920230513,0.005017573683578604,0.9616680371141162,0.9680543264877899,0.9999842022953959,0.0056213908822584525,0.25605321962225486
61.97909845124819,0.03329179013593963,0.0014419034812392006,0.9652663063828215,0.9687959441834123,0.9999808087406916,0.006195633346067368,0.22625709756132395
62.07343497857125,0.03358048073312639,0.0003156571241623903,0.9661038621427115,0.9695291294930621,0.9999602947697719,0.0089114375171967,0.2161522294614414
62.16777150589431,0.033602666650363586,0.002263590518166608,0.9641337428314699,0.9702538692286959,0.9999338544860951,0.011501593480061969,0.23518987624628096
62.262108033217366,0.032943863248603135,0.006197936252493736,0.960858200498903,0.9709701503541825,0.9999159774325203,0.012962950095078623,0.26301597508433355
62.35644456054042,0.03157611078241784,0.009925370939096545,0.9584985182784859,0.9716779599855394,0.9999166743960071,0.012909233821591811,0.28207162956086856
62.450781087863476,0.02986445923808773,0.011369288898361923,0.9587662518635505,0.9723772853911643,0.9999357089716473,0.011339220580317732,0.28295127283108035
62.545117615186534,0.02835810816925588,0.009726263429567415,0.9619156284011767,0.9730681139920621,0.9999623908968388,0.008672930265108516,0.2646570626279443
62.63945414250959,0.027485575043650866,0.005912673570690549,0.9666017513856588,0.9737504333620728,0.9999816335574516,0.006061119704157675,0.23365290525238508
62.73379066983265,0.027323094737945655,0.002053214604173328,0.9706236906578813,0.9744242312280961,0.9999827096418814,0.005883663400590128,0.20199218534590532
62.8281271971557,0.0275613612740562,0.0002967722883688982,0.972141866437575,0.9750894954703079,0.9999650307009382,0.008362856884543433,0.1859045563970718
62.92246372447876,0.027684083181409448,0.0016195744394770233,0.9706963423791134,0.9757462141223848,0.999938310318768,0.011107655252480461,0.1999239844359843
63.01680025180182,0.027255457100358312,0.0052822070237340465,0.9674623358759078,0.976394375371712,0.9999171321841984,0.012873763612599438,0.22778291772731246
63.11113677912488,0.026156499035164645,0.009242505156618442,0.964600995808217,0.9770339675596025,0.9999132770744286,0.013169598713561867,0.2501079493311497
63.20547330644793,0.024642125303236992,0.011293773264137535,0.9640641014326254,0.9776649791815006,0.9999290686888417,0.011910398442728214,0.2556096856492102
63.299809833770986,0.023192244035200156,0.010293954655250211,0.9665138013095498,0.9782873988871957,0.9999556785903658,0.00941504551260149,0.2413924619768702
63.394146361094045,0.02224360314141319,0.006801094304156073,0.9709553025544311,0.9789012154810193,0.9999780564144986,0.0066251837384498705,0.21238387470764028
63.4884828884171,0.021952219346775718,0.002761513086433077,0.9752862675667915,0.9795064179220516,0.9999836557818352,0.005717356836643466,0.1796294070136563
63.582819415740154,0.022115586025099405,0.00042492354510982534,0.977459490429791,0.9801029953243184,0.9999694437512703,0.00781869397473496,0.15851818131844408
63.67715594306321,0.022292988175141464,0.0010911864350984183,0.9766158253897601,0.9806909369569865,0.9999431889770158,0.010659312029678996,0.16640338561913592
63.77149247038627,0.02205278303906092,0.004386835474285121,0.973560381486654,0.9812702322445573,0.9999192437972743,0.012708496523502914,0.19335004547934687
63.86582899770933,0.021207926906278277,0.008474037573660092,0.9703180355200619,0.9818408707670565,0.9999108495384074,0.013352639266482606,0.21840489469857977
63.96016552503238,0.019911256613926287,0.011075083800596606,0.9690136595854774,0.9824028422602222,0.9999228468037091,0.012421772818939535,0.22845769195208543
64.05450205235545,0.0185623489065322,0.010741331324186906,0.9706963197692813,0.9829561366156893,0.9999485867888516,0.010140206061908522,0.21866727647966036
64.1488385796785,0.017582240176058896,0.007659667627342872,0.9747580921965984,0.9835007438811706,0.9999735154697666,0.007277936454535333,0.19228868336707083
64.24317510700155,0.017182980617067755,0.0035475412977692107,0.979269478085163,0.9840366542606378,0.9999836195483721,0.005724020003836351,0.15921065045781282
64.33751163432461,0.017258144970204024,0.0006955056789033307,0.9820463493508931,0.9845638581144945,0.9999733346779612,0.007302924794945922,0.13403702107211754
64.43184816164766,0.01745055001899261,0.0006910283271919547,0.9818584216538158,0.9850823459597529,0.9999483412017385,0.010165395488133694,0.13511039029222358
64.52618468897073,0.017354827842128922,0.0035345841836412974,0.9791105879742298,0.9855921084702033,0.9999222492747735,0.012469779680406374,0.16010662150141572
64.62052121629378,0.016740036704401176,0.00764018726876213,0.9756197760268368,0.9860931364765797,0.9999094580756853,0.0134566609582935,0.18724356091628877
64.71485774361683,0.01567006724751545,0.010719627307315863,0.973610305445169,0.9865854209667275,0.9999172120581686,0.012867362970675582,0.20166570547051854
64.8091942709399,0.014459302580344262,0.011057438224293835,0.974483259195362,0.987068953085765,0.9999413010799575,0.010835661277961105,0.19657287473337862
64.90353079826295,0.01349304075766421,0.008466215655283939,0.978040743587052,0.9875437241362419,0.9999680985279648,0.007987610804594685,0.17342601277606826
64.997867325586,0.013015158886586444,0.00439029024292934,0.9825945508704842,0.9880097255782961,0.99998252114342,0.0059124789766476765,0.1407959341352063
65.09220385290907,0.013000040498111761,0.0011004023977677969,0.9858995571041206,0.9884669490298077,0.9999765745763203,0.006845011791241245,0.1124626977860383
65.18654038023212,0.013175836876786643,0.0004283936681303602,0.9863957694550831,0.9889153862665488,0.9999535627569468,0.00963702909038538,0.10658161444808739
65.28087690755518,0.013181168038363621,0.00274695606208536,0.984071875899551,0.9893550292223328,0.9999260471079519,0.012161427344898635,0.12848777915669685
65.37521343487823,0.01276508375647025,0.006762661187064254,0.9804722550564655,0.9897858699891576,0.9999091281991874,0.013480925188599533,0.1569557474199032
65.46954996220128,0.011919640497058525,0.01023720989540327,0.9778431496075385,0.9902079008173503,0.9999123199986414,0.013242184008524477,0.1754497536291792
65.56388648952435,0.010875209826741184,0.011234729156149549,0.9778900610171093,0.9906211141157026,0.9999339832552473,0.011490633700365545,0.17523448023915433
65.6582230168474,0.009966142332313969,0.00920007529924901,0.980833782368437,0.9910255024516148,0.999961913631886,0.00872776716777873,0.15587727972711463
65.75255954417045,0.009444920129093426,0.005267528316961525,0.9852875515539453,0.9914210585512206,0.9999803409104051,0.006270390156124808,0.12446563915730711
65.84689607149352,0.009348103462113025,0.0016282239258071643,0.9890236726120798,0.9918077752995214,0.9999790118001533,0.006479231823480293,0.09384626471077587
65.94123259881657,0.00948512550536278,0.00030908211563751846,0.990205792379,0.9921856457405192,0.9999587015855113,0.009088185925570386,0.08140560015741688
66.03556912613963,0.009551147014729446,0.002043690287031129,0.9884051626982397,0.9925546630773324,0.9999305141887828,0.011788571076529765,0.09897927993643738
66.12990565346269,0.00929742842445095,0.005864114125715145,0.9848384574498339,0.9929148206723286,0.9999098736659134,0.013425683658964023,0.1279305094763239
66.22424218078574,0.008664009390976543,0.009640762918097106,0.9816952276909265,0.9932661120472319,0.9999083013411126,0.01354222250742219,0.15008066491740366
66.3185787081088,0.007804020958324437,0.011269211363106605,0.9809267676785692,0.9936085308832547,0.9999268421349139,0.012095927610162892,0.15482148735503157
66.41291523543185,0.006991082528414101,0.009842579473358726,0.9831663379982273,0.993942071021195,0.9999550934857895,0.009476867194736654,0.13975629690223562
66.50725176275492,0.006465380156946439,0.006156349517651425,0.9873782703254022,0.9942667264615528,0.9999770856523895,0.006769933889162788,0.11032737124780662
66.60158829007797,0.006304993649801208,0.0022646156079143467,0.9914303907422846,0.994582491364647,0.999980522032139,0.0062414386426752205,0.0782933153976263
66.69592481740102,0.006391336049312895,0.0003352964442553252,0.993273367506432,0.9948893600507136,0.9999635654858491,0.008536386782727536,0.06013256033070728
66.79026134472409,0.006483051211705521,0.0014423062071831595,0.9920746425811116,0.9951873270000023,0.9999354990339162,0.011357845138155357,0.07212609622986729
66.88459787204714,0.006352901403263632,0.004967595286580509,0.9886795033101561,0.9954763868528878,0.9999116554887826,0.013292223808884571,0.10062322905169636
66.97893439937019,0.005910054606974705,0.008946001815757124,0.9851439435772683,0.9957565344099533,0.9999052657223463,0.013764431725457223,0.12589604575991573
67.07327092669325,0.005242014300947742,0.011160506955471026,0.9835974787435814,0.9960277646320879,0.9999200662533159,0.012643681231236159,0.13556137698653067
67.1676074540163,0.004557598799233259,0.010377485909820667,0.985064915290946,0.9962900726405961,0.9999478018309516,0.010217319288712012,0.12522361100527893
67.26194398133937,0.00406728141475385,0.007033729111138511,0.9888989894741077,0.9965434537172456,0.9999727919692932,0.0073770354630519775,0.09852903178284148
67.35628050866242,0.0038693817306431426,0.002992629439940599,0.9931379888294164,0.9967879033043967,0.9999810133437596,0.006162392203899794,0.06596505140388073
67.45061703598547,0.0039036181887795777,0.0005056225356617219,0.995590759275559,0.9970234170050503,0.999967971773704,0.008003463424320345,0.04311627680683691
67.54495356330854,0.003993325158960843,0.0009577037410047691,0.9950489711000347,0.9972499905829453,0.9999408366996407,0.010877642227166815,0.048548682370918216
67.63929009063159,0.003948074638019028,0.004095993291059366,0.9919559320709219,0.997467619962636,0.999914415966468,0.013082929615978844,0.07556993133863571
67.73362661795464,0.003667226997506156,0.008171026424786943,0.988161746577707,0.9976763012295438,0.9999032975210974,0.013906739950155764,0.1033176261305522
67.8279631452777,0.003188118735743327,0.010911831773411311,0.9859000494908456,0.9978760306300453,0.999913834396378,0.013127215345701989,0.1177600745326658
67.92229967260076,0.0026563714779872308,0.010791345709355726,0.9865522828126573,0.9980668045715503,0.9999402164077186,0.010934574803642152,0.11250915310274924
68.01663619992382,0.0022397477501543165,0.007877075022889984,0.9898831772269558,0.9982486196225453,0.9999675304200938,0.008058468545888726,0.08928265210142645
68.11097272724687,0.0020363013002857567,0.0037931495462933235,0.9941705491534212,0.9984214725126638,0.9999805501523588,0.006259287030908684,0.057095733434830716
68.20530925456993,0.002027106708118561,0.0008150911439337413,0.9971578021479479,0.998585360132743,0.9999717534954469,0.007516130070794151,0.03059327029861126
68.29964578189299,0.00209586294539542,0.000601827480645215,0.9973023095739595,0.9987402795348836,0.9999463496990891,0.010358461443073393,0.02897475002868228
68.39398230921604,0.002099474367145062,0.003271491178448125,0.9946290344544073,0.9988862279324942,0.999918059180081,0.012801364206221431,0.05341312535666151
68.48831883653911,0.0019471101484169156,0.007335872104540501,0.9907170177470426,0.9990232027003614,0.9999024424092129,0.013968068707012834,0.08288013135474277
68.58265536386216,0.001644062221236327,0.010529893626613262,0.9878260441521507,0.9991512013746644,0.9999083177195573,0.01354094516857417,0.10183582120146527
68.67699189118521,0.0012796743900355505,0.011073805092074016,0.9876465205178904,0.999270221653078,0.9999325275229319,0.011616434702510722,0.10195269086687864
68.77132841850828,0.0009710792069931232,0.008664763665737256,0.9903641571272698,0.9993802613947045,0.9999614096935106,0.00878516498236476,0.08291210728850551
68.86566494583133,0.0007976517675328631,0.004645361925104473,0.9945569863073626,0.9994813186202436,0.9999786780604927,0.006530251211200256,0.05204211753386764
68.96000147315438,0.0007628564686628829,0.0012553187973903283,0.9979818247339469,0.9995733915119493,0.999974754106232,0.0071057695750169295,0.022907466658689354
69.05433800047744,0.0008014098527925259,0.00038340035205894205,0.9988151897951487,0.9996564784136768,0.9999518480253202,0.009813368514421085,0.014302102276491839
69.1486745278005,0.0008227752712661775,0.002515042406116552,0.9966621823226172,0.9997305778309034,0.9999224660700317,0.012452383242806326,0.03495645984246018
69.24301105512356,0.000762845842656639,0.0064620216521369895,0.9927751325052068,0.999795688430781,0.9999027168945598,0.013948360006745568,0.06528925707391002
69.33734758244661,0.0006143405422438622,0.010024713221167096,0.9893609462365891,0.9998518090421578,0.9999036652467488,0.013880333246834646,0.08838822422047769
69.43168410976966,0.0004219018179392249,0.011217835182469462,0.9883602629995913,0.9998989386555686,0.9999249345142684,0.01225256449223672,0.09409416848641591
69.52602063709273,0.0002495473036163944,0.009376649490474051,0.9903738032059097,0.9999370764232631,0.999954562593548,0.009532865102904594,0.07997507495387973
69.62035716441578,0.000142825883065549,0.005527258250833905,0.9943299158661008,0.999966221659262,0.9999758185617403,0.006955815177078511,0.05143147414240694
69.71469369173883,0.00010795826975472812,0.0018147238713972897,0.998077317858848,0.9999863738393098,0.9999768359311234,0.006806438215220718,0.02071870526074265
69.8090302190619,0.00011710249340941449,0.0003077313173234131,0.9995751661892675,0.9999975326009269,0.9999571385057636,0.009258571777843005,0.005732133226243762
69.90336674638495,0.00013201538171559338,0.0018458782372273567,0.998022106381057,0.9999996977433967,0.9999274889846549,0.01204229101303347,0.021315257121080386
69.99770327370801,0.0001284516644417152,0.005571888412717656,0.9942996599228406,0.9999928692277733,0.9999041034781561,0.013848613849387754,0.0515809685844643
70.09203980103106,0.00010600909205735345,0.009409372365021599,0.990484618542921,0.9999770471768845,0.9998999987715869,0.014141868921160256,0.07840290477556237
70.18637632835411,7.994667677329711e-05,0.011219886022096922,0.9887001673011302,0.9999522318753262,0.9999176996895355,0.012834171861039136,0.08997803712557251
70.28071285567718,6.415149669556946e-05,0.009994538234425046,0.9899413102688797,0.999918423769459,0.999947143064702,0.010281591313515156,0.08174205627216394
70.37504938300023,5.942999585635993e-05,0.0064161631522866615,0.9935244068518572,0.9998756234674013,0.9999719367889706,0.007505971407445943,0.056882100821681075
70.4693859103233,5.582855340286373e-05,0.0024788126522921933,0.9974653587943052,0.9998238317390147,0.9999778876914428,0.006650122416910809,0.02589779460577893
70.56372243764635,4.616912548841317e-05,0.00037660024313465964,0.9995772306313772,0.999763049515895,0.9999620318271084,0.008714065746109112,0.005558465614128411
70.6580589649694,3.887025268331851e-05,0.0012810561525148161,0.9986800735948018,0.9996932778913514,0.9999330073587075,0.011579054250857694,0.014781445769816316
70.75239549229246,5.8064974809778225e-05,0.004688281302916406,0.9952536537222739,0.9996145181203888,0.9999065485004027,0.013670939109322882,0.0439202866685515
70.84673201961552,0.00012830889271974867,0.008699695197314658,0.9911719959099659,0.9995267716196847,0.9998974197909206,0.014323065323152393,0.07388636609203798
70.94106854693857,0.00025341194952538545,0.01107996236649523,0.9886666256839798,0.9994300399675651,0.9999108340337792,0.013353800278246154,0.09125927711643077
71.03540507426163,0.00040529957427809336,0.01050261463271516,0.9890920857930066,0.9993243249039723,0.9999393348729106,0.011014834266601728,0.08925267774447522
71.12974160158468,0.0005340608974427328,0.007289274156005984,0.9921766649465517,0.9992096283304395,0.9999668056100464,0.008147863403395572,0.06880195447092563
71.22407812890775,0.0005966577323013372,0.0032305291036024194,0.9961728131640963,0.9990859523100498,0.9999778400998028,0.006659625243017258,0.0386310134423467
71.3184146562308,0.0005878041793642843,0.0005882217005417241,0.9988239741200942,0.9989532990674048,0.999966345216984,0.008204171706314847,0.014316598919676633
71.41275118355385,0.0005520219854553662,0.00083505810005719,0.9986129199144873,0.9988116709885825,0.9999386969852353,0.011072591000754691,0.01651343864886548
71.50708771087692,0.0005651508958353696,0.0038338626227871946,0.9956009864813774,0.9986610706210921,0.9999099783533998,0.013418622903807988,0.04320427178840936
71.60142423819997,0.0006921459163598679,0.007913869243854291,0.9913939848397858,0.9985015006738334,0.9998959910704024,0.01442246873477299,0.0748773749028272
71.69576076552302,0.0009446454314857301,0.01080162017627603,0.9882537343922382,0.9983329640170417,0.9999047043823752,0.013805201708637034,0.09690085490802598
71.79009729284608,0.001265378473785144,0.010887816225722834,0.987846805300492,0.9981554636822423,0.9999313528034258,0.011718817246077571,0.10060817297777125
71.88443382016914,0.0015531005617587205,0.008124203387657986,0.9903226960505833,0.9979690028621911,0.9999608319694975,0.008850746939511355,0.08479591334098191
71.9787703474922,0.0017179944650521904,0.004050661038405918,0.9942313444965418,0.9977735849108204,0.9999765929285732,0.006842046109307959,0.056271382893648296
72.07310687481525,0.001737222757749232,0.0009372881224530737,0.9973254891197978,0.9975692133431769,0.9999699102196319,0.007757572503162485,0.029210324511451356
72.1674434021383,0.0016766541449237398,0.0005194464821666172,0.9978038993729099,0.9973558918353587,0.9999445041354091,0.01053515041195863,0.024291451204491214
72.26177992946137,0.0016617136075789286,0.003030609560853904,0.9953076768315672,0.9971336242244501,0.999914241275723,0.013096225685854227,0.0474510864739976
72.35611645678442,0.0018094497366683755,0.007072014069315779,0.991118536194016,0.9969024145084504,0.9998957424150043,0.01443967798625959,0.07976076979356543
72.45045298410747,0.0021585962758350315,0.010391884037574767,0.9874495196865903,0.9966622668462051,0.999899413312248,0.014183262065804017,0.10557415381617298
72.54478951143054,0.00263918730940533,0.011140145850581271,0.9862206668400137,0.996413185557329,0.9999233409091285,0.012381934627795563,0.11462648903700161
72.63912603875359,0.003103489322018773,0.008899510150369083,0.9879970005276123,0.9961551751221289,0.9999540357173604,0.009587986042898497,0.10369424727296898
72.73346256607665,0.0034054368012759505,0.004918294489936803,0.9916762687087874,0.9958882401815219,0.9999742900591021,0.0071869484898934325,0.07758771355806374
72.8277990933997,0.0034858923484369065,0.0014150914147625824,0.9950990162368005,0.995612385536955,0.9999725742968553,0.007406122745401871,0.04890667175029022
72.92213562072276,0.0034140976353340454,0.00034258478569916567,0.9962433175789669,0.9953276161503162,0.9999501807166448,0.009981787653007316,0.037329205613489624
73.01647214804582,0.0033575501160326413,0.002299290221499993,0.9943431596624677,0.9950339371438446,0.9999192283519924,0.012709711718055499,0.055883925162353736
73.11080867536887,0.0034924433004187455,0.006195706147430562,0.990311850552151,0.9947313538000403,0.9998966705408793,0.0143753738560529,0.08785536497020249
73.20514520269194,0.0039025003397047805,0.00986108707785862,0.986236412582437,0.9944198715615703,0.9998951019288578,0.014483961429068479,0.11665944328019168
73.29948173001499,0.004524210980274232,0.01125291643120543,0.9842228725885207,0.9940994960311663,0.999915569785701,0.012994356472641543,0.13066256335188112
73.39381825733804,0.005173439078855148,0.009595213643948323,0.9852313472771965,0.9937702329715277,0.9999465805257454,0.010337248392407166,0.12476028116859239
73.4881547846611,0.0056433960603701205,0.005811307253712793,0.9885452966859172,0.9934320883052159,0.9999705835973839,0.007670413894798295,0.10174252566574107
73.58249131198416,0.005821930591359047,0.0020097208002226793,0.9921683486084181,0.9930850681145516,0.9999742139339224,0.007181575089108506,0.07248267151717858
73.67682783930721,0.005761645473253027,0.00030942870321396757,0.9939289258235331,0.9927291786414991,0.9999555300046178,0.00943090245278338,0.05520204839614384
73.77116436663027,0.005659583698900638,0.0016589647872400433,0.9926814515138592,0.9923644262875589,0.9999247637168144,0.012266626981334955,0.06809036611249114
73.86550089395332,0.005752859905534823,0.005307469353220093,0.9889396707412453,0.9919908176136518,0.9998987302704112,0.014231360408294425,0.09879062776397604
73.95983742127639,0.006185409517775994,0.009222636255015421,0.9845919542272088,0.9916083593399954,0.9998918850946176,0.014704357243104128,0.12978939774010367
74.05417394859944,0.006920720318044738,0.011222922780201535,0.981856356901754,0.991217058345997,0.9999082248439117,0.013547763265450631,0.14828749364995358
74.14851047592249,0.00775305095902489,0.010193275357148538,0.9820536736838268,0.9908169216701094,0.9999386152753977,0.011079967559518091,0.14745528587943285
74.24284700324556,0.008415895819130147,0.00670689184957465,0.9848772123312952,0.9904079565097261,0.9999658706232666,0.00826196731437586,0.12808443041680762
74.33718353056861,0.008730650052309163,0.0027063333692368997,0.9885630165784538,0.9899901702210367,0.9999747236580009,0.007109996139530986,0.09920386811824407
74.43152005789166,0.008712546431901622,0.00042139244544375424,0.9908660611226547,0.9895635703189022,0.9999603530580451,0.008904726208740676,0.07745925904978883
74.52585658521473,0.008571310566254979,0.0011265221080437825,0.9903021673257013,0.9891281644767076,0.9999306565245333,0.011776338243104941,0.08380892761333833
74.62019311253778,0.00860114610945363,0.004430241159457011,0.9869686127310895,0.9886839605262443,0.9999018482611947,0.014010622096381245,0.11232933830434569
74.71452963986084,0.009017587749110961,0.008492707187875388,0.9824897050630138,0.9882309664575604,0.9998898438714974,0.014842583209803365,0.14472248627636541
74.8088661671839,0.009831692979935,0.011050536317473818,0.9791177707025913,0.9877691904187962,0.9999015032542665,0.01403517451135012,0.16719664547937987
74.90320269450694,0.010834806314479563,0.010678041052114335,0.9784871526334064,0.9872986407160828,0.9999303716483194,0.011800658237445305,0.17136453774037458
74.99753922183001,0.011707366624045767,0.0075820975231572175,0.9807105358527974,0.9868193258133298,0.999960122066447,0.008930525004414323,0.15608041363563296
75.09187574915306,0.012195223929234052,0.0034874925176022805,0.984317283553164,0.9863312543321505,0.9999740421413087,0.007205423362750473,0.12844912554769947
75.18621227647613,0.012256179090429257,0.000676293723179293,0.9870675271863916,0.9858344350516464,0.9999644723752636,0.008429481999538996,0.10348885046780026
75.28054880379918,0.012092388047360014,0.000716261554156469,0.9871913503984837,0.9853288769082585,0.9999367144655558,0.011250345904698509,0.10286864111389338
75.37488533112223,0.012045690149043348,0.0035868251856118237,0.9843674846653451,0.9848145889956272,0.9999059120096009,0.01371740238704683,0.128307163309771
75.4692218584453,0.012409802854010676,0.007689873994703742,0.9799003231512855,0.9842915805644241,0.9998890207269703,0.014897859902020732,0.16129248134038135
75.56355838576835,0.013262557828804034,0.01073971986684391,0.9759977223043521,0.9837598610221789,0.9998955811276223,0.014450842240318324,0.18716836245280136
75.6578949130914,0.014413905869906592,0.011036632786254625,0.974549461343839,0.9832194399330872,0.9999220429015303,0.012486317296533322,0.19616253958635854
75.75223144041446,0.015503397096523111,0.008414380385538385,0.9760822225179386,0.9826703270178762,0.9999534628177158,0.00964774092158776,0.18528492085174725
75.84656796773751,0.01619744077196772,0.004333568175349693,0.9794689910526826,0.9821125321536713,0.9999721288664412,0.0074660223892911125,0.15967716068225732
75.94090449506058,0.016378399283187975,0.001068379567984043,0.9825532211488284,0.9815460653736277,0.9999677212322126,0.008034705573698175,0.132652490192019
76.03524102238363,0.016218386067323926,0.000439529367636584,0.9833420845650397,0.9809709368670192,0.9999427247361029,0.01070267477490806,0.12517071788531042
76.12957754970668,0.016092114487740877,0.002799341222127717,0.9811085442901315,0.9803871569788907,0.9999107871330662,0.01335731166558992,0.14660470652399216
76.22391407702975,0.01637254850657029,0.006834680862489294,0.9767927706309407,0.9797947362098498,0.9998894303262074,0.01487051569333557,0.1793820697247459
76.3182506043528,0.01722077398269574,0.010297961049268434,0.9724812649680359,0.9791936852159595,0.9998906191818138,0.014790188376400193,0.20804043899867286
76.41258713167585,0.01848843892937986,0.0112592820882511,0.9702522789823693,0.9785840148085775,0.9999138507699643,0.01312596809315834,0.22159279144471666
76.50692365899891,0.019791403964647996,0.009182150387908396,0.971026445647444,0.977965735953954,0.9999460328024965,0.01038916053737831,0.21532289769932153
76.60126018632197,0.020718511899245656,0.005223191478791754,0.9740582966219626,0.9773388597733129,0.9999689918552823,0.007875184217287966,0.19240981926013645
76.69559671364503,0.021062045693708294,0.0015884337642084662,0.9773495205420836,0.9767033975424653,0.9999699602895583,0.007751033382591779,0.16437333556886763
76.78993324096808,0.020940716096791642,0.00030441800827058136,0.9787548658949379,0.9760593606917243,0.9999484867787986,0.010150321815542745,0.1506762370315395
76.88426976829113,0.02074266835538156,0.002088684182150753,0.9771686474624677,0.9754067608054886,0.9999163073798086,0.012937474093809123,0.1671332607635212
76.9786062956142,0.020915234239816782,0.005949163304525373,0.9731356024556581,0.9747456096225195,0.9998910354650279,0.014762018719486195,0.19890696745936867
77.07294282293725,0.02171526368095265,0.009736124234014768,0.9685486120850325,0.9740759190348851,0.9998867483117981,0.015049771465958713,0.22969466299154687
77.16727935026032,0.023059372521809736,0.011339596224929227,0.965601031253261,0.9733977010886881,0.9999060115535346,0.013710337839112428,0.24745415727541634
77.26161587758337,0.02456118715723275,0.009865303567287499,0.9655735092754796,0.9727109679830737,0.9999380154609488,0.011134171431802068,0.24587904091387142
77.35595240490642,0.02573989245061735,0.0061337553270950545,0.9681263522222878,0.9720157320707796,0.9999646656316239,0.008406675657811032,0.22622302993071813
77.45028893222948,0.02628758074646136,0.0022239651859959856,0.9714884540675426,0.9713120058571363,0.9999710889079326,0.007606005973672345,0.19813644279290832
77.54462545955253,0.026246743483703337,0.0003155360777524811,0.9734377204385443,0.9705998020002977,0.9999537911683428,0.009613682042059497,0.1793178959056122
77.63896198687559,0.025995751729500298,0.0014740036143787694,0.972530244656121,0.9698791333109067,0.9999222900067057,0.012466724336902001,0.18982836806150544
77.73329851419865,0.026045383245123878,0.005056328256508389,0.968898288498368,0.9691500127518675,0.9998937820767303,0.01457502248361247,0.21980567638456527
77.8276350415217,0.02675572524158791,0.009068222518114533,0.9641760522402978,0.9684124534381093,0.9998840583533746,0.015227273255084457,0.252045735013803
77.92197156884477,0.02813035884780004,0.011274750496927471,0.9605948906552727,0.9676664686363523,0.9998987250908246,0.01423163946086425,0.27359064123277704
78.01630809616782,0.029805341277413713,0.010445727896866899,0.9597489308257197,0.9669120717648688,0.9999296043825944,0.011865499426566475,0.27669003852976826
78.11064462349087,0.031244076046098065,0.007041951112598458,0.9617139728413033,0.9661492763932413,0.9999592228342594,0.009030651621234074,0.26074146930461106
78.20498115081394,0.03203383736298585,0.0029594747734630247,0.9650066878635513,0.9653780962421196,0.9999709786371453,0.007618522394131428,0.23347606021166895
78.29931767813699,0.03212008047865162,0.00047385532061238047,0.9674060642007363,0.9645985451829738,0.9999584430012104,0.00911676213775134,0.2108090480302467
78.39365420546004,0.031845596312422314,0.0009722154304108815,0.9671821882571672,0.9638106372378419,0.9999285309586913,0.011955864191604076,0.21464954837269237
78.4879907327831,0.03176787777590237,0.00417960325918421,0.9640525189649138,0.9630143865790832,0.999897557620644,0.014313429507661807,0.24203280283016673
78.58232726010615,0.03235185835161187,0.00831111280691889,0.9593370288414693,0.9622098075291177,0.9998826230201405,0.015321499358754475,0.27503293793205735
78.67666378742922,0.033707368005131154,0.011065600673603118,0.9552270313212659,0.9613969145601724,0.9998921926372075,0.014683429543447559,0.2998831455153955
78.77100031475227,0.035519501309719995,0.01090777115834568,0.9535727275319343,0.9605757222940191,0.9999210156132334,0.012568637908863225,0.3075383008583207
78.86533684207532,0.03721532389597945,0.007924330849645198,0.9548603452543755,0.9597462455017118,0.9999527809282938,0.00971803814013238,0.2956349937494207
78.95967336939839,0.03827883686837855,0.003776797260451905,0.9579443658711695,0.9589084991033212,0.9999696266094065,0.00779415371637583,0.26996768371062313
79.05400989672144,0.038541048726580956,0.0007766399377074862,0.9606823113357117,0.958062498167666,0.9999622688768673,0.008686818901567918,0.2446615099179538
79.1483464240445,0.03828212194808463,0.0005975573040744778,0.9611203207478409,0.9572082579120413,0.9999348177557493,0.011417982900865545,0.24158676578063265
79.24268295136756,0.038084290183694185,0.003342265997135248,0.9585734438191709,0.9563457937019479,0.9999022403592613,0.013982479198256785,0.2655549650154273
79.3370194786906,0.038512538462000825,0.007484118716193695,0.9540033428218055,0.9554751210508106,0.9998824609119189,0.01533239116361551,0.2986137721381971
79.43135600601367,0.03979816133068241,0.01071671103124763,0.9494851276380701,0.9545962556197036,0.9998865839448459,0.015060519483287928,0.3262425400486817
79.52569253333672,0.04170240802069673,0.011238659553073179,0.9470589324262301,0.9537092132170684,0.9999124637137484,0.013231360213985913,0.3382464526440999
79.62002906065977,0.043640291876134996,0.008757882978847515,0.9476018251450175,0.9528140097984263,0.999945473162241,0.010442734428378226,0.33061581827811337
79.71436558798284,0.04500063960378567,0.004655512098334159,0.9503438482978802,0.9519106614660942,0.9999670025490391,0.00812392441545986,0.30722420949997786
79.80870211530589,0.04548729190561915,0.0012174619946789973,0.9532952460997017,0.950999184468895,0.9999651140128852,0.008352889152701543,0.28036969378531956
79.90303864262896,0.045290978904010355,0.00036119879637362435,0.954347822299616,0.9500795952018628,0.9999409340702821,0.01086882699378169,0.27067323421917566
79.99737516995201,0.04499233407203765,0.0025668663374477786,0.9524407995905146,0.9491519102059514,0.9999076687518422,0.01358886764514386,0.29034886605668797
80.09171169727506,0.0452449799414111,0.006608587686309685,0.9481464323722797,0.9482161461677344,0.9998835434198102,0.015261048399273941,0.3227591512563307
80.18604822459812,0.046411628426997927,0.01023629501154687,0.9433520765614551,0.9472723199191055,0.9998820447851521,0.01535892301767906,0.3526037347244801
80.28038475192118,0.048355786850129694,0.011428856292991004,0.9402153568568792,0.9463204484369758,0.9999041819450152,0.013843349364607023,0.3686722408759304
80.37472127924423,0.05050852345485575,0.009520609330516988,0.9399708672146274,0.9453605488429705,0.9999374767568368,0.011182243834322803,0.36543589504389334
80.46905780656729,0.05217818779906792,0.005573416336811526,0.9422483958641208,0.9443926384031152,0.9999631314460179,0.008587248684059023,0.34489422689237675
80.56339433389034,0.05293451191182033,0.0017863050774463343,0.9452791830107334,0.9434167345275328,0.9999668474545831,0.008142726308964112,0.31747546466324394
80.65773086121341,0.05285377787331154,0.0002709166024014261,0.9468753055242872,0.9424328547701255,0.9999466864198406,0.010327164889086565,0.30197798350728994
80.75206738853646,0.052485464899897555,0.0018746537051499428,0.9456398813949525,0.9414410168282593,0.9999136586277186,0.013140908054363153,0.3164015090991604
80.84640391585951,0.05255392873508049,0.005707390391016724,0.941738680873903,0.940441238542446,0.9998858494260665,0.015109763797810236,0.347449935803242
80.94074044318258,0.05355701768806268,0.009636067223009007,0.9368069150889287,0.9394335378960278,0.9998786894255167,0.015575828475880802,0.3789206244473646
81.03507697050563,0.055484042793953796,0.011472350203526563,0.9330436070025199,0.9384179330148412,0.9998963731636027,0.014395934644001893,0.3987037205104266
81.1294134978287,0.05781278223977736,0.01019209013229216,0.9319951276279307,0.937394442166908,0.999928993312071,0.011917504827878072,0.3998842084333275
81.22375002515174,0.05979210008777647,0.006507050559126032,0.9337008493530978,0.9363630837620909,0.999958077746573,0.009157120718605881,0.38266120575553964
81.3180865524748,0.060857295850307545,0.00246975654533108,0.9366729476043617,0.9353238763517666,0.9999673744582006,0.00807826350974698,0.3555649890778607
81.41242307979786,0.060948500811537736,0.0003308443912075763,0.9387206547972549,0.9342768386284992,0.9999518340122768,0.009815013402688904,0.33547094798783306
81.50675960712091,0.06055265281578662,0.0012850231301835225,0.9381623240540298,0.9332219894257056,0.9999200042240298,0.012648739798522058,0.3437130255255028
81.60109613444396,0.06044092451724379,0.004804372151207311,0.9347547033315491,0.9321593477173014,0.9998892558194321,0.01488207300284252,0.3726746772041132
81.69543266176703,0.061243095594409616,0.008931007393090686,0.9298258970124998,0.9310889326173538,0.99987659868413,0.01570958816611225,0.4051618655420052
81.78976918909008,0.06309378245976144,0.01136686543282547,0.9255393521074131,0.9300107633797887,0.9998892582122273,0.014881912236039109,0.4282546977419495
81.88410571641315,0.06554920505444334,0.010754023577795932,0.9236967713677611,0.9289248593979766,0.9999202075304813,0.012632441260461924,0.4337838635442681
81.9784422437362,0.06782537872839048,0.0074322673672073385,0.9247423539044023,0.9278312402044551,0.9999519348408772,0.009804963631586828,0.42024288125885473
82.07277877105925,0.06922999638317809,0.003251286784880177,0.9275187168319419,0.9267299254704704,0.9999666212254381,0.008170910369975975,0.3942605991816702
82.16711529838231,0.06955007719799092,0.0005413055140281674,0.9299086172879811,0.925620935005746,0.9999562216545612,0.009357468919997527,0.3708406476534098
82.26145182570536,0.06917834284297136,0.0008149935291762477,0.9300066636278526,0.924504288758074,0.9999265045483089,0.01212458940101914,0.3723034489340285
82.35578835302842,0.06890366973449011,0.003923767619429839,0.9271725626460803,0.9233800068129101,0.9998936649613762,0.014582824490006367,0.3984285068286608
82.45012488035148,0.06947727395453321,0.008139038892865729,0.9223836871526012,0.9222481093930737,0.9998758078930341,0.01575972050046126,0.43130748044217143
82.54446140767453,0.07119318274309461,0.011113984694612106,0.9176928325622933,0.9211086168584426,0.9998830319449512,0.015295427544015052,0.45726047633209344
82.6387979349976,0.07371726454941,0.011190726384785393,0.9150920090658046,0.9199615497053532,0.9999113737728779,0.013313490252928925,0.4669889469918909
82.73313446232065,0.07626399406803776,0.008324830422770078,0.9154111755091925,0.9188069285665288,0.999944833980435,0.010503761033075043,0.45739045913237775
82.8274709896437,0.07802762492343088,0.004111611803118595,0.9178607632734507,0.917644774210503,0.9999645606703547,0.008418871857057425,0.4332166074440148
82.92180751696677,0.07863110238894733,0.0008987353716382047,0.9204701622394144,0.9164751075413515,0.9999596686240975,0.008981744263440797,0.40762215264132845
83.01614404428982,0.07834260909673973,0.00047873172528047585,0.9211786591779798,0.9152979495981843,0.9999329270980384,0.011583073761640854,0.40222600589790547
83.11048057161288,0.07793553861184414,0.0030895914207485714,0.9189748699674072,0.9141133215550057,0.9998989152101092,0.01421827562139501,0.42471317272206405
83.20481709893593,0.07826474644241234,0.007280626551410323,0.9144546270061775,0.9129212447200779,0.9998763242988359,0.01572692298732188,0.45734629771036206
83.29915362625898,0.07979123305760485,0.010719180102826653,0.9094895868395685,0.9117217405356512,0.9998778209201357,0.015631901024589716,0.4856739862041075
83.39349015358205,0.08231953904305711,0.01148958198633001,0.9061908789706129,0.9105148305776234,0.9999027092914998,0.013949205413107454,0.49938120612868764
83.4878266809051,0.08509731591283615,0.009161030725511068,0.9057416533616526,0.9093005365551697,0.9999369473937654,0.011229480702056926,0.4938874538941669
83.58216320822815,0.08722671590641762,0.005029133359377583,0.9077441507342048,0.9080788803099622,0.9999612179813699,0.008807976746384241,0.47211768543786214
83.67649973555122,0.08816266776885197,0.0013956984723732728,0.9104416337587748,0.9068498838165178,0.9999620304444482,0.008714976306043499,0.44537122716526073
83.77083626287427,0.08802150086201885,0.0002871353289606888,0.9116913638090206,0.9056135691812314,0.9999390407024911,0.011041507097372952,0.4335855814787098
83.86517279019733,0.08752525331551755,0.002325018643976063,0.9101497280405068,0.9043699586419229,0.9999048306985876,0.013796221746278686,0.451538345086577
83.95950931752039,0.08760767610413764,0.006378300645955133,0.9060140232499072,0.9031190745679385,0.9998781119667499,0.015613096304995699,0.48327422998488656
84.05384584484344,0.08889688440920998,0.010191747544856945,0.9009113680459333,0.9018609394592856,0.9998737780148811,0.01588798408382922,0.5134623850544969
84.1481823721665,0.0913612961959613,0.011641423558394098,0.8969972802456446,0.9005955759465025,0.9998944384154491,0.014529955759240073,0.5308666365204086
84.24251889948955,0.09431836803840263,0.00991830570910672,0.8957633262524907,0.8993230067902567,0.9999284640553828,0.011961390749059789,0.5295480911217736
84.3368554268126,0.09680612098659472,0.005980448673313282,0.8972134303400919,0.8980432548801801,0.9999566144576199,0.009315441188733247,0.5106783301838907
84.43119195413567,0.09811526672173251,0.0020210031936743838,0.8998637300845934,0.8967563432360446,0.9999631853406711,0.008580673827780758,0.4836932406691214
84.52552848145872,0.09818756949235706,0.00024748685655621896,0.9015649436510871,0.8954622950057429,0.9999446693798956,0.010520118024274763,0.46650893404392424
84.61986500878179,0.0976567472744774,0.0016517700571393517,0.9006914826683832,0.8941611334659316,0.9999112027245477,0.013326164712625859,0.4789245616358637
84.71420153610484,0.09750447394757492,0.005456116105118751,0.8970394099473065,0.8928528820209923,0.999881088483823,0.015421381443351045,0.5090933834467554
84.80853806342789,0.09851814354240364,0.009544642675427591,0.8919372137821691,0.8915375642023753,0.9998710115357153,0.016061535719494018,0.5406042194324454
84.90287459075095,0.10084990585374921,0.011640840016656034,0.8875092541295951,0.8902152036699473,0.9998867844400762,0.015047710469511057,0.5613720939695931
84.997211118074,0.10392388980427819,0.010575845909855119,0.885500264285867,0.8888858242085734,0.9999195858766458,0.01268184343254695,0.5642152836456931
85.09154764539707,0.10674769449226457,0.0069409196182806596,0.8863113858894549,0.8875494497309439,0.9999508499855911,0.009914515272723558,0.5486425831536992
85.18588417272012,0.10845973630932812,0.0027599150088000526,0.8887803486818717,0.8862061042746109,0.999963072309918,0.008594471611602627,0.5222334125569964
85.28022070004317,0.10881055659360653,0.0003631903567169085,0.8908262530496764,0.8848558120027701,0.9999495779074741,0.010041993958600112,0.5009314570633263
85.37455722736624,0.10830922746795078,0.0010895175828368137,0.8906012549492126,0.8834985972035693,0.999917831798989,0.012819523636073436,0.5069087458476855
85.46889375468929,0.10794920534020344,0.0045390580391072586,0.8875117366206895,0.8821344842896741,0.9998851380005437,0.015156213433242314,0.5348119891415777
85.56323028201234,0.10866115366924443,0.008794218975782857,0.8825446273549729,0.8807634977978297,0.999869559006367,0.01615161397435364,0.567087216162917
85.6575668093354,0.1107941055545937,0.011486394406998316,0.8777195000384082,0.8793856623884172,0.9998799379210863,0.015495891267022987,0.5908420597582253
85.75190333665846,0.11391419740289388,0.011115173473816724,0.8749706291232894,0.8780010028450129,0.9999105388365648,0.013375885898517001,0.5977582458192974
85.84623986398152,0.1170368357325105,0.007885289284575913,0.8750778749829136,0.8766095440739393,0.9999440526656533,0.010578218100165484,0.5857835752097094
85.94057639130457,0.11916819215087116,0.003594466501129561,0.8772373413479997,0.8752113111038207,0.9999616348039035,0.008760770578628792,0.5606693304942242
86.03491291862763,0.11985821621502021,0.0006336003230371567,0.8795081834619428,0.8738063290851299,0.9999536067917585,0.009632458884030831,0.5364816916487954
86.12924944595069,0.11945743864289032,0.0006553258681948082,0.8798872354889149,0.8723946232897373,0.9999244808187727,0.01228988123632437,0.5355544826227807
86.22358597327374,0.118931155844721,0.0036524066713886434,0.8774164374838905,0.8709762191104576,0.9998901314091886,0.014823396416369726,0.5604451628366027
86.3179225005968,0.11932930475656495,0.007959870823457666,0.8727108244199776,0.8695511420605903,0.9998694432558128,0.01615847899125851,0.5929067518198436
86.41225902791986,0.1212031494264044,0.011180745798476121,0.8676161047751199,0.8681194177734622,0.9998740797504405,0.015869274699081136,0.619235688373837
86.50659555524291,0.12429284630144175,0.011520676661035609,0.8641864770375229,0.8666810720019671,0.9999015664294131,0.0140308719362994,0.6300698472759031
86.60093208256598,0.12766285961963858,0.008788331944670385,0.863548808435691,0.8652361306181005,0.9999363614613652,0.011281534798339468,0.6219026997211392
86.69526860988903,0.1302149134811108,0.004503859912437903,0.8652812266064516,0.8637846196124968,0.9999588528449271,0.00907191631558737,0.5987075350185396
86.78960513721208,0.13129723713827318,0.0010539508078599269,0.8676488120538669,0.8623265650939596,0.9999565909158872,0.009317525630645654,0.572714294817495
86.88394166453514,0.13107212330839585,0.00036314569339873155,0.8685647309982056,0.8608619932889923,0.9999309283085569,0.01175323836173708,0.5649710909394134
86.9782781918582,0.1304345815346055,0.0028210764730080954,0.8667443419923864,0.8593909305413284,0.9998958791635505,0.014430205533898077,0.5860165592861348
87.07261471918126,0.13052241590675706,0.007063587146113154,0.8624139969471297,0.8579134033114553,0.9998706504323852,0.016083606682535473,0.618065021567832
87.16695124650431,0.1320858771591926,0.010730667831084647,0.8571834550097231,0.8564294381761391,0.9998693600830775,0.01616392986840414,0.6465242572062013
87.26128777382736,0.13506610553053233,0.011780084815850316,0.8531538096536175,0.8549390618279459,0.9998928992271906,0.014636139349959582,0.661063831600486
87.35562430115043,0.1386191743108015,0.00962552084822965,0.8517553048409692,0.8534423010747638,0.9999279908978322,0.012002325826070222,0.6568283494879457
87.44996082847348,0.1415771367601622,0.005464955327736217,0.8529579079121017,0.8519391828393189,0.9999547919025017,0.009510317218152623,0.6360821284131377
87.54429735579653,0.14309422613154857,0.001615390440702575,0.855290383427749,0.8504297341586908,0.9999584010196944,0.009121196749087894,0.6092346930405617
87.6386338831196,0.143120662373167,0.00022337441975610762,0.856655963207077,0.8489139821838256,0.9999369616606615,0.01122821022450243,0.5953351415118875
87.73297041044265,0.14243866101775976,0.0020689457601541237,0.8554923932220861,0.8473919541790518,0.999902197822882,0.013985520689964278,0.6115611381276413
87.82730693776571,0.14223603001757423,0.006129423887254523,0.8516345460951714,0.8458636775215842,0.9998731140580744,0.015929713864604865,0.6425709036256693
87.92164346508876,0.14344974415498252,0.010146959437250021,0.8464032964077677,0.8443291797010355,0.999865890732211,0.016377180872003943,0.6726891190577133
88.01597999241181,0.14624226324145734,0.011884869046688683,0.841872867711854,0.8427884883189188,0.9998847585195828,0.01518276496604276,0.6906720381979604
88.11031651973488,0.14990325287351663,0.010373696987398012,0.8397230501390854,0.8412416310881541,0.99991908245044,0.012721460301479654,0.6904142358743257
88.20465304705793,0.15323571948521783,0.006452834958939325,0.840311445555843,0.8396886358325674,0.9999494742649866,0.010052309047007713,0.6725541116422781
88.29898957438098,0.15521670947542407,0.002305126524597051,0.8424781639999791,0.8381295304863968,0.9999589403357095,0.00906187854062954,0.6456977783410538
88.39332610170405,0.15556787283872092,0.00024249767708514207,0.8441896294841942,0.8365643430937734,0.9999423671269588,0.010736033929400349,0.6268032464752558
88.4876626290271,0.1549176576855065,0.001418194118877171,0.8436641481956163,0.8349931018082359,0.9999088906115929,0.01349999462678857,0.6371296189441323
88.58199915635016,0.154460856732334,0.0051829061057674245,0.8403562371618988,0.8334158348922187,0.9998767348858024,0.015700797244301484,0.6664404979577208
88.67633568367322,0.15529985661657078,0.009444245934859749,0.8352558974485695,0.8318325707165297,0.9998637405090147,0.016507586598944995,0.6977202328125819
88.77067221099627,0.1578307909967284,0.011830555090370398,0.8303386539129012,0.830243337759867,0.9998773216057438,0.015663388475178994,0.7188417682541735
88.86500873831933,0.16151639499933992,0.01101172107547594,0.827471883925184,0.828648164608279,0.9999099129409997,0.013422592980558893,0.7225373623495444
88.95934526564238,0.16517564088998163,0.007441431439174572,0.8273829276708438,0.8270470799546686,0.9999430595520183,0.010672033560850827,0.7079107967192748
89.05368179296545,0.1676341083436693,0.0031066785926243882,0.8292592130637063,0.8254401125982651,0.9999581551874269,0.009148922051012722,0.6817950541236848
89.1480183202885,0.16837693141151822,0.00042282501802763986,0.8312002435704544,0.823827291444111,0.9999469518164005,0.010300172478618048,0.6592146403687988
89.24235484761155,0.1678412914759067,0.0008886656915733751,0.8312700428325198,0.8222086455025569,0.9999156750912417,0.01298625068391529,0.6627960732061472
89.33669137493462,0.16718239384418007,0.004250373015927922,0.8285672331398921,0.8205842038887214,0.9998813792387214,0.015402189833621484,0.6896983168292002
89.43102790225767,0.16763805609715735,0.008640671583863236,0.8237212723189796,0.8189539958219421,0.9998629796247548,0.01655493336166153,0.721615317298861
89.52536442958072,0.16984140122100955,0.011616936546976491,0.8185416622320143,0.8173180506253325,0.9998708407698084,0.01607209054599467,0.745533428991201
89.61970095690378,0.173463284135663,0.011521090537141792,0.8150156253271954,0.8156763977251662,0.9999007110142201,0.014091834466037949,0.753095759698381
89.71403748422684,0.17738631281080755,0.008404205666731245,0.8142094815224612,0.8140290666503732,0.9999356570234705,0.011344237231620853,0.7419649920892526
89.8083740115499,0.18031864383538204,0.004000238816372863,0.8156811173482451,0.8123760870320849,0.9999560065492669,0.009380734422728836,0.7172478099096956
89.90271053887295,0.18151038660243526,0.0007623303233502567,0.8177272830742146,0.8107174886028983,0.9999505449516327,0.00994523257307802,0.6921447762457091
89.997047066196,0.18117531007799312,0.0004972765706404967,0.8183274133513667,0.8090533011966522,0.9999223825179863,0.012459090639087197,0.6886721914314969
90.09138359351907,0.18038075003741497,0.0033582815226113026,0.8162609684399736,0.8073835547475863,0.9998868831906339,0.015040639059551199,0.7123791359062103
90.18572012084212,0.18046209683918898,0.007757487754998514,0.8117804154058128,0.8057082792900113,0.9998635378850151,0.016520238183277733,0.7443796412778343
90.28005664816517,0.18228303779772276,0.011248178842665466,0.8064687833596118,0.8040275049575921,0.9998654402351304,0.016404311122655342,0.770718575177285
90.37439317548824,0.18575135467146572,0.011886503357285798,0.8023621419712486,0.802341261983057,0.9998916927099916,0.014717433524519298,0.7820061113814781
90.46872970281129,0.1898616818888323,0.009314857630925514,0.8008234604802423,0.800649580697317,0.9999274467213387,0.012045799821703028,0.7745538473462799
90.56306623013435,0.19324612962248838,0.004963133551006933,0.801790736826505,0.7989524915292405,0.9999525149547971,0.009745375554247048,0.7518040461238199
90.6574027574574,0.1949312171232523,0.0012546053632209756,0.8038141775135267,0.7972500250049559,0.9999530028123463,0.00969495572821803,0.7251826705940734
90.75173928478046,0.19488224042517416,0.00025748422318292124,0.804860275351643,0.7955422117471898,0.9999287780374883,0.011935665081670358,0.7149346599379333
90.84607581210352,0.19403068343554167,0.0025324857390003315,0.8034368308254585,0.7938290824751262,0.9998930631859551,0.014624410603345855,0.7345306091071959
90.94041233942657,0.1937649561025617,0.006818544003810465,0.7994164998936281,0.7921106680030937,0.99986541642206,0.016405762497994848,0.7660264323545198
91.03474886674964,0.19516284369086553,0.010732806854051103,0.7941043494550836,0.790386999241069,0.9998612752137485,0.016656796409307645,0.7943784439934574
91.12908539407269,0.1983899926009653,0.012096351231727085,0.7895136561673081,0.788658107193136,0.9998831085348893,0.015289514923872451,0.8092014074735041
91.22342192139574,0.20260011313086543,0.01014805190247789,0.7872518349666567,0.7869240229573377,0.9999186391236563,0.012756311224123684,0.8055373513897778
91.3177584487188,0.2063966142297992,0.0059703771664481806,0.7876330086037527,0.7851847777253639,0.9999477408684014,0.010223283825675746,0.7852369965312858
91.41209497604186,0.20860389140438454,0.0018889321369601254,0.7895071764586554,0.7834404027814105,0.9999542227139829,0.009569322662979208,0.7579814323440148
91.50643150336491,0.20892229293157347,0.00017883599588956127,0.7908988710725369,0.7816909295023635,0.9999346273053499,0.01143551290353442,0.7418415393416788
91.60076803068797,0.20810186121913504,0.0017975115253119982,0.7901006272555529,0.7799363893563596,0.9998997045157652,0.014163420032541162,0.7562169814999397
91.69510455801102,0.20753431273927198,0.005849692439444097,0.786615994821284,0.7781768139029904,0.9998685276354775,0.01621503759054547,0.7865778640109
91.78944108533409,0.20848515150939578,0.010083572095154487,0.78143127639545,0.7764122347923628,0.9998584064861722,0.0168275660430311,0.8165030505835258
91.88377761265714,0.21138960100205637,0.01214312561672674,0.7764672733812172,0.7746426837642504,0.9998751741082298,0.015799879810852603,0.8346287655159481
91.97811413998019,0.21560405430029614,0.010880138159154434,0.7735158075405493,0.7728681926486135,0.9999094411557734,0.013458103828490798,0.8347965431029146
92.07245066730326,0.2197548407563308,0.006995306251318313,0.7732498529923512,0.7710887933635243,0.9999417832525178,0.010790823412319616,0.8173441653050639
92.16678719462631,0.22249538199721933,0.002650476495349325,0.7748541415074315,0.769304517915465,0.9999541011313017,0.009581351326091087,0.7902397092463791
92.26112372194936,0.22325438357804492,0.0002666123187704344,0.7764790041031848,0.7675153983989276,0.9999397201608548,0.01098031358897532,0.7695184246390611
92.35546024927243,0.22255933598302283,0.0011758461393808867,0.7762648178775967,0.7657214669956848,0.9999065766392365,0.013669389061735534,0.7775247929907707
92.44979677659548,0.22175222269097183,0.00487811877560277,0.7733696585334257,0.7639227559734088,0.9998727485879478,0.015952904310012783,0.8060665700747838
92.54413330391854,0.22225054299521588,0.009317198629673288,0.7684322583751112,0.7621192976861567,0.9998569211214986,0.01691589474301919,0.8370908787345899
92.6384698312416,0.22476056835212246,0.012023721984940946,0.7632157096629365,0.7603111245733306,0.9998681128095933,0.016241861040052496,0.8582475473839246
92.73280635856464,0.2288794902538843,0.011489846323623716,0.7596306634224922,0.7584982691591553,0.9999000888314726,0.014136043789828967,0.8622315334501108
92.82714288588771,0.23331049914389707,0.008010279391852304,0.7586792214642508,0.7566807640521214,0.999934759071578,0.011423386887329249,0.8479463797411577
92.92147941321076,0.23657608955995008,0.0035206021692782722,0.7599033082707719,0.7548586419442367,0.9999526237639802,0.009734679455830657,0.821689045258081
93.01581594053383,0.23783723300246365,0.000521578229527792,0.7616411887680088,0.7530319356106069,0.9999439051311878,0.010593135698655488,0.7976607093011892
93.11015246785688,0.23736422491575646,0.0006872636112497817,0.761948511472994,0.7512006779087964,0.9999134705322059,0.013156012366418269,0.7985728985944227
93.20448899517993,0.23639501213475103,0.0039316162084560985,0.7596733716567932,0.7493649017782358,0.9998779133236682,0.015625570309799094,0.8245376505860882
93.298825522503,0.23645502148020897,0.008454010337266062,0.7550909681825252,0.7475246402396292,0.9998568075426335,0.016922305122326495,0.8561491667152245
93.39316204982605,0.2385121828561025,0.011739629868426539,0.7497481872754713,0.7456799263943619,0.9998620407493639,0.016610221808194256,0.8800278838821829
93.4874985771491,0.2424352057577254,0.011958935664677223,0.7456058585775975,0.743830793423905,0.9998908176544521,0.01477725601587554,0.8877594607300467
93.58183510447216,0.24705825461626077,0.008987425125450012,0.7439543202582894,0.7419772745892166,0.9999268396887122,0.012097462455728828,0.8768866520072556
93.67617163179521,0.250820634050419,0.004477300779396333,0.7447020651701848,0.7401194032301462,0.9999497687074247,0.010022976701941608,0.852088002106711
93.77050815911828,0.25263049745976407,0.000939854317898713,0.7464296482223374,0.7382572127648321,0.9999469848684032,0.010296963270276634,0.8258315307458381
93.86484468644133,0.2524745687261341,0.00034820637061497024,0.7471772249032511,0.7363907366891038,0.9999201267780077,0.012639100771101308,0.8195328906858277
93.95918121376438,0.25143340001113673,0.0030378206757883702,0.7455287793130752,0.7345200085758764,0.9998838539696326,0.015240688003974401,0.8420511930311161
94.05351774108745,0.25108933746866857,0.007517445769145811,0.7413932167621858,0.7326450620745485,0.9998580602015632,0.016848570365339783,0.8736947558028796
94.1478542684105,0.2526515393325753,0.01129699903178818,0.7360514616356365,0.7307659309103959,0.9998572055673338,0.016901086403572456,0.8999496941159656
94.24219079573355,0.2562818841076093,0.012272777614580576,0.7314453382778103,0.7288826488839666,0.999881861271716,0.015370865291475933,0.9113125107448424
94.33652732305661,0.26099754529463987,0.009899418456547472,0.729103036248813,0.7269952498704698,0.999918182887656,0.01279169772345471,0.9040287969674773
