time,P_A_full,P_I_full,P_B_full,P_B_effective_complete,P_B_hamiltonian_only,endpoint_trace_distance
0.0,1.0,0.0,0.0,0.0,0.0,0.0
0.15714285714285714,0.995816625970846,0.00409935314372534,8.402088542866605e-05,0.00018308636181263942,9.523579299685797e-06,0.0034121616552174284
0.3142857142857143,0.9894784926418921,0.00999822790960216,0.0005232794485056605,0.0003851546478813467,3.80939310047607e-05,0.006734106153929216
0.4714285714285714,0.9895852215934342,0.009245506059965363,0.0011692723466003212,0.000606186480256013,8.570989654754999e-05,0.00662460612431539
0.6285714285714286,0.9951540275062436,0.0032540134384415292,0.0015919590553148857,0.0008461627214189543,0.0001523695450335079,0.003367020245776696
0.7857142857142857,0.9980570875061535,0.00025230629835354363,0.0016906061954929904,0.001105063475546333,0.00023807017331982488,0.0009929411489573278
0.9428571428571428,0.9946043692753129,0.0035702559716658516,0.0018253747530212186,0.0013828680897995972,0.0003428083061252822,0.0035047737971859866
1.1,0.9898922890415537,0.007804963887664528,0.002302747070781656,0.001679555155646868,0.00046657969617135494,0.005977971094996984
1.2571428571428571,0.9900340870374044,0.007010498859745192,0.002955414102850445,0.001995102510214206,0.0006093793243545575,0.005707707962830726
1.4142857142857141,0.9939691189441783,0.0026353253872207095,0.003395555668601098,0.0023294872376666735,0.0007712013999500699,0.003167886869398444
1.5714285714285714,0.9957164337007102,0.0007227117598430233,0.003560854539446912,0.0026826856706191416,0.000952039360846572,0.0017334233115966638
1.7285714285714286,0.9928575300965138,0.0033571407174525737,0.0037853291860336195,0.003054673391576704,0.001151885873812393,0.0036138820512630556
1.8857142857142857,0.9893082147097781,0.006370507737579468,0.004321277552642471,0.0034454252344047406,0.0013707328347928262,0.005409523087460761
2.0428571428571427,0.9893975271178732,0.005603598050826853,0.0049988748313000335,0.0038549152858283193,0.001608571369238753,0.005062262546531141
2.2,0.9921039076940276,0.0024127984037854463,0.005483293902186981,0.0042831168869612805,0.0018653918324664808,0.0031262059935236353
2.357142857142857,0.9930403691030499,0.0012169374419208397,0.005742693455029167,0.004730002634864282,0.0021411838100487794,0.0022805743915735983
2.5142857142857142,0.9906473121311188,0.003278736926729669,0.006073950942151558,0.005195544384132448,0.0024359361182371485,0.0036993329445956687
2.6714285714285713,0.9879165891351096,0.005405432923170473,0.006677977941719948,0.005679713248511956,0.0027496368044153327,0.004979560891680343
2.8285714285714283,0.9879013254906175,0.004705908769771302,0.007392765739611238,0.006182479602545808,0.0030822731475836666,0.004611268676306549
2.9857142857142858,0.9896782568634046,0.0023837006145412077,0.007938042522054201,0.006703813083248425,0.0034338316588754447,0.003164128139962719
3.142857142857143,0.9900397658508884,0.0016557582346379209,0.008304475914473829,0.007243682591809813,0.0038042980821031956,0.0026816126988203153
3.3,0.988000737349918,0.003251212537907076,0.008748050112174789,0.007802056295327218,0.004193657394337467,0.003754400071494114
3.4571428571428573,0.98583538869521,0.004740114442169012,0.009424496862620903,0.008378901628566755,0.004601893806515346,0.004653483011151979
3.6142857142857143,0.9856876815788777,0.0041267255838564245,0.010185592837265901,0.008974185295753353,0.005028990764080871,0.004299177953481794
3.7714285714285714,0.9867566716205277,0.0024411627276023896,0.01080216565187002,0.009587873272389285,0.00547493094765645,0.0032343106104035877
3.9285714285714284,0.9867044361993381,0.002015166496120511,0.011280397304541404,0.010219930807100002,0.0059396962737450305,0.0029734251727249177
4.085714285714285,0.9849256497496146,0.003238349545526098,0.01183600070485918,0.010870322423510811,0.0064232678954648645,0.0037837634164362122
4.242857142857143,0.9831408711106607,0.004272240177875791,0.012586888711463386,0.01153901192214919,0.006925626203310423,0.004406311668087494
4.4,0.9828486532317448,0.0037498265189884654,0.013401520249266817,0.012225962382375713,0.007446750825949895,0.004085648949337683
4.557142857142857,0.98337386546759,0.002530165663101243,0.014095968869308827,0.012931136164349004,0.007986620631053789,0.003311726701636362
4.714285714285714,0.9830178251279575,0.00229591013133128,0.014686264740711144,0.013654494911003453,0.008545213726144064,0.0031843769865559897
4.871428571428571,0.9814227559385537,0.0032263328037969424,0.015350911257649267,0.014395999550074914,0.009122507459493457,0.003794666189499154
5.0285714285714285,0.9798846306237236,0.003938098396831833,0.01617727097944449,0.015155610296139077,0.009718478421030314,0.0042195700101100705
5.185714285714286,0.9794456342679635,0.003503055051570192,0.017051310680466326,0.015933286652680553,0.010333102443301281,0.003941465620823195
5.3428571428571425,0.9795487618823947,0.0026235584299970967,0.017827679687608258,0.016728987414201132,0.010966354602445227,0.0033846799783720906
5.5,0.9789636764664291,0.0025083910055405793,0.018527932528030238,0.017542670668330023,0.011618209219198315,0.003336021757659101
5.657142857142857,0.9774911311943177,0.003211269535151457,0.019297599270530822,0.018374293797993792,0.012288639859946743,0.0037937747878348505
5.814285714285714,0.9761032682719973,0.00369668684981113,0.020200044878191582,0.0192238134835827,0.012977619337792703,0.004079312447982386
5.9714285714285715,0.9755209207319389,0.0033408311775701316,0.02113824809049101,0.020091185705174805,0.01368511971365457,0.003845661505866775
6.128571428571428,0.9752921585659841,0.0027089893486621757,0.0219988520853537,0.020976365744752767,0.014411112297408733,0.0034486242589273682
6.285714285714286,0.9745286961702375,0.0026654986145361673,0.022805805215226238,0.021879308188473414,0.015155567649027354,0.003444581575962582
6.442857142857143,0.9731305144104029,0.0031932081322300215,0.023676277457367036,0.02279996692897521,0.01591845557982479,0.0037863029710405475
6.6,0.9718240041081719,0.003520774067796336,0.024655221824031785,0.023738295167652346,0.016699745153620767,0.0039748654486573
6.757142857142857,0.9711047244933506,0.0032339208494527663,0.02566135465719662,0.024694245417036367,0.01749940468804273,0.0037833678428929205
6.914285714285715,0.9706109084680564,0.0027817975812567393,0.026607293950686867,0.025667769503148957,0.01831740175577385,0.0035025908251789285
7.071428571428571,0.9697032976479993,0.002779467811205627,0.02751723454079509,0.026658818567885233,0.019153703185884205,0.0035221668939799185
7.228571428571429,0.9683420861899983,0.0031734140637224143,0.028484499746279347,0.02766734307145084,0.020008275065190845,0.003775983004029976
7.385714285714285,0.9670680284944563,0.0033917618241137795,0.029540209681430032,0.028693292794832768,0.020881082739628482,0.003897998308673445
7.542857142857143,0.9662195185970475,0.003163336134973237,0.030617145267979158,0.029736616842193937,0.021772090815598572,0.0037441671552968766
7.7,0.9655101818926605,0.0028411662927764984,0.031648651814563084,0.03079726364345675,0.022681263161484826,0.0035472693446397235
7.857142857142857,0.9644814913115332,0.0028607181483423297,0.03265779054012455,0.03187518095680043,0.023608562909119238,0.0035777523806358362
8.014285714285714,0.9631285764322216,0.0031532343594586334,0.03371818920831967,0.03297031587118285,0.024553952455161576,0.0037653133001301826
8.17142857142857,0.9618525696260162,0.003296651357206815,0.034850779016776995,0.03408261480902233,0.02551739346278103,0.0038423514197680137
8.32857142857143,0.9608827864482613,0.00311662438077414,0.03600058917096458,0.035212023528549796,0.026498846863047005,0.003720842530757428
8.485714285714286,0.9599946704538175,0.0028880624719354567,0.037117267074247055,0.036358487126771366,0.0274982728567127,0.0035840144345771
8.642857142857142,0.9588604452310457,0.0029176221571468766,0.03822193261180732,0.03752195004186954,0.028515630915620198,0.003617942346255255
8.8,0.9574941114016966,0.0031337051826716296,0.03937218341563184,0.03870235605606562,0.029550879784522956,0.003755857894741892
8.957142857142857,0.9561922138525999,0.0032261939437866873,0.04058159220361331,0.039899648297951534,0.030603977482586354,0.0038030207331456473
9.114285714285714,0.9551087950260847,0.003085564696072145,0.04180564027784315,0.041113769245846726,0.031674881305184054,0.0037084457497468717
9.27142857142857,0.9540692083675609,0.0029241547292540838,0.04300663690318501,0.04234466072999184,0.03276354782579026,0.0036143476426803555
9.428571428571429,0.9528399669212086,0.0029566708605205413,0.04420336221827068,0.043592263935626444,0.03386993289737835,0.0036475628893917755
9.585714285714285,0.9514439893286156,0.003115483546135213,0.045440527125249236,0.044856519405457526,0.03499399165445846,0.0037485153843828086
9.742857142857142,0.9500997776700708,0.0031737235564571636,0.04672649877347212,0.04613736704289978,0.03613567851505817,0.0037762415473606226
9.9,0.9489097578938525,0.0030647102614114003,0.04802553184473611,0.04743474611472249,0.037294947181940076,0.0037036171289725715
10.057142857142857,0.9477390746336893,0.002951264422315479,0.04930966094399514,0.04874859525417394,0.038471750645224324,0.0036397204289966433
10.214285714285714,0.9464220156775421,0.0029827765216098837,0.050595207800848044,0.050078852463134226,0.03966604118404409,0.00367011527540177
10.371428571428572,0.9449844643653798,0.0030989024882783914,0.05191663314634184,0.05142545511600905,0.0408777703680067,0.0037437336470827498
10.528571428571428,0.943586901177077,0.0031343937334113066,0.053278705089511755,0.052788339962005985,0.042106889060043194,0.003759140418556796
10.685714285714285,0.9422966083678086,0.003050449726224135,0.05465294190596739,0.054167443128181225,0.04335334741745963,0.0037040976666788817
10.842857142857143,0.9410101225073242,0.0029711051200377184,0.05601877237263814,0.055562700122820885,0.04461709489472166,0.0036614133940806037
11.0,0.9396102855148853,0.002999592343407553,0.05739012214170709,0.05697404583809746,0.045898080245104896,0.0036881201765576327
11.157142857142857,0.9381225667113324,0.003084058671858108,0.058793374616809585,0.05840141455320875,0.04719625152286505,0.003741670124816592
11.314285714285713,0.9366644619910774,0.0031046621592880513,0.06023087584963447,0.059844739937439204,0.04851155608534473,0.0037495376884040064
11.471428571428572,0.9352795186380606,0.003040393816651903,0.06168008754528745,0.061303955053243514,0.04984394059510783,0.003708383842383556
11.628571428571428,0.9338888175814881,0.002985175362365843,0.0631260070561461,0.06277899235935346,0.051193351022102665,0.003680505481222514
11.785714285714285,0.9324098661799972,0.003009799111135109,0.0645803347088677,0.06426978371390726,0.05255973264585294,0.0037033771412274975
11.942857142857143,0.9308659634323558,0.003070894983670335,0.06606314158397392,0.06577626037760118,0.05394303005767673,0.0037423058233577323
12.1,0.9293428692083446,0.0030819326721428127,0.0675751981195126,0.06729835301686353,0.055343187162933266,0.003745789916751348
12.257142857142856,0.9278682504238426,0.0030329696805727986,0.06909877989558458,0.06883599170705106,0.05676014718329774,0.0037154859234760007
12.414285714285715,0.9263822294926282,0.0029947304399284523,0.07062304006744337,0.07038910593566683,0.05819385265906374,0.0036978777993816785
12.571428571428571,0.9248269757411187,0.00301534289470347,0.0721576813641779,0.07195762460560066,0.05964424545147329,0.0037171588545150108
12.728571428571428,0.9232228552663732,0.0030592658276760863,0.07371787890595072,0.07354147603839027,0.06111126674507445,0.0037455230960238882
12.885714285714286,0.9216322745985965,0.0030643010139748635,0.07530342438742867,0.07514058797750538,0.06259485705010619,0.00374666475481825
13.042857142857143,0.9200723922796397,0.0030271502339357143,0.07690045748642456,0.07675488759165192,0.06409495620491114,0.003724760193800119
13.2,0.9184980019247436,0.0030007926182261282,0.07850120545703028,0.07838430147809784,0.065611503378375,0.0037142331724290597
13.357142857142858,0.91686875343575,0.003017623484193064,0.08011362308005691,0.08002875566602075,0.06714443707239275,0.0037303556196138874
13.514285714285714,0.9152019020054095,0.003048983761791656,0.08174911423279868,0.0816881756198756,0.0686936951243639,0.003751156565156048
13.67142857142857,0.913542725149298,0.0030503712561506333,0.08340690359455123,0.08336248624278339,0.07025921470971178,0.003751242407169112
13.82857142857143,0.911901519749887,0.0030222725131070645,0.08507620773700586,0.08505161187993997,0.07184093234443235,0.003735793393540517
13.985714285714286,0.9102443141827837,0.0030041779501104294,0.08675150786710592,0.08675547632205002,0.07343878388766718,0.0037301214030579294
14.142857142857142,0.9085431008702698,0.0030176395059077162,0.08843925962382256,0.08847400280876921,0.07505270454430586,0.003743582117904459
14.299999999999999,0.906812169182214,0.0030398502531450004,0.09014798056464103,0.0902071140321847,0.07668262886761325,0.003759024920185603
14.457142857142857,0.90508427318173,0.0030391217366674294,0.09187660508160256,0.0919547321402968,0.07832849076188346,0.0037588387837043206
14.614285714285714,0.9033653025350601,0.0030179153897843957,0.09361678207515553,0.09371677874053555,0.07999022348511681,0.0037483237383304563
14.77142857142857,0.9016298412238533,0.0030055282105784812,0.09536463056556815,0.0954931749032889,0.08166775965173187,0.0037459650822936653
14.928571428571429,0.89985856086706,0.003016097948711066,0.09712534118422904,0.09728384116544951,0.08336103123529706,0.003757255773372395
15.085714285714285,0.8980630899360539,0.0030316743583705635,0.09890523570557563,0.09908869753398618,0.08506996957128649,0.0037689495869652517
15.242857142857142,0.896267055308423,0.0030298064497542546,0.10070313824182275,0.10090766348954044,0.08679450535986293,0.003768946158972473
15.4,0.8944735750353271,0.0030138172025581454,0.1025126077621147,0.10274065799001918,0.08853456866869064,0.0037621873908562477
15.557142857142857,0.8926637154819437,0.003005342229774018,0.1043309422882823,0.10458759947422432,0.09029008893577818,0.003762083437814403
15.714285714285714,0.8908242250225695,0.003013495610393909,0.10616227936703647,0.10644840586551785,0.09206099497233074,0.0037716538881050433
15.871428571428572,0.8889644373074724,0.0030242828660595514,0.10801127982646798,0.1083229945754461,0.093847214965623,0.0037807646984077837
16.02857142857143,0.8871013482713996,0.003021882224176561,0.10987676950442368,0.11021128250746201,0.09564867648194358,0.003781187786335582
16.185714285714287,0.8852363814647196,0.003009820380984562,0.11175379815429587,0.11211318606061108,0.09746530646953386,0.003777282536926054
16.34285714285714,0.8833554918809965,0.0030040040360573045,0.11364050408294614,0.1140286211332406,0.09929703126148892,0.0037787131745432795
16.5,0.8814496628338518,0.003010178965616583,0.1155401582005315,0.115957503126749,0.10114377657880957,0.0037869550142120966
16.65714285714286,0.8795263034486873,0.003017524756144593,0.11745617179516803,0.11789974694933045,0.10300546753342425,0.003794321526379895
16.814285714285713,0.8775976075117273,0.0030149548592799157,0.11938743762899283,0.11985526701975642,0.10488202863113769,0.003795283496586132
16.97142857142857,0.8756640032607645,0.003005834368702789,0.12133016237053268,0.12182397727117535,0.10677338377478313,0.00379354555707907
17.12857142857143,0.8737151163962086,0.0030018068958060713,0.1232830767079853,0.12380579115487102,0.10867945626728415,0.003796026045159076
17.285714285714285,0.8717448668392425,0.0030063877562434985,0.12524874540451408,0.12580062164415562,0.11060016881472108,0.0038032687010841216
17.442857142857143,0.8697590832443004,0.0030112721011562485,0.1272296446545434,0.1278083812381558,0.11253544352955472,0.003809489556840887
17.6,0.8677664927858639,0.003008739289266246,0.12922476792486987,0.12982898196568812,0.11448520193363919,0.0038110238441786135
17.757142857142856,0.8657669741399696,0.003001810962840238,0.13123121489719017,0.13186233538918235,0.11644936496156968,0.003810935452410346
17.914285714285715,0.8637528980060973,0.0029989731972086004,0.1332481287966942,0.13390835260848036,0.11842785296383364,0.003814143295403842
18.07142857142857,0.8617202095334964,0.003002286472447751,0.13527750399405586,0.13596694426476616,0.12042058570997907,0.0038206567308071734
18.228571428571428,0.8596734606145349,0.003005418899068908,0.13732112048639614,0.13803802054465655,0.12242748239177124,0.00382615566579667
18.385714285714286,0.857618884044028,0.00300303016078076,0.13937808579519126,0.14012149118377742,0.12444846162703226,0.0038282508331768284
18.54285714285714,0.8555560865322375,0.002997728054702811,0.14144618541305962,0.14221726547112828,0.12648344146187804,0.0038294238515303755
18.7,0.8534794836427881,0.0029956705291019144,0.14352484582810984,0.14432525225281034,0.12853233937532524,0.003833147314385171
18.857142857142858,0.8513864088662696,0.002997986922578122,0.14561560421115247,0.14644535993604746,0.13059507228155973,0.0038391481656311153
19.014285714285712,0.8492803963328434,0.002999878840658135,0.14771972482649848,0.14857749649319765,0.13267155653395232,0.003844222340143877
19.17142857142857,0.8471658899795853,0.0029976801465961987,0.1498364298738186,0.15072156946566106,0.13476170792806166,0.003846843658223623
19.32857142857143,0.8450423919858173,0.002993579041427779,0.15196402897275485,0.15287748596839718,0.13686544170536458,0.0038489887569124774
19.485714285714284,0.8429058356724474,0.0029920244681474594,0.15410213985940516,0.15504515269342706,0.13898267255677407,0.0038530908906517104
19.642857142857142,0.8407544999469116,0.002993564303701147,0.15625193574938717,0.15722447591374702,0.141113314625224,0.003858749928393241
19.8,0.8385911165968418,0.0029945826500937583,0.1584143007530644,0.15941536148820162,0.14325728151048833,0.0038636055282179446
19.957142857142856,0.8364188510552099,0.00299258400760444,0.16058856493718562,0.16161771486505067,0.14541448627157508,0.0038667082368287068
20.114285714285714,0.8342371973602304,0.002989366035901694,0.16277343660386795,0.16383144108564723,0.14758484143080897,0.0038696107620233176
20.271428571428572,0.8320432114409153,0.002988128616788299,0.1649686599422964,0.1660564447895507,0.14976825897745907,0.0038740044747346564
20.428571428571427,0.8298358112003068,0.002989068568305067,0.16717512023138806,0.16829263021812293,0.15196465037064258,0.003879454183790899
20.585714285714285,0.827617101868468,0.002989475386854386,0.16939342274467764,0.17053990121855284,0.15417392654370352,0.003884232466032743
20.742857142857144,0.8253893383674779,0.0029876669150517795,0.17162299471747036,0.17279816124785774,0.15639599790770659,0.0038877695814605396
20.9,0.8231520580654506,0.0029850956063733544,0.17386284632817608,0.17506731337776044,0.15863077435407125,0.003891270877714111
21.057142857142857,0.820903144463972,0.0029840523988563265,0.17611280313717181,0.17734726029836528,0.16087816525970725,0.0038959018172916534
21.214285714285715,0.8186419436857029,0.0029845324112365173,0.17837352390306058,0.17963790432243787,0.16313807948977635,0.003901243443469664
21.37142857142857,0.8163700756917004,0.002984513923669678,0.18064541038462997,0.18193914738963535,0.1654104254016024,0.0039060396617870106
21.52857142857143,0.8140891493731033,0.0029828759221841436,0.1829279747047127,0.1842508910707294,0.16769511084838773,0.00390996628243117
21.685714285714287,0.811798769233865,0.0029807761759910933,0.18522045459014388,0.18657303657184077,0.16999204318294905,0.003913949383002899
21.84285714285714,0.809497426898277,0.0029798470626233825,0.18752272603909953,0.18890548473868604,0.1723011292614749,0.003918784305863261
22.0,0.8071847526423909,0.002979976842691611,0.18983527051491747,0.19124813606083718,0.1746222754473024,0.003924094065963215
22.15714285714286,0.8048619933206904,0.0029796647072340816,0.19215834197207565,0.19360089067599204,0.1769553876147144,0.003928971132102399
22.314285714285713,0.8025303012430341,0.002978173762323055,0.19449152499464278,0.19596364837425673,0.17930037115275596,0.0039332465518030855
22.47142857142857,0.8001893554301085,0.0029764165047554644,0.1968342280651361,0.19833630860244034,0.18165713096907185,0.00393762531542904
22.628571428571426,0.7978380929921607,0.0029755502656225205,0.19918635674221685,0.2007187704683588,0.18402557149376153,0.00394264427653252
22.785714285714285,0.7954763305848419,0.0029754150473381667,0.20154825436781984,0.20311093274515243,0.18640559668325551,0.003947978634252853
22.942857142857143,0.793105030072704,0.0029749018381183515,0.20392006808917762,0.2055126938756124,0.18879711002421018,0.003952976911632729
23.099999999999998,0.7907250224243936,0.00297353435327141,0.20630144322233493,0.20792395197651875,0.1912000145374202,0.003957565408027002
23.257142857142856,0.7883360593299664,0.0029720248573966335,0.2086919158126371,0.21034460484298884,0.19361421278175361,0.003962276339877043
23.414285714285715,0.7859374032705134,0.002971189555177211,0.21109140717430935,0.21277454995283537,0.19603960685810007,0.003967467522265569
23.57142857142857,0.7835289914565696,0.002970855038432626,0.21350015350499782,0.21521368447093495,0.19847609841334465,0.003972867553532735
23.728571428571428,0.7811115693727348,0.0029702054653408506,0.21591822516192424,0.21766190525360868,0.20092358864435259,0.003978011829412155
23.885714285714286,0.7786857428438794,0.002968939552112614,0.21834531760400802,0.2201191088530086,0.20338197830197807,0.003982882690755703
24.04285714285714,0.7762513296605134,0.002967608600731194,0.22078106173875542,0.22258519152151632,0.205851167695087,0.00398787883301432
24.2,0.7738078292593608,0.0029667849937707346,0.22322538574686854,0.22506004921614975,0.208331056694606,0.0039932351825347975
24.357142857142858,0.7713552554985539,0.0029663014648801463,0.225678443036566,0.22754357760298,0.21082154473757117,0.003998730113220588
24.514285714285712,0.7688941904874267,0.0029655604709434296,0.2281402490416298,0.23003567206155895,0.2133225308312156,0.004004034527079317
24.67142857142857,0.7664250830766532,0.0029643768236728117,0.230610540099674,0.23253622768935034,0.21583391355706205,0.0040091616759772505
24.82857142857143,0.7639478086073728,0.0029631740587096563,0.2330890173339175,0.23504513930617385,0.21835559107503738,0.004014408077113512
24.985714285714284,0.7614620385997298,0.002962351127210479,0.2355756102730597,0.23756230145865775,0.220887461127596,0.004019925157837401
25.142857142857142,0.758967834586293,0.002961756829095359,0.23807040858461176,0.24008760842469848,0.2234294210438794,0.004025535183954828
25.3,0.7564656559641898,0.0029609554090758955,0.24057338862673427,0.24262095421791985,0.22598136774385186,0.004031006685823401
25.457142857142856,0.7539558427261807,0.002959837573112408,0.24308431970070707,0.24516223259217124,0.22854319774253132,0.004036368121056379
25.614285714285714,0.7514383188315906,0.0029587265162125263,0.24560295465219686,0.24771133704598192,0.23111480715411992,0.004041838499188829
25.771428571428572,0.7489128804329283,0.0029578984538956602,0.24812922111317623,0.25026816082707665,0.2336960916962696,0.004047513163892744
25.928571428571427,0.7463796178613463,0.002957222299887273,0.25066315983876647,0.2528325969368496,0.23628694669429676,0.0040532516692344915
26.085714285714285,0.7438388987995217,0.002956381661227654,0.2532047195392508,0.2554045381348989,0.23888726708541705,0.0040588924264542995
26.242857142857144,0.741290988201889,0.002955315955932367,0.25575369584217866,0.2579838769435127,0.24149694742299188,0.004064469612920363
26.4,0.7387358501989977,0.002954270299571948,0.2583098795014304,0.26057050565221024,0.2441158818808681,0.0040701439163692114
26.557142857142857,0.7361733709702493,0.002953434517166106,0.2608731945125847,0.26316431632223947,0.2467439642575688,0.004075973514432786
26.714285714285715,0.7336036575397739,0.002952698247324876,0.2634436442129013,0.2657652007911549,0.24938108798069294,0.004081848793038296
26.87142857142857,0.7310270093681344,0.0029518327700737887,0.266021157861792,0.26837305067727585,0.25202714611120897,0.0040876578505712
27.02857142857143,0.7284436400301424,0.0029508080370868636,0.26860555193277075,0.27098775738430847,0.2546820313477607,0.004093435132349875
27.185714285714287,0.7258535462884496,0.002949808893951161,0.2711966448175992,0.2736092121059322,0.2573456360310491,0.0040992977668495075
27.34285714285714,0.7232566791849863,0.002948964709293799,0.27379435610571995,0.27623730583016654,0.2600178521481459,0.004105279697010189
27.5,0.7206531548202644,0.002948184586949747,0.276398660592786,0.2788719293441603,0.2626985713370449,0.004111296278960898
27.65714285714286,0.7180432221406654,0.0029473039210515385,0.27900947393828307,0.28151297323861063,0.2653876848907302,0.004117270694752955
27.814285714285713,0.7154270598083673,0.0029463111964729764,0.2816266289951597,0.28416032791236584,0.26808508376198725,0.0041232347663639115
27.97142857142857,0.7128046907354408,0.0029453450695954013,0.2842499641949637,0.2868138835771283,0.270790658567464,0.004129273316594061
28.128571428571426,0.7101761125763105,0.002944492867225829,0.28687939455646366,0.2894735302616844,0.27350429959237077,0.004135404799268628
28.285714285714285,0.7075414458363615,0.0029436809982126347,0.28951487316542596,0.29213915781702776,0.27622589679474646,0.0041415644598887715
28.442857142857143,0.7049009022227765,0.002942791540433812,0.2921563062367896,0.29481065592047073,0.27895533981001425,0.0041477000728273785
28.599999999999998,0.7022546368816733,0.002941823712823539,0.29480353940550325,0.29748791408035385,0.2816925179555112,0.004153839523858029
28.757142857142856,0.6996026934451862,0.002940881003783062,0.29745642555103075,0.3001708216408917,0.2844373202347714,0.004160043836968196
28.914285714285715,0.6969451029782497,0.002940021705544008,0.3001148753162063,0.30285926778649264,0.28718963534218833,0.0041663218195317694
29.07142857142857,0.6942819876203374,0.002939187059279021,0.3027788253203835,0.30555314154645824,0.2899493516676531,0.004172624342848173
29.228571428571428,0.691613531741449,0.0029382929870787394,0.3054481752714723,0.30825233179967637,0.2927163573008559,0.004178916285730394
29.385714285714286,0.6889398748060451,0.002937344473868606,0.30812278072008625,0.31095672727905427,0.29549054003560826,0.004185221221050081
29.54285714285714,0.6862610767064172,0.0029364183911952356,0.31080250490238753,0.31366621657628296,0.2982717873751691,0.004191582754652505
29.7,0.683577192389415,0.0029355531339549153,0.31348725447662995,0.3163806881464302,0.30105998653606886,0.004198003894705407
29.857142857142858,0.6808883440631158,0.002934702325536587,0.3161769536113475,0.31910003031235673,0.30385502445292834,0.004204447645937934
30.014285714285712,0.6781946961072369,0.002933806316437337,0.3188714975763259,0.3218241312697703,0.3066567877830085,0.004210890683162545
30.17142857142857,0.6754963776484352,0.00293287277509377,0.321570749576471,0.3245528790916992,0.3094651629107821,0.0042173524131852635
30.32857142857143,0.672793461228794,0.002931958539446923,0.32427458023175915,0.3272861617323969,0.31228003595273424,0.0042238637745751215
30.485714285714284,0.6700860188135629,0.002931088486696001,0.3269828926997412,0.330023867033148,0.31510129276233473,0.004230424465184079
30.642857142857142,0.6673741718580087,0.0029302263737418593,0.32969560176824936,0.33276588272651636,0.317928818933021,0.004237006817130844
30.8,0.6646580701749666,0.0029293301028612407,0.33241259972217213,0.33551209644008156,0.32076249980473776,0.004243595563719631
30.957142857142856,0.6619378361628785,0.0029284081824556326,0.3351337556546659,0.33826239570237615,0.32360222046819087,0.0042502063559614455
31.114285714285714,0.6592135521235022,0.002927502449245169,0.3378589454272527,0.34101666794671087,0.32644786576842494,0.004256860978506364
31.271428571428572,0.6564853021030114,0.0029266286904376074,0.340588069206551,0.3437748005160938,0.329299320310624,0.004263557395408061
31.428571428571427,0.6537532064293984,0.0029257588236913075,0.34332103474691034,0.3465366806678127,0.3321564684643256,0.004270275042425677
31.585714285714285,0.6510174043279123,0.002924863304702903,0.34605773236738474,0.3493021955780619,0.3350191943681854,0.004277004101962138
31.742857142857144,0.6482780138766001,0.0029239504378852648,0.3487980356855147,0.35207123234658755,0.33788738193467316,0.004283756985264925
31.9,0.6455351248444723,0.0029230508813291147,0.3515418242741986,0.3548436780013244,0.3407609148547808,0.004290548904095122
32.05714285714286,0.6427888298081126,0.0029221743822892944,0.35428899580959816,0.35761941950303205,0.3436396766027397,0.004297377057074509
32.214285714285715,0.6400392478489974,0.0029212993456714307,0.357039452805331,0.36039834374993085,0.34652355044074346,0.0043042262474891095
32.371428571428574,0.63728651050413,0.0029204051634388983,0.35979308433243123,0.3631803375823403,0.34941241942368373,0.004311090297439826
32.528571428571425,0.6345307331148882,0.0029194993946253466,0.36254976749048645,0.3659652877873117,0.35230616640389134,0.004317978908904943
32.68571428571428,0.631772011105049,0.002918604409215081,0.36530938448573586,0.3687530811032663,0.3552046740358872,0.004324902605406659
32.84285714285714,0.6290104430327028,0.002917725995827016,0.36807183097147006,0.37154360422462696,0.3581078247811411,0.004331858391541552
33.0,0.6262461467434869,0.002916847662383547,0.3708370055941295,0.3743367438064521,0.3610155009128371,0.004338835095909125
33.15714285714286,0.6234792481872518,0.002915955128233607,0.37360479668451463,0.3771323864690671,0.3639275845206483,0.004345828937557472
33.31428571428572,0.6207098609826455,0.002915054978026967,0.37637508403932757,0.37993041880269496,0.3668439575155188,0.0043528474049936965
33.47142857142857,0.6179380847868282,0.0029141634628123414,0.3791477517503596,0.3827307273720834,0.3697645016344505,0.0043598977004965945
33.628571428571426,0.6151640223012519,0.0029132838234251,0.38192269387532307,0.385533198721133,0.37268909844530296,0.004366976951205499
33.785714285714285,0.6123877902092295,0.002912403543808432,0.3846998062469621,0.3883377193775194,0.3756176293515901,0.004374076984252567
33.94285714285714,0.6096095103780805,0.0029115127995535794,0.38747897682236593,0.3911441758573189,0.37854997559729503,0.004381195569488694
34.1,0.6068292953342862,0.0029106171546381884,0.39026008751107555,0.3939524546696234,0.3814860182716839,0.0043883384212512
34.25714285714286,0.6040472478523177,0.002909728361166545,0.39304302378651573,0.3967624423211617,0.3844256383141261,0.004395510404388252
34.41428571428571,0.6012634734492358,0.0029088480591007056,0.39582767849166356,0.3995740253209109,0.38736871651892246,0.004402708927554014
34.57142857142857,0.5984780877369414,0.0029079668022137448,0.39861394546084483,0.4023870901847082,0.39031513354014574,0.004409928035241893
34.72857142857143,0.595691209565139,0.0029070778897833786,0.4014017125450776,0.4052015234398584,0.3932647698964718,0.004417166480971766
34.885714285714286,0.5929029507409693,0.0029061859149870114,0.40419086334404364,0.40801721162974,0.39621750597602734,0.004424428576188848
35.042857142857144,0.5901134162772861,0.0029052993402308904,0.4069812843824829,0.4108340413184056,0.39917322204124756,0.004431717555065922
35.2,0.5873227135445463,0.002904418827290439,0.40977286762816323,0.41365189909517275,0.4021317982337109,0.004439031168157801
35.357142857142854,0.5845309571635668,0.0029035372866015527,0.4125655055498316,0.41647067157923046,0.4050931145790388,0.004446365090942272
35.51428571428571,0.5817382637132283,0.0029026501897655927,0.4153590860970061,0.41929024542420984,0.4080570509917051,0.004453718682349672
35.67142857142857,0.5789447444770242,0.0029017612633111768,0.4181534942596648,0.42211050732278516,0.4110234872799577,0.004461095160096064
35.82857142857143,0.5761505060161214,0.002900876572153985,0.4209486174117246,0.42493134401125543,0.4139923031506711,0.0044684966292826535
35.98571428571429,0.573355656847076,0.002899996207355596,0.42374434694556823,0.42775264227408655,0.4169633782142112,0.004475921187919418
36.14285714285714,0.5705603106633259,0.0028991148751252565,0.42654057446154886,0.43057428894854116,0.4199365919893424,0.004483365703653955
36.3,0.5677645822815703,0.002898229548941362,0.42933718816948824,0.4333961709291805,0.42291182390808796,0.004490829894288977
36.457142857142856,0.5649685825438872,0.002897343209166863,0.43213407424694616,0.4362181751724751,0.4258889533206645,0.00449831613359747
36.614285714285714,0.5621724190127658,0.0028964601814770756,0.4349311208057571,0.4390401887013135,0.4288678595002944,0.004505825752552475
36.77142857142857,0.5593762008251945,0.0028955802466529026,0.4377282189281528,0.44186209860960934,0.43184842164819554,0.004513357172247279
36.92857142857143,0.5565800407876947,0.0028946994707796368,0.44052525974152573,0.44468379206678105,0.43483051889839,0.004520908126741346
37.08571428571428,0.5537840522912092,0.0028938158579667997,0.44332213185082403,0.44750515632234394,0.43781403032269656,0.004528478534576655
37.24285714285714,0.5509883457437117,0.0028929317636274135,0.44611872249266094,0.45032607871042496,0.4407988349355156,0.004536070124830983
37.4,0.5481930292719036,0.0028920502571265975,0.4489149204709697,0.45314644665422743,0.4437848116989171,0.004543683703448956
37.55714285714286,0.5453982122355321,0.0028911709713210225,0.4517106167931469,0.4559661476706417,0.44677183952735877,0.004551317976284677
37.714285714285715,0.5426040065708665,0.0028902909960940096,0.4545057024330395,0.45878506937475144,0.4497597972926655,0.004558971303727491
37.871428571428574,0.5398105244544897,0.002889409037113329,0.4573000665083968,0.46160309948422124,0.45274856382903433,0.004566643706168475
38.028571428571425,0.5370178758194681,0.0028885269369446987,0.4600935972435871,0.4644201258239338,0.4557380179376533,0.004574336424496424
38.18571428571428,0.5342261690031035,0.002887646861588747,0.4628861841353077,0.4672360363304623,0.45872803839217735,0.004582049913192359
38.34285714285714,0.5314355132812572,0.002886768393012125,0.46567771832573085,0.4700507190564217,0.46171850394303743,0.004589783120368648
38.5,0.5286460197123785,0.002885889389590095,0.4684680908980316,0.47286406217512184,0.4647092933226375,0.0045975348569778154
38.65714285714286,0.525857799381942,0.0028850090276722035,0.4712571915903858,0.47567595398487766,0.46770028525027224,0.0046053051849780525
38.81428571428572,0.5230709616761732,0.0028841287371719235,0.4740449095866548,0.478486282913644,0.4706913584371755,0.004613094979237762
38.97142857142857,0.5202856148522895,0.002883250037707638,0.47683113511000286,0.48129493752327807,0.4736823915910186,0.0046209044622801156
39.128571428571426,0.5175018678591785,0.002882372515102713,0.47961575962571856,0.48410180651415197,0.4766732634213942,0.004628732783170934
39.285714285714285,0.5147198308520311,0.0028814946011068336,0.4823986745468621,0.486906778729335,0.4796638526439897,0.004636579075235759
39.44285714285714,0.5119396138802911,0.0028806157865277605,0.4851797703331811,0.48970974315947163,0.4826540379865031,0.004644443408052308
39.6,0.5091613256958047,0.0028797371704188104,0.48795893713377647,0.4925105889468235,0.48564369819252096,0.004652326383174038
39.75714285714286,0.5063850742327025,0.002878859812987792,0.4907360659543098,0.495309205389689,0.48863271202753084,0.004660228073398091
39.91428571428571,0.503610967912535,0.002877983334905533,0.49351104875255936,0.498105481946696,0.4916209582824669,0.004668147792195127
40.07142857142857,0.5008391159466583,0.0028771065911645357,0.49628377746217717,0.5008993082419998,0.4946083157798235,0.004676084901711572
40.22857142857143,0.49806962735766275,0.0028762292794372165,0.49905414336290005,0.5036905740684132,0.49759466337827035,0.004684039460023769
40.385714285714286,0.49530261016278043,0.0028753522399915473,0.5018220375972281,0.5064791693928944,0.5005798799773153,0.0046920118682000495
40.542857142857144,0.49253817176833237,0.002874476205978978,0.5045873520256886,0.5092649843599014,0.503563844521667,0.0047000021039974365
40.699999999999996,0.48977641989903353,0.002873600845121448,0.507349979255845,0.5120479092966913,0.5065464360080484,0.00470800961243531
40.857142857142854,0.4870174627667346,0.002872725326789009,0.5101098119064765,0.5148278347175884,0.5095275334883034,0.004716033918583192
41.01428571428571,0.484261408345168,0.0028718494813936212,0.5128667421734383,0.5176046513272078,0.5125070160742015,0.004724075060818648
41.17142857142857,0.4815083638115419,0.0028709739464839526,0.5156206622419742,0.5203782500257618,0.5154847629436301,0.0047321332923622225
41.32857142857143,0.478758435864845,0.0028700992258937426,0.5183714649092614,0.5231485219132407,0.5184606533452414,0.004740208533961642
41.48571428571429,0.4760117313864277,0.002869225037581165,0.521119043575991,0.5259153582936298,0.5214345666021493,0.004748300335263949
41.64285714285714,0.47326835752377444,0.0028683507809715964,0.5238632916952539,0.5286786506791733,0.5244063821181287,0.00475640833524902
41.8,0.47052842115425947,0.0028674763710364766,0.526604102474704,0.5314382907946456,0.5273759793819133,0.004764532550316711
41.957142857142856,0.4677920285077079,0.0028666022891809502,0.5293413692031111,0.5341941705816318,0.5303432379721906,0.0047726731272757445
42.114285714285714,0.46505928541897024,0.0028657288772752565,0.5320749857037544,0.5369461822027811,0.5333080375624849,0.004780829953701755
42.27142857142857,0.46233029779320434,0.002864855901464975,0.5348048463053308,0.5396942180460487,0.5362702579260368,0.004789002661124387
42.42857142857143,0.459605171639578,0.002863982930934698,0.5375308454294874,0.5424381707289246,0.5392297789406773,0.004797190969578055
42.58571428571428,0.4568840126775696,0.0028631099318096468,0.5402528773906208,0.5451779331026522,0.5421864805936997,0.004805394873977685
42.74285714285714,0.4541669260818675,0.0028622372646387438,0.5429708366534937,0.5479133982564344,0.5451402429867257,0.0048136144439661155
42.9,0.4514540166798937,0.00286136515978793,0.5456846181603184,0.5506444595216254,0.5480909463405679,0.0048218495501518455
43.05714285714286,0.4487453892799653,0.0028604934269352835,0.5483941172930993,0.5533710104759135,0.551038471000086,0.004830099888674741
43.214285714285715,0.4460411486747156,0.002859621757289216,0.5510992295679952,0.5560929449474886,0.55398269743904,0.0048383652358220276
43.371428571428574,0.4433413993508563,0.002858750147867207,0.5537998505012766,0.5588101570191971,0.5569235062649371,0.004846645567198455
43.528571428571425,0.44064624532068536,0.0028578788685719655,0.5564958758107427,0.5615225410326857,0.5598607782238729,0.004854940898624543
43.68571428571428,0.4379557902754346,0.0028570080711226038,0.5591872016534427,0.5642299915925306,0.5627943942053675,0.004863251093411069
43.84285714285714,0.43527013781273155,0.002856137602065558,0.561873724585203,0.566932403570353,0.5657242352471963,0.0048715758971851954
44.0,0.4325893914239817,0.002855267242956007,0.5645553413330623,0.5696296721089219,0.568650182540213,0.004879915126347973
44.15714285714286,0.42991365428338124,0.0028543970074779287,0.5672319487091408,0.5723216926262445,0.5715721174331689,0.0048882687406128465
44.31428571428572,0.42724302913605294,0.002853527095514012,0.5699034437684329,0.5750083608196385,0.5744899214375232,0.004896636717495136
44.47142857142857,0.4245776184154669,0.002852657605461017,0.5725697239790721,0.5776895726697967,0.5774034762322487,0.004905018919388901
44.628571428571426,0.4219175244005496,0.002851788415619621,0.5752306871838309,0.5803652244448331,0.5803126636686318,0.004913415130679404
44.785714285714285,0.4192628491955983,0.0028509193725099074,0.5778862314318918,0.5830352127043132,0.5832173657750588,0.0049218251959810815
44.94285714285714,0.41661369457693304,0.002850050497769081,0.5805362549252979,0.5856994343032774,0.5861174647618055,0.0049302490622253805
45.1,0.41397016191909647,0.002849181938426528,0.583180656142477,0.5883577863962393,0.5890128430258058,0.0049386866804999275
45.25714285714285,0.41133235228385107,0.002848313756748752,0.5858193339594003,0.5910101664411805,0.5919033831554341,0.004947137915691179
45.41428571428571,0.40870036652860503,0.002847445857324338,0.5884521876140706,0.5936564722035205,0.5947889679352516,0.004955602582697605
45.57142857142857,0.40607430528287797,0.0028465781327369002,0.5910791165843853,0.5962966017600789,0.5976694803507678,0.004964080545905147
45.72857142857143,0.40345426883642765,0.00284571060768331,0.5937000205558889,0.5989304535030161,0.6005448035931863,0.004972571742186099
45.885714285714286,0.4008403570921704,0.0028448433898927553,0.5963147995179369,0.6015579261437657,0.6034148210641337,0.0049810761051691564
46.042857142857144,0.39823266963272475,0.0028439765173667313,0.5989233538499086,0.604178918716948,0.6062794163804073,0.004989593504429514
46.199999999999996,0.39563130579422745,0.0028431099156672177,0.6015255842901055,0.6067933305842511,0.6091384733786541,0.004998123778345133
46.357142857142854,0.39303636464261227,0.0028422435103203675,0.6041213918470673,0.6094010614383542,0.6119918761201345,0.005006666805598362
46.51428571428571,0.3904479448915422,0.0028413773262164683,0.6067106777822413,0.6120020113067477,0.6148395088953867,0.005015222515571049
46.67142857142857,0.38786614487362153,0.002840511441927661,0.6092933436844508,0.6145960805555979,0.617681256228915,0.005023790830733903
46.82857142857143,0.3852910625896218,0.0028396458790287266,0.6118692915313495,0.6171831698935831,0.6205170028839163,0.005032371626184885
46.98571428571429,0.38272279575773877,0.002838780579751361,0.6144384236625099,0.6197631803757722,0.6233466338669043,0.005040964758680643
47.14285714285714,0.380161441791047,0.0028379154932948974,0.6170006427156581,0.6223360134072404,0.6261700344323895,0.005049570117258021
47.3,0.3776070977377124,0.0028370506430736315,0.6195558516192139,0.6249015707471196,0.6289870900875378,0.0050581876262123515
47.457142857142856,0.3750598602637133,0.0028361860860385566,0.6221039536502482,0.6274597545121051,0.6317976865968247,0.005066817201169093
47.614285714285714,0.37251982568921255,0.002835321832817657,0.6246448524779697,0.6300104671804035,0.63460170998659,0.0050754587230836595
47.77142857142857,0.3699870900203731,0.0028344578388151743,0.6271784521408118,0.6325536115953861,0.6373990465498468,0.00508411206306835
47.92857142857143,0.3674617489288703,0.0028335940701598884,0.6297046570009699,0.6350890909692142,0.6401895828506166,0.005092777118084002
48.08571428571428,0.3649438977082483,0.002832730548070708,0.632223371743681,0.6376168088867501,0.6429732057287908,0.005101453809103803
48.24285714285714,0.36243363126416617,0.00283186731334732,0.6347345014224866,0.6401366693090343,0.6457498023045958,0.005110142048012838
48.4,0.3599310441408096,0.00283100436950729,0.6372379514896831,0.642648576577142,0.6485192599831201,0.005118841721551446
48.55714285714286,0.3574362305407777,0.0028301416822891492,0.6397336277769331,0.6451524354155845,0.651281466459039,0.005127552712220908
48.714285714285715,0.35494928430668404,0.0028292792298537754,0.642221436463462,0.6476481509361072,0.6540363097209878,0.005136274923151839
48.871428571428574,0.35247029888937464,0.0028284170310664326,0.6447012840795588,0.6501356286413187,0.6567836780562148,0.005145008273520732
49.028571428571425,0.3499993673428404,0.0028275551147442096,0.6471730775424155,0.6526147744283181,0.6595234600550942,0.00515375267369674
49.18571428571428,0.3475365823432867,0.0028266934797085276,0.6496367241770049,0.6550854945918524,0.6622555446156998,0.00516250801562961
49.34285714285714,0.34508203620056904,0.002825832099749848,0.652092131699681,0.6575476958285585,0.6649798209481703,0.005171274191267795
49.5,0.342635820841822,0.0028249709615307626,0.6545392081966472,0.6600012852400543,0.6676961785792581,0.005180051108660364
49.65714285714286,0.34019802778853125,0.0028241100818233184,0.6569778621296454,0.6624461703362207,0.6704045073568076,0.005188838686252725
49.81428571428572,0.3377687481541472,0.002823249480523388,0.6594080023653295,0.6648822590396113,0.673104697454409,0.005197636834362398
49.97142857142857,0.33534807265780114,0.002822389153601811,0.661829538188597,0.6673094596879182,0.6757966393755177,0.005206445450344583
50.128571428571426,0.3329360916298759,0.0028215290807058814,0.6642423792894183,0.6697276810377011,0.6784802239583739,0.005215264433179776
50.285714285714285,0.3305328949972864,0.002820669254804254,0.6666464357479094,0.672136832268493,0.6811553423795279,0.005224093695348398
50.44285714285714,0.3281385722669768,0.002819809690605616,0.6690416180424177,0.6745368229855987,0.6838218861592837,0.005232933155710332
50.6,0.32575321252555506,0.0028189504014400507,0.6714278370730049,0.67692756322302,0.6864797471658093,0.005241782724686634
50.75714285714285,0.3233769044487563,0.0028180913817761736,0.6738050041694675,0.6793089634486229,0.6891288176188751,0.005250642305517666
50.91428571428571,0.3210097363031383,0.0028172326154651327,0.6761730310813965,0.6816809345646724,0.6917689900949303,0.005259511802697248
51.07142857142857,0.31865179593246457,0.002816374099982156,0.6785318299675531,0.6840433879144862,0.6944001575314023,0.0052683911328410115
51.22857142857143,0.3163031707464526,0.0028155158476342976,0.680881313405913,0.6863962352825959,0.6970222132314107,0.0052772802145170305
51.385714285714286,0.3139639477205762,0.002814657867654738,0.6832213944117692,0.6887393889009698,0.6996350508658674,0.005286178960865315
51.542857142857144,0.3116342134037091,0.00281380015325962,0.6855519864430314,0.6910727614501435,0.7022385644811902,0.005295087278953602
51.699999999999996,0.309314053915991,0.002812942692457328,0.6878730033915517,0.6933962660628923,0.7048326485009931,0.005304005079328162
51.857142857142854,0.3070035549376388,0.002812085485655851,0.6901843595767053,0.6957098163280174,0.707417197731649,0.005312932281225393
52.01428571428571,0.30470280170000213,0.0028112285431536785,0.6924859697568442,0.698013326293589,0.7099921073660794,0.0053218688048637655
52.17142857142857,0.3024118789868232,0.0028103718704556445,0.6947777491427212,0.7003067104697435,0.7125572729881064,0.005330814564744274
52.32857142857143,0.3001308711390319,0.002809515459648555,0.6970596134013196,0.7025898838320169,0.7151125905766852,0.005339769471780277
52.48571428571429,0.2978598620505804,0.002808659302646644,0.699331478646773,0.7048627618245025,0.7176579565101233,0.005348733441930265
52.64285714285714,0.2955989351590831,0.0028078034017916535,0.7015932614391251,0.7071252603629903,0.720193267570281,0.0053577063973164075
52.8,0.2933481734388088,0.0028069477665396262,0.7038448787946517,0.709377295838083,0.7227184209467579,0.0053666882595792
52.957142857142856,0.29110765940341077,0.0028060923986789775,0.7060862481979102,0.711618785118292,0.7252333142410604,0.005375678945236687
53.114285714285714,0.28887747510747,0.0028052372903843237,0.7083172876021456,0.7138496455531106,0.7277378454707558,0.005384678369240017
53.27142857142857,0.2866577021420507,0.0028043824359081874,0.7105379154220409,0.7160697949760687,0.7302319130736067,0.005393686451964749
53.42857142857143,0.2844484216253144,0.0028035278394259035,0.7127480505352598,0.7182791517077621,0.7327154159116895,0.0054027031179272374
53.58571428571428,0.28224971419879463,0.0028026735088615374,0.7149476122923438,0.7204776345588634,0.7351882532754965,0.005411728290389932
53.74285714285714,0.28006166002955907,0.0028018194431062207,0.7171365205273347,0.7226651628331087,0.7376503248880192,0.005420761887713102
53.9,0.27788433881046515,0.0028009656350497457,0.719314695554485,0.7248416563302651,0.7401015309088153,0.005429803829157516
54.05714285714286,0.2757178297545975,0.0028001120810017396,0.7214820581644007,0.7270070353490723,0.7425417719380564,0.005438854038777638
54.214285714285715,0.2735622115867837,0.0027992587874922964,0.7236385296257241,0.7291612206901654,0.7449709490205607,0.005447912444001137
54.371428571428574,0.2714175625424937,0.0027984057596351255,0.7257840316978713,0.7313041336589757,0.7473889636498043,0.005456978969102192
54.528571428571425,0.269283960368887,0.0027975529946739626,0.727918486636439,0.7334356960686039,0.7497957177719168,0.005466053534998587
54.68571428571428,0.2671614823247412,0.0027967004848076793,0.7300418171904511,0.7355558302426792,0.7521911137896574,0.005475136064536446
54.84285714285714,0.26505020517227856,0.00279584822988405,0.7321539465978374,0.7376644590181888,0.7545750545663718,0.005484226485497607
55.0,0.2629502051720829,0.0027949962367607695,0.7342547985911563,0.739761505748286,0.7569474434299329,0.005493324727328881
55.15714285714286,0.26086155808191563,0.0027941445088890014,0.7363442974091954,0.7418468943050796,0.7593081841766607,0.005502430715373671
55.31428571428572,0.2587843391592169,0.002793293041299641,0.7384223677994836,0.7439205490823976,0.7616571810752215,0.0055115443735002
55.47142857142857,0.25671862315748895,0.002792441827702909,0.7404889350148082,0.7459823949985226,0.7639943388705125,0.005520665628273587
55.628571428571426,0.2546644843191844,0.0027915908711516127,0.7425439248096639,0.7480323574989175,0.7663195627875217,0.005529794411380613
55.785714285714285,0.2526219963716617,0.002790740177612947,0.7445872634507253,0.7500703625589128,0.7686327585351751,0.0055389306531168974
55.94285714285714,0.25059123252775495,0.002789889748159582,0.7466188777240854,0.7520963366863836,0.7709338323101612,0.005548074280624902
56.1,0.24857226548699354,0.0027890395753456935,0.7486386949376608,0.7541102069243928,0.7732226908007178,0.005557225220077519
56.25714285714285,0.24656516742979728,0.0027881896563864625,0.7506466429138162,0.756111900853816,0.7754992411904554,0.005566383402438979
56.41428571428571,0.2445700100119449,0.0027873399956454183,0.7526426499924097,0.7581013465959477,0.7777633911620644,0.005575548761469391
56.57142857142857,0.24258686436163865,0.0027864905991640113,0.7546266450391974,0.7600784728150731,0.7800150489011135,0.005584721229082326
56.72857142857143,0.2406158010817294,0.0027856414644640893,0.7565985574538066,0.762043208721016,0.7822541230997349,0.0055939007339630455
56.885714285714286,0.23865689024786393,0.002784792584920239,0.7585583171672158,0.7639954840716855,0.7844805229603532,0.005603087205809959
57.042857142857144,0.23671020140329824,0.0027839439594796343,0.7605058546372222,0.7659352291755704,0.7866941581993359,0.005612280579024562
57.199999999999996,0.23477580355314467,0.0027830955941494278,0.7624411008527059,0.7678623748942155,0.7888949390507066,0.005621480789321982
57.357142857142854,0.23285376516421152,0.0027822474926595788,0.764363987343129,0.7697768526446954,0.7910827762697066,0.005630687769733925
57.51428571428571,0.2309441541658857,0.0027813996506024946,0.7662744461835119,0.7716785944020231,0.7932575811365026,0.005639901450723695
57.67142857142857,0.22904703794795747,0.0027805520619650355,0.7681724099900775,0.7735675327015945,0.7954192654597126,0.005649121765591812
57.82857142857143,0.2271624833541526,0.0027797047280315188,0.7700578119178159,0.7754436006415445,0.7975677415800072,0.005658348651462886
57.98571428571429,0.2252905566784223,0.0027788576559105702,0.771930585665667,0.7773067318851379,0.7997029223737163,0.005667582046153485
58.14285714285714,0.2234313236656456,0.002778010846639651,0.7737906654877147,0.7791568606630375,0.8018247212562483,0.005676821883234524
58.3,0.22158484951216498,0.002777164294621191,0.7756379861932138,0.78099392177571,0.8039330521857219,0.005686068095923007
58.457142857142856,0.21975119886216088,0.00277631799463612,0.7774724831432029,0.7828178505956647,0.8060278296663144,0.005695320620569591
58.614285714285714,0.21793043580084379,0.002775471951919841,0.7792940922472364,0.7846285830696745,0.8081089687519314,0.005704579397660833
58.77142857142857,0.2161226238534271,0.0027746261718200275,0.7811027499747529,0.7864260557211256,0.8101763850494725,0.005713844365482262
58.92857142857143,0.21432782598570146,0.0027737806532939,0.7828983933610046,0.7882102056520482,0.8122299947223303,0.005723115459039859
59.08571428571428,0.21254610460438197,0.0027729353882538486,0.7846809600073641,0.7899809705456322,0.814269714493668,0.00573239261395726
59.24285714285714,0.21077752155039994,0.0027720903757864094,0.7864503880738137,0.7917382886679063,0.8162954616501286,0.005741675770199059
59.4,0.2090221380952959,0.0027712456219052095,0.788206616282799,0.7934820988703677,0.8183071540447361,0.005750964869991744
59.55714285714286,0.20728001494021753,0.0027704011311982207,0.7899495839285843,0.79521234059172,0.8203047101006112,0.005760259852259508
59.714285714285715,0.20555121221814807,0.002769556899257743,0.7916792308825942,0.7969289538601693,0.8222880488140315,0.005769560653820955
59.871428571428574,0.2038357894907369,0.0027687129195682492,0.793395497589695,0.7986318792955802,0.8242570897579379,0.005778867213532684
60.028571428571425,0.2021338057428345,0.002767869193920371,0.7950983250632452,0.8003210581110767,0.82621175308478,0.005788179474548358
60.18571428571428,0.20044531937953275,0.002767025728509977,0.7967876548919572,0.8019964321155082,0.828151959530483,0.00579749737984395
60.34285714285714,0.19877038822698959,0.002766182525234254,0.7984634292477762,0.8036579437153699,0.8300776304168298,0.005806820869597159
60.5,0.19710906953311455,0.0027653395775979876,0.8001255908892875,0.8053055359163613,0.8319886876550177,0.005816149882050288
60.65714285714286,0.19546141996336136,0.0027644968814853387,0.8017740831551534,0.8069391523258965,0.8338850537494203,0.005825484359545191
60.81428571428571,0.19382749559596543,0.0027636544403826864,0.8034088499636518,0.8085587371546733,0.8357666517993138,0.005834824247307887
60.97142857142857,0.19220735192020968,0.0027628122610276716,0.8050298358187626,0.8101642352185072,0.8376334055035233,0.005844169489654697
61.128571428571426,0.19060104383831267,0.00276197034187547,0.8066369858198118,0.8117555919404146,0.8394852391625388,0.005853520027294353
61.285714285714285,0.18900862566415488,0.002761128676573307,0.8082302456592717,0.8133327533522152,0.8413220776820748,0.005862875801220826
61.44285714285714,0.18743015111929603,0.002760287262071796,0.8098095616186322,0.8148956660967565,0.8431438465754044,0.005872236756593917
61.6,0.1858656733277515,0.00275944610516512,0.8113748805670834,0.8164442774292325,0.8449504719673132,0.0058816028410196945
61.75714285714285,0.18431524481722494,0.002758605210181229,0.8129261499725938,0.8179785352187545,0.8467418805971892,0.005890973998963318
61.91428571428571,0.18277891751970413,0.0027577645736158777,0.8144633179066799,0.8194983879503352,0.848517999820247,0.005900350171768793
62.07142857142857,0.18125674277016568,0.002756924187882842,0.8159863330419515,0.821003784728027,0.8502787576125979,0.005909731304370473
62.22857142857143,0.17974877130031633,0.0027560840539561835,0.8174951446457276,0.822494675273568,0.8520240825730556,0.005919117343563906
62.385714285714286,0.178255053236656,0.0027552441791359105,0.8189897025842082,0.8239710099305683,0.8537539039262585,0.005928508238403846
62.542857142857144,0.1767756381017113,0.002754404565620301,0.8204699573326685,0.8254327396651107,0.8554681515255377,0.005937903933749161
62.699999999999996,0.17531057481485843,0.002753565207591382,0.8219358599775503,0.8268798160675109,0.8571667558557626,0.005947304373492065
62.857142857142854,0.17385991168860337,0.0027527260994418628,0.8233873622119549,0.828312191353888,0.8588496480361585,0.0059567095040658335
63.01428571428571,0.1724236964234219,0.0027518872457327503,0.8248244163308454,0.8297298183677072,0.8605167598230997,0.0059661192760878945
63.17142857142857,0.1710019761078253,0.0027510486521968584,0.8262469752399778,0.8311326505812973,0.8621680236128775,0.005975533638371057
63.32857142857143,0.16959479721941562,0.002750210318471344,0.827654992462113,0.8325206420973416,0.8638033724444407,0.005984952536765665
63.48571428571429,0.1682022056249593,0.0027493722366890815,0.8290484221383516,0.8338937476503411,0.8654227400021116,0.005994375916814716
63.64285714285714,0.16682424657478176,0.002748534405042034,0.8304272190201762,0.8352519226080531,0.8670260606182745,0.0060038037281544086
63.8,0.16546096470022917,0.0027476968290742775,0.8317913384706964,0.8365951229729017,0.8686132692760398,0.006013235922576812
63.957142857142856,0.16411240401392424,0.002746859514109972,0.8331407364719657,0.8379233053833609,0.8701843016118789,0.0060226724496702765
64.11428571428571,0.1627786079117672,0.0027460224563325484,0.8344753696319003,0.8392364271153138,0.8717390939182361,0.006032113256174577
64.27142857142857,0.161459619170248,0.002745185649188441,0.8357951951805636,0.8405344460833827,0.8732775831461116,0.0060415582901742
64.42857142857143,0.16015547994223742,0.002744349092575321,0.8371001709651873,0.8418173208422322,0.8747997069076171,0.006051007503675073
64.58571428571429,0.15886623175450532,0.0027435127937615053,0.8383902554517331,0.8430850105878477,0.8763054034785076,0.006060460849674348
64.74285714285715,0.15759191551006405,0.0027426767554633805,0.8396654077344725,0.8443374751587845,0.8777946118006835,0.00606991827821326
64.9,0.15633257148859261,0.0027418409719361407,0.8409255875394713,0.845574675037392,0.8792672714846667,0.006079379737088598
65.05714285714285,0.15508823934328156,0.0027410054372639914,0.8421707552194544,0.8467965713510089,0.8807233228120498,0.006088845177037631
65.21428571428571,0.1538589580962858,0.0027401701542858242,0.8434008717494285,0.8480031258731344,0.882162706737918,0.006098314552005633
65.37142857142857,0.1526447661383332,0.002739335130713739,0.844615898730953,0.8491943010245685,0.883585364893243,0.006107787816023601
65.52857142857142,0.15144570123168502,0.0027385003658654296,0.8458157984024495,0.8503700598745286,0.8849912395872517,0.00611726491890246
65.68571428571428,0.1502618005089131,0.0027376658531769074,0.8470005336379102,0.8515303661417376,0.8863802738097596,0.006126745810631922
65.84285714285714,0.14909310046923874,0.002736831588636061,0.8481700679421251,0.8526751841954854,0.8877524112334927,0.006136230444256646
66.0,0.14793963697438023,0.0027359975791475715,0.8493243654464722,0.8538044790566617,0.8891075962163644,0.006145718776095438
66.15714285714286,0.1468014452513786,0.0027351638293823003,0.8504633909192393,0.8549182163987643,0.8904457738037294,0.006155210759713148
66.31428571428572,0.14567855989346085,0.00273433033651365,0.8515871097700255,0.8560163625488771,0.8917668897306256,0.006164706345979057
66.47142857142858,0.14457101485878404,0.002733497092386993,0.8526954880488291,0.8570988844886244,0.8930708904239553,0.006174205486574381
66.62857142857143,0.14347884346482906,0.0027326640976060275,0.853788492437565,0.8581657498550986,0.8943577230046714,0.006183708137280466
66.78571428571428,0.1424020783879825,0.002731831359117853,0.8548660902528996,0.8592169269417489,0.8956273352899209,0.006193214255002308
66.94285714285714,0.14134075166575588,0.002730998880118145,0.8559282494541259,0.8602523846992621,0.8968796757951542,0.0062027237935468
67.1,0.14029489469774428,0.002730166655027653,0.8569749386472281,0.8612720927364031,0.8981146937362161,0.006212236704995401
67.25714285714285,0.13926453824217064,0.002729334677887951,0.8580061270799415,0.862276021320831,0.8993323390314107,0.006221752943427812
67.41428571428571,0.1382497124119409,0.0027285029517737434,0.8590217846362852,0.8632641413798853,0.9005325623035162,0.006231272466701702
67.57142857142857,0.13725044667540995,0.002727671483425113,0.860021881841165,0.8642364245013526,0.9017153148818152,0.006240795232038757
67.72857142857143,0.1362667698588303,0.002726840273353931,0.8610063898678157,0.8651928429341935,0.9028805488040278,0.006250321193715206
67.88571428571429,0.13529871014623152,0.0027260093142689227,0.8619752805394997,0.866133369589257,0.9040282168183071,0.006259850304882958
68.04285714285714,0.13434629507487583,0.0027251786026955367,0.8629285263224287,0.8670579780399715,0.9051582723850943,0.006269382522250613
68.2,0.13340955153311568,0.002724348143318771,0.8638661003235657,0.8679666425229495,0.906270669679066,0.006278917804751618
68.35714285714286,0.13248850576165883,0.0027235179430271546,0.8647879762953141,0.8688593379386834,0.9073653635909708,0.006288456110378198
68.51428571428572,0.1315831833570798,0.002722687998404673,0.8656941286445154,0.8697360398520885,0.9084423097294343,0.00629799739331908
68.67142857142856,0.13069360926877716,0.00272185830274852,0.8665845324284742,0.8705967244930825,0.9095014644227782,0.006307541608812095
68.82857142857142,0.12981980779564986,0.0027210288543568655,0.8674591633499933,0.8714413687571453,0.9105427847208029,0.006317088715463812
68.98571428571428,0.12896180258393355,0.002720199661489013,0.8683179977545774,0.8722699502058338,0.9115662283965271,0.006326638673900233
69.14285714285714,0.12811961663180124,0.0027193707273307694,0.869161012640868,0.873082447067258,0.9125717539478745,0.006336191441629687
69.3,0.12729327228982976,0.002718542046670438,0.8699881856634999,0.8738788382365376,0.9135593205993594,0.006345746973747027
69.45714285714286,0.12648279125814627,0.0027177136123201096,0.8707994951295336,0.8746591032762381,0.9145288883037751,0.0063553052273996775
69.61428571428571,0.12568819458206387,0.002716885427053216,0.8715949199908829,0.8754232224167969,0.9154804177438328,0.006364866163251823
69.77142857142857,0.12490950265358478,0.0027160574984801985,0.8723744398479352,0.8761711765568797,0.9164138703336874,0.0063744297421912555
69.92857142857143,0.12414673521515637,0.0027152298270861383,0.8731380349577574,0.8769029472637493,0.9173292082204952,0.0063839959214960435
70.08571428571429,0.12339991135886813,0.0027144024062062317,0.8738856862349256,0.8776185167735822,0.9182263942860184,0.006393564657917231
70.24285714285715,0.12266904952283672,0.0027135752313231123,0.8746173752458402,0.8783178679916739,0.9191053921481018,0.0064031359104598645
70.4,0.12195416748825665,0.002712748308360657,0.8753330842033826,0.879000984493003,0.9199661661622254,0.00641270964199744
70.55714285714285,0.12125528238322304,0.0027119216427746334,0.8760327959740023,0.8796678505219729,0.92080868142269,0.006422285812609271
70.71428571428571,0.12057241068468626,0.002711095232536334,0.8767164940827774,0.8803184509932449,0.9216329037645298,0.006431864380598416
70.87142857142857,0.11990556821719704,0.0027102690697532804,0.8773841627130496,0.8809527714912867,0.9224387997641599,0.006441445303406892
71.02857142857142,0.11925477014811454,0.0027094431536858667,0.8780357866981996,0.8815707982710126,0.9232263367414718,0.006451028542708454
71.18571428571428,0.11862003098790493,0.0027086174906810535,0.8786713515214141,0.8821725182577621,0.9239954827607968,0.0064606140616639655
71.34285714285714,0.11800136459325564,0.00270779208553497,0.8792908433212094,0.8827579190473589,0.9247462066321139,0.006470201821035965
71.5,0.11739878416964218,0.002706966932762206,0.8798942488975956,0.8833269889061701,0.9254784779124288,0.0064797917790359524
71.65714285714286,0.11681230226733075,0.002706142026132189,0.8804815557065371,0.8838797167713085,0.9261922669073186,0.006489383895521877
71.81428571428572,0.11624193077854965,0.0027053173668279288,0.8810527518546224,0.8844160922503156,0.9268875446716673,0.006498978133373622
71.97142857142858,0.11568768093822004,0.0027044929631282436,0.8816078260986516,0.8849361056218833,0.9275642830108328,0.006508574457046685
72.12857142857143,0.11514956332893837,0.002703668816380264,0.8821467678546814,0.8854397478345803,0.9282224544821412,0.006518172826367018
72.28571428571428,0.11462758788104863,0.0027028449194379627,0.8826695671995133,0.8859270105082478,0.9288620323958543,0.006527773200791578
72.44285714285714,0.11412176386819373,0.0027020212672341716,0.8831762148645721,0.886397885932755,0.9294829908161917,0.006537375542007388
72.6,0.11363209990540757,0.002701197864273907,0.8836667022303185,0.8868523670686806,0.9300853045624233,0.006546979814588639
72.75714285714285,0.11315860395199945,0.0027003747180845664,0.8841410213299159,0.8872904475465979,0.9306689492098875,0.006556585982478113
72.91428571428571,0.1127012833164409,0.0026995518260815167,0.8845991648574775,0.8877121216672108,0.9312339010909805,0.006566194005815939
73.07142857142857,0.11226014465328908,0.002698729181282426,0.8850411261654285,0.8881173844010907,0.9317801372961162,0.006575803845372572
73.22857142857143,0.11183519396011611,0.002697906781289367,0.8854668992585945,0.8885062313884529,0.9323076356746555,0.006585415464746846
73.38571428571429,0.11142643657620883,0.00269708463411006,0.8858764787896811,0.8888786589389088,0.9328163748358033,0.006595028829918465
73.54285714285714,0.11103387718883297,0.002696262743408546,0.8862698600677585,0.8892346640311892,0.9333063341494771,0.006604643904058214
73.7,0.11065751983419916,0.002695441104762631,0.886647039061038,0.8895742443128414,0.9337774937471428,0.006614260648083459
73.85714285714286,0.11029736789499842,0.0026946197106005516,0.887008012394401,0.889897398099899,0.9342298345226207,0.00662387902404595
74.01428571428572,0.10995342409633022,0.002693798562865805,0.8873527773408039,0.8902041243765255,0.9346633381328602,0.00663349899742866
74.17142857142856,0.10962569050832532,0.0026929776689671686,0.8876813318227074,0.8904944227946301,0.9350779869986835,0.006643120534290866
74.32857142857142,0.10931416855093921,0.0026921570307780252,0.8879936744182828,0.8907682936734561,0.9354737643054993,0.006652743597762453
74.48571428571428,0.10901885899441063,0.002691336641584102,0.8882898043640053,0.891025737999145,0.935850654003984,0.006662368149538193
74.64285714285714,0.10873976195527915,0.0026905164963490513,0.8885697215483719,0.8912667574242706,0.9362086408107324,0.006671994153443552
74.8,0.10847687689439603,0.002689696599257194,0.8888334265063468,0.8914913542673485,0.9365477102088785,0.0066816215763403145
74.95714285714286,0.10823020262090083,0.002688876957383954,0.8890809204217152,0.891699531512318,0.9368678484486833,0.006691250384282567
75.11428571428571,0.10799973729643746,0.0026880575698414386,0.8893122051337212,0.8918912928079967,0.9371690425480933,0.006700880540519585
75.27142857142857,0.10778547843453276,0.002687238428468432,0.8895272831369987,0.8920666424675106,0.9374512802932659,0.0067105120074703066
75.42857142857143,0.10758742289536644,0.0026864195310182877,0.8897261575736152,0.8922255854676945,0.9377145502390655,0.006720144750988996
75.58571428571429,0.10740556688679025,0.0026856008833475104,0.8899088322298622,0.8923681274484686,0.9379588417095279,0.006729778738587735
75.74285714285715,0.1072399059683777,0.002684782491850115,0.890075311539772,0.8924942747121866,0.9381841447982927,0.00673941393647449
75.89999999999999,0.10709043505637635,0.002683964351172527,0.8902256005924511,0.8926040342229586,0.9383904503690048,0.006749050307441521
76.05714285714285,0.1069571484187901,0.002683146454723185,0.8903597051264867,0.8926974136059462,0.9385777500556856,0.006758687815758838
76.21428571428571,0.1068400396731836,0.0026823288026175764,0.8904776315241988,0.8927744211466334,0.9387460362630717,0.006768326428651335
76.37142857142857,0.1067391017877769,0.002681511403870152,0.8905793868083529,0.8928350657900668,0.9388953021669239,0.006777966114635018
76.52857142857142,0.10665432708891084,0.0026806942601446475,0.8906649786509444,0.8928793571400765,0.9390255417143022,0.006787606839090207
76.68571428571428,0.10658570726108636,0.0026798773649232446,0.8907344153739903,0.8929073054584631,0.939136749623811,0.006797248565645276
76.84285714285714,0.10653323334312635,0.002679060712067022,0.8907877059448066,0.8929189216641633,0.9392289213858167,0.00680689126004063
77.0,0.10649689572602945,0.0026782443058168113,0.8908248599681536,0.8929142173323874,0.9393020532626276,0.006816534890843929
77.15714285714286,0.10647668415752187,0.0026774281536687842,0.8908458876888092,0.8928932046937321,0.9393561422886442,0.006826179426386216
77.31428571428572,0.10647258774788222,0.002676612254355938,0.8908507999977618,0.892855896633267,0.9393911862704817,0.00683582483170387
77.47142857142858,0.10648459496789171,0.0026757966007144827,0.8908396084313936,0.8928023066895913,0.9394071837870608,0.006845471071658525
77.62857142857143,0.10651269364552948,0.002674981189622406,0.8908123251648481,0.892732449053872,0.9394041341896587,0.006855118113527927
77.78571428571428,0.10655687096545415,0.0026741660278450713,0.8907689630067008,0.892646338568849,0.9393820376019465,0.00686476592700467
77.94285714285714,0.10661711347582231,0.0026733511204343405,0.8907095354037433,0.8925439907278148,0.9393408949199659,0.006874414479883096
78.1,0.106693407091155,0.002672536463972734,0.8906340564448723,0.8924254216735815,0.9392807078121154,0.006884063737573007
78.25714285714285,0.10678573709045695,0.002671722050505715,0.8905425408590374,0.8922906481973955,0.9392014787190642,0.006893713665760701
78.41428571428571,0.10689408811268135,0.002670907880703852,0.8904350040066149,0.892139687737856,0.9391032108536612,0.006903364233475922
78.57142857142857,0.10701844416032913,0.0026700939614358403,0.8903114618782351,0.8919725583797871,0.938985908200806,0.006913015410569108
78.72857142857143,0.10715878860477324,0.0026692802967408437,0.8901719310984859,0.8917892788530948,0.9388495755172872,0.00692266716487803
78.88571428571429,0.10731510418972172,0.002668466879437146,0.8900164289308412,0.8915898685315963,0.9386942183315824,0.006932319461764074
79.04285714285714,0.10748737302569905,0.002667653703933322,0.8898449732703676,0.891374347431821,0.9385198429436421,0.006941972268496845
79.2,0.10767557658881238,0.0026668407730852106,0.8896575826381025,0.8911427362117719,0.9383264564246293,0.006951625555320757
79.35714285714286,0.10787969572484286,0.002666028095515073,0.889454276179642,0.8908950561697235,0.9381140666166347,0.006961279292423015
79.51428571428572,0.10809971065636563,0.002665215670876299,0.8892350736727581,0.8906313292428943,0.9378826821323697,0.006970933447157099
79.67142857142856,0.10833560098221169,0.0026644034910704357,0.8889999955267179,0.8903515780061858,0.9376323123547768,0.0069805879855558955
79.82857142857142,0.1085873456722575,0.0026635915524610113,0.8887490627752814,0.8900558256708422,0.9373629674367133,0.0069902428765816794
79.98571428571428,0.10885492306835204,0.002662779860920405,0.8884822970707277,0.8897440960831169,0.9370746583004869,0.0069998980912154805
80.14285714285714,0.10913831089010376,0.002661968423175166,0.8881997206867212,0.8894164137228564,0.9367673966374462,0.007009553599428975
80.3,0.1094374862410443,0.0026611572348773523,0.8879013565240785,0.8890728037021962,0.9364411949074531,0.007019209367964944
80.45714285714286,0.10975242560412297,0.0026603462891594456,0.8875872281067176,0.8887132917640171,0.9360960663384733,0.007028865364569859
80.61428571428571,0.11008310483962122,0.002659535585292528,0.8872573595750861,0.8883379042805793,0.9357320249259314,0.007038521559225177
80.77142857142857,0.11042949918660756,0.00265872513181194,0.8869117756815804,0.8879466682520512,0.9353490854322345,0.007048177924000314
80.92857142857143,0.11079158327181171,0.0026579149313223365,0.8865505017968659,0.8875396113049402,0.9349472633860946,0.0070578344279601385
81.08571428571429,0.11116933111084838,0.0026571049780535565,0.886173563911098,0.8871167616906741,0.9345265750819869,0.007067491038310536
81.24285714285715,0.11156271610488154,0.0026562952653203633,0.885780988629798,0.8866781482839632,0.9340870375793687,0.007077147723850645
81.39999999999999,0.11197171103809186,0.002655485796398335,0.8853728031655097,0.8862238005813105,0.9336286687021453,0.007086804456122506
81.55714285714285,0.11239628808326074,0.002654676578630859,0.8849490353381083,0.8857537486993159,0.9331514870377913,0.007096461206817871
81.71428571428571,0.11283641880829229,0.002653867612787618,0.88450971357892,0.8852680233731586,0.9326555119366831,0.007106117944725507
81.87142857142857,0.1132920741768942,0.0026530588910278724,0.8840548669320778,0.8847666559549324,0.9321407635113436,0.007115774638023941
82.02857142857142,0.11376322454379838,0.002652250409405401,0.8835845250467962,0.8842496784119213,0.9316072626355264,0.007125431256227277
82.18571428571428,0.11424983965475721,0.0026514421733772613,0.8830987181718656,0.8837171233249419,0.9310550309433834,0.007135087772193658
82.34285714285714,0.1147518886536469,0.0026506341898549822,0.8825974771564982,0.8831690238866727,0.9304840908286924,0.007144744157838053
82.5,0.11526934008800531,0.002649826456425612,0.8820808334555692,0.8826054138998234,0.9298944654439346,0.007154400381262714
82.65714285714286,0.11580216190796296,0.002649018964381783,0.8815488191276553,0.8820263277755398,0.9292861786992008,0.007164056410995373
82.81428571428572,0.11635032146048004,0.002648211713165007,0.8810014668263549,0.8814318005312886,0.928659255261368,0.007173712219013658
82.97142857142858,0.11691378549369726,0.0026474047095781067,0.8804388097967246,0.8808218677895524,0.9280137205530573,0.00718336777801332
83.12857142857143,0.11749252016338176,0.0026465979588296195,0.8798608818777887,0.8801965657755023,0.927349600751603,0.007193023059233753
83.28571428571428,0.11808649103863654,0.0026457914539147645,0.8792677175074487,0.8795559313154099,0.9266669227879905,0.007202678031076503
83.44285714285714,0.11869566309552569,0.0026449851888881407,0.8786593517155862,0.8789000018347082,0.9259657143457645,0.00721233266363755
83.6,0.11932000071641875,0.0026441791656907554,0.8780358201178904,0.8782288153560897,0.9252460038599066,0.007221986929554653
83.75714285714285,0.11995946769404685,0.002643373393409583,0.8773971589125434,0.87754241049758,0.9245078205156816,0.007231640802124765
83.91428571428571,0.12061402724103334,0.0026425678721461255,0.8767434048868205,0.8768408264705911,0.9237511942474547,0.007241294251778473
84.07142857142857,0.12128364198954797,0.0026417625944660608,0.876074595415986,0.8761241030779495,0.9229761557374767,0.007250947247671009
84.22857142857143,0.12196827398691695,0.0026409575556738526,0.875390768457409,0.8753922807119026,0.9221827364146407,0.007260599761075367
84.38571428571429,0.1226678846957571,0.0026401527611517356,0.8746919625430912,0.8746454003521013,0.9213709684532071,0.007270251765484506
84.54285714285714,0.12338243500109662,0.0026393482178583153,0.873978216781045,0.8738835035635624,0.9205408847714993,0.007279903233818559
84.7,0.12411188521753153,0.0026385439230654415,0.873249570859403,0.8731066324946054,0.9196925190305686,0.007289554136191671
84.85714285714286,0.12485619508666419,0.0026377398692611033,0.8725060650440748,0.87231482987477,0.9188259056328288,0.007299204442719226
85.01428571428572,0.12561532377392362,0.0026369360547944315,0.8717477401712819,0.8715081390127078,0.9179410797206629,0.007308854125806564
85.17142857142856,0.12638922987041865,0.0026361324870997635,0.8709746376424815,0.8706866037940553,0.9170380771749955,0.007318503159682431
85.32857142857142,0.12717787140226117,0.0026353291705430233,0.8701867994271958,0.8698502686792821,0.9161169346138394,0.00732815151670129
85.48571428571428,0.12798120583405775,0.0026345261005208875,0.8693842680654215,0.8689991787015195,0.9151776893908109,0.007337799167233174
85.64285714285714,0.12879919006682075,0.00263372326908588,0.8685670866640934,0.8681333794643648,0.9142203795936152,0.0073474460820022475
85.8,0.1296317804333763,0.002632920678636784,0.867735298887987,0.8672529171396649,0.9132450440424997,0.007357092234877254
85.95714285714286,0.13047893270542466,0.0026321183363504346,0.866888948958225,0.8663578384652798,0.9122517222886826,0.007366737600009348
86.11428571428571,0.13134060210056353,0.0026313162449960853,0.8660280816544405,0.8654481907428211,0.9112404546127466,0.007376382149606664
86.27142857142857,0.13221674328622554,0.0026305143960003293,0.8651527423177743,0.864524021835372,0.9102112820230093,0.00738602585381491
86.42857142857143,0.13310731037289553,0.002629712784825812,0.8642629768422786,0.8635853801651843,0.9091642462538548,0.007395668684867931
86.58571428571429,0.13401225691475543,0.002628911416035352,0.8633588316692091,0.862632314711355,0.908099389764048,0.0074053106174117485
86.74285714285715,0.13493153591678214,0.0026281102978902844,0.8624403537853276,0.8616648750074836,0.9070167557350015,0.007414951625716139
86.89999999999999,0.13586509984326225,0.0026273094282764416,0.8615075907284612,0.8606831111393003,0.9059163880690413,0.007424591681391457
87.05714285714285,0.13681290061651633,0.0026265087987225456,0.8605605905847612,0.8596870737422856,0.9047983313876117,0.007434230755342046
87.21428571428571,0.13777488961158982,0.0026257084073207705,0.8595994019810895,0.8586768139992577,0.9036626310294713,0.007443868821172379
87.37142857142857,0.13875101765985917,0.0026249082608315417,0.8586240740793094,0.8576523836379509,0.902509333048858,0.0074535058538789094
87.52857142857142,0.13974123505702943,0.0026241083648784495,0.8576346565780922,0.8566138349285566,0.9013384842136146,0.007463141827346785
87.68571428571428,0.14074549157004337,0.0026233087136357876,0.8566311997163208,0.8555612206812658,0.9001501320032902,0.007472776712757149
87.84285714285714,0.1417637364317085,0.002622509300632175,0.8556137542676593,0.854494594243769,0.898944324607236,0.007482410482337233
88.0,0.14279591833954214,0.0026217101268464363,0.8545823715336114,0.8534140094987479,0.897721110922622,0.007492043110581785
88.15714285714286,0.1438419854598891,0.0026209112008179635,0.8535371033392929,0.8523195208613545,0.8964805405524678,0.007501674572994494
88.31428571428572,0.14490188543847735,0.0026201125240449545,0.8524780020374776,0.8512111832766476,0.895222663803639,0.0075113048427255715
88.47142857142858,0.14597556540182524,0.0026193140898663103,0.8514051205083084,0.850089052217033,0.8939475316847808,0.007520933891471845
88.62857142857143,0.14706297195370743,0.0026185158923876023,0.850318512153905,0.8489531836796681,0.8926551959043115,0.007530561692240371
88.78571428571428,0.14816405117351347,0.00261771793635058,0.8492182308901359,0.8478036341838493,0.8913457088682071,0.00754018822056368
88.94285714285714,0.14927874862485507,0.0026169202287362322,0.8481043311464087,0.846640460768395,0.8900191236780175,0.007549813451660858
89.1,0.15040700936313778,0.0026161227690921617,0.84697686786777,0.8454637209889813,0.8886754941286409,0.007559437358511141
89.25714285714285,0.15154877793648067,0.002615325548681913,0.8458358965148375,0.8442734729154975,0.8873148747061157,0.007569059913082333
89.41428571428571,0.1527039983801976,0.002614528564853919,0.8446814730549485,0.8430697751293309,0.8859373205854235,0.007578681089531834
89.57142857142857,0.1538726142187612,0.002613731824386241,0.8435136539568526,0.8418526867206569,0.8845428876283732,0.007588300864129044
89.72857142857143,0.1550545684757424,0.0026129353334310096,0.8423324961908265,0.8406222672857707,0.8831316323811141,0.007597919211750795
89.88571428571429,0.15624980367998204,0.0026121390879980874,0.8411380572320198,0.8393785769242689,0.8817036120720368,0.007607536105198594
90.04285714285714,0.15745826186394657,0.0026113430794234317,0.83993039505663,0.838121676236334,0.8802588846093666,0.007617151517103128
90.2,0.1586798845580286,0.0026105473090308694,0.8387095681329405,0.8368516263199379,0.8787975085787707,0.007626765423043612
90.35714285714286,0.15991461279792854,0.0026097517841348586,0.8374756354179366,0.8355684887680619,0.8773195432411506,0.007636377799185558
90.5142857142857,0.16116238713283884,0.0026089565083576727,0.8362286563588035,0.8342723256657927,0.875825048530009,0.007645988620250623
90.67142857142856,0.1624231476312699,0.0026081614734880247,0.8349686908952422,0.8329631995876468,0.8743140850492286,0.007655597858526443
90.82857142857142,0.16369683387382433,0.0026073666746005827,0.8336957994515752,0.8316411735945867,0.872786714070505,0.0076652054880907185
90.98571428571428,0.1649833849541609,0.002606572115262935,0.832410042930576,0.8303063112311215,0.8712429975308026,0.0076748114853330066
91.14285714285714,0.16628273948555625,0.002605777804082051,0.8311114827103617,0.8289586765225602,0.8696829980300813,0.007684415826650377
91.3,0.16759483561156158,0.002604983739742021,0.8298001806486965,0.8275983339720476,0.8681067788283147,0.00769401848586738
91.45714285714286,0.16891961100546543,0.0026041899142354445,0.828476199080299,0.8262253485575474,0.866514403843597,0.007703619436092152
91.61428571428571,0.17025700286562745,0.002603396324426874,0.8271396008099455,0.8248397857290083,0.8649059376488544,0.007713218652362222
91.77142857142857,0.17160694791762554,0.002602602976675736,0.8257904491056988,0.8234417114053064,0.8632814454696606,0.007722816111642635
91.92857142857143,0.17296938242360282,0.00260180987701761,0.8244288076993795,0.8220311919713563,0.8616409931814671,0.007732411789847077
92.08571428571429,0.1743442421898745,0.00260101702156791,0.8230547407885576,0.8206082942750025,0.8599846473069105,0.007742005661074377
92.24285714285715,0.17573146256442965,0.0026002244026165806,0.8216683130329537,0.8191730856244457,0.8583124750129454,0.007751597698334882
92.39999999999999,0.17713097843371814,0.0025994320199413997,0.8202695895463403,0.8177256337843362,0.8566245441087631,0.007761187878382443
92.55714285714285,0.17854272422649897,0.0025986398816599835,0.8188586358918409,0.8162660069736845,0.8549209230420186,0.007770776178130984
92.71428571428571,0.17996663392544435,0.0025978479910454847,0.8174355180835101,0.8147942738618844,0.853201680897222,0.007780362573801325
92.87142857142857,0.18140264107064,0.0025970563424057404,0.8160003025869543,0.8133105035668174,0.8514668873919163,0.007789947038228702
93.02857142857142,0.18285067875735217,0.0025962649281721754,0.8145530563144757,0.811814765650494,0.8497166128743997,0.007799529546448275
93.18571428571428,0.18431067963158873,0.0025954737525916115,0.8130938466158196,0.8103071301165184,0.8479509283207473,0.007809110075829049
93.34285714285714,0.18578257590031472,0.0025946828228256367,0.8116227412768597,0.8087876674074168,0.8461699053319317,0.00781868860310793
93.5,0.18726629933957398,0.0025938921399540635,0.810139808520472,0.8072564484006136,0.8443736161309209,0.007828265103720804
93.65714285714286,0.18876178129825463,0.0025931016945196176,0.8086451170072259,0.8057135444058187,0.8425621335597494,0.007837839551395732
93.81428571428572,0.19026895269057847,0.002592311483397993,0.8071387358260236,0.8041590271617276,0.8407355310765633,0.007847411921957929
93.97142857142858,0.19178774399874496,0.0025915215125839096,0.805620734488671,0.8025929688328356,0.8388938827526425,0.007856982193146686
94.12857142857143,0.1933180852823412,0.0025907317894102175,0.8040911829282485,0.8010154420062324,0.8370372632693972,0.007866550342040056
94.28571428571428,0.19485990618742438,0.002589942310181493,0.8025501515023943,0.7994265196883849,0.8351657479153392,0.00787611634344373
94.44285714285714,0.1964131359446177,0.0025891530665020433,0.8009977109888804,0.7978262753019023,0.8332794125830273,0.007885680171871636
94.6,0.197977703364094,0.0025883640582806283,0.7994339325776253,0.796214782682289,0.8313783337659927,0.007895241804264486
94.75714285714285,0.19955353684149543,0.0025875752927633443,0.7978588878657411,0.79459211607468,0.829462588555635,0.00790480121852723
94.91428571428571,0.20114056436753291,0.0025867867742449526,0.796272648858222,0.7929583501305645,0.8275322546380971,0.00791435839128848
95.07142857142857,0.2027387135348593,0.002585998495841312,0.7946752879692994,0.7913135599044911,0.825587410291113,0.007923913297163373
95.22857142857143,0.20434791153256934,0.0025852104516220693,0.7930668780158087,0.7896578208507642,0.8236281343808366,0.007933465911752218
95.38571428571429,0.2059680851456773,0.002584422644112208,0.7914474922102105,0.7879912088201206,0.8216545063586409,0.007943016212679649
95.54285714285714,0.2075991607614718,0.0025836350816762044,0.789817204156852,0.7863138000563962,0.8196666062578978,0.00795256417813918
95.7,0.20924106438122325,0.002582847764542128,0.7881760878542347,0.7846256711931765,0.8176645146907303,0.007962109784225783
95.85714285714286,0.21089372162138417,0.0025820606855117014,0.7865242176931041,0.782926899250435,0.8156483128447467,0.007971653005972155
96.0142857142857,0.2125570577102395,0.002581273839491583,0.784861668450269,0.7812175616311565,0.8136180824797482,0.007981193819660396
96.17142857142856,0.214230997486766,0.002580487232753287,0.7831885152804808,0.7794977361179473,0.811573905924408,0.007990732203800997
96.32857142857142,0.2159154654120696,0.002579700871689781,0.7815048337162407,0.7777675008696343,0.8095158660729397,0.00800026813626829
96.48571428571428,0.21761038557736154,0.002578914754363545,0.779810699668275,0.7760269344178481,0.8074440463817318,0.008009801593003919
96.64285714285714,0.2193156817047209,0.0025781288715783102,0.7781061894237009,0.7742761156635937,0.8053585308659649,0.00801933254927598
96.8,0.22103127714114135,0.0025773432222134314,0.7763913796366453,0.77251512387381,0.8032594040962049,0.008028860982457817
96.95714285714286,0.2227570948624671,0.0025765578141363713,0.7746663473233966,0.7707440386779145,0.8011467511949713,0.008038386871517969
97.11428571428571,0.22449305748545992,0.002575772652226326,0.7729311698623137,0.7689629400643393,0.7990206578332916,0.008047910194014473
97.27142857142857,0.22623908727389788,0.002574987731058344,0.7711859249950438,0.7671719083770481,0.7968812102272149,0.008057430925747608
97.42857142857143,0.22799510613627796,0.0025742030425905463,0.7694306908211314,0.7653710243120433,0.7947284951343327,0.008066949042708235
97.58571428571429,0.2297610356207805,0.002573418589988006,0.7676655457892315,0.7635603689138765,0.7925625998502419,0.008076464523485864
97.74285714285715,0.23153679692508047,0.002572634380589774,0.7658905686943297,0.7617400235721136,0.7903836122050208,0.008085977346849044
97.89999999999999,0.2333223109054856,0.0025718504163185643,0.7641058386781958,0.7599100700178153,0.7881916205596587,0.008095487490090843
98.05714285714285,0.23511749808238738,0.0025710666882270998,0.7623114352293856,0.758070590320006,0.7859867138024872,0.00810499492879461
98.21428571428571,0.23692227863276114,0.002570283192555673,0.7605074381746831,0.7562216668821129,0.7837689813455412,0.008114499640260432
98.37142857142857,0.23873657239244767,0.002569499934310486,0.7586939276732417,0.7543633824384174,0.7815385131209615,0.00812400160354087
98.52857142857142,0.24056029886485056,0.0025687169211915974,0.7568709842139577,0.7524958200504563,0.7792953995773624,0.008133500797522175
98.68571428571428,0.24239337723175483,0.0025679341505802948,0.7550386886176649,0.7506190631034803,0.7770397316761182,0.008142997199003962
98.84285714285714,0.24423572635261476,0.002567151614365258,0.7531971220330201,0.7487331953027992,0.7747716008877371,0.008152490784213508
99.0,0.24608726475999945,0.002566369310779418,0.751346365929221,0.7468383006702589,0.7724910991880445,0.008161981531280563
99.15714285714286,0.24794791066311986,0.0025655872471102535,0.7494865020897699,0.7449344635405432,0.7701983190546028,0.008171469419705433
99.31428571428572,0.24981758195904205,0.002564805428282611,0.7476176126126753,0.7430217685575833,0.7678933534628077,0.008180954428050544
99.47142857142858,0.25169619624024486,0.002564023849302395,0.7457397799104529,0.7411003006709425,0.7655762958823161,0.008190436532965695
99.62857142857143,0.25358367079198013,0.0025632425025507353,0.7438530867054691,0.7391701451321224,0.7632472402729386,0.008199915711399138
99.78571428571428,0.2554799225891935,0.002562461389235996,0.7419576160215704,0.7372313874909638,0.760906281081225,0.008209391942169979
99.94285714285714,0.25738486830199,0.0025616805180508633,0.7400534511799592,0.735284113591909,0.7585535132362577,0.008218865205242242
100.1,0.25929842430906086,0.002560899890782117,0.7381406758001569,0.7333284095704182,0.756189032146104,0.008228335478619269
100.25714285714285,0.2612205067005052,0.002560119500781071,0.7362193737987137,0.7313643618491311,0.7538129336937914,0.008237802739271775
100.41428571428571,0.26315103127537953,0.002559339341378023,0.7342896293832424,0.7293920571343805,0.7514253142333651,0.008247266964683463
100.57142857142857,0.26508991353786887,0.002558559418558495,0.7323515270435726,0.7274115824123801,0.7490262705860729,0.00825672813479074
100.72857142857143,0.2670370687099971,0.0025577797390519638,0.7304051515509511,0.7254230249453731,0.7466159000367325,0.008266186229288628
100.88571428571429,0.2689924117401032,0.0025570003020925183,0.7284505879578044,0.723426472268172,0.7441943003290931,0.008275641226011455
101.04285714285714,0.2709558573059062,0.0025562210979008697,0.7264879215961929,0.7214220121843199,0.7417615696622076,0.008285093101743317
101.2,0.2729273198068406,0.0025554421249471787,0.7245172380682122,0.7194097327622065,0.7393178066870085,0.008294541835425644
101.35714285714286,0.2749067133685176,0.002554663390275909,0.7225386232412064,0.7173897223315824,0.7368631105015432,0.008303987407277738
101.5142857142857,0.27689395185369753,0.002553884899893215,0.7205521632464094,0.7153620694795932,0.7343975806466316,0.008313429796783026
101.67142857142856,0.2788889488711132,0.0025531066488331308,0.7185579444800536,0.7133268630470586,0.731921317103512,0.008322868981649838
101.82857142857142,0.2808916177731136,0.002552328629092275,0.7165560535977942,0.7112841921249424,0.7294344202878879,0.008332304939293236
101.98571428571428,0.2829018716511239,0.002551550842311867,0.7145465775065643,0.7092341460499736,0.7269369910467576,0.00834173764975674
102.14285714285714,0.2849196233433352,0.002550773295978523,0.712529603360686,0.7071768144015901,0.724429130654874,0.00835116709332139
102.3,0.28694478544531865,0.0025499959928695195,0.7105052185618118,0.7051122869978861,0.7219109408090686,0.00836059324885973
102.45714285714286,0.28897727031629733,0.0025492189254389284,0.7084735107582637,0.7030406538912423,0.7193825236253354,0.008370016094325418
102.61428571428571,0.2910169900737595,0.002548442088431639,0.7064345678378089,0.7009620053654197,0.7168439816348654,0.008379435608155097
102.77142857142857,0.29306385659351947,0.0025476654856599126,0.7043884779208206,0.6988764319311356,0.7142954177786273,0.008388851770724882
102.92857142857143,0.2951177815174957,0.002546889125311523,0.7023353293571929,0.6967840243226423,0.7117369354049777,0.00839826456252328
103.08571428571429,0.29717867626641664,0.002546113006115028,0.7002752107274685,0.6946848734933733,0.709168638263714,0.008407673962452235
103.24285714285715,0.29924645204010275,0.002545337120562383,0.6982082108393349,0.6925790706125652,0.7065906305028707,0.008417079948592867
103.39999999999999,0.30132101981447335,0.002544561464600387,0.6961344187209263,0.6904667070616861,0.704003016664261,0.008426482499616443
103.55714285714285,0.3034022903408455,0.0025437860459222496,0.6940539236132321,0.688347874429173,0.7014059016792369,0.00843588159748572
103.71428571428571,0.30549017415964563,0.002543010870060937,0.6919668149702933,0.6862226645087073,0.6987993908644345,0.008445277221761204
103.87142857142857,0.30758458160820007,0.002542235933434917,0.6898731824583652,0.6840911692935051,0.6961835899175048,0.008454669351411176
104.02857142857142,0.309685422820759,0.002541461226924786,0.687773115952316,0.6819534809733809,0.6935586049128266,0.008464057964689319
104.18571428571428,0.3117926077225822,0.0025406867511019197,0.6856667055263158,0.6798096919306513,0.6909245422972047,0.008473443041858299
104.34285714285714,0.31390604603572325,0.002539912514489256,0.6835540414497874,0.6776598947362716,0.6882815088855546,0.008482824564334255
104.5,0.3160256472922685,0.00253913852034578,0.6814352141873856,0.675504182145954,0.6856296118565699,0.00849220251211779
104.65714285714286,0.3181513208397172,0.002538364762133454,0.6793103143981493,0.6733426470962808,0.6829689587483766,0.008501576863852299
104.81428571428572,0.32028297583809595,0.002537591232838033,0.677179432929066,0.6711753827008125,0.6802996574541726,0.008510947598616089
104.97142857142858,0.322420521255904,0.0025368179372755786,0.6750426608068204,0.6690024822461916,0.6776218162178521,0.00852031469769192
105.12857142857143,0.32456386588163816,0.0025360448824208516,0.6729000892359411,0.6668240391882414,0.6749355436296157,0.008529678142261615
105.28571428571428,0.32671291833317906,0.0025352720685054763,0.6707518095983155,0.664640147148061,0.6722409486215677,0.008539037912147716
105.44285714285714,0.328867587062371,0.0025344994863122066,0.6685979134513169,0.6624508999081138,0.6695381404632975,0.008548393985986781
105.6,0.3310277803477192,0.0025337271332722426,0.6664384925190087,0.6602563914083164,0.6668272287574496,0.008557746343999235
105.75714285714285,0.33319340629767125,0.0025329550155575864,0.6642736386867713,0.6580567157421177,0.6641083234352788,0.008567094967780355
105.91428571428571,0.33536437286065424,0.0025321831397964022,0.6621034439995495,0.6558519671525795,0.6613815347521929,0.008576439838636426
106.07142857142857,0.33754058783573576,0.002531411502086965,0.6599280006621773,0.6536422400284507,0.6586469732832798,0.00858578093606751
106.22857142857143,0.3397219588711137,0.0025306400946035683,0.6577474010342828,0.6514276289002381,0.6559047499188242,0.008595118239378243
106.38571428571429,0.3419083934603679,0.002529868916802886,0.6555617376228293,0.6492082284362752,0.6531549758598133,0.008604451729470707
106.54285714285714,0.344099798946417,0.0025290979768140356,0.653371103076769,0.6469841334387868,0.6503977626134215,0.008613781388409437
106.7,0.34629608253440053,0.002528327278341218,0.6511755901872583,0.6447554388399512,0.6476332219884979,0.008623107197209766
106.85714285714286,0.348497151298555,0.002527556815217873,0.648975291886227,0.6425222396979601,0.6448614660910228,0.008632429135367051
107.0142857142857,0.3507029121790967,0.002526786580323065,0.6467703012405802,0.640284631193074,0.642082607319564,0.008641747182806884
107.17142857142856,0.35291327197946926,0.002526016576332512,0.6445607114441984,0.6380427086236786,0.6392967583607284,0.008651061321150032
107.32857142857142,0.3551281373732003,0.002525246812190888,0.642346615814609,0.6357965674023328,0.6365040321845744,0.008660371532781083
107.48571428571428,0.3573474149182862,0.002524477287923224,0.6401281077937907,0.6335463030518248,0.6337045420400469,0.008669677798307213
107.64285714285714,0.3595710110587966,0.0025237079961787996,0.6379052809450246,0.6312920112012137,0.6308984014503798,0.00867898009752812
107.8,0.36179883212210556,0.002522938931654215,0.6356782289462404,0.6290337875818788,0.6280857242084968,0.008688278411048224
107.95714285714286,0.36403078431612795,0.002522170101784269,0.6334470455820878,0.6267717280235681,0.6252666243723729,0.00869757272149253
108.11428571428571,0.3662667737436304,0.002521401512459271,0.6312118247439102,0.6245059284504281,0.622441216260446,0.008706863010862948
108.27142857142857,0.3685067064103128,0.00252063316115247,0.6289726604285347,0.6222364848770652,0.6196096144469511,0.008716149259722736
108.42857142857143,0.37075048822681134,0.0025198650382825573,0.626729646734906,0.6199634934045684,0.6167719337573127,0.008725431448013025
108.58571428571429,0.37299802500134727,0.002519097143897159,0.6244828778547558,0.61768705021655,0.6139282892634259,0.00873470955748996
108.74285714285715,0.37524922244555897,0.002518329485751949,0.622232448068689,0.6154072515752168,0.6110787962790412,0.008743983570968172
108.89999999999999,0.3775039861863839,0.0025175620682749535,0.619978451745341,0.6131241938173357,0.6082235703551233,0.00875325347040131
109.05714285714285,0.37976222177386604,0.002516794885499882,0.6177209833406342,0.610837973350374,0.6053627272749823,0.008762519236255898
109.21428571428571,0.38202383467840406,0.0025160279301616405,0.6154601373914343,0.6085486866484402,0.6024963830498751,0.008771780849248163
109.37142857142857,0.3842887302868419,0.0025152612053466806,0.6131960085078114,0.6062564302483713,0.5996246539140211,0.008781038291916857
109.52857142857142,0.38655681391120034,0.0025144947186396525,0.6109286913701599,0.6039613007457448,0.5967476563200282,0.008790291547196915
109.68571428571428,0.38882799079982633,0.0025137284712909323,0.608658280728883,0.6016633947909664,0.5938655069342469,0.008799540596812688
109.84285714285714,0.3911021661426362,0.0025129624552476713,0.6063848714021162,0.5993628090852461,0.5909783226318006,0.008808785421337381
110.0,0.3933792450656845,0.002512196666154167,0.6041085582681615,0.5970596403766796,0.5880862204919854,0.008818026002334594
110.15714285714286,0.3956591326318126,0.0025114311089106047,0.6018294362592768,0.5947539854562467,0.5851893177937212,0.008827262322821413
110.31428571428572,0.39794173384928844,0.0025106657914352993,0.5995476003592763,0.5924459411538484,0.5822877320103771,0.008836494365997967
110.47142857142858,0.4002269536849961,0.002509900710771278,0.5972631456042324,0.5901356043344365,0.579381580805248,0.008845722113243824
110.62857142857143,0.40251469706328064,0.0025091358593113925,0.5949761670774079,0.5878230718939902,0.5764709820269159,0.008854945545599138
110.78571428571428,0.40480486886314887,0.0025083712343916187,0.5926867599024594,0.5855084407554544,0.5735560537041371,0.008864164645352892
110.94285714285714,0.40709737391833695,0.002507606844839556,0.5903950192368236,0.5831918078650077,0.5706369140415274,0.008873379396228608
111.1,0.4093921170324029,0.0025068426950162464,0.5881010402725807,0.5808732701879414,0.5677136814139818,0.008882589781069622
111.25714285714285,0.4116890029856748,0.0025060787797535366,0.5858049182345716,0.5785529247047327,0.5647864743629656,0.00889179578133801
111.41428571428571,0.4139879365341435,0.002505315090540069,0.5835067483753164,0.5762308684071268,0.5618554115904718,0.008900997378489275
111.57142857142857,0.41628882240401793,0.002504551629644215,0.5812066259663378,0.5739071982942563,0.5589206119554617,0.008910194555623079
111.72857142857143,0.4185915652990124,0.002503788405763123,0.5789046462952244,0.5715820113683056,0.5559821944679164,0.008919387296940987
111.88571428571429,0.420896069913819,0.002503025420361056,0.5766009046658199,0.5692554046314344,0.5530402782851919,0.00892857558471548
112.04285714285714,0.42320224093819636,0.0025022626661910844,0.5742954963956126,0.5669274750807146,0.5500949827058584,0.008937759400831587
112.2,0.4255099830536452,0.002501500137490287,0.5719885168088644,0.5645983197050511,0.5471464271655114,0.008946938727447337
112.35714285714286,0.42781920093036896,0.0025007378404475677,0.5696800612291836,0.5622680354809079,0.5441947312326696,0.00895611354857621
112.5142857142857,0.4301297992397519,0.0024999757814493312,0.5673702249787986,0.5599367193684156,0.5412400146016304,0.00896528384796506
112.67142857142856,0.432441682663507,0.002499213959042334,0.5650591033774506,0.5576044683073677,0.5382823970918379,0.008974449608230803
112.82857142857142,0.434754755896776,0.002498452364178431,0.5627467917390456,0.5552713792132145,0.5353219986378934,0.00898361081140648
112.98571428571428,0.43706892364142064,0.0024976909954975207,0.560433385363082,0.5529375489740171,0.5323589392885794,0.00899276744014778
113.14285714285714,0.43938409060987993,0.0024969298599393855,0.5581189795301807,0.5506030744448458,0.5293933391991561,0.009001919479234823
113.3,0.4417001615358754,0.0024961689631346606,0.5558036695009899,0.5482680524451389,0.526425318629794,0.009011066912733746
113.45714285714286,0.44401704118452173,0.0024954082998424397,0.5534875505156358,0.5459325797550891,0.5234549979375482,0.009020209722504535
113.61428571428571,0.4463346343496524,0.0024946478627694245,0.551170717787578,0.5435967531105158,0.5204824975730682,0.009029347891162397
113.77142857142857,0.4486528458507623,0.0024938876526436077,0.5488532664965942,0.5412606691992186,0.5175079380753917,0.009038481403022599
113.92857142857143,0.45097158053733566,0.00249312767822235,0.5465352917844422,0.5389244246579881,0.5145314400670566,0.009047610242786854
114.08571428571429,0.4532907433026327,0.0024923679418580548,0.5442168887555092,0.5365881160683085,0.5115531242492098,0.009056734393876078
114.24285714285715,0.45561023908943427,0.0024916084362303047,0.5418981524743354,0.5342518399521343,0.5085731113967137,0.009065853838737769
114.39999999999999,0.4579299728859845,0.002490849155163799,0.5395791779588517,0.5319156927679527,0.5055915223532474,0.009074968560610127
114.55714285714285,0.460249849723851,0.0024900901027893638,0.5372600601733597,0.5295797709072751,0.5026084780264075,0.009084078544062167
114.71428571428571,0.46256977468593713,0.0024893312878322763,0.5349408940262306,0.5272441706906208,0.49962409938280467,0.009093183774101898
114.87142857142857,0.4648896529207426,0.0024885727084492594,0.5326217743708082,0.5249089883636451,0.49663850744315896,0.00910228423415297
115.02857142857142,0.46720938964236264,0.002487814356958503,0.5303027960006789,0.5225743200932785,0.4936518232773912,0.009111379907163143
115.18571428571428,0.4695288901274347,0.00248705622971225,0.527984053642853,0.520240261963868,0.49066416799971474,0.0091204707769361
115.34285714285714,0.47184805971362087,0.0024862983352042416,0.5256656419511749,0.5179069099733252,0.487675662763722,0.009129556828887877
115.5,0.4741668038145922,0.0024855406781886867,0.5233476555072191,0.5155743600292806,0.4846864287574735,0.009138638047711398
115.65714285714286,0.4764850279270916,0.002484783254584233,0.5210301888183241,0.5132427079452434,0.4816965871985828,0.009147714416921016
115.81428571428572,0.4788026376315843,0.002484026055451561,0.518713336312964,0.5109120494367677,0.4787062593292995,0.009156785919748705
115.97142857142858,0.48111953858558276,0.002483269082275009,0.5163971923321424,0.5085824801176253,0.4757155664115959,0.00916585254099292
116.12857142857142,0.48343563653024924,0.0024825123432216153,0.5140818511265292,0.5062540954959847,0.47272462972224466,0.009174914266235077
116.28571428571428,0.485750837302571,0.002481755841058536,0.5117674068563706,0.5039269909705969,0.46973357054790627,0.009183971080172406
116.44285714285714,0.4880650468416819,0.0024809995689954465,0.5094539535893227,0.5016012618269885,0.46674251018020446,0.00919302296640228
116.6,0.49037817118544097,0.002480243520815174,0.507141585293744,0.49927700323366087,0.463751569910816,0.009202069908897666
116.75714285714285,0.49269011646742866,0.002479487700752176,0.5048303958318192,0.4969543102382977,0.4607608710265428,0.00921111189314578
116.91428571428571,0.49500078892590155,0.002478732116353933,0.5025204789577445,0.49463327776397936,0.45777053480439844,0.009220148904866195
117.07142857142857,0.4973100949150518,0.0024779767674185777,0.5002119283175296,0.4923140006054026,0.45478068250669434,0.009229180928708015
117.22857142857143,0.499617940908897,0.0024772216454160313,0.49790483744568703,0.4899965734251135,0.45179143537611227,0.00923820794844521
117.38571428571429,0.5019242334953857,0.002476466747186046,0.49559929975742806,0.4876810907497419,0.44880291463079575,0.00924722994886834
117.54285714285714,0.5042288793778197,0.0024757120785826032,0.49329540854359766,0.4853676469662444,0.4458152414594295,0.009256246915909976
117.7,0.5065317853837987,0.0024749576469829866,0.4909932569692183,0.48305633631816636,0.44282853701633235,0.009265258835545197
117.85714285714286,0.5088328584782396,0.0024742034476813958,0.488692938074079,0.4807472529018906,0.43984292241654116,0.009274265692194472
118.0142857142857,0.5111320057603592,0.0024734494732452277,0.4863945447663957,0.47844049066291866,0.43685851873088066,0.009283267470200817
118.17142857142856,0.5134291344609512,0.0024726957226956737,0.4840981698163533,0.47613614339214066,0.4338754469811032,0.009292264155012508
118.32857142857142,0.5157241519434962,0.002471942205573158,0.4818039058509306,0.47383430472212695,0.43089382813491806,0.009301255733278644
118.48571428571428,0.5180169657196647,0.0024711889247891598,0.4795118453555461,0.47153506812342777,0.4279137831011268,0.009310242190681137
118.64285714285714,0.5203074834547396,0.0024704358738460784,0.4772220806714144,0.46923852690085704,0.42493543272472667,0.009319223511829972
118.8,0.5225956129652559,0.002469683045290438,0.47493470398945364,0.46694477418984676,0.4219588977819809,0.009328199681534675
118.95714285714286,0.5248812622143104,0.002468930442921688,0.4726498073427679,0.4646539029527155,0.41898429897553313,0.009337170686114057
119.11428571428571,0.5271643393198043,0.002468178075208728,0.4703674826049869,0.4623660059750582,0.4160117569295028,0.009346136512341941
119.27142857142857,0.5294447525673904,0.002467425941787223,0.4680878214908223,0.46008117586204517,0.413041392184628,0.009355097145800581
119.42857142857143,0.5317224104127897,0.0024666740350661196,0.4658109155521443,0.45779950503478783,0.41007332519336137,0.009364052571424045
119.58571428571429,0.5339972214781402,0.002465922350689813,0.4635368561711701,0.45552108572671296,0.4071076763149393,0.009373002774777733
119.74285714285715,0.5362690945498934,0.002465170895853482,0.4612657345542533,0.4532460099799161,0.40414456581056696,0.009381947742894671
119.89999999999999,0.538537938591486,0.0024644196762280217,0.45899764173228585,0.450974369641534,0.401184113838534,0.009390887462489918
120.05714285714285,0.5408036627517957,0.0024636686888225273,0.45673266855938177,0.4487062563601763,0.39822644044925537,0.009399821919181973
120.21428571428571,0.5430661763664758,0.002462917924965888,0.4544709057085582,0.4464417615822997,0.3952716655805604,0.009408751098205971
120.37142857142857,0.5453253889517219,0.0024621673845939044,0.45221244366368435,0.44418097654860184,0.3923199090526531,0.009417674986020846
120.52857142857142,0.5475812102086113,0.0024614170750721365,0.44995737271631664,0.4419239922904695,0.3893712905634644,0.009426593569964833
120.68571428571428,0.5498335500336634,0.0024606670010689,0.4477057829652677,0.4396708996264551,0.3864259296834966,0.00943550683686183
120.84285714285714,0.5520823185281812,0.002459917155981076,0.4454577643158376,0.43742178915860375,0.3834839458513643,0.009444414772378597
121.0,0.5543274259939532,0.002459167533235419,0.44321340647281116,0.4351767512690146,0.38054545836849835,0.009453317362386892
121.15714285714286,0.5565687829307249,0.0024584181349872583,0.4409727989342878,0.4329358761163353,0.37761058639468864,0.009462214593913445
121.31428571428572,0.5588063000410002,0.00245766897027348,0.43873603098872616,0.43069925363204387,0.37467944894312155,0.0094711064548039
121.47142857142858,0.5610398882438866,0.002456920039936969,0.4365031917161764,0.4284669735172169,0.3717521648755247,0.009479992931738776
121.62857142857142,0.5632694586791321,0.0024561713357021853,0.4342743699851658,0.42623912523874247,0.3688288528973126,0.009488874010645559
121.78571428571428,0.5654949227019621,0.0024554228527438327,0.43204965444529414,0.4240157980260479,0.3659096315530936,0.009497749678054463
121.94285714285714,0.5677161918817856,0.002454674596515412,0.4298291335216989,0.4217970808677114,0.3629946192207822,0.009506619921550101
122.1,0.5699331780109108,0.002453926575034002,0.42761289541405506,0.41958306250758837,0.3600839341087509,0.00951548472919407
122.25714285714285,0.5721457931177448,0.0024531787846480244,0.42540102809760716,0.41737383144172524,0.35717769424911905,0.009524344087569948
122.41428571428571,0.5743539494649276,0.002452431217761859,0.4231936193173104,0.41516947591482994,0.3542760174943043,0.009533197983015768
122.57142857142857,0.5765575595460642,0.0024516838724754613,0.4209907565814603,0.41297008391678086,0.3513790215108048,0.009542046402794473
122.72857142857143,0.5787565360854193,0.0024509367579177107,0.4187925271566629,0.41077574317921484,0.34848682377609336,0.00955088933543306
122.88571428571429,0.5809507920526954,0.0024501898775691968,0.4165990180697352,0.4085865411724806,0.345599541572887,0.009559726768413272
123.04285714285714,0.583140240668656,0.0024494432260044304,0.41441031610533946,0.40640256510138406,0.34271729198438783,0.009568558688869001
123.2,0.5853247954041441,0.0024486967952910463,0.4122265078005648,0.40422390190290586,0.3398401918900286,0.009577385083330765
123.35714285714286,0.587504369974284,0.0024479505882110167,0.41004767943750486,0.4020506382420901,0.3369683579597287,0.00958620593988884
123.5142857142857,0.589678878345404,0.0024472046129515434,0.4078739170416445,0.3998828605087071,0.3341019066510398,0.009595021247375622
123.67142857142856,0.5918482347467064,0.0024464588707741575,0.40570530638251934,0.39772065481443725,0.33124095420227895,0.009603830993495086
123.82857142857142,0.5940123536750166,0.0024457133541513163,0.4035419329708321,0.39556410698917427,0.32838561662906135,0.009612635165164337
123.98571428571428,0.5961711498902798,0.002444968058078078,0.40138388205164227,0.3934133025774752,0.32553600971931007,0.009621433750137414
124.14285714285714,0.5983245384135106,0.0024442229878149334,0.39923123859867443,0.3912683268361373,0.3226922490285606,0.009630226736734183
124.3,0.6004724345355278,0.002443478150651919,0.3970840873138204,0.389129264729798,0.3198544498752763,0.009639014114033492
124.45714285714286,0.6026147538277644,0.0024427335449911294,0.39494251262724434,0.3869962009283338,0.3170227273361717,0.009647795869980425
124.61428571428571,0.604751412144478,0.0024419891619069855,0.39280659869361506,0.384869219803543,0.31419719624154696,0.009656571991889629
124.77142857142857,0.6068823256160785,0.0024412449997373744,0.3906764293841843,0.38274840542618377,0.3113779711706305,0.009665342467667924
124.92857142857143,0.6090074106514028,0.0024405010651509696,0.3885520882834463,0.3806338415619458,0.30856516644693344,0.00967410728666335
125.08571428571429,0.6111265839467119,0.002439757364584591,0.3864336586887035,0.37852561166887383,0.3057588961336138,0.009682866437938954
125.24285714285715,0.6132397624975112,0.002439013891680693,0.38432122361080806,0.3764237988940077,0.3029592740288503,0.009691619909254424
125.39999999999999,0.6153468635935193,0.00243827063952542,0.38221486576695535,0.3743284860702023,0.30016641366122826,0.009700367688524123
125.55714285714285,0.6174478048160991,0.0024375276089554122,0.38011466757494555,0.3722397557129605,0.297380428285135,0.009709109764633971
125.71428571428571,0.6195425040403784,0.0024367848097396816,0.378020711149882,0.3701576900172836,0.29460143087616897,0.009717846127373076
125.87142857142857,0.6216308794502324,0.0024360422431761474,0.37593307830659134,0.36808237085453444,0.2918295341265553,0.009726576765614805
126.02857142857142,0.623712849541729,0.0024352999017970204,0.37385185055647385,0.36601387976931643,0.2890648504405794,0.009735301667420121
126.18571428571428,0.6257883331194427,0.002434557779543313,0.3717771091010141,0.3639522979763681,0.2863074919300252,0.009744020821221866
126.34285714285714,0.6278572492927246,0.0024338158814641523,0.3697089348258113,0.3618977063574724,0.28355757040963253,0.009752734216664102
126.5,0.6299195174842276,0.002433074215507478,0.367647408300265,0.3598501854583823,0.28081519739255684,0.009761441843666289
126.65714285714286,0.6319750574417758,0.0024323327795648737,0.36559260977865937,0.35780981548576024,0.27808048408585695,0.009770143691105376
126.81428571428572,0.6340237892386106,0.0024315915659520737,0.36354461919543735,0.35577667630413556,0.2753535413859748,0.009778839747470711
126.97142857142858,0.6360656332693279,0.0024308505718781633,0.3615035161587941,0.3537508474328768,0.2726344798742412,0.00978753000186888
127.12857142857142,0.638100510248714,0.002430109805137418,0.35946937994614875,0.3517324080431789,0.26992340981240004,0.009796214444604332
127.28571428571428,0.6401283412238704,0.00242936927059116,0.35744228950553836,0.3497214369550672,0.2672204411381285,0.009804893065601906
127.44285714285714,0.6421490475815425,0.0024286289639717015,0.355422323454486,0.34771801263441987,0.2645256834605729,0.009813565853887624
127.6,0.6441625510477094,0.002427888877005215,0.35340956007528534,0.3457222131900026,0.26183924605592407,0.009822232798331802
127.75714285714285,0.6461687736813058,0.0024271490110759427,0.3514040773076184,0.34373411637052204,0.2591612378629612,0.009830893888871907
127.91428571428571,0.6481676378792377,0.0024264093737320406,0.3494059527470304,0.34175379956169555,0.2564917674786583,0.009839549116051872
128.07142857142856,0.6501590663860407,0.0024256699685563654,0.34741526364540287,0.33978133978333847,0.2538309431537685,0.009848198470038372
128.22857142857143,0.6521429823021476,0.00242493078767005,0.34543208691018235,0.33781681368646344,0.2511788727884195,0.009856841939940679
128.38571428571427,0.654119309077614,0.0024241918254290086,0.343456499096957,0.3358602975504093,0.2485356639277733,0.009865479515267688
128.54285714285714,0.656087970510072,0.0024234530855346903,0.34148857640439345,0.3339118672799592,0.24590142375764212,0.009874111186562364
128.7,0.6580488907500534,0.0024227145768614196,0.33952839467308527,0.33197159840252494,0.24327625910011205,0.009882736944827778
128.85714285714286,0.6600019943139824,0.0024219762986169937,0.3375760293874005,0.33003956606527945,0.24066027640930018,0.009891356780170488
129.0142857142857,0.6619472060861104,0.0024212382419382685,0.3356315556719514,0.3281158450323833,0.2380535817669486,0.009899970682022871
129.17142857142858,0.663884451312213,0.002420500403646673,0.33369504828414037,0.32620050968215647,0.23545628087816634,0.009908578640560967
129.32857142857142,0.6658136555992892,0.002419762790248232,0.3317665816104625,0.3242936340043331,0.2328684790671157,0.009917180646913779
129.4857142857143,0.6677347449244594,0.0024190254086633102,0.3298462296668772,0.322395291597269,0.23029028127279128,0.0099257766922623
129.64285714285714,0.6696476456463207,0.002418288253620759,0.3279340661000585,0.32050555566523514,0.22772179204469004,0.009934366766649987
129.8,0.6715522845010925,0.002417551317981376,0.3260301641809261,0.31862449901566614,0.2251631155386543,0.009942950860114541
129.95714285714286,0.6734485885992734,0.002416814601559072,0.3241345967991674,0.31675219405645594,0.2226143555125853,0.009951528963495281
130.1142857142857,0.6753364854263023,0.002416078113693283,0.3222474364600044,0.31488871279329705,0.2200756153222334,0.00996010106852295
130.27142857142857,0.6772159028563591,0.002415341856579732,0.32036875528706105,0.31303412682697096,0.21754699791709264,0.009968667166298469
130.42857142857142,0.6790867691563864,0.002414605823670562,0.3184986250199431,0.31118850735073994,0.2150286058361368,0.009977227247134051
130.5857142857143,0.6809490129831763,0.002413870008263034,0.31663711700856056,0.3093519251476725,0.2125205412036374,0.009985781301546409
130.74285714285713,0.6828025633785113,0.0024131344143519824,0.3147843022071367,0.3075244505880342,0.2100229057251596,0.009994329321132093
130.9,0.684647349776137,0.002412399049764436,0.3129402511740985,0.30570615362671855,0.2075358006832775,0.010002871297802004
131.05714285714285,0.6864833020121247,0.002411663914456535,0.31110503407341894,0.30389710380067375,0.20505932693363702,0.010011407222809136
131.21428571428572,0.6883103503280927,0.0024109290002428444,0.3092787206716645,0.3020973702262987,0.20259358490059057,0.010019937086757661
131.37142857142857,0.6901284253653515,0.0024101943034060816,0.3074613803312426,0.3003070215968843,0.20013867457353876,0.010028460880842374
131.52857142857144,0.6919374581634736,0.0024094598302366716,0.30565308200628966,0.29852612618021934,0.19769469550254073,0.010036978597170093
131.68571428571428,0.6937373801689335,0.0024087255874496176,0.3038538942436168,0.29675475181592725,0.19526174679420802,0.010045490227950234
131.84285714285713,0.695528123244626,0.0024079915720681745,0.30206388518330574,0.294992965913057,0.19283992710802328,0.010053995764566268
132.0,0.6973096196702018,0.0024072577750069756,0.3002831225547913,0.2932408354476428,0.19042933465228232,0.010062495197973566
132.15714285714284,0.6990818021344327,0.0024065241963369044,0.2985116736692303,0.29149842696026745,0.18803006717983028,0.01007098852000854
132.31428571428572,0.7008446037385029,0.0024057908433266274,0.2967496054181705,0.28976580655353895,0.1856422219843617,0.01007947572325165
132.47142857142856,0.7025979580045743,0.0024050577210652435,0.29499698427436044,0.2880430398896891,0.18326589589636746,0.010087956800202743
132.62857142857143,0.7043417988856282,0.0024043248217944574,0.2932538762925775,0.28633019218842587,0.18090118527883706,0.010096431742045976
132.78571428571428,0.7060760607584581,0.002403592139479768,0.29152034710206215,0.28462732822411846,0.17854818602429576,0.010104900540592453
132.94285714285715,0.7078006784212577,0.002402859676710421,0.2897964619020318,0.2829345123239047,0.1762069935502154,0.010113363188242765
133.1,0.7095155870966791,0.0024021274430067944,0.2880822854603141,0.2812518083650859,0.1738777027952006,0.01012181967816371
133.25714285714287,0.7112207224454135,0.002401395438045257,0.28637788211654125,0.27957927977294994,0.1715604082155685,0.010130270002602203
133.4142857142857,0.712916020567449,0.0024006636537394622,0.28468331577881156,0.27791698951836374,0.1692552037802442,0.010138714153314273
133.57142857142856,0.7146014179970341,0.00239993208564837,0.2829986499173173,0.27626500011563465,0.16696218296836918,0.010147152122440817
133.72857142857143,0.7162768516999894,0.002399200739778847,0.28132394756023177,0.2746233736199815,0.16468143876582297,0.010155583903333962
133.88571428571427,0.7179422590819723,0.0023984696232868196,0.27965927129474083,0.27299217162590494,0.1624130636596647,0.010164009488957198
134.04285714285714,0.7195975779986867,0.0023977387325524032,0.27800468326876093,0.27137145526410156,0.1601571496356706,0.010172428872085346
134.2,0.7212427467541332,0.002397008059960968,0.27636024518590585,0.26976128520032017,0.15791378817430282,0.010180842044594726
134.35714285714286,0.72287770409581,0.0023962776043082654,0.27472601829988186,0.26816172163233226,0.1556830702469975,0.010189248999245223
134.5142857142857,0.7245023892145974,0.0023955473737524895,0.27310206341165,0.26657282428782,0.15346508631247896,0.010197649730153672
134.67142857142858,0.7261167417557141,0.0023948173721957734,0.2714884408720901,0.2649946524230156,0.15125992631308863,0.01020604423035967
134.82857142857142,0.727720701824521,0.0023940875943380398,0.2698852105811409,0.2634272648198118,0.14906767967114154,0.010214432492662543
134.9857142857143,0.7293142099844719,0.0023933580323319864,0.2682924319831961,0.2618707197837228,0.1468884352852969,0.010222814510001649
135.14285714285714,0.7308972072503224,0.002392628689157968,0.26671016406051956,0.2603250751428555,0.14472228152695651,0.010231190275238392
135.3,0.7324696350938922,0.002391899572347532,0.2651384653337604,0.2587903882443277,0.1425693062366779,0.010239559782671234
135.45714285714286,0.7340314354525758,0.0023911706841487673,0.2635773938632754,0.2572667159531939,0.14042959672061567,0.010247923025917424
135.6142857142857,0.735582550735733,0.0023904420156363963,0.2620270072486306,0.2557541146502216,0.13830323974697784,0.010256279997764028
135.77142857142857,0.7371229238165894,0.0023897135623456283,0.2604873626210649,0.2542526402299089,0.1361903215425088,0.010264630691454365
135.92857142857142,0.7386524980305341,0.0023889853294957928,0.2589585166399701,0.252762348098524,0.13409092778899367,0.010272975101119781
136.0857142857143,0.7401712171810281,0.00238825732532877,0.25744052549364294,0.25128329317216247,0.132005143619781,0.010281313221169937
136.24285714285713,0.7416790255508814,0.002387529547395213,0.2559334449017234,0.24981552987483013,0.1299330536163328,0.010289645045217604
136.4,0.743175867901784,0.0023868019866950846,0.25443733011152103,0.2483591121365428,0.12787474180479294,0.010297970566458455
136.55714285714285,0.7446616894670961,0.002386074641855246,0.25295223589104865,0.24691409339145118,0.12583029165258142,0.010306289778782394
136.71428571428572,0.7461364359525466,0.0023853475200677973,0.2514782165273854,0.24548052657598304,0.12379978606500651,0.0103146026768216
136.87142857142857,0.7476000535446807,0.0023846206269213708,0.2500153258283978,0.2440584641270107,0.12178330738190686,0.01032290925515059
137.02857142857144,0.7490524889199398,0.0023838939557964366,0.24856361712426375,0.2426479579800365,0.11978093737430841,0.010331209507453722
137.18571428571428,0.7504936892388271,0.0023831675002577665,0.24712314326091522,0.24124905956740342,0.11779275724111153,0.010339503427523686
137.34285714285713,0.7519236021424746,0.0023824412617813873,0.24569395659574406,0.2398618198165232,0.11581884760579642,0.010347791009829152
137.5,0.7533421757541224,0.0023817152494973004,0.2442761089963803,0.23848628914812878,0.1138592885131526,0.010356072249543147
137.65714285714284,0.7547493586913107,0.002380989464332733,0.24286965184435655,0.23712251747454924,0.1119141594260406,0.010364347141243152
137.81428571428572,0.7561451000680263,0.002380263898975865,0.24147463603299799,0.23577055419800308,0.1099835392221551,0.010372615678958138
137.97142857142856,0.7575293494901612,0.002379538547922656,0.24009111196191624,0.23443044820891695,0.1080675061908428,0.010380877856937778
138.12857142857143,0.7589020570510487,0.002378813416379302,0.23871912953257207,0.2331022478842627,0.10616613802991134,0.010389133670332295
138.28571428571428,0.7602631733385224,0.0023780885115496087,0.23735873814992797,0.23178600108592098,0.10427951184249575,0.010397383114512299
138.44285714285715,0.7616126494435157,0.002377363832146356,0.23600998672433798,0.23048175515906152,0.10240770413391999,0.01040562618428019
138.6,0.7629504369615073,0.002376639369487488,0.23467292366900525,0.22918955693055001,0.10055079080859723,0.010413862873965528
138.75714285714287,0.7642764879852415,0.0023759151212152424,0.23334759689354315,0.2279094527073734,0.09870884716695362,0.010422093178424454
138.9142857142857,0.7655907551037986,0.002375191094642055,0.23203405380155934,0.22664148827509237,0.09688194790237073,0.010430317093351963
139.07142857142856,0.7668931914111274,0.0023744672955316017,0.23073234129334097,0.2253857088963059,0.09507016709817677,0.010438534614387103
139.22857142857143,0.7681837505135953,0.0023737437195539522,0.22944250576685074,0.2241421593091536,0.0932735782245726,0.010446745736480549
139.38571428571427,0.769462386528206,0.0023730203578511454,0.2281645931139428,0.2229108837258276,0.09149225413578055,0.010454950454347913
139.54285714285714,0.7707290540742119,0.002372297212336267,0.2268986487134519,0.22169192583110395,0.08972626706697408,0.010463148763563648
139.7,0.7719837082773403,0.0023715742905634275,0.2256447174320963,0.2204853287809195,0.08797568863138192,0.010471340660179216
139.85714285714286,0.7732263047775854,0.0023708515959754476,0.22440284362643922,0.21929113520093832,0.08624058981740076,0.010479526140047931
140.0142857142857,0.7744567997363557,0.002370129119775234,0.22317307114386897,0.21810938718516457,0.08452104098571063,0.010487705198205655
140.17142857142858,0.7756751498277388,0.0023694068571058643,0.22195544331515538,0.2169401262945699,0.08281711186641533,0.010495877830038844
140.32857142857142,0.7768813122363497,0.0023686848121073825,0.22075000295154285,0.21578339355574905,0.08112887155623011,0.01050404403164004
140.4857142857143,0.7780752446610193,0.002367962993627033,0.21955679234535372,0.2146392294595802,0.07945638851568587,0.010512203799545598
140.64285714285714,0.7792569053263296,0.002367241399848082,0.2183758532738223,0.21350767395992962,0.07779973056623143,0.010520357129607881
140.8,0.7804262529817019,0.002366520022360833,0.21720722699593725,0.2123887664723726,0.07615896488772848,0.010528504017273751
140.95714285714286,0.7815832468949997,0.002365798858448239,0.216050954246552,0.21128254587293413,0.07453415801549862,0.010536644458440148
141.1142857142857,0.7827278468508506,0.002365077914854647,0.2149070752342947,0.21018905049682898,0.07292537583771071,0.010544778449801617
141.27142857142857,0.7838600131583127,0.002364357197649413,0.21377562964403796,0.20910831813729733,0.07133268359273234,0.010552905988025513
141.42857142857142,0.7849797066589184,0.0023636367020351133,0.2126566566390464,0.20804038604435623,0.06975614586647215,0.010561027069161724
141.5857142857143,0.7860868887231016,0.002362916420583243,0.2115501948563151,0.20698529092368692,0.06819582658977325,0.01056914168909386
141.74285714285713,0.7871815212446118,0.002362196353582938,0.21045628240180514,0.20594306893543107,0.0666517890356517,0.010577249844328932
141.9,0.7882635666409865,0.0023614765094871052,0.20937495684952653,0.20491375569314088,0.0651240958170964,0.010585351531988299
142.05714285714285,0.789332987863533,0.0023607568910146196,0.2083062552454523,0.2038973862625983,0.06361280888419689,0.010593446748955123
142.21428571428572,0.7903897484009457,0.0023600374920127423,0.20725021410704167,0.20289399516083725,0.06211798952167991,0.010601535491476315
142.37142857142857,0.7914338122757177,0.002359318305223729,0.2062068694190585,0.20190361635492893,0.06063969834651973,0.010609617755957677
142.52857142857144,0.7924651440366907,0.0023585993352939656,0.20517625662801525,0.20092628326118456,0.059177995305679285,0.010617693539447547
142.68571428571428,0.7934837087656073,0.0023578805895100533,0.20415841064488255,0.19996202874396263,0.05773293967300484,0.010625762839370539
142.84285714285713,0.7944894720841891,0.0023571620685228552,0.2031533658472882,0.19901088511466014,0.05630459004766508,0.010633825652925649
143.0,0.7954824001580266,0.0023564437627220593,0.20216115607925136,0.19807288413099808,0.054893004351280555,0.010641881976456309
143.15714285714284,0.7964624596869128,0.00235572566907253,0.20118181464401474,0.1971480569957768,0.0534982398255026,0.0106499318069631
143.31428571428572,0.7974296179036031,0.002355007794102951,0.20021537430229397,0.1962364343561398,0.05212035303015592,0.010657975142159243
143.47142857142856,0.7983838425800391,0.002354290144996251,0.19926186727496453,0.19533804630275264,0.05075939983981429,0.010666011979652584
143.62857142857143,0.7993251020362805,0.0023535727177677415,0.19832132524595178,0.1944529223686503,0.0494154354440593,0.010674042316743378
143.78571428571428,0.8002533651376376,0.0023528555037020736,0.1973937793586605,0.19358109152861183,0.04808851434189195,0.010682066150441913
143.94285714285715,0.8011686012867627,0.0023521385032608606,0.19647926020997644,0.19272258219846292,0.046778690341773184,0.010690083478000887
144.1,0.8020707804252858,0.0023514217239448353,0.1955777978507693,0.1918774222338587,0.04548601655917657,0.0106980942977241
144.25714285714287,0.8029598730412981,0.0023507051698878345,0.19468942178881402,0.19104563892999718,0.04421054541371725,0.010706098607472864
144.4142857142857,0.8038358501758887,0.0023499888334553545,0.1938141609906561,0.19022725902040358,0.04295232862753022,0.010714096404651171
144.57142857142856,0.8046986834155424,0.002349272709046344,0.19295204387541118,0.18942230867658735,0.04171141722306082,0.010722087686657923
144.72857142857143,0.8055483448884659,0.0023485567997045403,0.19210309831182948,0.18863081350710492,0.04048786152099655,0.01073007245155187
144.88571428571427,0.8063848072668568,0.0023478411140379625,0.19126735161910513,0.18785279855707585,0.03928171113822775,0.010738050697696306
145.04285714285714,0.8072080437770095,0.0023471256516935978,0.19044483057129682,0.18708828830702728,0.038093014985833985,0.010746022423665718
145.2,0.8080180281994268,0.0023464104049694817,0.1896355613956038,0.1863373066732364,0.03692182126710274,0.010753987626526624
145.35714285714286,0.8088147348629475,0.0023456953694607208,0.18883956976759178,0.18559987700602054,0.03576817747557298,0.010761946304358274
145.5142857142857,0.8095981386402545,0.002344980551598314,0.18805688080814725,0.1848760220895438,0.03463213039311096,0.01076989845627186
145.67142857142858,0.8103682149551388,0.002344265957786438,0.18728751908707483,0.18416576414190017,0.033513726088011495,0.010777844080369655
145.82857142857142,0.8111249397889917,0.0023435515854200724,0.18653150862558826,0.183469124813594,0.03241300991313144,0.01078578317519559
145.9857142857143,0.8118682896802253,0.002342837425598164,0.18578887289417645,0.18278612518754764,0.03133002650404894,0.01079371573869256
146.14285714285714,0.8125982417157062,0.0023421234774257194,0.18505963480686816,0.18211678577850218,0.030264819777254637,0.010801641769314065
146.29999999999998,0.8133147735302882,0.0023414097491024684,0.18434381672060918,0.1814611265325451,0.029217432928369723,0.010809561266183845
146.45714285714286,0.8140178633151877,0.0023406962450707434,0.1836414404397416,0.18081916682666238,0.028187908430394575,0.010817474228318566
146.6142857142857,0.8147074898229838,0.002339982959748711,0.18295252721726754,0.18019092546831394,0.027176288031986948,0.010825380654182586
146.77142857142857,0.8153836323636602,0.002339269884962032,0.1822770977513778,0.1795764206950308,0.026182612755767352,0.010833280542131077
146.92857142857142,0.8160462707958372,0.0023385570244259467,0.18161517217973686,0.17897567017403826,0.02520692289665765,0.010841173891247117
147.0857142857143,0.8166953855318189,0.00233784438559749,0.18096677008258374,0.17838869100189989,0.024249258020244274,0.01084906070097143
147.24285714285713,0.8173309575441273,0.0023371319701452685,0.18033191048572747,0.17781549970418747,0.023309656961176397,0.0108569409705137
147.4,0.8179529683696986,0.0023364197686480508,0.17971061186165344,0.17725611223517165,0.022388157821589705,0.010864814698481794
147.55714285714285,0.8185614000997381,0.002335707777597735,0.17910289212266417,0.17671054397753844,0.02148479796956012,0.010872681883832197
147.71428571428572,0.8191562353778399,0.002334996002441061,0.17850876861971912,0.17617880974212735,0.020599614037592417,0.010880542526116197
147.87142857142857,0.8197374574040756,0.00233428445099625,0.17792825814492816,0.17566092376769404,0.01973264192112862,0.010888396625158399
148.02857142857144,0.8203050499440062,0.002333573120131103,0.1773613769358628,0.17515689972069587,0.01888391677710019,0.0108962441802419
148.18571428571428,0.8208589973257425,0.002332862001428345,0.17680814067282902,0.17466675069510051,0.018053473022493313,0.010904085190376858
148.34285714285713,0.8213992844323618,0.002332151093821612,0.17626856447381664,0.17419048921221894,0.017241344332962198,0.010911919654999814
148.5,0.8219258967009899,0.002331440404651883,0.1757426628943582,0.17372812722056102,0.016447563641456275,0.0109197475741299
148.65714285714284,0.8224388201298096,0.0023307299387136005,0.17523044993147682,0.17327967609571493,0.015672163136888934,0.010927568947784967
148.81428571428572,0.8229380412835726,0.002330019690256406,0.17473193902617096,0.17284514664024822,0.01491517426283236,0.010935383775454126
148.97142857142856,0.8234235472883875,0.002329309652199387,0.174247143059413,0.17242454908363664,0.014176627716240698,0.01094319205655889
149.12857142857143,0.8238953258253473,0.0023285998262135964,0.17377607434843917,0.17201789308220988,0.013456553446204705,0.010950993791028367
149.28571428571428,0.8243533651313834,0.0023278902210027074,0.17331874464761382,0.17162518771912705,0.012754980652742122,0.010958788979332681
149.44285714285715,0.8247976540083635,0.0023271808378449188,0.1728751651537917,0.17124644150437066,0.012071937785605004,0.010966577621648658
149.6,0.8252281818241033,0.0023264716698827457,0.17244534650601415,0.17088166237476796,0.011407452543131927,0.010974359717734895
149.75714285714287,0.8256449385072061,0.0023257627107545727,0.17202929878203935,0.1705308576940301,0.01076155187113304,0.010982135267395806
149.9142857142857,0.8260479145392616,0.0023250539667132395,0.17162703149402497,0.17019403425281965,0.010134261961769166,0.010989904271166577
150.07142857142856,0.8264371009620681,0.002324345444509589,0.17123855359342222,0.1698711982688422,0.009525608252538901,0.010997666729756335
150.22857142857143,0.8268124893829992,0.002323637143038391,0.1708638734739623,0.1695623553869525,0.008935615425192767,0.011005422643571154
150.38571428571427,0.8271740719760264,0.002322929052451706,0.17050299897152182,0.16926751067929596,0.008364307404756651,0.011013172012541688
150.54285714285714,0.8275218414709264,0.002322221171324336,0.17015593735774917,0.16898666864546455,0.007811707358565172,0.011020914837071303
150.7,0.8278557911525913,0.0023215135071531575,0.1698226953402554,0.1687198332126771,0.007277837695337976,0.011028651118101699
150.85714285714286,0.8281759148672534,0.002320806065726974,0.16950327906701948,0.16846700773598738,0.006762720064233917,0.011036380856670136
151.0142857142857,0.8284822070286544,0.0023200988417784473,0.16919769412956703,0.16822819499851105,0.006266375353985227,0.01104410405327293
151.17142857142858,0.8287746626130175,0.0023193918271974933,0.16890594555978497,0.168003397211672,0.005788823692084256,0.011051820708286746
151.32857142857142,0.8290532771506447,0.0023186850242030827,0.16862803782515215,0.16779261601548862,0.0053300844438834375,0.011059530822590969
151.4857142857143,0.8293180467283702,0.002317978440308673,0.16836397483132107,0.1675958524788594,0.004890176211922452,0.011067234397516699
151.64285714285714,0.8295689679957959,0.0023172720780787835,0.1681137599261253,0.16741310709988166,0.0044691168350878665,0.011074931434262586
151.79999999999998,0.8298060381690583,0.002316565929267764,0.16787739590167378,0.16724437980621593,0.004066923387944168,0.011082621933489262
151.95714285714286,0.8300292550218803,0.0023158599891872395,0.16765488498893244,0.16708966995541688,0.0036836121799849585,0.011090305896069727
152.1142857142857,0.8302386168816028,0.002315154262201915,0.16744622885619515,0.16694897633535513,0.003319198754993831,0.011097983323357447
152.27142857142857,0.8304341226319361,0.0023144487563217958,0.16725142861174225,0.16682229716460786,0.0029736978905259754,0.011105654217058768
152.42857142857142,0.8306157717210904,0.0023137434698245443,0.16707048480908518,0.16670963009292075,0.002647123597007909,0.011113318578436403
152.5857142857143,0.8307835641595496,0.0023130383949066602,0.16690339744554378,0.16661097220162327,0.0023394891175487075,0.011120976408516649
152.74285714285713,0.8309375005132231,0.00231233352826991,0.16675016595850686,0.16652632000414652,0.002050806927141754,0.011128627708580956
152.9,0.831077581898734,0.0023116288775159154,0.16661078922375,0.16645566944651907,0.001781088732264615,0.011136272480414077
153.05714285714285,0.8312038099909375,0.0023109244480848746,0.16648526556097765,0.16639901590786943,0.0015303454703604025,0.011143910725941054
153.21428571428572,0.8313161870272153,0.0023102202359484756,0.16637359273683613,0.16635635420099368,0.0012985873094257926,0.011151542446779288
153.37142857142857,0.8314147158045198,0.002309516232367772,0.1662757679631125,0.16632767857294645,0.0010858236475160693,0.011159167644122565
153.52857142857144,0.8314993996699686,0.002308812438016429,0.16619178789201505,0.16631298270561812,0.0008920631125342169,0.011166786319582532
153.68571428571428,0.8315702425208843,0.0023081088616811922,0.16612164861743445,0.16631225971631772,0.0007173135617447087,0.01117439847560403
153.84285714285713,0.8316272488128125,0.00230740550618678,0.1660653456810008,0.16632550215843642,0.0005615820814203102,0.011182004114310123
154.0,0.8316704235616162,0.002306702364919439,0.16602287407346425,0.16635270202216038,0.00042487498686769997,0.011189603237276653
154.15714285714284,0.8316997723375109,0.002305999430800649,0.1659942282316885,0.1663938507351015,0.00030719782156410656,0.011197195846134154
154.31428571428572,0.8317153012563476,0.0023052967091727826,0.16597940203447958,0.16644893916295553,0.00020855535756549227,0.01120478194340863
154.47142857142856,0.8317170169852823,0.002304594207018382,0.1659783888076993,0.16651795761032934,0.0001289515949559828,0.011212361531450134
154.62857142857143,0.8317049267476758,0.0023038919242568067,0.16599118132806737,0.1666008958214668,6.838976177891812e-05,0.011219934612591565
154.78571428571428,0.8316790383243561,0.0023031898512636878,0.16601777182438013,0.16669774298101692,2.6872313900346762e-05,0.01122750118850318
154.94285714285715,0.8316393600424846,0.0023024879859095903,0.1660581519716058,0.16680848771475132,4.400934909635818e-06,0.011235061261659969
155.1,0.8315859007738701,0.0023017863347243265,0.16611231289140552,0.1669331180904222,9.765360514693252e-07,0.011242614834832163
155.25714285714287,0.8315186699393464,0.002301084904227625,0.16618024515642607,0.16707162161883218,1.6599256189023535e-05,0.01125016191039095
155.4142857142857,0.8314376775150164,0.0023003836901140046,0.16626193879486947,0.16722398525425844,5.1268461798441844e-05,0.01125770249129937
155.57142857142856,0.831342934027372,0.0022996826843390576,0.1663573832882889,0.16739019539579433,0.00010498274699459113,0.01126523657909549
155.72857142857143,0.8312344505450253,0.0022989818872546216,0.16646656756772005,0.16757023788783093,0.00017773993358810903,0.011272764176762503
155.88571428571427,0.8311122386780837,0.0022982813067138823,0.1665894800152023,0.1677640980212472,0.0002695370711736908,0.0112802852877694
156.04285714285714,0.8309763105846436,0.0022975809461663263,0.16672610846918995,0.16797176053442497,0.0003803704372497904,0.011287799914445125
156.2,0.8308266789737048,0.0022968807989758996,0.16687644022731943,0.1681932096139429,0.0005102355373693948,0.011295308059680858
156.35714285714286,0.8306633570982827,0.0022961808586585333,0.1670404620430587,0.16842842889581483,0.0006591271053224193,0.011302809726018917
156.5142857142857,0.8304863587485589,0.0022954811281940663,0.16721816012324692,0.16867740146639462,0.0008270391033489725,0.011310304916478458
156.67142857142858,0.8302956982529753,0.00229478161638878,0.16740952013063598,0.16894010986343672,0.0010139647223844502,0.011317793634475248
156.82857142857142,0.8300913904865379,0.0022940823228537895,0.1676145271906083,0.16921653607715464,0.0012198963823351085,0.011325275883182741
156.9857142857143,0.8298734508689163,0.002293383240209455,0.1678331658908742,0.16950666155130234,0.00144482573238607,0.011332751665448119
157.14285714285714,0.8296418953578512,0.002292684363363036,0.16806542027878574,0.16981046718427534,0.0016887436513392004,0.011340220984185585
157.29999999999998,0.8293967404414738,0.0022919856999656825,0.16831127385856054,0.17012793333023501,0.0019516402479832224,0.011347683842912796
157.45714285714286,0.8291380031459864,0.002291287255900824,0.16857070959811282,0.17045903980025365,0.0022335048614954547,0.01135514024524517
157.6142857142857,0.8288657010390797,0.0022905890283208214,0.16884370993259948,0.17080376586347987,0.0025343260618724147,0.011362590194546562
157.77142857142857,0.8285798522280398,0.002289891007608484,0.16913025676435162,0.17116209024832735,0.0028540916503953565,0.011370033693832104
157.92857142857142,0.8282804753483684,0.002289193193998325,0.16943033145763323,0.1715339911436829,0.0031927886601228793,0.01137747074651398
158.0857142857143,0.82796758956368,0.002288495595577863,0.1697439148407421,0.17191944620013647,0.0035504033564193642,0.011384901356444519
158.24285714285713,0.827641214571644,0.0022877982165143995,0.17007098721184152,0.17231843253123316,0.003926921237508765,0.011392325527501362
158.4,0.8273013706072,0.0022871010505723507,0.17041152834222772,0.1727309267147438,0.004322327035064386,0.011399743263147593
158.55714285714285,0.8269480784357869,0.0022864040904835782,0.17076551747372964,0.17315690479395945,0.004736604714830047,0.01140715456676527
158.71428571428572,0.8265813593446555,0.0022857073400407036,0.17113293331530394,0.17359634227900456,0.005169737477265413,0.011414559442183284
158.87142857142857,0.8262012351459579,0.0022850108065741483,0.17151375404746802,0.17404921414817204,0.005621707758232516,0.011421957893551181
159.02857142857144,0.8258077281817042,0.0022843144910159835,0.17190795732727973,0.17451549484927908,0.006092497229703057,0.011429349924889774
159.18571428571428,0.8254008613246766,0.00228361838485352,0.17231552029046984,0.17499515830104292,0.006582086800506395,0.011436735539848846
159.34285714285713,0.8249806579685327,0.0022829224843985397,0.1727364195470686,0.17548817789447782,0.007090456617101584,0.01144411474219955
159.5,0.8245471420236938,0.0022822267950460993,0.17317063118125994,0.17599452649431385,0.0076175860643820014,0.011451487536138255
159.65714285714284,0.8241003379201735,0.0022815313242220115,0.17361813075560467,0.17651417644043163,0.008163453766510129,0.011458853926121587
159.81428571428572,0.8236402706141517,0.0022808360687139877,0.1740788933171343,0.17704709954932524,0.008728037587790928,0.011466213916293749
159.97142857142856,0.8231669655831405,0.0022801410208290584,0.17455289339603058,0.17759326711557638,0.00931131463355814,0.011473567510567224
160.12857142857143,0.8226804488184419,0.0022794461785281194,0.17504010500303005,0.17815264991335644,0.009913261251116955,0.011480914713046743
160.28571428571428,0.8221807468204284,0.0022787515504091465,0.17554050162916243,0.17872521819794515,0.010533853030686316,0.011488255528358984
160.44285714285715,0.8216678866062223,0.0022780571407497413,0.17605405625302795,0.1793109417072676,0.011173064806409274,0.011495589961110941
160.6,0.8211418957117711,0.0022773629440829865,0.17658074134414584,0.17990978966345608,0.011830870657354277,0.011502918015643519
160.75714285714287,0.8206028021863755,0.0022766689522679944,0.1771205288613564,0.1805217307744291,0.012507243908572193,0.011510239696074998
160.9142857142857,0.820050634583031,0.002275975167591206,0.1776733902493779,0.1811467332354912,0.01320215713218449,0.011517555006953614
161.07142857142856,0.8194854219590691,0.002275281599004457,0.17823929644192635,0.18178476473094776,0.01391558214849942,0.011524863953197455
161.22857142857143,0.8189071938835124,0.002274588247539682,0.17881821786894794,0.18243579243574845,0.014647490027136313,0.011532166539616827
161.38571428571427,0.8183159804361684,0.002273895105882098,0.17941012445794957,0.18309978301714797,0.015397851088194645,0.011539462770693898
161.54285714285714,0.8177118122000664,0.0022732021683313317,0.1800149856316022,0.1837767026363672,0.016166634903501106,0.011546752650866809
161.7,0.8170947202531527,0.002272509441587127,0.1806327703052602,0.18446651695032074,0.016953810297789074,0.011554036185116294
161.85714285714286,0.8164647361743624,0.0022718169318648495,0.18126344689377277,0.18516919111330613,0.017759345350022108,0.011561313378574169
162.0142857142857,0.8158218920467262,0.002271124637430466,0.18190698331584346,0.18588468977874797,0.018583207394595295,0.011568584236173435
162.17142857142858,0.8151662204558517,0.0022704325488653926,0.18256334699528287,0.18661297710096697,0.01942536302278263,0.011575848762559994
162.32857142857142,0.8144977544783196,0.002269740665374488,0.18323250485630593,0.1873540167369339,0.02028577808401501,0.011583106962604754
162.4857142857143,0.8138165276801395,0.0022690489942846807,0.18391442332557592,0.1881077718480708,0.02116441768720308,0.011590358841544943
162.64285714285714,0.8131225741212561,0.0022683575407387037,0.18460906833800533,0.18887420510207745,0.02206124620229953,0.011597604404784245
162.79999999999998,0.8124159283591762,0.0022676662993318165,0.18531640534149196,0.18965327867474668,0.022976227261730077,0.011604843657398185
162.95714285714286,0.811696625442179,0.0022669752626981476,0.18603639929512283,0.19044495425180977,0.02390932376159493,0.011612076604230246
163.1142857142857,0.810964700900883,0.002266284432435133,0.18676901466668205,0.19124919303082644,0.0248604978636646,0.011619303250524866
163.27142857142857,0.8102201907476639,0.0022655938167878463,0.1875142154355482,0.19206595572304824,0.025829710996403733,0.011626523601825506
163.42857142857142,0.8094631314827393,0.002264903417833255,0.18827196509942742,0.19289520255537185,0.026816923856921655,0.011633737663714967
163.5857142857143,0.8086935600946573,0.0022642132280561622,0.18904222667728643,0.1937368932721875,0.02782209641235998,0.011640945441346182
163.74285714285713,0.8079115140516235,0.0022635232418930272,0.18982496270648352,0.1945909871373976,0.028845187901548292,0.011648146939923134
163.9,0.8071170312946953,0.002262833463584615,0.19062013524172014,0.19545744293630274,0.029886156836682363,0.011655342164937434
164.05714285714285,0.8063101502391423,0.0022621439017373977,0.1914277058591202,0.19633621897769776,0.030944961005094907,0.011662531122326285
164.21428571428572,0.805490909781859,0.0022614545541643515,0.19224763566397654,0.1972272730957135,0.03202155747060981,0.011669713817654801
164.37142857142857,0.8046593492964985,0.002260765413228983,0.19307988529027237,0.19813056265196535,0.03311590257596855,0.011676890256321449
164.52857142857144,0.803815508625771,0.00226007647543107,0.19392441489879783,0.1990460445375527,0.03422795194381031,0.011684060443860639
164.68571428571428,0.8029594280744043,0.002259387749485595,0.19478118417610996,0.19997367517502582,0.035357660479022016,0.01169122438611738
164.84285714285713,0.802091148417011,0.002258699240100555,0.19565015234288854,0.20091341052060713,0.03650498237034564,0.011698382089182275
165.0,0.8012107108994018,0.002258010942861479,0.19653127815773686,0.2018652060661044,0.03766987109227691,0.0117055335586717
165.15714285714284,0.800318157234048,0.0022573228488149966,0.19742451991713691,0.20282901684125543,0.03885227940695149,0.011712678800456781
165.31428571428572,0.7994135295886831,0.0022566349597596715,0.19832983545155727,0.2038047974154866,0.040052159366061935,0.01171981782006135
165.47142857142856,0.7984968705867331,0.002255947284042702,0.19924718212922407,0.20479250190041248,0.041269462312800466,0.01172695062368886
165.62857142857143,0.7975682233128355,0.0022552598240875355,0.20017651686307697,0.20579208395185233,0.042504138883833795,0.011734077217713045
165.78571428571428,0.796627631313145,0.002254572572966224,0.201117796113889,0.20680349677195117,0.043756139011303125,0.01174119760808252
165.94285714285715,0.7956751385871754,0.0022538855245050424,0.2020709758883194,0.2078266931115187,0.045025411924856255,0.011748311800581657
166.1,0.7947107895793133,0.002253198683751447,0.2030360117369353,0.20886162527189406,0.046311906153704535,0.01175541980116212
166.25714285714287,0.7937346291821623,0.002252512057725456,0.20401285876011224,0.20990824510753645,0.04761556952871195,0.011762521616125298
166.4142857142857,0.7927467027403796,0.0022518256458089144,0.20500147161381146,0.21096650402830067,0.04893634918450886,0.011769617252165195
166.57142857142856,0.7917470560489981,0.0022511394393678425,0.20600180451163405,0.21203635300145274,0.05027419156163709,0.011776706715308609
166.72857142857143,0.7907357353427061,0.002250453435873384,0.2070138112214204,0.21311774255379812,0.05162904240872138,0.01178379001134551
166.88571428571427,0.7897127872919705,0.0022497676415111903,0.20803744506651822,0.21421062277446581,0.05300084678466863,0.011790867146855918
167.04285714285714,0.7886782590057442,0.0022490820630625794,0.20907265893119317,0.21531494331687046,0.05438954906089754,0.011797938128508087
167.2,0.7876321980367742,0.002248396695743787,0.21011940526748202,0.21643065340111786,0.055795092923592284,0.01180500296268314
167.35714285714286,0.7865746523741242,0.002247711532172016,0.2111776360937039,0.21755770181634562,0.05721742137598771,0.01181206165560757
167.5142857142857,0.7855056704351953,0.00224702657179385,0.212247302993011,0.21869603692307735,0.05865647674067971,0.011819114213624374
167.67142857142858,0.7844253010615002,0.002246341823897354,0.2133283571146025,0.21984560665559486,0.06011220066196518,0.011826160643523114
167.82857142857142,0.7833335935262903,0.002245657291374283,0.21442074918233534,0.2210063585243253,0.061584534108206065,0.01183320095206527
167.9857142857143,0.7822305975343982,0.002244972967466371,0.2155244294981356,0.22217823961824465,0.06307341737422754,0.011840235145771622
168.14285714285714,0.7811163632144607,0.0022442888450541275,0.21663934794048506,0.22336119660729506,0.06457879008373434,0.011847263230999671
168.29999999999998,0.7799909411096088,0.0022436049279616916,0.21776545396242955,0.22455517574482084,0.0661005911917607,0.011854285214443263
168.45714285714286,0.7788543821787942,0.0022429212248610917,0.21890269659634473,0.225760122870017,0.06763875898714829,0.01186130110310268
168.6142857142857,0.7777067378031739,0.0022422377349486156,0.22005102446187758,0.22697598341039368,0.06919323109504603,0.011868310903871374
168.77142857142857,0.7765480597823617,0.002241554450591101,0.22121038576704707,0.22820270238425777,0.07076394447943793,0.011875314623352815
168.92857142857142,0.7753784003258424,0.002240871367605574,0.222380728306552,0.2294402244032062,0.07235083544570693,0.011882312268168844
169.0857142857143,0.7741978120453404,0.0022401884937216753,0.22356199946093788,0.23068849367463756,0.07395383964320855,0.011889303845321695
169.24285714285713,0.7730063479610919,0.0022395058342259805,0.22475414620468204,0.23194745400427577,0.07557289206787711,0.011896289361957833
169.4,0.7718040615032519,0.0022388233858226594,0.22595711511092542,0.233217048798711,0.07720792706488533,0.011903268825034658
169.55714285714285,0.7705910065078185,0.0022381411396761685,0.22717085235250528,0.23449722106795154,0.07885887833128137,0.011910242241297364
169.71428571428572,0.7693672372050783,0.0022374590962831713,0.22839530369863847,0.23578791342799615,0.08052567891867937,0.011917209617663307
169.87142857142857,0.7681328082183434,0.0022367772633802045,0.2296304145182763,0.23708906810341324,0.08220826123598982,0.01192417096133622
170.02857142857144,0.7668877745682414,0.0022360956448488124,0.23087612978690988,0.23840062692994113,0.08390655705215863,0.011931126279653797
170.18571428571428,0.7656321916742992,0.002235414234196025,0.23213239409150488,0.23972253135709817,0.08562049749892331,0.011938075579648426
170.34285714285713,0.7643661153462377,0.0022347330249280284,0.2333991516288343,0.24105472245080709,0.08735001307359243,0.011945018868242365
170.5,0.7630896017757741,0.002234052019864737,0.23467634620436106,0.24239714089603792,0.08909503364188914,0.011951956152584823
170.65714285714284,0.7618027075362361,0.0022333712274267997,0.23596392123633703,0.24374972699945824,0.09085548844082152,0.011958887440147366
170.81428571428572,0.7605054895882172,0.0022326906482705677,0.23726181976351218,0.24511242069210024,0.09263130608146614,0.011965812738331357
170.97142857142856,0.7591980052778636,0.0022320102740767157,0.23856998444805952,0.24648516153204209,0.09442241455194421,0.011972732054281097
171.12857142857143,0.7578803123264944,0.002231330100549052,0.23988835757295646,0.2478678887071,0.09622874122029369,0.011979645395090952
171.28571428571428,0.7565524688244485,0.002230650133107582,0.24121688104244401,0.24926054103754533,0.09805021283747489,0.01198655276818291
171.44285714285715,0.7552145332328137,0.0022299703797431353,0.24255549638744314,0.2506630569787981,0.09988675554029271,0.011993454181200442
171.6,0.7538665643897139,0.002229290836477791,0.24390414477380828,0.2520753746242029,0.10173829485430932,0.012000349641634406
171.75714285714287,0.752508621502718,0.0022286114957649782,0.24526276700151695,0.2534974317077331,0.10360475569705069,0.012007239156727113
171.9142857142857,0.7511407641405085,0.002227932355878421,0.246631303503613,0.25492916560677553,0.10548606238095426,0.012014122733793198
172.07142857142856,0.7497630522269293,0.0022272534261862,0.24800969434688444,0.25637051334489475,0.10738213861637509,0.012021000380532398
172.22857142857143,0.7483755460487552,0.0022265747100094022,0.2493978792412354,0.2578214115946239,0.10929290751477466,0.01202787210469013
172.38571428571427,0.7469783062549326,0.002225896201631328,0.25079579754343617,0.25928179668025164,0.1112182915918271,0.012034737913813435
172.54285714285714,0.745571393849842,0.002225217893127973,0.25220338825703015,0.2607516045806273,0.11315821277050499,0.012041597815227942
172.7,0.7441548701824494,0.0022245397876665476,0.25362059002988413,0.2622307709319994,0.11511259238432711,0.012048451816514294
172.85714285714286,0.7427287969472139,0.0022238618935716777,0.25504734115921446,0.26371923103087047,0.1170813511804726,0.012055299925624593
173.0142857142857,0.7412932361890714,0.0022231842115261326,0.25648357959940243,0.26521691983674994,0.11906440932295538,0.012062142150310408
173.17142857142858,0.7398482503011983,0.00222250673410715,0.25792924296469477,0.2667237719751817,0.12106168639593631,0.012068978498281093
173.32857142857142,0.7383939020157495,0.002221829456456859,0.2593842685277935,0.2682397217403628,0.12307310140721442,0.012075808976930391
173.4857142857143,0.7369302543960659,0.002221152384555397,0.2608485932193787,0.26976470309829914,0.12509857279112,0.012082633594158426
173.64285714285714,0.735457370840065,0.002220475524992422,0.26232215363494255,0.2712986496894951,0.127138018411706,0.012089452357950677
173.79999999999998,0.7339753150830973,0.0022197988757521,0.2638048860411504,0.27284149483200504,0.1291913555671053,0.012096265276248996
173.95714285714286,0.7324841511941769,0.0022191224281152815,0.2652967263777078,0.2743931715241794,0.13125850099096875,0.012103072356685507
174.1142857142857,0.730983943564423,0.002218446180927462,0.2667976102546497,0.27595361244777095,0.13333937085828973,0.012109873607010362
174.27142857142857,0.7294747569039809,0.002217770140986086,0.26830747295503315,0.277522749970724,0.13543388078624277,0.01211666903516417
174.42857142857142,0.7279566562445879,0.002217094314221466,0.2698262494411905,0.2791005161502492,0.13754194584003776,0.012123458649392207
174.5857142857143,0.7264297069437067,0.002216418694299964,0.27135387436199354,0.2806868427357001,0.13966348053466404,0.01213024245759595
174.74285714285713,0.7248939746745962,0.0022157432743926675,0.2728902820510111,0.2822816611715923,0.14179839883880166,0.012137020467638236
174.9,0.7233495254183212,0.0022150680556153484,0.27443540652606346,0.2838849026004321,0.1439466141784382,0.012143792687251216
175.05714285714285,0.7217964254605042,0.0022143930475338907,0.2759891814919621,0.285496497865932,0.14610803944053785,0.012150559124711736
175.21428571428572,0.7202347413986557,0.002213718251463234,0.27755154034988105,0.28711637751596253,0.14828258697629013,0.012157319788307362
175.37142857142857,0.7186645401398343,0.002213043659659257,0.2791224162005065,0.2887444718055224,0.1504701686047566,0.012164074686145217
175.52857142857144,0.7170858888910786,0.0022123692663743046,0.2807017418425471,0.2903807106995627,0.15267069561645036,0.012170823825912811
175.68571428571428,0.715498855151021,0.002211695076757503,0.28228944977222165,0.2920250238761938,0.15488407877692928,0.012177567215571568
175.84285714285713,0.7139035067118584,0.0022110210988304183,0.2838854721893112,0.29367734073013296,0.1571102283304179,0.012184304863866863
176.0,0.7122999116646362,0.0022103473300257967,0.28548974100533786,0.2953375903748854,0.15934905400344543,0.012191036778834104
176.15714285714284,0.7106881383930164,0.002209673762739639,0.287102187844244,0.29700570164664186,0.16160046500850545,0.012197762968700255
176.31428571428572,0.7090682555642108,0.0022090003943697643,0.28872274404141934,0.2986816031065773,0.1638643700477403,0.012204483441141577
176.47142857142856,0.7074403321223551,0.0022083272333000563,0.2903513406443448,0.30036522304481916,0.16614067731663976,0.012211198204887239
176.62857142857143,0.7058044372947349,0.0022076542838115926,0.29198790842145356,0.3020564894826371,0.1684292945077676,0.012217907268171273
176.78571428571428,0.7041606405917714,0.002206981541234405,0.29363237786699414,0.30375533017627704,0.17073012881450095,0.012224610639505626
176.94285714285715,0.7025090118007841,0.002206308997510592,0.2952846792017053,0.30546167261921914,0.17304308693479772,0.012231308326403975
177.1,0.700849620974825,0.002205636654442469,0.2969447423707326,0.3071754440469137,0.1753680750749762,0.012238000338165075
177.25714285714287,0.6991825384320454,0.0022049645198306267,0.2986124970481241,0.3088965714372641,0.17770499895352226,0.012244686682181514
177.4142857142857,0.6975078347594644,0.0022042925963913036,0.3002878726441443,0.310624981516388,0.1800537638049092,0.012251367367390046
177.57142857142856,0.6958255808131389,0.0022036208765765625,0.3019707983102845,0.31236060076036637,0.18241427438344365,0.01225804240209238
177.72857142857143,0.6941358477076182,0.0022029493549029036,0.30366120293747895,0.3141033553986892,0.18478643496712654,0.012264711794457563
177.88571428571427,0.6924387068083846,0.00220227803548356,0.3053590151561318,0.31585317141740954,0.18717014936153284,0.012271375552870622
178.04285714285714,0.6907342297320217,0.0022016069265904446,0.30706416334138786,0.31760997456230733,0.1895653209037185,0.012278033685957387
178.2,0.6890224883513291,0.0022009360273855818,0.3087765756212854,0.319373690342059,0.19197185246613113,0.012284686202274173
178.35714285714286,0.6873035547916424,0.0022002653289709528,0.3104961798793865,0.3211442440314167,0.19438964646055862,0.012291333110154493
178.5142857142857,0.6855775014191067,0.002199594828620391,0.31222290375227296,0.3229215606743924,0.19681860484207747,0.012297974417870748
178.67142857142858,0.6838444008357574,0.0021989245327584403,0.3139566746314841,0.32470556508745335,0.19925862911303657,0.012304610133961943
178.82857142857142,0.6821043258817105,0.0021982544483318397,0.3156974196699576,0.3264961818627199,0.20170962032704312,0.012311240267153533
178.9857142857143,0.680357349640079,0.0021975845697222887,0.31744506579019877,0.32829333537117517,0.20417147909298572,0.012317864826007168
179.14285714285714,0.6786035454271249,0.002196914889849732,0.31919953968302545,0.3300969497658781,0.20664410557905258,0.012324483818881814
179.29999999999998,0.676842986783918,0.0021962454087746212,0.32096076780730737,0.3319069489851857,0.20912739951678888,0.012331097254186912
179.45714285714286,0.6750757474717395,0.002195576136086621,0.3227286763921739,0.3337232567559808,0.21162126020516278,0.012337705140634888
179.6142857142857,0.6733019014795152,0.002194907073647836,0.3245031914468369,0.33554579659690564,0.2141255865146354,0.012344307486957234
179.77142857142857,0.671521523021258,0.0021942382147050105,0.326284238764037,0.3373744918216051,0.21664027689128562,0.012350904301723618
179.92857142857142,0.6697346865275985,0.002193569552650482,0.32807174391975097,0.3392092655419706,0.219165229360898,0.012357495593315358
180.0857142857143,0.6679414666360505,0.002192901091823351,0.32986563227212606,0.34105004067139716,0.22170034153314966,0.012364081370323899
180.24285714285713,0.6661419381923018,0.0021922328401922275,0.33166582896750607,0.34289673992803915,0.22424551060569228,0.012370661641515408
180.4,0.6643361762547694,0.002191564796887653,0.33347225894834287,0.3447492858380794,0.2268006333683628,0.012377236415701869
180.55714285714285,0.6625242560902138,0.00219089695411345,0.33528484695567257,0.34660760073899577,0.22936560620735388,0.012383805701422675
180.71428571428572,0.6607062531637019,0.002190229308420188,0.337103517527878,0.34847160678284195,0.23194032510946516,0.012390369507141678
180.87142857142857,0.6588822431319251,0.0021895618665553956,0.33892819500151933,0.35034122593952477,0.23452468566622864,0.012396927841579143
181.0285714285714,0.6570523018466633,0.002188894634490006,0.3407588035188468,0.35221638000009525,0.23711858307822165,0.01240348071360482
181.18571428571428,0.6552165053568344,0.0021882276089451357,0.34259526703422044,0.3540969905800402,0.23972191215929173,0.012410028131991706
181.34285714285713,0.6533749299029786,0.002187560781190468,0.3444375093158307,0.3559829791225799,0.24233456734081876,0.012416570105291076
181.5,0.6515276519051406,0.0021868941516617357,0.34628545394319743,0.3578742669019684,0.24495644267596442,0.012423106642078323
181.65714285714284,0.6496747479611199,0.0021862277275980775,0.34813902431128196,0.3597707750267961,0.2475874318440259,0.012429637751155695
181.81428571428572,0.6478162948489544,0.0021855615137596164,0.34999814363728604,0.361672424443319,0.25022742815472937,0.012436163441474721
181.97142857142856,0.6459523695298371,0.002184895502423759,0.35186273496773907,0.36357913593875757,0.25287632455256076,0.012442683721767302
182.12857142857143,0.6440830491361964,0.002184229687611719,0.3537327211761919,0.3654908301446174,0.25553401362100076,0.012449198600611049
182.28571428571428,0.6422084109641792,0.0021835640721518065,0.35560802496366883,0.36740742754002653,0.2582003875871849,0.012455708086674618
182.44285714285715,0.6403285324718037,0.0021828986654263364,0.35748856886277,0.36932884845505115,0.2608753383257658,0.01246221218890652
182.6,0.6384434912857149,0.0021822334670826035,0.3593742752472026,0.37125501307403835,0.26355875736378803,0.012468710916214758
182.75714285714287,0.6365533651968814,0.0021815684687806203,0.3612650663343379,0.37318584143895717,0.26625053588498243,0.012475204277327597
182.9142857142857,0.6346582321498961,0.0021809036663887993,0.36316086418371496,0.37512125345270003,0.26895056473394285,0.012481692280808082
183.07142857142856,0.6327581702360217,0.0021802390660691493,0.3650615906979091,0.3770611688824945,0.27165873442064054,0.012488174935487005
183.22857142857143,0.6308532576956848,0.0021795746749353894,0.3669671676293799,0.37900550736319333,0.2743749351250325,0.012494652250348931
183.38571428571427,0.6289435729227176,0.0021789104888216364,0.36887751658846074,0.38095418840062145,0.27709905670123525,0.01250112423426683
183.54285714285714,0.6270291944561254,0.002178246500394012,0.37079255904348063,0.38290713137501764,0.27983098868278367,0.01250759089596484
183.7,0.6251102009710012,0.0021775827087004464,0.3727122163202982,0.38486425554425563,0.2825706202856687,0.012514052244084906
183.85714285714286,0.6231866712733084,0.0021769191223689663,0.37463640960432265,0.38682548004732525,0.28531784041380853,0.012520508287551926
184.0142857142857,0.6212586843058313,0.002176255744626133,0.37656505994954254,0.3887907239075502,0.2880725376646079,0.012526959035293345
184.17142857142858,0.6193263191470478,0.0021755925697367695,0.3784980882832154,0.3907599060361951,0.29083460032959035,0.012533404496234586
184.32857142857142,0.6173896550033704,0.0021749295904155788,0.380435415406214,0.3927329452355753,0.29360391640436656,0.012539844679031336
184.4857142857143,0.6154487711984634,0.00217426680985114,0.3823769619916854,0.3947097602025106,0.29638037358959207,0.012546279592379861
184.64285714285714,0.6135037471736973,0.002173604235657969,0.38432264859064486,0.39669026953185976,0.299163859295064,0.012552709245317322
184.79999999999998,0.6115546624913959,0.0021729418693452185,0.3862723956392588,0.3986743917195619,0.30195426064706427,0.012559133646774523
184.95714285714286,0.6096015968338526,0.002172279702435227,0.38822612346371216,0.4006620451663396,0.3047514644914358,0.012565552805562132
185.1142857142857,0.6076446299914015,0.002171617730604964,0.3901837522779935,0.40265314818093156,0.3075553573967824,0.012571966730404172
185.27142857142857,0.6056838418557076,0.002170955959305756,0.39214520218498666,0.40464761898344764,0.31036582566168,0.01257837543009864
185.42857142857142,0.6037193124211024,0.002170294396260884,0.3941103931826366,0.4066453757087523,0.31318275531771667,0.012584778913651578
185.5857142857143,0.601751121788882,0.0021696330390866517,0.39607924517203147,0.40864633640988113,0.31600603213446454,0.012591177189985113
185.74285714285713,0.5997793501619241,0.0021689718786799205,0.39805167795939594,0.4106504190615282,0.3188355416241084,0.012597570267945661
185.9,0.5978040778322653,0.002168310914084288,0.40002761125365044,0.4126575415631331,0.3216711690460913,0.012603958156098816
186.05714285714285,0.5958253851778821,0.0021676501524409073,0.40200696466967717,0.4146676217425707,0.3245127994117638,0.01261034086337879
186.21428571428572,0.5938433526653358,0.002166989599316593,0.4039896577353477,0.41668057735947456,0.3273603174890502,0.012616718398910456
186.37142857142857,0.5918580608532176,0.00216632924771649,0.40597560989906584,0.4186963261085315,0.3302136078071179,0.012623090771636966
186.5285714285714,0.5898695903806628,0.0021656690913561217,0.40796474052798104,0.420714785622447,0.33307255466106256,0.012629457989824323
186.68571428571428,0.5878780219595952,0.002165009131974831,0.4099569689084299,0.422735873476768,0.3359370421165994,0.012635820062843958
186.84285714285713,0.5858834363716758,0.0021643493789686055,0.4119522142493555,0.42475950719133393,0.3388069540147623,0.012642176999249488
187.0,0.5838859144752023,0.0021636898327902,0.4139503956920074,0.4267856042350718,0.3416821739766183,0.012648528808113667
187.15714285714284,0.5818855372012075,0.0021630304858968785,0.4159514323128957,0.4288140820289014,0.3445625854079827,0.012654875498324617
187.31428571428572,0.5798823855437332,0.0021623713331705365,0.41795524312309634,0.43084485794907146,0.34744807150415125,0.012661217078498072
187.47142857142856,0.5778765405516151,0.0021617123799786606,0.41996174706840633,0.43287784933079265,0.35033851525463244,0.012667553557636966
187.62857142857143,0.5758680833304414,0.0021610536335925517,0.42197086303596604,0.4349129734710351,0.3532337994478977,0.012673884944376854
187.78571428571428,0.5738570950462987,0.0021603950918460102,0.42398250986185543,0.43695014763296364,0.3561338066761285,0.012680211248069131
187.94285714285715,0.5718436569201747,0.0021597367466695294,0.4259966063331558,0.4389892890479154,0.35903841933998465,0.012686532477021065
188.1,0.5698278502173589,0.002159078596025417,0.42801307118661563,0.44103031492016737,0.3619475196533636,0.012692848640092288
188.25714285714287,0.5678097562420389,0.0021584206473898005,0.4300318231105711,0.44307314242952384,0.36486098964818947,0.012699159746119968
188.4142857142857,0.5657894563413305,0.0021577629058451104,0.4320527807528243,0.4451176887348845,0.36777871117918254,0.012705465804093843
188.57142857142856,0.5637670319063441,0.0021571053669396417,0.4340758627267163,0.44716387097762555,0.37070056592866374,0.012711766822884892
188.72857142857143,0.5617425643655125,0.0021564480221414146,0.4361009876123461,0.44921160628497797,0.37362643541134405,0.012718062811170397
188.88571428571427,0.5597161351721902,0.002155790873626418,0.43812807395418346,0.45126081177340327,0.3765562009791311,0.012724353777623088
189.04285714285714,0.5576878258047347,0.0021551339288518523,0.44015704026641334,0.4533114045519706,0.37948974382594286,0.012730639731102413
189.2,0.5556577177690721,0.0021544771910768697,0.44218780503985095,0.45536330172572714,0.3824269449925212,0.01273692068058084
189.35714285714286,0.5536258926001848,0.002153820651488771,0.4442202867483263,0.4574164203990734,0.38536768537126126,0.012743196634822866
189.5142857142857,0.5515924318489204,0.002153164305264211,0.44625440384581544,0.4594706776791294,0.38831184571103283,0.012749467602456481
189.67142857142858,0.5495574170754876,0.0021525081568140635,0.4482900747676983,0.46152599067910377,0.3912593066220264,0.012755733592159762
189.82857142857142,0.5475209298492282,0.0021518522148908335,0.45032721793588093,0.4635822765216571,0.39420994858058656,0.01276199461284674
189.9857142857143,0.5454830517545781,0.002151196477525286,0.45236575176789645,0.46563945234226634,0.3971636519340807,0.01276825067337433
190.14285714285714,0.5434438643852061,0.0021505409361583026,0.45440559467863556,0.4676974352925815,0.4001202969056912,0.012774501782425314
190.29999999999998,0.5414034493328389,0.002149885588408734,0.4564466650787523,0.4697561425437853,0.403079763599351,0.012780747948554282
190.45714285714286,0.5393618881821546,0.0021492304411249606,0.45848888137672034,0.47181549128994593,0.4060419320045598,0.012786989180498289
190.6142857142857,0.5373192625137062,0.00214857550031336,0.4605321619859803,0.47387539875136697,0.40900668200124607,0.012793225487112701
190.77142857142857,0.5352756539072282,0.00214792076047769,0.4625764253322941,0.47593578217793747,0.41197389336465795,0.012799456877193641
190.92857142857142,0.5332311439320528,0.0021472662147094773,0.4646215898532376,0.47799655885247305,0.41494344577026476,0.012805683359316866
191.0857142857143,0.5311858141383249,0.002146611863669155,0.46666757399800574,0.4800576460940602,0.4179152187985162,0.012811904942029148
191.24285714285713,0.5291397460535608,0.0021459577159669424,0.4687142962304721,0.4821189612613905,0.4208890919399251,0.012818121634076628
191.4,0.5270930211882896,0.002145303773682565,0.47076167503802774,0.4841804217560967,0.4238649445997341,0.012824333444270211
191.55714285714285,0.5250457210340167,0.0021446500303171213,0.4728096289356662,0.48624194502608037,0.4268426561029948,0.012830540381278671
191.71428571428572,0.5229979270546767,0.002143996479337723,0.47485807646598555,0.4883034485688352,0.4298221056993502,0.012836742453599042
191.87142857142857,0.520949720676461,0.002143343125399817,0.47690693619813923,0.4903648499347779,0.432803172567886,0.0128429396697898
192.0285714285714,0.5189011832898999,0.0021426899757380903,0.47895612673436194,0.49242606673055345,0.4357857358223368,0.01284913203854855
192.18571428571428,0.5168523962526239,0.0021420370304909824,0.48100556671688505,0.49448701662235345,0.4387696745154751,0.012855319568647657
192.34285714285713,0.5148034408873661,0.0021413842805022743,0.4830551748321318,0.49654761733923014,0.4417548676443978,0.012861502268625868
192.5,0.5127543984691866,0.002140731722793794,0.48510486980801976,0.4986077866763854,0.4447411941554959,0.01286768014692628
192.65714285714284,0.5107053502200845,0.002140079364070415,0.4871545704158452,0.500667442498479,0.44772853294886306,0.012873853212066692
192.81428571428572,0.5086563773117638,0.002139427211089898,0.4892041954771463,0.5027265027429317,0.4507167628839339,0.012880021472780376
192.97142857142856,0.50660756086895,0.0021387752599589757,0.49125366387109093,0.5047848854231938,0.4537057627836655,0.012886184937680938
193.12857142857143,0.5045589819626397,0.0021381235018179783,0.49330289453554216,0.5068425086320318,0.4566954114400566,0.012892343615203833
193.28571428571428,0.5025107215977637,0.0021374719375466104,0.4953518064646897,0.5088992905448378,0.45968558761855544,0.01289849751372555
193.44285714285715,0.5004628607119618,0.0021368205746327266,0.49740031871340545,0.5109551494228577,0.46267617006343603,0.012904646641773992
193.6,0.4984154801786354,0.0021361694170773083,0.4994483504042872,0.5130100036164914,0.4656670375025143,0.012910791008008047
193.75714285714287,0.4963686608089526,0.002135518456841423,0.501495820734206,0.5150637715685179,0.4686580686517456,0.012916930620910459
193.9142857142857,0.4943224833394611,0.002134867688650908,0.5035426489718879,0.5171163718173977,0.4716491422206418,0.012923065488811275
194.07142857142856,0.492277028425346,0.0021342171157839396,0.5055887544588702,0.5191677230004977,0.4746401369170841,0.012929195620052087
194.22857142857143,0.4902323766391342,0.002133566747057684,0.507634056613808,0.5212177438573394,0.4776309314521545,0.01293532102316537
194.38571428571427,0.48818860847692036,0.002132916581597108,0.5096784749414826,0.5232663532328122,0.48062140454471614,0.012941441706668498
194.54285714285714,0.48614580435349797,0.0021322666114123746,0.5117219290350897,0.5253134700804448,0.48361143492686903,0.012947557678907793
194.7,0.4841040445921763,0.0021316168328277406,0.5137643385749959,0.527359013465638,0.4866009013489724,0.012953668948157405
194.85714285714286,0.48206340941804826,0.0021309672521730686,0.5158056233297788,0.5294029025687753,0.48958968258436475,0.012959775522683976
195.0142857142857,0.48002397896104426,0.0021303178757896696,0.5178457031631661,0.5314450566886303,0.49257765743290516,0.01296587741098483
195.17142857142858,0.47798583325879745,0.0021296687003502543,0.5198844980408522,0.5334853952453263,0.49556470472864733,0.012971974621443769
195.32857142857142,0.4759490522503797,0.0021290197176760607,0.5219219280319444,0.5355238377837606,0.49855070334240026,0.012978067162302074
195.4857142857143,0.4739137157655113,0.002128370927135341,0.5239579133073534,0.5375603039766931,0.5015355321878235,0.012984155041732927
195.64285714285714,0.4718799035206999,0.0021277223368965604,0.5259923741424036,0.5395947136278818,0.5045190702259397,0.012990238267981055
195.79999999999998,0.4698476951242078,0.002127073950836965,0.5280252309249553,0.5416269866753336,0.5075011964701182,0.012996316849440782
195.95714285714286,0.4678171700760453,0.0021264257634152632,0.5300564041605395,0.543657043194456,0.5104817899909796,0.01300239079438478
196.1142857142857,0.46578840776051045,0.0021257777666493683,0.5320858144728401,0.5456848034012425,0.5134607299212974,0.013008460110936648
196.27142857142857,0.46376148743416645,0.002125129964484163,0.5341133826013493,0.5477101876553758,0.5164378954609024,0.013014524807178789
196.42857142857142,0.461736488228054,0.0021244823642904867,0.5361390294076555,0.5497331164631981,0.5194131658815765,0.013020584891149444
196.5857142857143,0.45971348915033966,0.0021238349675948404,0.5381626758820653,0.5517535104815907,0.5223864205319539,0.013026640371520536
196.74285714285713,0.45769256908635797,0.002123187764893108,0.5401842431487488,0.5537712905199754,0.5253575388424079,0.013032691256185534
196.9,0.45567380678490094,0.0021225407527604326,0.5422036524623386,0.555786377544217,0.5283264003299454,0.013038737553103216
197.05714285714285,0.4536572808532735,0.002121893936928831,0.5442208252097978,0.5577986926795373,0.5312928846030872,0.01304477927027961
197.21428571428572,0.45164306975868407,0.0021212473251375707,0.5462356829161783,0.5598081572138607,0.5342568713667557,0.01305081641613997
197.37142857142857,0.4496312518332932,0.002120600913982488,0.5482481472527243,0.5618146925999985,0.5372182404271482,0.013056848998377231
197.5285714285714,0.44762190526735113,0.002119954694990692,0.5502581400376583,0.5638182204603422,0.5401768716966145,0.013062877025482169
197.68571428571428,0.44561510809810323,0.0021193086675595496,0.5522655832343372,0.5658186625881744,0.5431326451985253,0.013068900504962011
197.84285714285713,0.44361093820681685,0.0021186628389700023,0.5542703989542132,0.5678159409523234,0.5460854410721367,0.013074919445254143
198.0,0.44160947332218825,0.0021180172139008,0.5562725094639109,0.5698099776983476,0.5490351395774533,0.013080933853730076
198.15714285714284,0.43961079102270156,0.0021173717858922587,0.5582718371914063,0.5718006951538155,0.5519816211000799,0.01308694373883928
198.31428571428572,0.4376149687264697,0.0021167265485666623,0.5602683047249636,0.5737880158300176,0.5549247661560777,0.013092949108613895
198.47142857142856,0.4356220836831068,0.0021160815040321395,0.5622618348128611,0.5757718624245349,0.5578644553968041,0.013098949970327772
198.62857142857143,0.4336322129720289,0.0021154366608054035,0.5642523503671657,0.5777521578256208,0.560800569613755,0.01310494633210626
198.78571428571428,0.431645433508261,0.0021147920196561455,0.5662397744720828,0.5797288251143357,0.5637329897434002,0.013110938201929923
198.94285714285715,0.4296618220394062,0.0021141475735528634,0.5682240303870408,0.5817017875677535,0.5666615968720093,0.013116925587625158
199.1,0.4276814551370065,0.0021135033168127736,0.5702050415461807,0.5836709686619519,0.5695862722404762,0.01312290849687175
199.25714285714287,0.4257044091870688,0.0021128592555670934,0.5721827315573641,0.585636292074999,0.5725068972491287,0.013128886937367232
199.4142857142857,0.4237307603941722,0.002112215396466202,0.5741570242093618,0.5875976816899221,0.5754233534625559,0.013134860916935717
199.57142857142856,0.42176058478384515,0.002111571738093264,0.5761278434780616,0.5895550615976738,0.5783355226143765,0.013140830443439444
199.72857142857143,0.419793958199535,0.002110928270982691,0.5780951135294823,0.5915083561000838,0.5812432866120724,0.013146795524525065
199.88571428571427,0.4178309562897047,0.0021102849936857084,0.5800587587166096,0.593457489712799,0.5841465275417563,0.013152756167739595
200.04285714285714,0.415871654504247,0.0021096419139090125,0.582018703581844,0.5954023871682184,0.5870451276729592,0.013158712380694736
200.2,0.41391612809870165,0.0021089990370791296,0.5839748728642193,0.5973429734184117,0.5899389694633932,0.013164664171153218
200.35714285714286,0.41196445213651517,0.00210835635795908,0.5859271915055256,0.5992791736380313,0.5928279355637549,0.013170611546777459
200.5142857142857,0.4100167014813245,0.0021077138683495062,0.5878755846503261,0.6012109132272093,0.5957119088224103,0.013176554515051703
200.67142857142858,0.40807295078549644,0.002107071570904749,0.5898199776435987,0.6031381178144493,0.5985907722902509,0.013182493083385743
200.82857142857142,0.40613327449107356,0.0021064294730816563,0.5917602960358448,0.6050607132594996,0.6014644092253123,0.01318842725933194
200.9857142857143,0.40419774683304505,0.0021057875772580808,0.5936964655896969,0.6069786256562237,0.6043327030976261,0.01319435705051069
201.14285714285714,0.4022664418401887,0.0021051458747202638,0.5956284122850909,0.6088917813354512,0.6071955375938695,0.013200282464409668
201.29999999999998,0.40033943332248445,0.00210450436129203,0.5975560623162236,0.6108001068678232,0.6100527966221241,0.013206203508356492
201.45714285714286,0.39841679486560655,0.0021038630416486126,0.5994793420927449,0.6127035290666224,0.6129043643165248,0.013212120189651826
201.6142857142857,0.3964985998316791,0.0021032219237203153,0.6013981782446005,0.6146019749905951,0.6157501250420191,0.013218032515778954
201.77142857142857,0.3945849213646772,0.0021025810053613447,0.6033124976299615,0.6164953719467589,0.6185899633990604,0.013223940494190414
201.92857142857142,0.3926758323850095,0.0021019402785211125,0.6052222273364694,0.6183836474931969,0.6214237642282241,0.013229844132186124
202.0857142857143,0.39077140557953577,0.0021012997408068647,0.6071272946796574,0.6202667294418456,0.6242514126149477,0.013235743436936027
202.24285714285713,0.38887171339633686,0.0021006593994771683,0.6090276272041859,0.622144545861263,0.6270727938940985,0.013241638415679487
202.4,0.3869768280491877,0.0021000192598074788,0.610923152691005,0.6240170250793927,0.6298877936547401,0.013247529075737886
202.55714285714285,0.38508682151966755,0.002099379317306137,0.6128137991630265,0.6258840956863096,0.6326962977447522,0.013253415424435352
202.71428571428572,0.3832017655504369,0.0020987395639509303,0.6146994948856122,0.6277456865369538,0.6354981922752835,0.01325929746887262
202.87142857142857,0.3813217316348534,0.0020981000005420645,0.6165801683646046,0.6296017267538597,0.6382933636257315,0.013265175216094834
203.0285714285714,0.3794467910148532,0.0020974606357908807,0.6184557483493559,0.6314521457298544,0.6410816984478799,0.013271048673222163
203.18571428571428,0.3775770146871241,0.00209682147206754,0.6203261638408083,0.6332968731307704,0.6438630836708549,0.01327691784748921
203.34285714285713,0.3757124734019271,0.0020961825028818085,0.6221913440951912,0.6351358388981152,0.6466374065055416,0.013282782745998745
203.5,0.3738532376551935,0.0020955437212201913,0.6240512186235864,0.6369689732517474,0.6494045544495497,0.013288643375677787
203.65714285714284,0.37199937767769453,0.0020949051326796873,0.6259057171896258,0.6387962066925577,0.6521644152908257,0.013294499743446198
203.81428571428572,0.3701509634394451,0.0020942667441850513,0.6277547698163698,0.6406174700050693,0.6549168771133899,0.013300351856320608
203.97142857142856,0.3683080646523557,0.0020936285554632597,0.6295983067921809,0.6424326942601072,0.6576618283011646,0.01330619972137368
204.12857142857143,0.36647075076896246,0.0020929905567588242,0.6314362586742787,0.6442418108174089,0.6603991575422206,0.013312043345507146
204.28571428571428,0.3646390909689991,0.0020923527461646383,0.6332685562848362,0.6460447513282213,0.6631287538342734,0.013317882735488132
204.44285714285715,0.3628131541563153,0.0020917151304305397,0.6350951307132541,0.6478414477378996,0.6658505064881156,0.013323717898108838
204.6,0.36099300896189906,0.0020910777159806994,0.6369159133221202,0.6496318322884952,0.6685643051332829,0.013329548840303337
204.75714285714287,0.35917872374792137,0.002090440498215001,0.6387308357538637,0.651415837521288,0.6712700397214414,0.013335375568926255
204.9142857142857,0.3573703666004273,0.0020898034690243553,0.6405398299305481,0.6531933962793752,0.6739676005307186,0.013341198090671382
205.07142857142856,0.3555680053189178,0.00208916662947358,0.6423428280516087,0.6549644417101937,0.6766568781722683,0.013347016412155856
205.22857142857143,0.35377170741547354,0.0020885299871015706,0.644139762597425,0.6567289072680735,0.6793377635907971,0.013352830540103184
205.38571428571427,0.35198154011896626,0.002087893545127016,0.6459305663359068,0.6584867267166457,0.6820101480734126,0.013358640481231306
205.54285714285714,0.35019757037629073,0.002087257296404221,0.647715172327305,0.6602378341314402,0.6846739232516614,0.013364446242225662
205.7,0.3484198648424458,0.0020866212352205426,0.6494935139223336,0.6619821639023467,0.6873289811049084,0.013370247829599629
205.85714285714286,0.3466484898732808,0.002085985364940613,0.6512655247617787,0.6637196507360883,0.6899752139671542,0.013376045249827807
206.0142857142857,0.34488351152561597,0.0020853496939600142,0.6530311387804238,0.6654502296586098,0.6926125145299624,0.01338183850947403
206.17142857142858,0.3431249955635458,0.002084714221545022,0.6547902902149092,0.6671738360175306,0.6952407758471167,0.013387627615084116
206.32857142857142,0.34137300745440985,0.002084078940313342,0.656542913605277,0.6688904054847346,0.6978598913389535,0.013393412573232847
206.4857142857143,0.3396276123604697,0.002083443845670647,0.6582889437938597,0.6705998740585483,0.7004697547966866,0.013399193390239775
206.64285714285714,0.3378888751306817,0.00208280894511006,0.6600283159242082,0.672302178066058,0.703070260386711,0.013404970072237102
206.79999999999998,0.3361568603069034,0.002082174244444464,0.6617609654486521,0.6739972541660233,0.7056613026548971,0.013410742625878137
206.95714285714286,0.3344316321259682,0.0020815397406104114,0.6634868281334215,0.6756850393505056,0.7082427765308658,0.013416511057419964
207.1142857142857,0.3327132545156231,0.0020809054242759708,0.665205840060101,0.6773654709480925,0.7108145773322475,0.013422275373469485
207.27142857142857,0.33100179108229943,0.0020802712956414973,0.666917937622059,0.6790384866249733,0.7133766007689305,0.01342803557973335
207.42857142857142,0.32929730510966704,0.0020796373630381803,0.6686230575272948,0.6807040243885945,0.7159287429472864,0.013433791682617973
207.5857142857143,0.327599859564177,0.0020790036302949077,0.6703211368055282,0.6823620225892606,0.7184709003743872,0.013439543688466171
207.74285714285713,0.3259095170962035,0.002078370091118018,0.6720121128126785,0.684012419922273,0.721002969962198,0.013445291603299579
207.9,0.32422634003198253,0.002077736738275748,0.6736959232297417,0.6856551554309281,0.7235248490317621,0.013451035433456871
208.05714285714285,0.322550390363546,0.0020771035760362515,0.6753725060604178,0.6872901685078844,0.7260364353173593,0.013456775184705175
208.21428571428572,0.3208817297518669,0.0020764706115244326,0.6770417996366086,0.6889173988980066,0.7285376269706586,0.013462510863205542
208.37142857142857,0.3192204195303495,0.0020758378454775396,0.6787037426241729,0.6905367867002519,0.7310283225648448,0.013468242474900843
208.5285714285714,0.31756652070463043,0.002075205268908914,0.6803582740264608,0.6921482723706219,0.7335084210987324,0.013473970026280655
208.68571428571428,0.31592009394052384,0.0020745728787749267,0.6820053331807013,0.6937517967228212,0.7359778220008631,0.013479693522648484
208.84285714285713,0.3142811995600274,0.0020739406808740926,0.6836448597590985,0.6953473009322385,0.7384364251335809,0.013485412970214529
209.0,0.312649897543892,0.0020733086821724494,0.6852767937739356,0.6969347265367897,0.7408841307970959,0.013491128374815028
209.15714285714284,0.3110262475366554,0.00207267687923569,0.6869010755841088,0.6985140154395236,0.743320839733527,0.013496839742196842
209.31428571428572,0.30941030884067333,0.0020720452642568952,0.6885176458950697,0.7000851099109666,0.7457464531309246,0.01350254707828141
209.47142857142856,0.30780214040704595,0.0020714138360530578,0.690126445756901,0.7016479525909328,0.7481608726272768,0.01350825038871252
209.62857142857143,0.30620180083186366,0.0020707826027238116,0.6917274165654125,0.7032024864907119,0.7505640003145091,0.01351394967919437
209.78571428571428,0.3046093483623592,0.0020701515683688486,0.6933205000692719,0.704748654995147,0.7529557387424352,0.013519644955496596
209.94285714285715,0.3030248408984012,0.0020695207272854225,0.6949056383743133,0.7062864018646994,0.7553359909227269,0.013525336223365029
210.1,0.301448335985358,0.0020688900719636185,0.6964827739426784,0.7078156712374921,0.7577046603328368,0.01353102348835398
210.25714285714287,0.2998798908047856,0.0020682596046727466,0.6980518495905416,0.7093364076313431,0.7600616509199152,0.013536706755959093
210.4142857142857,0.2983195621743051,0.0020676293343608837,0.6996128084913339,0.7108485559457752,0.7624068671047041,0.013542386031720071
210.57142857142856,0.29676740655491773,0.0020669992616693133,0.701165594183413,0.7123520614640155,0.7647402137854208,0.013548061321263745
210.72857142857143,0.2952234800486277,0.002066369379400672,0.7027101505719716,0.7138468698549725,0.7670615963415967,0.013553732630086156
210.88571428571427,0.2936878383905723,0.0020657396818859457,0.7042464219275417,0.7153329271751991,0.7693709206379366,0.013559399963546374
211.04285714285714,0.2921605369400346,0.0020651101761269804,0.7057743528838386,0.7168101798708401,0.7716680930281051,0.013565063326949772
211.2,0.2906416306869512,0.002064480868253779,0.707293888444795,0.7182785747795579,0.7739530203585729,0.013570722725705331
211.35714285714286,0.28913117425443696,0.0020638517562823577,0.7088049739892806,0.719738059132447,0.7762256099723442,0.013576378165231103
211.5142857142857,0.28762922189648205,0.0020632228306362277,0.7103075552728816,0.7211885805559254,0.7784857697127262,0.013582029650803929
211.67142857142858,0.28613582748551725,0.00206259409090462,0.7118015784235779,0.7226300870736139,0.7807334079271165,0.013587677187575286
211.82857142857142,0.28465104451129847,0.0020619655445804036,0.713286989944121,0.7240625271081943,0.782968433470609,0.013593320780705163
211.9857142857143,0.28317492608555767,0.0020613371965631597,0.7147637367178792,0.7254858494832527,0.7851907557098138,0.01359896043544709
212.14285714285714,0.28170752494503276,0.0020607090412590816,0.7162317660137083,0.7269000034251024,0.7874002845264855,0.013604596156996808
212.29999999999998,0.2802488934441465,0.002060081071253884,0.7176910254845996,0.7283049385645932,0.7895969303210864,0.013610227950411507
212.45714285714286,0.27879908354583005,0.0020594532890099372,0.7191414631651601,0.7297006049389009,0.7917806040166193,0.013615855820647484
212.6142857142857,0.2773581468226075,0.0020588257022137284,0.7205830274751788,0.7310869529932973,0.7939512170620936,0.013621479772728129
212.77142857142857,0.2759261344617133,0.0020581983126180385,0.7220156672256687,0.7324639335829068,0.796108681436008,0.013627099811691901
212.92857142857142,0.2745030972655401,0.0020575711125004194,0.7234393316219594,0.7338314979744419,0.7982529096502183,0.013632715942559957
213.0857142857143,0.27308908564203144,0.0020569440970248792,0.7248539702609437,0.7351895978479192,0.8003838147533351,0.013638328170150916
213.24285714285713,0.27168414959893167,0.0020563172706640955,0.7262595331304044,0.7365381852983659,0.8025013103340864,0.013643936499259289
213.4,0.27028833874553443,0.00205569064157535,0.7276559706128901,0.7378772128374983,0.8046053105252047,0.01364954093472923
213.55714285714285,0.26890170229985233,0.0020550642073624567,0.7290432334927852,0.7392066333953854,0.8066957300063528,0.013655141481447836
213.71428571428572,0.2675242890834724,0.0020544379604877797,0.7304212729560396,0.7405264003221037,0.8087724840083235,0.01366073814417925
213.87142857142857,0.2661561475139225,0.0020538118977532498,0.7317900405883242,0.741836467389348,0.8108354883156934,0.013666330927541184
214.0285714285714,0.2647973255983052,0.0020531860277593498,0.7331494883739356,0.7431367887920641,0.8128846592706075,0.013671919836147118
214.18571428571428,0.2634478709414635,0.0020525603551957267,0.7344995687033408,0.7444273191500327,0.8149199137767399,0.013677504874693464
214.34285714285713,0.2621078307477025,0.0020519348754251994,0.7358402343768724,0.745708013509433,0.816941169301285,0.013683086047859828
214.5,0.26077725181586403,0.002051309579701954,0.7371714386044341,0.7469788273443994,0.8189483438797763,0.013688663360156457
214.65714285714284,0.25945618052850683,0.002050684469871193,0.738493135001622,0.7482397165585833,0.8209413561183666,0.013694236816025303
214.81428571428572,0.25814466285273846,0.002050059554478403,0.7398052775927831,0.7494906374866485,0.8229201251976783,0.013699806419919804
214.97142857142856,0.2568427443468696,0.002049434835605086,0.7411078208175254,0.7507315468957674,0.8248845708759073,0.013705372176359252
215.12857142857143,0.2555504701604638,0.002048810306248556,0.7424007195332878,0.7519624019871157,0.8268346134918282,0.01371093408977411
215.28571428571428,0.25426788502651815,0.0020481859603394704,0.7436839290131425,0.7531831603973466,0.8287701739685457,0.013716492164495612
215.44285714285715,0.25299503325316886,0.002047561803517721,0.7449574049433136,0.7543937801999882,0.8306911738167504,0.013722046404714637
215.6,0.2517319587289169,0.0020469378423901455,0.746221103428693,0.755594219906946,0.832597535136755,0.013727596814770931
215.75714285714287,0.25047870492640456,0.002046314076047341,0.747474980997548,0.75678443846983,0.8344891806232798,0.013733143398944356
215.9142857142857,0.24923531490126255,0.0020456904956044283,0.7487189946031331,0.7579643952813891,0.8363660335672033,0.013738686161473636
216.07142857142856,0.24800183128121522,0.0020450670991827846,0.7499531016196019,0.7591340501768812,0.8382280178596136,0.013744225106444123
216.22857142857143,0.24677829626373018,0.0020444438933609616,0.751177259842909,0.7602933634354114,0.8400750579944497,0.013749760237908056
216.38571428571427,0.24556475162024763,0.0020438208841976322,0.7523914274955547,0.761442295781248,0.8419070790716566,0.013755291559988829
216.54285714285714,0.24436123870118803,0.0020431980669093444,0.7535955632319026,0.7625808083851852,0.8437240068002249,0.013760819076815787
216.7,0.24316779842939046,0.002042575434145443,0.7547896261364639,0.7637088628657471,0.8455257675012006,0.013766342792327576
216.85714285714286,0.2419844712924605,0.002041952986003771,0.7559735757215357,0.7648264212905858,0.8473122881106746,0.013771862710420272
217.0142857142857,0.24081129734066262,0.002041330731228728,0.7571473719281085,0.7659334461776491,0.8490834961827437,0.013777378835015681
217.17142857142858,0.23964831619472277,0.002040708672608128,0.758310975132669,0.7670299004964242,0.8508393198924498,0.013782891169977373
217.32857142857142,0.23849556704683944,0.002040086803259717,0.7594643461499008,0.7681157476692386,0.8525796880386903,0.013788399719334257
217.4857142857143,0.23735308865313678,0.0020394651165834094,0.7606074462302798,0.7691909515721896,0.8543045300471083,0.013793904486631267
217.64285714285714,0.2362209193260842,0.002038843616305205,0.7617402370576105,0.7702554765368639,0.856013775972951,0.0137994054757886
217.79999999999998,0.23509909693655864,0.0020382223111869726,0.7628626807522544,0.7713092873508438,0.8577073565039101,0.013804902690354372
217.95714285714286,0.2339876589219623,0.0020376012000457864,0.763974739877992,0.7723523492593767,0.8593852029629292,0.013810396134214777
218.1142857142857,0.23288664228276898,0.0020369802753166426,0.7650763774419143,0.7733846279660348,0.8610472473109905,0.013815885810834348
218.27142857142857,0.23179608357513393,0.0020363595329186434,0.7661675568919474,0.7744060896343428,0.8626934221498737,0.013821371723886533
218.42857142857142,0.2307160189042636,0.0020357389809234753,0.7672482421148128,0.775416700888546,0.8643236607248888,0.013826853876984319
218.5857142857143,0.2296464839327297,0.0020351186244041575,0.7683183974428662,0.7764164288144385,0.8659378969275849,0.013832332273424317
218.74285714285713,0.22858751388282805,0.002034498459837366,0.7693779876573347,0.7774052409610155,0.8675360652984281,0.013837806916912538
218.9,0.22753914353348684,0.002033878478219126,0.770426977988294,0.778383105340994,0.8691181010294584,0.013843277810980692
219.05714285714285,0.2265014072094623,0.0020332586805241735,0.7714653341100135,0.7793499904320795,0.8706839399669167,0.01384874495892886
219.21428571428572,0.2254743387821105,0.002032639074710334,0.772493022143179,0.7803058651774522,0.8722335186138487,0.013854208363648852
219.37142857142857,0.22445797167559067,0.0020320196640921224,0.7735100086603172,0.7812506989877833,0.8737667741326746,0.013859668029054145
219.5285714285714,0.2234523388690172,0.002031400442218713,0.7745162606887642,0.7821844617411093,0.8752836443477439,0.013865123958294121
219.68571428571428,0.22245747288928375,0.00203078140264771,0.7755117457080685,0.783107123784263,0.876784067747851,0.013870576154439283
219.84285714285713,0.2214734058037638,0.0020301625489964063,0.7764964316472398,0.7840186559337396,0.8782679834887345,0.013876024620704233
220.0,0.22050016922300614,0.0020295438889734053,0.7774702868880204,0.78491902947653,0.8797353313955382,0.01388146936022197
