case,t,abs_kernel,real_kernel
fast,0.0,1.0,1.0
fast,0.02,0.9801986733067553,0.9800026401066646
fast,0.04,0.9607894391523231,0.9600209100797424
fast,0.06,0.9417645335842487,0.9400698659156228
fast,0.08,0.9231163463866358,0.9201639491940384
fast,0.1,0.9048374180359595,0.900316999845194
fast,0.12,0.8869204367171575,0.8805422688880764
fast,0.14,0.8693582353988057,0.8608524311310888
fast,0.16,0.8521437889662113,0.8412595978265264
fast,0.18,0.8352702114112721,0.8217753292707808
fast,0.2,0.8187307530779818,0.8024106473425202
fast,0.22,0.8025187979624786,0.7831760479714464
fast,0.24,0.7866278610665535,0.7640815135305697
fast,0.26,0.7710515858035664,0.7451365251452902
fast,0.28,0.7557837414557255,0.7263500749128866
fast,0.3,0.7408182206817179,0.7077306780263507
fast,0.32,0.7261490370736909,0.6892863847968068
fast,0.34,0.7117703227626097,0.6710247925690671
fast,0.36,0.697676326071031,0.6529530575251691
fast,0.38,0.6838614092123558,0.6350779063710311
fast,0.4,0.6703200460356393,0.6174056479016456
fast,0.42,0.6570468198150566,0.5999421844405023
fast,0.44,0.6440364210831414,0.5826930231492049
fast,0.46,0.6312836455069258,0.5656632872034992
fast,0.48,0.6187833918061408,0.5488577268321915
fast,0.5,0.6065306597126335,0.5322807302156708
fast,0.52,0.5945205479701943,0.5159363342410009
fast,0.54,0.5827482523739896,0.4998282351107677
fast,0.56,0.5712090638488149,0.48395979880309714
fast,0.58,0.559898366565402,0.4683340713804809
fast,0.6,0.5488116360940265,0.45295378914525
fast,0.62,0.5379444375946745,0.43782138863974845
fast,0.64,0.5272924240430485,0.4229390164894548
fast,0.66,0.5168513344916992,0.4083085390874885
fast,0.68,0.5066169923655895,0.39393155211912956
fast,0.7000000000000001,0.4965853037914095,0.3798093899251538
fast,0.72,0.4867522559599717,0.3659431347029621
fast,0.74,0.47711391552103444,0.35233362554464864
fast,0.76,0.46766642700990924,0.33898146731131534
fast,0.78,0.4584060113052235,0.32588703934309243
fast,0.8,0.4493289641172215,0.31305050400448
fast,0.8200000000000001,0.44043165450599925,0.3004718150647639
fast,0.84,0.43171052342907973,0.2881507259134038
fast,0.86,0.4231620823177488,0.27608679761042015
fast,0.88,0.41478291168158143,0.26427940677193823
fast,0.9,0.40656965974059917,0.25272775329116864
fast,0.92,0.39851904108451414,0.24143086789522294
fast,0.9400000000000001,0.3906278353585211,0.23038761953827513
fast,0.96,0.38289288597511206,0.21959672263168903
fast,0.98,0.3753110988513996,0.20905674411183414
fast,1.0,0.3678794411714424,0.19876611034641298
fast,1.02,0.3605949401730783,0.1887231138802148
fast,1.04,0.3534546819587802,0.17892592002130359
fast,1.06,0.3464558103300574,0.1693725732687312
fast,1.08,0.3395955256449391,0.1600610035829505
fast,1.1,0.33287108369807955,0.1509890325001776
fast,1.12,0.3262797946230395,0.14215437909202905
fast,1.1400000000000001,0.31981902181630384,0.13355466577182667
fast,1.16,0.3134861808826053,0.12518742394902946
fast,1.18,0.30727873860113125,0.11705009953331293
fast,1.2,0.30119421191220214,0.10914005828987695
fast,1.22,0.2952301669240142,0.10145459104761402
fast,1.24,0.2893842179390506,0.0939909187618247
fast,1.26,0.2836540264997704,0.08674619743321314
fast,1.28,0.27803730045319414,0.07971752288494055
fast,1.3,0.2725317930340126,0.07290193539955685
fast,1.32,0.2671353019658503,0.06629642421766792
fast,1.34,0.261845668580326,0.05989793190023286
fast,1.36,0.25666077695355594,0.05370335855641716
fast,1.3800000000000001,0.25157855305975646,0.04770956593895852
fast,1.4000000000000001,0.24659696394160646,0.041913381409028554
fast,1.42,0.24171401689703642,0.03631160177259847
fast,1.44,0.23692775868212176,0.030900996990338683
fast,1.46,0.23223627472975883,0.025678313763102624
fast,1.48,0.22763768838381274,0.02064027899506062
fast,1.5,0.22313016014842982,0.015783603136566328
fast,1.52,0.21871188695221475,0.0111049834088499
fast,1.54,0.21438110142697794,0.006601106912642811
fast,1.56,0.21013607120076472,0.0022686536228478673
fast,1.58,0.20597509820488344,-0.001895700728625691
fast,1.6,0.20189651799465536,-0.005895281879737499
fast,1.62,0.19789869908361465,-0.009733414372774531
fast,1.6400000000000001,0.19398004229089189,-0.013413418994264546
fast,1.6600000000000001,0.1901389801015205,-0.01693861031821707
fast,1.68,0.18637397603940997,-0.02031229435056685
fast,1.7,0.18268352405273466,-0.02353776627269891
fast,1.72,0.17906614791149322,-0.02661830828193905
fast,1.74,0.17552040061699686,-0.029557187526901875
fast,1.76,0.17204486382305054,-0.032357654135595375
fast,1.78,0.1686381472685955,-0.035022939334191504
fast,1.8,0.1652988882215865,-0.03755625365438293
fast,1.82,0.16202575093388075,-0.039960785227257975
fast,1.84,0.15881742610692068,-0.042239698161639486
fast,1.86,0.1556726303679973,-0.04439613100484702
fast,1.8800000000000001,0.15259010575688386,-0.04643319528385783
fast,1.9000000000000001,0.14956861922263504,-0.04835397412485797
fast,1.92,0.14660696213035013,-0.05016152094919225
fast,1.94,0.14370394977770293,-0.051858858243740105
fast,1.96,0.140858420921045,-0.05344897640376323
fast,1.98,0.13806923731089285,-0.054934832646290684
fast,2.0,0.1353352832366127,-0.05631934999212789
fast,2.02,0.13265546508012172,-0.05760541631459681
fast,2.04,0.1300287108784259,-0.058795883453136875
fast,2.06,0.12745396989482075,-0.05989356638991824
fast,2.08,0.12493021219858241,-0.06090124248764259
fast,2.1,0.1224564282529819,-0.061821650786729854
fast,2.12,0.12003162851145671,-0.06265749136011327
fast,2.14,0.11765484302177918,-0.06341142472389011
fast,2.16,0.11532512103806251,-0.06408607130209991
fast,2.18,0.11304153064044983,-0.0646840109439276
fast,2.2,0.11080315836233388,-0.0652077824916545
fast,2.22,0.10860910882495796,-0.06565988339770616
fast,2.24,0.10645850437925279,-0.06604276938917221
fast,2.2600000000000002,0.104350484754765,-0.0663588541781997
fast,2.2800000000000002,0.10228420671553744,-0.06661050921668876
fast,2.3000000000000003,0.10025884372280372,-0.06680006349374536
fast,2.32,0.09827358560436153,-0.06692980337437347
fast,2.34,0.09632763823049303,-0.06700197247791674
fast,2.36,0.09442022319630233,-0.06701877159478543
fast,2.38,0.09255057751034329,-0.0669823586400335
fast,2.4,0.09071795328941251,-0.06689484864237705
fast,2.42,0.08892161745938634,-0.06675831376727291
fast,2.44,0.08716085146198131,-0.0665747833727041
fast,2.46,0.08543495096732123,-0.06634624409634564
fast,2.48,0.08374322559219596,-0.0660746399728121
fast,2.5,0.0820849986238988,-0.06576187257971536
fast,2.52,0.08045960674953243,-0.06540980121128845
fast,2.54,0.07886639979067495,-0.06502024307835833
fast,2.56,0.07730474044329974,-0.0645949735334777
fast,2.58,0.07577400402284548,-0.06413572632005295
fast,2.6,0.07427357821433389,-0.06364419384433156
fast,2.62,0.07280286282743559,-0.06312202746913996
fast,2.64,0.07136126955638605,-0.06257083782828808
fast,2.66,0.06994822174465536,-0.06199219516058404
fast,2.68,0.06856315415427791,-0.06138762966242804
fast,2.7,0.06720551273974976,-0.06075863185798046
fast,2.72,0.06587475442640295,-0.06010665298592474
fast,2.74,0.06457034689316847,-0.059433105401871245
fast,2.7600000000000002,0.0632917683596407,-0.05873936299547305
fast,2.7800000000000002,0.0620385073773583,-0.05802676162134982
fast,2.8000000000000003,0.06081006262521796,-0.05729659954294056
fast,2.82,0.05960594270893937,-0.05655013788842987
fast,2.84,0.058425665964500835,-0.05578860111791728
fast,2.86,0.05726876026546736,-0.055013177501022026
fast,2.88,0.05613476283413372,-0.05422501960413988
fast,2.9,0.05502322005640724,-0.05342524478659132
fast,2.92,0.05393368730035601,-0.05261493570492332
fast,2.94,0.05286572873835037,-0.0517951408246499
fast,2.96,0.05181891717272583,-0.05096687493873795
fast,2.98,0.0507928338648985,-0.05013111969216782
fast,3.0,0.049787068367863944,-0.04928882411191869
fast,3.02,0.04880121836201297,-0.0484409051417508
fast,3.04,0.04783488949419837,-0.047588248181176705
fast,3.06,0.046887695219988486,-0.04673170762803507
fast,3.08,0.045959256649044204,-0.045872107424099924
fast,3.1,0.0450492023935578,-0.045010241603178756
fast,3.12,0.044157168419692854,-0.04414687484117193
fast,3.14,0.043282797901965896,-0.043282743007585306
fast,3.16,0.042425741080511385,-0.04241855371800636
fast,3.18,0.04158565512117316,-0.04155498688707319
fast,3.2,0.04076220397836621,-0.04069269528148309
fast,3.22,0.039955058260653896,-0.03983230507260568
fast,3.24,0.039163895098987066,-0.0389744163882828
fast,3.2600000000000002,0.038388398017552054,-0.03811960386341414
fast,3.2800000000000002,0.0376282568071762,-0.0372684171889448
fast,3.3000000000000003,0.036883167401239994,-0.036421381658886615
fast,3.3200000000000003,0.03615283175404641,-0.03557899871502159
fast,3.34,0.03543695772159864,-0.03474174648895121
fast,3.36,0.03473525894473856,-0.03391008034117043
fast,3.38,0.034047454734599344,-0.03308443339686062
fast,3.4,0.03337326996032608,-0.03226521707810968
fast,3.42,0.03271243493901982,-0.03145282163228215
fast,3.44,0.03206468532786077,-0.030647616656276078
fast,3.46,0.03142976201836771,-0.029849951616416674
fast,3.48,0.030807411032751076,-0.02906015636375019
fast,3.5,0.0301973834223185,-0.028278541644514394
fast,3.52,0.029599435167892,-0.027505399605574375
fast,3.54,0.029013327082197057,-0.026741004294624802
fast,3.56,0.028438824714184505,-0.02598561215497159
fast,3.58,0.027875698255247015,-0.025239462514717554
fast,3.6,0.02732372244729256,-0.02450277807018786
fast,3.62,0.026782676492638175,-0.023775765363442006
fast,3.64,0.02625234396568796,-0.023058615253729882
fast,3.66,0.02573251272635994,-0.022351503382759506
fast,3.68,0.025222974835227212,-0.021654590633654394
fast,3.7,0.024723526470339388,-0.020968023583487948
fast,3.72,0.024233967845691113,-0.02029193494929204
fast,3.74,0.023754103131304997,-0.01962644402744572
fast,3.7600000000000002,0.023283740374897,-0.018971657126359245
fast,3.7800000000000002,0.02282269142509297,-0.018327667992376923
fast,3.8000000000000003,0.022370771856165587,-0.01769455822883072
fast,3.8200000000000003,0.02192780089426161,-0.01707239770818462
fast,3.84,0.021493601345089923,-0.016461244977217418
fast,3.86,0.021067999523041434,-0.01586114765519916
fast,3.88,0.020650825181712566,-0.015272142825023904
fast,3.9,0.020241911445804395,-0.014694257417267974
fast,3.92,0.019841094744370288,-0.014127508587150213
fast,3.94,0.01944821474538539,-0.013571904084376805
fast,3.96,0.019063114291611637,-0.013027442615859707
fast,3.98,0.018685639337732773,-0.012494114201303658
fast,4.0,0.01831563888873418,-0.01197190052166259
fast,4.0200000000000005,0.01795296493950285,-0.01146077526047176
fast,4.04,0.017597472415623393,-0.010960704438067358
fast,4.0600000000000005,0.017249019115346265,-0.010471646738710191
fast,4.08,0.01690746565270528,-0.009993553830635568
fast,4.1,0.016572675401761255,-0.009526370679055237
fast,4.12,0.01624451444194987,-0.009070035852142784
fast,4.14,0.015922851504511698,-0.008624481820037465
fast,4.16,0.01560755791998283,-0.008189635246905545
fast,4.18,0.01529850756672552,-0.007765417276102878
fast,4.2,0.014995576820477705,-0.007351743808484953
fast,4.22,0.014698644504901784,-0.006948525773915532
fast,4.24,0.01440759184311235,-0.0065556693960270125
fast,4.26,0.014122302410163962,-0.006173076450290123
fast,4.28,0.013842662086479501,-0.005800644515452337
fast,4.3,0.013568559012200934,-0.005438267218408423
fast,4.32,0.013299883542443765,-0.005085834472568099
fast,4.34,0.013036528203437736,-0.00474323270978937
fast,4.36,0.01277838764953576,-0.004410345105947471
fast,4.38,0.012525358621074385,-0.004087051800212589
fast,4.4,0.012277339903068436,-0.0037732301081105915
fast,4.42,0.012034232284723775,-0.003468754728443937
fast,4.44,0.011795938519751562,-0.0031734979441508213
fast,4.46,0.011562363287468536,-0.002887329817183148
fast,4.48,0.011333413154667389,-0.0026101183774846267
fast,4.5,0.011108996538242306,-0.0023417298061525513
fast,4.5200000000000005,0.01088902366855444,-0.0020820286128672987
fast,4.54,0.010673406553522925,-0.001830877807675562
fast,4.5600000000000005,0.010462058943426795,-0.0015881390672136337
fast,4.58,0.010254896296404022,-0.0013536728954587653
fast,4.6000000000000005,0.010051835744633576,-0.0011273387790967555
fast,4.62,0.009852796061187257,-0.0009089953375953702
fast,4.64,0.009657697627537777,-0.0006985004680731862
fast,4.66,0.009466462401710323,-0.0004957114850545859
fast,4.68,0.009279013887064744,-0.0003004852552017161
fast,4.7,0.009095277101695816,-0.0001126783271146441
fast,4.72,0.008915178548439553,6.785294370848432e-05
fast,4.74,0.00873864618547329,0.00024125227465975567
fast,4.76,0.00856560939749806,0.00040766334046608133
fast,4.78,0.00839599896749147,0.0005672296621983617
fast,4.8,0.00822974704902003,0.0007200945007530365
fast,4.82,0.008066787139099614,0.0008664007547144134
fast,4.84,0.007907054051593441,0.0010062908625058757
fast,4.86,0.007750483891136693,0.0011399067087387365
fast,4.88,0.007597014027577568,0.001267389534667388
fast,4.9,0.007446583070924339,0.0013888798526601389
fast,4.92,0.007299130846788584,0.001504517364595174
fast,4.94,0.007154598372314579,0.0016144408840918925
fast,4.96,0.007012927832585424,0.0017187882624880519
fast,4.98,0.006874062557496249,0.0018176963184740496
fast,5.0,0.006737946999085467,0.0019113007712959706
fast,5.0200000000000005,0.006604526709314805,0.001999736177439991
fast,5.04,0.006473748318289406,0.002083135870711139
fast,5.0600000000000005,0.00634555951290911,0.0021616319056204474
fast,5.08,0.006219909015942572,0.0022353550039950335
fast,5.1000000000000005,0.006096746565515633,0.002304434504726719
fast,5.12,0.005976022895005943,0.002368998316575427
fast,5.14,0.0058576897133356225,0.0024291728739446795
fast,5.16,0.005741699685654202,0.0024850830955472597
fast,5.18,0.005628006414404065,0.002536852345880167
fast,5.2,0.0055165644207607716,0.0025846023994289297
fast,5.22,0.00540732912644096,0.0026284534075222796
fast,5.24,0.005300256835870402,0.002668523867759317
fast,5.26,0.005195304718705231,0.002704930595932212
fast,5.28,0.00509243079269919,0.002737788700368662
fast,5.3,0.004991593906910217,0.0027672115586192952
fast,5.32,0.004892753725239475,0.002793310796416402
fast,5.34,0.004795870710296421,0.0028161962688313886
fast,5.36,0.004700906107583276,0.0028359760435595544
fast,5.38,0.004607821929992752,0.0028527563862618577
fast,5.4,0.004516580942612666,0.002866641747894529
fast,5.42,0.004427146647831511,0.002877734753958505
fast,5.44,0.004339483270738894,0.002886136195601856
fast,5.46,0.004253555744815125,0.002891945022509507
fast,5.48,0.0041693296979041115,0.0028952583375157627
fast,5.5,0.004086771438464067,0.002896171392876298
fast,5.5200000000000005,0.004005847942090417,0.00289477758813748
fast,5.54,0.003926526838305624,0.0028911684695420454
fast,5.5600000000000005,0.00384877639761054,0.0028854337309113746
fast,5.58,0.0037725655187922057,0.0028776612159457588
fast,5.6000000000000005,0.003697863716482929,0.0028679369218852615
fast,5.62,0.0036246411089657558,0.002856345004474957
fast,5.64,0.003552868406221362,0.0028429677841795013
fast,5.66,0.0034825168982116636,0.0028278857535931766
fast,5.68,0.0034135584433954303,0.0028111775859927307
fast,5.7,0.003345965457471272,0.0027929201449814786
fast,5.72,0.003279710902343573,0.002773188495174339
fast,5.74,0.00321476827530687,0.00275205591387458
fast,5.76,0.0031511115984444414,0.002729593903694269
fast,5.78,0.003088715408236769,0.002705872206071488
fast,5.8,0.0030275547453758153,0.00268095881563859
fast,5.82,0.0029676051447809436,0.002654919995396824
fast,5.84,0.002908842625812584,0.0026278202926538472
fast,5.86,0.0028512436826796323,0.0025997225556816726
fast,5.88,0.002794785275036844,0.0025706879510537864
fast,5.9,0.0027394448187683684,0.002540775981621166
fast,5.92,0.002685200176953821,0.0025100445050880897
fast,5.94,0.0026320296510131984,0.0024785497531496135
fast,5.96,0.00257991197202718,0.002446346351153731
fast,5.98,0.0025288262922292556,0.002413487338252177
fast,6.0,0.002478752176666358,0.002380024188004956
fast,6.0200000000000005,0.002429669595024595,0.0023460068294046113
fast,6.04,0.0023815589136168707,0.002311483668287326
fast,6.0600000000000005,0.002334400887529133,0.0022765016090988566
fast,6.08,0.0022881766529221693,0.0022411060769843665
fast,6.1000000000000005,0.002242867719485801,0.002205341040172085
fast,6.12,0.0021984559630425313,0.0021692490326217714
fast,6.140000000000001,0.0021549236182976128,0.0021328711769097878
fast,6.16,0.002112253271732714,0.002096247207323613
fast,6.18,0.0020704278546402606,0.0020594154931394162
fast,6.2,0.002029430636295734,0.0020224130620573135
fast,6.22,0.0019892452172651635,0.001985275623769719
fast,6.24,0.0019498555228451204,0.0019480375936390794
fast,6.26,0.0019112457966326375,0.0019107321164621783
fast,6.28,0.0018734005942224233,0.001873391090298926
fast,6.3,0.0018363047770289071,0.0018360451903444742
fast,6.32,0.0017999435062305911,0.001798723892824191
fast,6.34,0.0017643022368343355,0.0017614554988919025
fast,6.36,0.0017293667118571559,0.0017242671585124935
fast,6.38,0.0016951229566232505,0.0016871848943107958
fast,6.4,0.001661557273173934,0.0016502336253693376
fast,6.42,0.0016286562347882806,0.0016134371909583471
fast,6.44,0.0015964066806122474,0.0015768183741820096
fast,6.46,0.0015647957103941664,0.0015403989255257673
fast,6.48,0.001533810679324463,0.0015041995862900303
fast,6.5,0.0015034391929775724,0.0014682401118964231
fast,6.5200000000000005,0.0014736691023539948,0.0014325392950532425
fast,6.54,0.0014444884990205433,0.0013971149887675287
fast,6.5600000000000005,0.0014158857103468024,0.0013619841291916716
fast,6.58,0.0013878492948359287,0.0013271627582931726
fast,6.6000000000000005,0.0013603680375478928,0.001292666046336672
fast,6.62,0.0013334309456133593,0.0012585083141680193
fast,6.640000000000001,0.0013070272438363863,0.0012247030552906294
fast,6.66,0.0012811463703842113,0.0011912629577250052
fast,6.68,0.0012557779725623694,0.0011581999256427378
fast,6.7,0.001230911902673481,0.0011255251007669046
fast,6.72,0.0012065382139580404,0.0010932488835312252
fast,6.74,0.0011826471566155727,0.001061380953990831
fast,6.76,0.0011592291739045916,0.0010299302924780215
fast,6.78,0.0011362748983197658,0.000998905199996771
fast,6.8,0.0011137751478448032,0.0009683133183502775
fast,6.82,0.0010917209222795108,0.0009381616499961964
fast,6.84,0.0010701033996396044,0.0009084565776247076
fast,6.86,0.0010489139326277882,0.0008792038834548919
fast,6.88,0.0010281440451747298,0.0008504087682453724
fast,6.9,0.0010077854290485105,0.0008220758700154719
fast,6.92,0.0009878299405312295,0.0007942092824736032
fast,6.94,0.0009682695971614017,0.0007668125731498775
fast,6.96,0.0009490965745408729,0.0007398888012303485
fast,6.98,0.0009303032032049491,0.0007134405350905718
fast,7.0,0.0009118819655545162,0.0006874698695265534
fast,7.0200000000000005,0.0008938254928488927,0.0006619784426814084
fast,7.04,0.0008761265622582417,0.0006369674526664203
fast,7.0600000000000005,0.0008587780939743365,0.0006124376738754179
fast,7.08,0.000841773148378549,0.0005883894729917351
fast,7.1000000000000005,0.000825104923265904,0.0005648228246872217
fast,7.12,0.0008087667511241113,0.0005417373270131029
fast,7.140000000000001,0.0007927520964664684,0.0005191322164826691
fast,7.16,0.0007770545532175816,0.0004970063828460836
fast,7.18,0.0007616678421508474,0.0004753583835577654
fast,7.2,0.0007465858083766792,0.0004541864579370787
fast,7.22,0.0007318024188804728,0.000433488541023244
fast,7.24,0.0007173117601093135,0.0004132622771255837
fast,7.26,0.0007031080356064827,0.0003935050330704476
fast,7.28,0.0006891855636927931,0.0003742139111462957
fast,7.3,0.0006755387751938444,0.00035538576174865027
fast,7.32,0.0006621622112122764,0.0003370171957267432
fast,7.34,0.0006490505209441412,0.00031910459643389973
fast,7.36,0.0006361984595385052,0.0003016441314837998
fast,7.38,0.0006236008859994445,0.00028463176421495725
fast,7.4,0.0006112527611295723,0.00026806326486584114
fast,7.42,0.0005991491455142981,0.0002519342214632485
fast,7.44,0.0005872851975459906,0.00023624005042660845
fast,7.46,0.0005756561714872761,0.00022097600689106477
fast,7.48,0.0005642574155726739,0.0002061371947522456
fast,7.5,0.0005530843701478336,0.00019171857643577938
fast,7.5200000000000005,0.0005421325658456086,0.00017771498239466644
fast,7.54,0.0005313976217982529,0.00016412112033775144
fast,7.5600000000000005,0.0005208752438850121,0.00015093158419258285
fast,7.58,0.0005105612230144218,0.0001381408628060665
fast,7.6000000000000005,0.0005004514334406104,0.00012574334838635158
fast,7.62,0.0004905418311129505,0.00011373334468949518
fast,7.640000000000001,0.0004808284520583803,0.00010210507495447473
fast,7.66,0.00047130741079576537,9.08526895902108e-05
fast,7.68,0.0004619748987816513,7.997027361828003e-05
fast,7.7,0.00045282718288679695,6.945185387507436e-05
fast,7.72,0.000443860603902874,5.929140597718568e-05
fast,7.74,0.0004350715750787321,4.948286105383385e-05
fast,7.76,0.00042645658068565383,4.002011225020434e-05
fast,7.78,0.0004180121746110129,3.0897021005564874e-05
fast,7.8,0.0004097349789797868,2.2107423110082852e-05
fast,7.82,0.0004016216828033581,1.364513454425797e-05
fast,7.84,0.0003936690406550783,5.503957104927672e-06
fast,7.86,0.00038587387137205064,-2.322316178210048e-06
fast,7.88,0.00037823305678262576,-9.839895831578101e-06
fast,7.9,0.0003707435404590882,-1.7054990928245725e-05
fast,7.92,0.0003634023264950478,-2.3973804276012545e-05
fast,7.94,0.0003562064783070341,-3.0602527799088596e-05
fast,7.96,0.0003491531174598265,-3.6947338109390905e-05
fast,7.98,0.0003422394225150394,-4.30143922635039e-05
fast,8.0,0.00033546262790251185,-4.880982370134182e-05
fast,8.02,0.00032882002281403995,-5.433973836258173e-05
fast,8.040000000000001,0.00032230895011901855,-5.9610210976935493e-05
fast,8.06,0.00031592680530155527,-6.462728152435479e-05
fast,8.08,0.0003096710354186262,-6.939695186128723e-05
fast,8.1,0.0003035391380788668,-7.392518250910906e-05
fast,8.120000000000001,0.0002975286604415808,-7.821788960090126e-05
fast,8.14,0.0002916371982355737,-8.228094198274934e-05
fast,8.16,0.0002858623947974087,-8.612015846578705e-05
fast,8.18,0.00028020194012871207,-8.97413052252207e-05
fast,8.2,0.00027465356997214254,-9.315009334261586e-05
fast,8.22,0.00026921506490565784,-9.635217648775464e-05
fast,8.24,0.00026388424945471793,-9.935314873640695e-05
fast,8.26,0.0002586589912220635,-0.00010215854252040244
fast,8.28,0.0002535372000347304,-0.00010477382670641694
fast,8.3,0.00024851682710795185,-0.00010720440479993753
fast,8.32,0.00024359586422561882,-0.00010945561327090349
fast,8.34,0.00023877234293696411,-0.00011153271999756839
fast,8.36,0.00023404433376915797,-0.00011344092282516388
fast,8.38,0.00022940994545549173,-0.0001151853482359973
fast,8.4,0.00022486732417884822,-0.0001167710501276545
fast,8.42,0.00022041465283014714,-0.0001182030086960293
fast,8.44,0.0002160501502814794,-0.0001194861294199425
fast,8.46,0.00021177207067363095,-0.00012062524214416547
fast,8.48,0.00020757870271771752,-0.00012162510025770717
fast,8.5,0.00020346836901064417,-0.0001224903799642757
fast,8.52,0.00019943942536412282,-0.00012322567964186983
fast,8.540000000000001,0.00019549026014697461,-0.00012383551928850966
fast,8.56,0.00019161929364045703,-0.00012432434005116245
fast,8.58,0.0001878249774063536,-0.00012469650383497205
fast,8.6,0.0001841057936675792,-0.0001249562929899478
fast,8.620000000000001,0.0001804602547010481,-0.0001251079100723232
fast,8.64,0.0001768869022425666,-0.0001251554776778425
fast,8.66,0.00017338430690350557,-0.00012510303834428608
fast,8.68,0.0001699510675990275,-0.0001249545545205959
fast,8.700000000000001,0.00016658581098763324,-0.0001247139086000141
fast,8.72,0.00016328719092180806,-0.00012438490301469845
fast,8.74,0.0001600538879095432,-0.0001239712603893302
fast,8.76,0.00015688460858652242,-0.00012347662375128047
fast,8.78,0.00015377808519875897,-0.00012290455679495318
fast,8.8,0.0001507330750954765,-0.00012225854419797198
fast,8.82,0.00014774836023203364,-0.00012154199198693188
fast,8.84,0.000144822746682688,-0.00012075822795048366
fast,8.86,0.00014195506416301115,-0.00011991050209757239
fast,8.88,0.00013914416556175865,-0.00011900198715869967
fast,8.9,0.00013638892648201143,-0.00011803577912813022
fast,8.92,0.00013368824479140023,-0.00011701489784501047
fast,8.94,0.00013104104018123928,-0.00011594228761142012
fast,8.96,0.0001284462537343878,-0.00011482081784542184
fast,8.98,0.00012590284750166984,-0.00011365328376722606
fast,9.0,0.00012340980408667956,-0.00011244240711663303
fast,9.02,0.00012096612623880993,-0.0001111908368999646
fast,9.040000000000001,0.00011857083645433882,-0.00010990115016474256
fast,9.06,0.00011622297658541522,-0.00010857585280041912
fast,9.08,0.00011392160745678613,-0.00010721738036350839
fast,9.1,0.00011166580849011478,-0.0001058280989255175
fast,9.120000000000001,0.00010945467733573657,-0.00010441030594211619
fast,9.14,0.000107287329511708,-0.00010296623114203246
fast,9.16,0.00010516289805000093,-0.0001014980374342015
fast,9.18,0.00010308053314970452,-0.00010000782183174324
fast,9.200000000000001,0.00010103940183709326,-9.849761639138252e-05
fast,9.22,9.903868763242696e-05,-9.696938916697078e-05
fast,9.24,9.707759022334712e-05,-9.542504517580688e-05
fast,9.26,9.515532514474172e-05,-9.386642737649972e-05
fast,9.28,9.32711234649488e-05,-9.229531765715188e-05
fast,9.3,9.142423147817326e-05,-9.071343783268463e-05
fast,9.32,8.961391040299516e-05,-8.912245065016513e-05
fast,9.34,8.783943608684636e-05,-8.752396080103131e-05
fast,9.36,8.610009871634035e-05,-8.591951593915307e-05
fast,9.38,8.439520253333734e-05,-8.431060770370037e-05
fast,9.4,8.272406555663223e-05,-8.269867274582952e-05
fast,9.42,8.1086019309152e-05,-8.108509375823018e-05
fast,9.44,7.948040855055677e-05,-7.947120050661695e-05
fast,9.46,7.790659101513455e-05,-7.78582708622778e-05
fast,9.48,7.636393715488688e-05,-7.624753183482987e-05
fast,9.5,7.48518298877006e-05,-7.464016060436293e-05
fast,9.52,7.33696643505071e-05,-7.303728555218716e-05
fast,9.540000000000001,7.191684765732888e-05,-7.143998728943021e-05
fast,9.56,7.049279866211783e-05,-6.98492996827625e-05
fast,9.58,6.909694772628816e-05,-6.8266210876557e-05
fast,9.6,6.77287364908539e-05,-6.669166431082437e-05
fast,9.620000000000001,6.638761765307773e-05,-6.512655973428906e-05
fast,9.64,6.507305474754294e-05,-6.357175421200354e-05
fast,9.66,6.378452193155948e-05,-6.202806312692302e-05
fast,9.68,6.252150377482026e-05,-6.049626117489462e-05
fast,9.700000000000001,6.128349505322202e-05,-5.897708335253667e-05
fast,9.72,6.0070000546769355e-05,-5.74712259375142e-05
fast,9.74,5.888053484147942e-05,-5.5979347460737544e-05
fast,9.76,5.7714622135210336e-05,-5.450206967004149e-05
fast,9.78,5.657179604733388e-05,-5.303997848492102e-05
fast,9.8,5.545159943217694e-05,-5.159362494192645e-05
fast,9.82,5.4353584196157486e-05,-5.016352613034352e-05
fast,9.84,5.327731111854062e-05,-4.8750166117803804e-05
fast,9.86,5.2222349675744776e-05,-4.7353996865496724e-05
fast,9.88,5.118827786912642e-05,-4.59754391326716e-05
fast,9.9,5.0174682056175276e-05,-4.461488337014151e-05
fast,9.92,4.918115678505129e-05,-4.32726906025179e-05
fast,9.94,4.820730463239883e-05,-4.194919329892823e-05
fast,9.96,4.725273604437187e-05,-4.0644696231983645e-05
fast,9.98,4.6317069180807625e-05,-3.9359477324785214e-05
fast,10.0,4.539992976248485e-05,-3.8093788485771706e-05
fast,10.02,4.4500950921407545e-05,-3.684785643123331e-05
fast,10.040000000000001,4.361977305405265e-05,-3.5621883495328034e-05
fast,10.06,4.275604367752418e-05,-3.4416048427457123e-05
fast,10.08,4.19094172885549e-05,-3.323050717686799e-05
fast,10.1,4.1079555225300724e-05,-3.206539366437247e-05
fast,10.120000000000001,4.02661255318713e-05,-3.092082054107873e-05
fast,10.14,3.9468802825543534e-05,-2.9796879934052296e-05
fast,10.16,3.86872681666037e-05,-2.869364417883243e-05
fast,10.18,3.792120893076764e-05,-2.761116653874681e-05
fast,10.200000000000001,3.7170318684126666e-05,-2.6549481910976513e-05
fast,10.22,3.643429706057027e-05,-2.550860751933838e-05
fast,10.24,3.571284964163521e-05,-2.4488543593760798e-05
fast,10.26,3.500568783873447e-05,-2.3489274036443597e-05
fast,10.28,3.431252877771797e-05,-2.251076707470066e-05
fast,10.3,3.363309518571897e-05,-2.1552975900495702e-05
fast,10.32,3.296711528024157e-05,-2.0615839296692063e-05
fast,10.34,3.231432266044366e-05,-1.969928225004509e-05
fast,10.36,3.1674456200573305e-05,-1.880321655097789e-05
fast,10.38,3.1047259945514843e-05,-1.7927541380187126e-05
fast,10.4,3.0432483008403625e-05,-1.7072143882136066e-05
fast,10.42,2.982987947026762e-05,-1.623689972549832e-05
fast,10.44,2.923920828165675e-05,-1.5421673650625785e-05
fast,10.46,2.8660233166219798e-05,-1.4626320004119201e-05
fast,10.48,2.8092722526190927e-05,-1.3850683260588639e-05
fast,10.5,2.7536449349747158e-05,-1.309459853169601e-05
fast,10.52,2.699119112020084e-05,-1.2357892062580458e-05
fast,10.540000000000001,2.6456729726989903e-05,-1.1640381715770981e-05
fast,10.56,2.5932851378430905e-05,-1.0941877442698254e-05
fast,10.58,2.5419346516199247e-05,-1.0262181742921139e-05
fast,10.6,2.4916009731503204e-05,-9.601090111190745e-06
fast,10.620000000000001,2.4422639682917612e-05,-8.958391472477376e-06
fast,10.64,2.393903901584477e-05,-8.3338686050919e-06
fast,10.66,2.3465014283569705e-05,-7.727298552035723e-06
fast,10.68,2.30003758698791e-05,-7.138453020719433e-06
fast,10.700000000000001,2.254493791321217e-05,-6.567098771191865e-06
fast,10.72,2.209851823231375e-05,-6.012997993026341e-06
fast,10.74,2.166093825335909e-05,-5.4759086710124355e-06
fast,10.76,2.1232022938522127e-05,-4.955584939806505e-06
fast,10.78,2.0811600715958e-05,-4.4517774276950226e-06
fast,10.8,2.0399503411171922e-05,-3.964233589628323e-06
fast,10.82,1.9995566179747357e-05,-3.4926980296845216e-06
fast,10.84,1.959962744140579e-05,-3.036912813124557e-06
fast,10.86,1.9211528815372642e-05,-2.5966177682026314e-06
fast,10.88,1.8831115057022737e-05,-2.1715507778964227e-06
fast,10.9,1.8458233995780558e-05,-1.7614480617240249e-06
fast,10.92,1.8092736474249758e-05,-1.3660444478147276e-06
fast,10.94,1.7734476288548365e-05,-9.850736354031954e-07
fast,10.96,1.7383310129825188e-05,-6.182684479161131e-07
fast,10.98,1.703909752693454e-05,-2.653610768221371e-07
fast,11.0,1.670170079024566e-05,7.391668358441643e-08
fast,11.02,1.6370984956565186e-05,3.9983321029411207e-07
fast,11.040000000000001,1.6046817735150022e-05,7.126568344160624e-07
fast,11.06,1.5729069454789374e-05,1.012655632562619e-06
fast,11.08,1.541761301193436e-05,1.3000972266138235e-06
fast,11.1,1.5112323819855033e-05,1.57524859168952e-06
fast,11.120000000000001,1.481307975880396e-05,1.838375872158307e-06
fast,11.14,1.4519761127166799e-05,2.0897442055121824e-06
fast,11.16,1.42322505935799e-05,2.329617553936944e-06
fast,11.18,1.3950433149996304e-05,2.558258543408203e-06
fast,11.200000000000001,1.3674196065680938e-05,2.775928310144475e-06
fast,11.22,1.3403428842116915e-05,2.98288635424901e-06
fast,11.24,1.3138023168804505e-05,3.179390400373581e-06
fast,11.26,1.2877872879935594e-05,3.3656962652377652e-06
fast,11.28,1.262287391192592e-05,3.542057731839089e-06
fast,11.3,1.2372924261788221e-05,3.7087264301902166e-06
fast,11.32,1.2127923946329785e-05,3.865951724420713e-06
fast,11.34,1.1887774962157688e-05,4.013980606082568e-06
fast,11.36,1.1652381246476234e-05,4.153057593499599e-06
fast,11.38,1.1421648638660505e-05,4.283424637002915e-06
fast,11.4,1.119548484259094e-05,4.40532102989579e-06
fast,11.42,1.0973799389733532e-05,4.5189833249932956e-06
fast,11.44,1.0756503602951294e-05,4.624645256583336e-06
fast,11.46,1.0543510561032177e-05,4.722537667657864e-06
fast,11.48,1.0334735063919507e-05,4.812888442264591e-06
fast,11.5,1.013009359863071e-05,4.895922442831585e-06
fast,11.52,9.929504305851083e-06,4.971861452318753e-06
fast,11.540000000000001,9.732886947188931e-06,5.040924121052444e-06
fast,11.56,9.54016287307923e-06,5.103325918101129e-06
fast,11.58,9.351254991322629e-06,5.159279087052356e-06
fast,11.6,9.166087736247617e-06,5.208992606052922e-06
fast,11.620000000000001,8.984587038483222e-06,5.252672151976579e-06
fast,11.64,8.806680295330328e-06,5.2905200685854175e-06
fast,11.66,8.632296341719536e-06,5.3227353385534e-06
fast,11.68,8.46136542174425e-06,5.349513559222452e-06
fast,11.700000000000001,8.293819160757357e-06,5.371046921963838e-06
fast,11.72,8.12959053802051e-06,5.38752419501958e-06
fast,11.74,7.968613859894859e-06,5.399130709700997e-06
fast,11.76,7.810824733562767e-06,5.40604834982346e-06
fast,11.78,7.656160041269817e-06,5.408455544258831e-06
fast,11.8,7.504557915076858e-06,5.406527262489141e-06
fast,11.82,7.355957712112049e-06,5.400435013047318e-06
fast,11.84,7.210299990312828e-06,5.390346844732994e-06
fast,11.86,7.067526484648348e-06,5.376427350493627e-06
fast,11.88,6.927580083812657e-06,5.358837673863359e-06
fast,11.9,6.7904048073794695e-06,5.337735517854317e-06
fast,11.92,6.6559457834091735e-06,5.313275156197175e-06
fast,11.94,6.524149226499366e-06,5.2856074468300795e-06
fast,11.96,6.3949624162699644e-06,5.254879847537191e-06
fast,11.98,6.268333676274384e-06,5.221236433640298e-06
fast,12.0,6.144212353328211e-06,5.184817917649092e-06
fast,12.02,6.02254879724729e-06,5.14576167077796e-06
fast,12.040000000000001,5.903294340986981e-06,5.104201746239175e-06
fast,12.06,5.7864012811747176e-06,5.060268904224605e-06
fast,12.08,5.6718228590279695e-06,5.014090638490098e-06
fast,12.1,5.559513241650146e-06,4.9657912044589155e-06
fast,12.120000000000001,5.449427503696804e-06,4.915491648762563e-06
fast,12.14,5.341521609404953e-06,4.8633098401395315e-06
fast,12.16,5.235752394978102e-06,4.809360501614412e-06
fast,12.18,5.132077551320205e-06,4.75375524388204e-06
fast,12.200000000000001,5.030455607111438e-06,4.696602599823147e-06
fast,12.22,4.930845912219163e-06,4.638008060080185e-06
fast,12.24,4.833208621437263e-06,4.578074109623717e-06
fast,12.26,4.737504678547579e-06,4.5169002652420264e-06
fast,12.280000000000001,4.643695800696877e-06,4.454583113888211e-06
fast,12.3,4.551744463083231e-06,4.391216351821166e-06
fast,12.32,4.461613883945555e-06,4.326890824478537e-06
fast,12.34,4.373268009850434e-06,4.2616945670217676e-06
fast,12.36,4.286671501270272e-06,4.195712845495056e-06
fast,12.38,4.2017897184469915e-06,4.129028198541849e-06
fast,12.4,4.118588707535708e-06,4.06172047962437e-06
fast,12.42,4.0370351870226856e-06,3.993866899693228e-06
fast,12.44,3.957096534412328e-06,3.925542070256165e-06
fast,12.46,3.878740773177719e-06,3.856818046796356e-06
fast,12.48,3.801936559969619e-06,3.7877643724926525e-06
fast,12.5,3.726653172078671e-06,3.718448122195497e-06
fast,12.52,3.652860495145926e-06,3.6489339466141463e-06
fast,12.540000000000001,3.5805290111166895e-06,3.5792841166721627e-06
fast,12.56,3.5096297864329284e-06,3.5095585679898677e-06
fast,12.58,3.440134460459429e-06,3.439814945453806e-06
fast,12.6,3.3720152341391845e-06,3.3701086478349694e-06
fast,12.620000000000001,3.3052448588733918e-06,3.3004928724187955e-06
fast,12.64,3.239796625621674e-06,3.2310186596115494e-06
fast,12.66,3.1756443542180685e-06,3.161734937488935e-06
fast,12.68,3.11276238289864e-06,3.0926885662544024e-06
fast,12.700000000000001,3.051125558036417e-06,3.0239243825757136e-06
fast,12.72,2.9907092240796304e-06,2.955485243769866e-06
fast,12.74,2.9314892136891307e-06,2.8874120718075616e-06
fast,12.76,2.873441838071151e-06,2.819743897109913e-06
fast,12.780000000000001,2.8165438775014624e-06,2.752517902111099e-06
fast,12.8,2.7607725720371986e-06,2.685769464562056e-06
fast,12.82,2.706105612412542e-06,2.619532200551304e-06
fast,12.84,2.652521131114739e-06,2.5538380072203843e-06
fast,12.86,2.5999976936368024e-06,2.4887171051523017e-06
fast,12.88,2.5485142899034135e-06,2.4241980804125773e-06
fast,12.9,2.4980503258666345e-06,2.360307926223601e-06
fast,12.92,2.4485856152679845e-06,2.2970720842538926e-06
fast,12.94,2.4001003715636846e-06,2.2345144855051106e-06
fast,12.96,2.352575200009771e-06,2.172657590780426e-06
fast,12.98,2.305991089903953e-06,2.1115224307190144e-06
fast,13.0,2.2603294069810542e-06,2.0511286453821882e-06
fast,13.02,2.2155718859590755e-06,1.991494523377831e-06
fast,13.040000000000001,2.1717006232328283e-06,1.9326370405104534e-06
fast,13.06,2.128698069712273e-06,1.8745718979452467e-06
fast,13.08,2.086547023802622e-06,1.8173135598751615e-06
fast,13.1,2.0452306245234897e-06,1.760875290681079e-06
fast,13.120000000000001,2.0047323447642686e-06,1.705269191575723e-06
fast,13.14,1.9650359846730773e-06,1.6505062367228785e-06
fast,13.16,1.926125665176585e-06,1.5965963088240996e-06
fast,13.18,1.8879858216281811e-06,1.5435482341659598e-06
fast,13.200000000000001,1.8506011975819048e-06,1.4913698171214613e-06
fast,13.22,1.8139568386896763e-06,1.4400678740999843e-06
fast,13.24,1.7780380867193375e-06,1.3896482669407217e-06
fast,13.26,1.7428305736911769e-06,1.3401159357453144e-06
fast,13.280000000000001,1.7083202161305406e-06,1.2914749311458646e-06
fast,13.3,1.674493209434266e-06,1.2437284460052134e-06
fast,13.32,1.641336022348639e-06,1.1968788465468164e-06
fast,13.34,1.6088353915567233e-06,1.1509277029122598e-06
fast,13.36,1.576978316372855e-06,1.1058758191448315e-06
fast,13.38,1.545752053542191e-06,1.0617232625981652e-06
fast,13.4,1.515144112143249e-06,1.0184693927694521e-06
fast,13.42,1.4851422485913551e-06,9.761128895571236e-07
fast,13.44,1.455734461741058e-06,9.346517809434831e-07
fast,13.46,1.426908988085507e-06,8.940834701030732e-07
fast,13.48,1.3986542970508992e-06,8.544047619380741e-07
fast,13.5,1.3709590863840845e-06,8.156118890423431e-07
fast,13.52,1.3438122776315214e-06,7.77700537096204e-07
fast,13.540000000000001,1.3172030117077446e-06,7.406658696943392e-07
fast,13.56,1.2911206445515944e-06,7.045025526095834e-07
fast,13.58,1.2655547428684361e-06,6.692047774956602e-07
fast,13.6,1.2404950799567134e-06,6.347662850323386e-07
fast,13.620000000000001,1.2159316316171261e-06,6.011803875166692e-07
fast,13.64,1.191854572142826e-06,5.684399909043458e-07
fast,13.66,1.168254270388989e-06,5.365376163054176e-07
fast,13.68,1.145121285920239e-06,5.054654209389537e-07
fast,13.700000000000001,1.1224463652343422e-06,4.752152185513931e-07
fast,13.72,1.1002204380606921e-06,4.4577849930363407e-07
fast,13.74,1.0784346137320686e-06,4.171464491320551e-07
fast,13.76,1.057080177628257e-06,3.8930996858896607e-07
fast,13.780000000000001,1.0361485876900855e-06,3.622596911680861e-07
fast,13.8,1.0156314710024903e-06,3.3598600112089985e-07
fast,13.82,9.955206204452296e-07,3.1047905076984596e-07
fast,13.84,9.758079914099323e-07,2.8572877732453915e-07
fast,13.86,9.56485698582146e-07,2.617249192072895e-07
fast,13.88,9.375460127871031e-07,2.3845703189436923e-07
fast,13.9,9.189813578979571e-07,2.1591450327960524e-07
fast,13.92,9.007843078052184e-07,1.9408656856694576e-07
fast,13.94,8.829475834462195e-07,1.7296232469883571e-07
fast,13.96,8.654640498933887e-07,1.5253074432725383e-07
fast,13.98,8.483267135001914e-07,1.3278068933441217e-07
fast,14.0,8.315287191035678e-07,1.1370092391014494e-07
fast,14.02,8.150633472817833e-07,9.528012719314931e-08
fast,14.040000000000001,7.989240116665659e-07,7.750690548323957e-08
fast,14.06,7.83104256308479e-07,6.036980403187861e-08
fast,14.08,7.675977530944447e-07,4.385731841825211e-08
fast,14.1,7.523982992164213e-07,2.7957905518247127e-08
fast,14.120000000000001,7.374998146901943e-07,1.2659994073671093e-08
fast,14.14,7.228963399233066e-07,-2.0480051308841802e-09
fast,14.16,7.085820333311345e-07,-1.617768947615118e-08
fast,14.18,6.945511690001816e-07,-2.9740655093824646e-08
fast,14.200000000000001,6.807981343976331e-07,-4.2748487822329165e-08
fast,14.22,6.673174281262744e-07,-5.5212754525280766e-08
fast,14.24,6.541036577238504e-07,-6.714499476524717e-08
fast,14.26,6.411515375060144e-07,-7.85567128253814e-08
fast,14.280000000000001,6.284558864519808e-07,-8.945937007156315e-08
fast,14.3,6.160116261320527e-07,-9.986437764767284e-08
fast,14.32,6.038137786761752e-07,-1.0978308949667945e-07
fast,14.34,5.918574647827261e-07,-1.1922679570022084e-07
fast,14.36,5.80137901766728e-07,-1.282067161294248e-07
fast,14.38,5.686504016467107e-07,-1.367339943997409e-07
fast,14.4,5.573903692694595e-07,-1.448196921226001e-07
fast,14.42,5.463533004718871e-07,-1.5247478344678095e-07
fast,14.44,5.355347802793109e-07,-1.5971014988238948e-07
fast,14.46,5.249304811394046e-07,-1.6653657540044168e-07
fast,14.48,5.145361611911212e-07,-1.729647418010758e-07
fast,14.5,5.04347662567888e-07,-1.7900522434350484e-07
fast,14.52,4.943609097344072e-07,-1.8466848763085906e-07
fast,14.540000000000001,4.845719078563859e-07,-1.8996488174316234e-07
fast,14.56,4.7497674120255297e-07,-1.9490463861173757e-07
fast,14.58,4.6557157157830866e-07,-1.9949786862842603e-07
fast,14.6,4.5635263679039944e-07,-2.0375455748306257e-07
fast,14.620000000000001,4.4731624914198846e-07,-2.07684563222744e-07
fast,14.64,4.3845879395753135e-07,-2.1129761352649542e-07
fast,14.66,4.2977672813685227e-07,-2.1460330318903099e-07
fast,14.68,4.212665787378609e-07,-2.176110918073769e-07
fast,14.700000000000001,4.1292494158732645e-07,-2.2033030166422147e-07
fast,14.72,4.0474847991916697e-07,-2.2277011580193514e-07
fast,14.74,3.967339230396936e-07,-2.249395762812982e-07
fast,14.76,3.888780650192921e-07,-2.268475826190541e-07
fast,14.780000000000001,3.8117776341000774e-07,-2.2850289039850594e-07
fast,14.8,3.73629937988526e-07,-2.2991411004745783e-07
fast,14.82,3.6623156952403863e-07,-2.3108970577790053e-07
fast,14.84,3.589796985705135e-07,-2.3203799468192725e-07
fast,14.86,3.518714242828764e-07,-2.3276714597846536e-07
fast,14.88,3.449039032566334e-07,-2.3328518040550038e-07
fast,14.9,3.380743483904736e-07,-2.3359996975256307e-07
fast,14.92,3.3138002777138823e-07,-2.3371923652834843e-07
fast,14.94,3.248182635818706e-07,-2.3365055375842623e-07
fast,14.96,3.183864310287531e-07,-2.3340134490810266e-07
fast,14.98,3.1208195729325665e-07,-2.329788839255856e-07
fast,15.0,3.0590232050182584e-07,-2.3239029540070227e-07
fast,15.02,2.998450487173476e-07,-2.3164255483451417e-07
fast,15.040000000000001,2.9390771895034317e-07,-2.3074248901526998e-07
fast,15.06,2.880879561897412e-07,-2.2969677649623116e-07
fast,15.08,2.823834324528391e-07,-2.2851194817100174e-07
fast,15.1,2.767918658540807e-07,-2.271943879420875e-07
fast,15.120000000000001,2.713110196922709e-07,-2.2575033347850547e-07
fast,15.14,2.659387015558671e-07,-2.2418587705835723e-07
fast,15.16,2.6067276244598215e-07,-2.2250696649237316e-07
fast,15.18,2.555110959167588e-07,-2.2071940612453105e-07
fast,15.200000000000001,2.504516372327618e-07,-2.1882885790593897e-07
fast,15.22,2.454923625430579e-07,-2.1684084253827084e-07
fast,15.24,2.4063128807164646e-07,-2.1476074068312742e-07
fast,15.26,2.3586646932392362e-07,-2.1259379423379287e-07
fast,15.280000000000001,2.311960003088581e-07,-2.103451076459403e-07
fast,15.3,2.2661801277657096e-07,-2.0801964932393407e-07
fast,15.32,2.2213067547100832e-07,-2.0562225305945793e-07
fast,15.34,2.1773219339741586e-07,-2.0315761951929334e-07
fast,15.36,2.1342080710431698e-07,-2.0063031777915184e-07
fast,15.38,2.0919479197970816e-07,-1.9804478690055263e-07
fast,15.4,2.0505245756119265e-07,-1.954053375478233e-07
fast,15.42,2.009921468597709e-07,-1.9271615364237831e-07
fast,15.44,1.9701223569702404e-07,-1.8998129405152114e-07
fast,15.46,1.9311113205542048e-07,-1.8720469430908877e-07
fast,15.48,1.8928727544148886e-07,-1.843901683653428e-07
fast,15.5,1.8553913626159784e-07,-1.8154141036358522e-07
fast,15.52,1.8186521521009957e-07,-1.7866199644106165e-07
fast,15.540000000000001,1.7826404266958688e-07,-1.7575538655178484e-07
fast,15.56,1.7473417812302795e-07,-1.7282492630899133e-07
fast,15.58,1.7127420957753834e-07,-1.698738488450134e-07
fast,15.6,1.6788275299956632e-07,-1.6690527668642986e-07
fast,15.620000000000001,1.6455845176126038e-07,-1.6392222364242202e-07
fast,15.64,1.612999760978012e-07,-1.6092759670433938e-07
fast,15.66,1.5810602257547612e-07,-1.57924197954542e-07
fast,15.68,1.5497531357028967e-07,-1.549147264826639e-07
fast,15.700000000000001,1.5190659675689612e-07,-1.5190178030749978e-07
fast,15.72,1.488986446076539e-07,-1.4888785830279074e-07
fast,15.74,1.4595025390159645e-07,-1.458753621252417e-07
fast,15.76,1.43060245243129e-07,-1.428665981431764e-07
fast,15.780000000000001,1.4022746259025391e-07,-1.3986377936428823e-07
fast,15.8,1.3745077279213963e-07,-1.3686902736101452e-07
fast,15.82,1.3472906513584358e-07,-1.3388437419211233e-07
fast,15.84,1.3206125090201334e-07,-1.309117643190842e-07
fast,15.860000000000001,1.2944626292938382e-07,-1.2795305651614834e-07
fast,15.88,1.2688305518789952e-07,-1.2501002577251153e-07
fast,15.9,1.2437060236028695e-07,-1.2208436518575128e-07
fast,15.92,1.2190789943191535e-07,-1.1917768784517605e-07
fast,15.94,1.1949396128877684e-07,-1.1629152870407559e-07
fast,15.96,1.1712782232342765e-07,-1.1342734643983049e-07
fast,15.98,1.148085360487332e-07,-1.1058652530089951e-07
fast,16.0,1.1253517471925912e-07,-1.0777037693974698e-07
intermediate,0.0,1.0,1.0
intermediate,0.02,0.9920319148370607,0.9918335150675511
intermediate,0.04,0.9841273200552851,0.9833401231672233
intermediate,0.06,0.9762857097579094,0.9745289226113691
intermediate,0.08,0.9685065820791977,0.9654090135818622
intermediate,0.1,0.9607894391523232,0.9559894939116999
intermediate,0.12,0.9531337870775047,0.9462794549346469
intermediate,0.14,0.9455391358903963,0.9362879774037448
intermediate,0.16,0.9380049995307295,0.9260241274794783
intermediate,0.18,0.9305308958112057,0.9154969527883353
intermediate,0.2,0.9231163463866358,0.9047154785524604
intermediate,0.22,0.9157608767233256,0.8936887037910526
intermediate,0.24,0.9084640160687062,0.8824255975941188
intermediate,0.26,0.9012252974212046,0.8709350954691482
intermediate,0.28,0.8940442575003572,0.8592260957612335
intermediate,0.3,0.8869204367171575,0.8473074561471184
intermediate,0.32,0.8798533791446437,0.8351879902036142
intermediate,0.34,0.8728426324887193,0.8228764640507837
intermediate,0.36,0.8658877480592049,0.8103815930702498
intermediate,0.38,0.8589882807411234,0.7977120386989485
intermediate,0.4,0.8521437889662115,0.7848764052986034
intermediate,0.42,0.8453538346846587,0.7718832371011612
intermediate,0.44,0.8386179833370738,0.7587410152303892
intermediate,0.46,0.8319358038266716,0.7454581547997946
intermediate,0.48,0.8253068684916822,0.7320430020869926
intermediate,0.5,0.8187307530779818,0.7185038317846095
intermediate,0.52,0.812207036711939,0.7048488443277697
intermediate,0.54,0.8057353018734796,0.6910861632981851
intermediate,0.56,0.7993151343693651,0.67722383290482
intermediate,0.58,0.7929461233066837,0.6632698155410832
intermediate,0.6,0.7866278610665536,0.649231989418449
intermediate,0.62,0.7803599432780342,0.635118146276389
intermediate,0.64,0.7741419687922484,0.6209359891684568
intermediate,0.66,0.7679735396567061,0.6066931303243315
intermediate,0.68,0.7618542610898376,0.5923970890876042
intermediate,0.7000000000000001,0.7557837414557256,0.5780552899290513
intermediate,0.72,0.7497615922390413,0.5636750605351109
intermediate,0.74,0.7437874280201796,0.5492636299712492
intermediate,0.76,0.7378608664505911,0.5348281269198742
intermediate,0.78,0.7319815282283127,0.5203755779924234
intermediate,0.8,0.7261490370736909,0.505912906115224
intermediate,0.8200000000000001,0.7203630197053013,0.4914469289887015
intermediate,0.84,0.7146231058160573,0.4769843576194777
intermediate,0.86,0.7089289280495107,0.46253179492487806
intermediate,0.88,0.7032801219763409,0.4480957344093427
intermediate,0.9,0.697676326071031,0.4336825589122073
intermediate,0.92,0.6921171816887304,0.41929853942629863
intermediate,0.9400000000000001,0.686602333042301,0.40494983398676304
intermediate,0.96,0.6811314271795471,0.3906424866295264
intermediate,0.98,0.675704113960626,0.37638242641875824
intermediate,1.0,0.6703200460356393,0.3621754665426935
intermediate,1.02,0.6649788788224019,0.3480273034771418
intermediate,1.04,0.6596802704843892,0.33394351621599627
intermediate,1.06,0.6544238819088586,0.3199295655680317
intermediate,1.08,0.6492093766851473,0.30599079351926384
intermediate,1.1,0.6440364210831413,0.2921324226601228
intermediate,1.12,0.6389046840319161,0.27835955567667503
intermediate,1.1400000000000001,0.6338138370985489,0.26467717490511206
intermediate,1.16,0.6287635544670983,0.2510901419487067
intermediate,1.18,0.6237535129177522,0.23760319735642033
intermediate,1.2,0.6187833918061408,0.2242209603623329
intermediate,1.22,0.6138528730428171,0.21094792868504855
intermediate,1.24,0.6089616410728969,0.19778847838621658
intermediate,1.26,0.6041093828558647,0.18474686378729688
intermediate,1.28,0.5992957878455384,0.17182721744368148
intermediate,1.3,0.5945205479701944,0.1590335501752748
intermediate,1.32,0.5897833576128504,0.1463697511526221
intermediate,1.34,0.5850839135917069,0.13383958803766496
intermediate,1.36,0.5804219151407424,0.12144670717819149
intermediate,1.3800000000000001,0.5757970638904645,0.10919463385503986
intermediate,1.4000000000000001,0.5712090638488149,0.09708677258110429
intermediate,1.42,0.5666576213822245,0.08512640745118286
intermediate,1.44,0.5621424451968224,0.07331670254169931
intermediate,1.46,0.5576632463197913,0.061660702359324554
intermediate,1.48,0.5532197380808739,0.05016133233751276
intermediate,1.5,0.5488116360940265,0.03882139937996512
intermediate,1.52,0.5444386582392171,0.027643592450025192
intermediate,1.54,0.5401005246443705,0.01663048320500562
intermediate,1.56,0.5357969576674559,0.005784526674441392
intermediate,1.58,0.5315276818787179,-0.004891938018740173
intermediate,1.6,0.5272924240430485,-0.015396686895145634
intermediate,1.62,0.5230909131025008,-0.025727610314954262
intermediate,1.6400000000000001,0.5189228801589403,-0.035882712134088536
intermediate,1.6600000000000001,0.5147880584568361,-0.045860108821537564
intermediate,1.68,0.5106861833661878,-0.055658028538856104
intermediate,1.7,0.5066169923655895,-0.06527481018286405
intermediate,1.72,0.5025802250254283,-0.07470890239256944
intermediate,1.74,0.49857562299121644,-0.08395886252134202
intermediate,1.76,0.49460292996705696,-0.09302335557536064
intermediate,1.78,0.49066189169924007,-0.10190115311935878
intermediate,1.8,0.4867522559599716,-0.11059113215069125
intermediate,1.82,0.48287377253122965,-0.11909227394274251
intermediate,1.84,0.479026193188751,-0.1274036628586964
intermediate,1.86,0.4752092716861444,-0.13552448513668305
intermediate,1.8800000000000001,0.4714227637391309,-0.14345402764731696
intermediate,1.9000000000000001,0.4676664270099092,-0.15119167662463584
intermediate,1.92,0.46394002109164667,-0.15873691637144727
intermediate,1.94,0.46024330749309256,-0.1660893279400848
intermediate,1.96,0.4565760496233148,-0.17324858778957078
intermediate,1.98,0.4529380127765577,-0.18021446642017935
intermediate,2.0,0.4493289641172216,-0.18698682698638622
intermediate,2.02,0.4457486726649602,-0.19356562388918663
intermediate,2.04,0.4421969092798986,-0.19995090134875756
intermediate,2.06,0.4386734466479678,-0.20614279195843221
intermediate,2.08,0.43517805926635666,-0.21214151522095
intermediate,2.1,0.4317105234290797,-0.21794737606793643
intermediate,2.12,0.42827061721265963,-0.22356076336356065
intermediate,2.14,0.42485812046192456,-0.22898214839331113
intermediate,2.16,0.4214728147759175,-0.23421208333882002
intermediate,2.18,0.4181144834939193,-0.23925119973966133
intermediate,2.2,0.4147829116815813,-0.24410020694303605
intermediate,2.22,0.4114778861171705,-0.24875989054225156
intermediate,2.24,0.40819919527792264,-0.25323111080489075
intermediate,2.2600000000000002,0.4049466293265049,-0.25751480109155855
intermediate,2.2800000000000002,0.4017199800975859,-0.26161196626608335
intermediate,2.3000000000000003,0.39851904108451414,-0.265523681098041
intermediate,2.32,0.39534360742609986,-0.2692510886584565
intermediate,2.34,0.392193475893505,-0.2727953987095343
intermediate,2.36,0.38906844487723635,-0.27615788608924835
intermediate,2.38,0.3859683143742421,-0.2793398890916201
intermediate,2.4,0.38289288597511206,-0.2823428078434983
intermediate,2.42,0.3798419628513787,-0.28516810267864146
intermediate,2.44,0.37681534974292086,-0.28781729250989624
intermediate,2.46,0.3738128529454665,-0.2902919532002501
intermediate,2.48,0.3708342802981957,-0.29259371593352596
intermediate,2.5,0.36787944117144233,-0.2947242655854748
intermediate,2.52,0.36494814645449375,-0.2966853390960097
intermediate,2.54,0.36204020854348745,-0.2984787238433118
intermediate,2.56,0.3591554413294046,-0.3001062560205282
intermediate,2.58,0.3562936601861588,-0.30156981901576585
intermediate,2.6,0.3534546819587802,-0.3028713417960769
intermediate,2.62,0.35063832495169295,-0.30401279729611425
intermediate,2.64,0.3478444089170874,-0.30499620081212636
intermediate,2.66,0.34507275504338375,-0.30582360840194445
intermediate,2.68,0.34232318594378797,-0.3064971152916042
intermediate,2.7,0.3395955256449391,-0.3070188542892299
intermediate,2.72,0.33688959957564707,-0.3073909942067963
intermediate,2.74,0.33420523455571977,-0.3076157382903681
intermediate,2.7600000000000002,0.33154225878487975,-0.3076953226594073
intermediate,2.7800000000000002,0.3289005018317685,-0.3076320147557205
intermediate,2.8000000000000003,0.3262797946230395,-0.30742811180260937
intermediate,2.82,0.3236799694325368,-0.3070859392747691
intermediate,2.84,0.3211008598705607,-0.3066078493794711
intermediate,2.86,0.318542300873219,-0.30599621954954764
intermediate,2.88,0.3160041286918625,-0.3052534509486865
intermediate,2.9,0.3134861808826054,-0.30438196698952713
intermediate,2.92,0.31098829629592806,-0.30338421186503767
intermediate,2.94,0.3085103150663647,-0.30226264909363837
intermediate,2.96,0.3060520786022707,-0.3010197600785219
intermediate,2.98,0.30361342957567317,-0.2996580426816091
intermediate,3.0,0.30119421191220197,-0.2981800098125645
intermediate,3.02,0.2987942707811012,-0.2965881880332814
intermediate,3.04,0.29641345258531904,-0.2948851161782329
intermediate,3.06,0.2940516049516783,-0.29307334399107354
intermediate,3.08,0.2917085767211243,-0.2911554307778604
intermediate,3.1,0.28938421793905056,-0.28913394407724874
intermediate,3.12,0.2870783798457016,-0.28701145834800695
intermediate,3.14,0.2847909148666524,-0.2847905536741781
intermediate,3.16,0.2825216766033635,-0.28247381448820513
intermediate,3.18,0.28027051982381146,-0.2800638283123219
intermediate,3.2,0.27803730045319414,-0.2775631845184998
intermediate,3.22,0.2758218755647092,-0.27497447310722495
intermediate,3.24,0.273624103370408,-0.2723002835053717
intermediate,3.2600000000000002,0.27144384321211956,-0.26954320338341964
intermediate,3.2800000000000002,0.2692809555524499,-0.2667058174922542
intermediate,3.3000000000000003,0.2671353019658503,-0.263790706519773
intermediate,3.3200000000000003,0.2650067451297589,-0.26080044596751234
intermediate,3.34,0.26289514881581166,-0.2577376050474911
intermediate,3.36,0.26080037788112365,-0.2546047455994594
intermediate,3.38,0.25872229825964005,-0.2514044210287279
intermediate,3.4,0.25666077695355594,-0.24813917526473803
intermediate,3.42,0.2546156820248037,-0.24481154174052383
intermediate,3.44,0.2525868825866102,-0.24142404239320528
intermediate,3.46,0.25057424879511875,-0.23797918668563625
intermediate,3.48,0.24857765184107966,-0.23447947064932445
intermediate,3.5,0.24659696394160646,-0.23092737594872473
intermediate,3.52,0.24463205833199747,-0.2273253689669975
intermediate,3.54,0.24268280925762295,-0.22367589991331246
intermediate,3.56,0.24074909196587682,-0.21998140195176683
intermediate,3.58,0.23883078269819238,-0.21624429035197507
intermediate,3.6,0.2369277586821217,-0.2124669616613784
intermediate,3.62,0.23503989812347822,-0.20865179289930896
intermediate,3.64,0.2331670801985418,-0.20480114077283534
intermediate,3.66,0.23130918504632586,-0.2009173409144039
intermediate,3.68,0.22946609376090665,-0.1970027071412819
intermediate,3.7,0.22763768838381268,-0.19305953073679552
intermediate,3.72,0.22582385189647586,-0.1890900797533498
intermediate,3.74,0.2240244682127417,-0.18509659833720343
intermediate,3.7600000000000002,0.22223942217144038,-0.18108130607496603
intermediate,3.7800000000000002,0.2204685995290159,-0.17704639736177172
intermediate,3.8000000000000003,0.21871188695221472,-0.1729940407910778
intermediate,3.8200000000000003,0.2169691720108323,-0.16892637856602452
intermediate,3.84,0.2152403431705176,-0.1648455259322859
intermediate,3.86,0.2135252897856346,-0.16075357063233017
intermediate,3.88,0.21182390209218135,-0.1566525723810033
intermediate,3.9,0.21013607120076472,-0.15254456236233585
intermediate,3.92,0.20846168908963156,-0.14843154274747034
intermediate,3.94,0.20680064859775515,-0.14431548623359403
intermediate,3.96,0.20515284341797715,-0.14019833560375725
intermediate,3.98,0.20351816809020354,-0.13608200330744724
intermediate,4.0,0.20189651799465538,-0.13196837106178194
intermediate,4.0200000000000005,0.20028778934517302,-0.12785928947317957
intermediate,4.04,0.1986918791825739,-0.12375657767935372
intermediate,4.0600000000000005,0.1971086853680626,-0.11966202301147437
intermediate,4.08,0.1955381065766949,-0.11557738067633372
intermediate,4.1,0.1939800422908919,-0.11150437345834095
intermediate,4.12,0.19243439279400748,-0.10744469144117252
intermediate,4.14,0.19090105916394634,-0.10339999174889261
intermediate,4.16,0.1893799432668326,-0.09937189830635153
intermediate,4.18,0.18787094775072993,-0.09536200161867164
intermediate,4.2,0.18637397603940994,-0.09137185856961295
intermediate,4.22,0.18488893232617234,-0.08740299223861782
intermediate,4.24,0.18341572156771244,-0.08345689173631649
intermediate,4.26,0.18195424947803895,-0.07953501205828203
intermediate,4.28,0.18050442252243917,-0.07563877395680647
intermediate,4.3,0.17906614791149322,-0.0717695638304769
intermediate,4.32,0.17763933359513492,-0.06792873363131417
intermediate,4.34,0.17622388825676108,-0.06411760078924361
intermediate,4.36,0.1748197213073869,-0.06033744815365228
intermediate,4.38,0.17342674287984836,-0.05658952395179334
intermediate,4.4,0.17204486382305048,-0.052875041763784436
intermediate,4.42,0.17067399569626213,-0.04919518051395319
intermediate,4.44,0.16931405076345515,-0.045551084478269166
intermediate,4.46,0.16796494198768974,-0.04194386330760878
intermediate,4.48,0.16662658302554362,-0.038374592066585896
intermediate,4.5,0.1652988882215865,-0.034844311287688425
intermediate,4.5200000000000005,0.1639817726028977,-0.03135402704044779
intermediate,4.54,0.1626751518736281,-0.02790471101537597
intermediate,4.5600000000000005,0.16137894240960488,-0.02449730062239215
intermediate,4.58,0.1600930612529801,-0.021132699103468433
intermediate,4.6000000000000005,0.15881742610692065,-0.017811775659212364
intermediate,4.62,0.15755195533034191,-0.014535365589111525
intermediate,4.64,0.15629656793268215,-0.011304270445154191
intermediate,4.66,0.1550511835687194,-0.00811925819854675
intermediate,4.68,0.15381572253342932,-0.0049810634192416926
intermediate,4.7,0.15259010575688386,-0.0018903874679889138
intermediate,4.72,0.15137425479919112,0.0011521012993734232
intermediate,4.74,0.15016809184547467,0.004145767315681029
intermediate,4.76,0.14897153970089386,0.0070900075745434525
intermediate,4.78,0.14778452178570287,0.009984251391076152
intermediate,4.8,0.14660696213035015,0.012827960151551054
intermediate,4.82,0.14543878537061566,0.015620627052260807
intermediate,4.84,0.14427991674278817,0.018361776827884188
intermediate,4.86,0.1431302820788798,0.021050965469648162
intermediate,4.88,0.14198980780187978,0.02368777993357455
intermediate,4.9,0.14085842092104497,0.026271837839106613
intermediate,4.92,0.13973604902722897,0.028802787158403426
intermediate,4.94,0.13862262028824726,0.03128030589659667
intermediate,4.96,0.13751806344428075,0.033704101763296995
intermediate,4.98,0.13642230780331419,0.036073911835643506
intermediate,5.0,0.13533528323661267,0.03838950221318228
intermediate,5.0200000000000005,0.13425692017423277,0.04065066766486585
intermediate,5.04,0.1331871496005706,0.042857231268457883
intermediate,5.0600000000000005,0.13212590304994404,0.0450090440426327
intermediate,5.08,0.13107311260221188,0.04710598457205214
intermediate,5.1000000000000005,0.13002871087842585,0.04914795862570625
intermediate,5.12,0.1289926310365194,0.051134898768798266
intermediate,5.14,0.1279648067670288,0.053066763968456804
intermediate,5.16,0.12694517228885002,0.05494353919355353
intermediate,5.18,0.12593366234502842,0.05676523500890406
intermediate,5.2,0.1249302121985824,0.058531887164129597
intermediate,5.22,0.12393475762836002,0.06024355617745058
intermediate,5.24,0.12294723492492901,0.06190032691468747
intermediate,5.26,0.12196758088649925,0.06350230816373549
intermediate,5.28,0.12099573281487792,0.06504963220478391
intermediate,5.3,0.12003162851145673,0.06654245437654245
intermediate,5.32,0.11907520627323114,0.06798095263874063
intermediate,5.34,0.11812640488885146,0.0693653271311578
intermediate,5.36,0.11718516363470524,0.07069579972944462
intermediate,5.38,0.11625142227103091,0.0719726135979888
intermediate,5.4,0.11532512103806251,0.07319603274008034
intermediate,5.42,0.11440620065220491,0.07436634154562348
intermediate,5.44,0.11349460230223982,0.07548384433664553
intermediate,5.46,0.11259026764556165,0.07654886491084348
intermediate,5.48,0.11169313880444368,0.0775617460834128
intermediate,5.5,0.11080315836233387,0.07852284922739389
intermediate,5.5200000000000005,0.10992026936018014,0.07943255381277334
intermediate,5.54,0.10904441529278498,0.08029125694457036
intermediate,5.5600000000000005,0.10817554010518915,0.08109937290013852
intermediate,5.58,0.10731358818908403,0.08185733266590657
intermediate,5.6000000000000005,0.10645850437925279,0.08256558347378251
intermediate,5.62,0.10561023395003975,0.08322458833743739
intermediate,5.64,0.10476872261184794,0.08383482558868642
intermediate,5.66,0.10393391650766433,0.08439678841417726
intermediate,5.68,0.10310576220961346,0.08491098439259541
intermediate,5.7,0.10228420671553744,0.08537793503259054
intermediate,5.72,0.10146919744560438,0.08579817531162555
intermediate,5.74,0.10066068223894266,0.08617225321594552
intermediate,5.76,0.09985860935030322,0.08650072928186109
intermediate,5.78,0.09906292744674727,0.08678417613853597
intermediate,5.8,0.09827358560436153,0.08702317805246558
intermediate,5.82,0.09749053330499853,0.08721833047382938
intermediate,5.84,0.09671372043304398,0.08737023958489618
intermediate,5.86,0.09594309727220875,0.08747952185065741
intermediate,5.88,0.09517861450234763,0.08754680357186033
intermediate,5.9,0.0944202231963023,0.08757272044060808
intermediate,5.92,0.09366787481677048,0.08755791709869128
intermediate,5.94,0.09292152121319885,0.08750304669881004
intermediate,5.96,0.09218111461870225,0.08740877046884386
intermediate,5.98,0.09144660764700571,0.0872757572793199
intermediate,6.0,0.09071795328941246,0.08710468321422968
intermediate,6.0200000000000005,0.08999510491179488,0.08689623114533729
intermediate,6.04,0.08927801625161004,0.08665109031012014
intermediate,6.0600000000000005,0.08856664141493893,0.08636995589347919
intermediate,6.08,0.08786093487354915,0.08605352861335058
intermediate,6.1000000000000005,0.08716085146198127,0.0857025143103484
intermediate,6.12,0.08646634637465789,0.08531762354156236
intermediate,6.140000000000001,0.0857773751630164,0.08489957117863282
intermediate,6.16,0.08509389373266409,0.08444907601021882
intermediate,6.18,0.08441585834055614,0.08396686034897347
intermediate,6.2,0.08374322559219592,0.0834536496431353
intermediate,6.22,0.0830759524388581,0.08291017209284196
intermediate,6.24,0.08241399617483294,0.08233715827126654
intermediate,6.26,0.08175731443469374,0.08173534075067618
intermediate,6.28,0.08110586519058485,0.08110545373350496
intermediate,6.3,0.08045960674953243,0.08044823268853332
intermediate,6.32,0.07981849775077551,0.07976441399225832
intermediate,6.34,0.07918249716311948,0.07905473457553965
intermediate,6.36,0.0785515642823095,0.07831993157559797
intermediate,6.38,0.07792565872842598,0.0775607419934432
intermediate,6.4,0.07730474044329971,0.07677790235680179
intermediate,6.42,0.0766887696879486,0.07597214838861327
intermediate,6.44,0.07607770704003396,0.075144214681158
intermediate,6.46,0.07547151339133784,0.0742948343758789
intermediate,6.48,0.07487014994525971,0.0734247388489519
intermediate,6.5,0.07427357821433388,0.07253465740266098
intermediate,6.5200000000000005,0.07368176001776579,0.07162531696262531
intermediate,6.54,0.07309465747898901,0.07069744178092742
intermediate,6.5600000000000005,0.0725122330232405,0.06975175314518268
intermediate,6.58,0.07193444937515645,0.06878896909359276
intermediate,6.6000000000000005,0.07136126955638603,0.06780980413601598
intermediate,6.62,0.0707926568832253,0.06681496898109059
intermediate,6.640000000000001,0.07022857496426897,0.06580517026943766
intermediate,6.66,0.06966898769808184,0.06478111031297255
intermediate,6.68,0.06911385927088776,0.06374348684034525
intermediate,6.7,0.06856315415427791,0.06269299274853216
intermediate,6.72,0.06801683710293688,0.06163031586059398
intermediate,6.74,0.0674748731523869,0.060556138689614375
intermediate,6.76,0.06693722761675015,0.059471138208829655
intermediate,6.78,0.06640386608652883,0.05837598562795693
intermediate,6.8,0.06587475442640295,0.05727134617572577
intermediate,6.82,0.06534985877304565,0.056157878888614156
intermediate,6.84,0.06482914553295596,0.05503623640578854
intermediate,6.86,0.06431258138030878,0.05390706477024278
intermediate,6.88,0.063800133254822,0.05277100323613034
intermediate,6.9,0.0632917683596407,0.0516286840822788
intermediate,6.92,0.06278745415923806,0.05048073243187574
intermediate,6.94,0.0622871583773331,0.049327766078309646
intermediate,6.96,0.061790848994825016,0.04817039531714979
intermediate,6.98,0.06129849424774393,0.04700922278424346
intermediate,7.0,0.060810062625217945,0.045844843299909344
intermediate,7.0200000000000005,0.06032552286745654,0.04467784371920092
intermediate,7.04,0.05984484396374979,0.043508802788213286
intermediate,7.0600000000000005,0.05936799515048382,0.04233829100640281
intermediate,7.08,0.05889494590917179,0.041166870494888555
intermediate,7.1000000000000005,0.05842566596450081,0.03999509487069993
intermediate,7.12,0.05796012528239421,0.03882350912693537
intermediate,7.140000000000001,0.05749829406808945,0.037652649518792075
intermediate,7.16,0.05704014276423119,0.036483043455427404
intermediate,7.18,0.056585642048979604,0.035315209397607815
intermediate,7.2,0.056134762834133704,0.034149656761101585
intermediate,7.22,0.05568747626326995,0.03298688582576857
intermediate,7.24,0.05524375370989503,0.031827387650297224
intermediate,7.26,0.05480356677561416,0.0306716439925405
intermediate,7.28,0.0543668872883132,0.02952012723539621
intermediate,7.3,0.05393368730035602,0.028373300318180143
intermediate,7.32,0.053503939086795425,0.02723161667343419
intermediate,7.34,0.053077615143599134,0.026095520169114407
intermediate,7.36,0.05265468818588919,0.02496544505609816
intermediate,7.38,0.05223513114619603,0.023841815920952174
intermediate,7.4,0.05181891717272581,0.02272504764389759
intermediate,7.42,0.051406019627642255,0.021615545361910998
intermediate,7.44,0.050996412085361445,0.020513704436894906
intermediate,7.46,0.05059006833086096,0.019419910428853736
intermediate,7.48,0.05018696235800171,0.018334539074006333
intermediate,7.5,0.04978706836786395,0.01725795626776868
intermediate,7.5200000000000005,0.049390360767095694,0.016190518052535352
intermediate,7.54,0.0489968141662752,0.015132570610191116
intermediate,7.5600000000000005,0.04860640337828559,0.014084450259279157
intermediate,7.58,0.04821910341670324,0.013046483456755159
intermediate,7.6000000000000005,0.04783488949419835,0.012018986804251834
intermediate,7.62,0.0474537370209488,0.011002267058781203
intermediate,7.640000000000001,0.04707562160306613,0.009996621147797534
intermediate,7.66,0.04670051904103461,0.00900233618854645
intermediate,7.68,0.04632840532816217,0.008019689511621714
intermediate,7.7,0.045959256649044204,0.007048948688653306
intermediate,7.72,0.04559304937803923,0.006090371564047911
intermediate,7.74,0.04522976007775692,0.005144206290702565
intermediate,7.76,0.044869365497558024,0.004210691369612919
intermediate,7.78,0.04451184257206644,0.003290055693294873
intermediate,7.8,0.04415716841969286,0.0023825185929402842
intermediate,7.82,0.04380532034117049,0.0014882898892245615
intermediate,7.84,0.04345627581810221,0.0006075699466860141
intermediate,7.86,0.043110012511519386,-0.0002594502684059953
intermediate,7.88,0.04276650826045222,-0.0011125891267748775
intermediate,7.9,0.042425741080511385,-0.0019516742715361488
intermediate,7.92,0.04208768916248105,-0.0027765425503535543
intermediate,7.94,0.04175233087092308,-0.0035870399444358934
intermediate,7.96,0.04141964474279235,-0.004383021494456185
intermediate,7.98,0.04108960948606308,-0.005164351223477299
intermediate,8.0,0.04076220397836621,-0.005930902056965885
intermediate,8.02,0.04043740726563748,-0.006682555739978738
intermediate,8.040000000000001,0.0401151985607764,-0.007419202751603756
intermediate,8.06,0.039795557242315927,-0.008140742216738602
intermediate,8.08,0.03947846285310252,-0.008847081815290704
intermediate,8.1,0.039163895098987066,-0.009538137688880103
intermediate,8.120000000000001,0.038851833847525885,-0.010213834345128653
intermediate,8.14,0.03854225912669246,-0.010874104559617322
intermediate,8.16,0.03823515112359889,-0.01151888927559457
intermediate,8.18,0.03793049018322821,-0.012148137501516613
intermediate,8.2,0.037628256807176214,-0.012761806206501875
intermediate,8.22,0.03732843165240367,-0.013359860213780692
intermediate,8.24,0.037030995529998355,-0.013942272092220806
intermediate,8.26,0.0367359294039469,-0.014509022046009942
intermediate,8.28,0.03644321438991654,-0.015060097802574423
intermediate,8.3,0.03615283175404641,-0.015595494498814217
intermediate,8.32,0.03586476291174875,-0.016115214565733012
intermediate,8.34,0.035578989426519304,-0.016619267611542574
intermediate,8.36,0.03529549300875749,-0.017107670303318428
intermediate,8.38,0.03501425551459578,-0.017580446247285206
intermediate,8.4,0.03473525894473855,-0.018037625867807845
intermediate,8.42,0.03445848544331012,-0.018479246285165705
intermediate,8.44,0.034183917296711934,-0.01890535119218416
intermediate,8.46,0.03391153693248884,-0.019315990729799393
intermediate,8.48,0.03364132691820461,-0.019711221361630102
intermediate,8.5,0.033373269960326066,-0.020091105747630164
intermediate,8.52,0.03310734890311644,-0.0204557126168943
intermediate,8.540000000000001,0.03284354672753725,-0.02080511663968928
intermediate,8.56,0.03258184655015925,-0.021139398298781517
intermediate,8.58,0.032322231622081754,-0.02145864376013194
intermediate,8.6,0.03206468532786077,-0.02176294474302697
intermediate,8.620000000000001,0.03180919118444551,-0.022052398389714956
intermediate,8.64,0.031555732840123626,-0.022327107134615564
intermediate,8.66,0.03130429407347456,-0.022587178573169445
intermediate,8.68,0.03105485879233143,-0.022832725330393804
intermediate,8.700000000000001,0.030807411032751062,-0.02306386492920941
intermediate,8.72,0.030561934957992424,-0.02328071965860307
intermediate,8.74,0.030318414857502925,-0.023483416441689105
intermediate,8.76,0.030076835145913035,-0.023672086703731846
intermediate,8.78,0.02983718036203871,-0.02384686624019066
intermediate,8.8,0.029599435167891985,-0.024007895084848088
intermediate,8.82,0.029363584347699322,-0.024155317378080025
intermediate,8.84,0.02912961280692771,-0.02428928123532683
intermediate,8.86,0.028897505571318666,-0.024409938615822288
intermediate,8.88,0.028667247785929866,-0.02451744519163704
intermediate,8.9,0.028438824714184494,-0.024611960217091573
intermediate,8.92,0.028212221736927976,-0.024693646398593238
intermediate,8.94,0.027987424351492405,-0.02476266976495018
intermediate,8.96,0.027764418170768385,-0.02481919953821463
intermediate,8.98,0.027543188922284235,-0.024863408005106235
intermediate,9.0,0.027323722447292555,-0.024895470389065893
intermediate,9.02,0.027106004699864013,-0.024915564722988393
intermediate,9.040000000000001,0.026890021745988448,-0.02492387172268219
intermediate,9.06,0.026675759762683125,-0.024920574661102656
intermediate,9.08,0.02646320503710796,-0.02490585924340467
intermediate,9.1,0.02625234396568796,-0.024879913482858822
intermediate,9.120000000000001,0.026043163053242568,-0.02484292757767486
intermediate,9.14,0.025835648912122016,-0.024795093788774508
intermediate,9.16,0.02562978826135044,-0.024736606318554965
intermediate,9.18,0.025425567925775893,-0.024667661190683022
intermediate,9.200000000000001,0.025222974835227202,-0.02458845613095898
intermediate,9.22,0.025021996023677433,-0.024499190449288
intermediate,9.24,0.02482261862841405,-0.024400064922795797
intermediate,9.26,0.024624829889215685,-0.024291281680124177
intermediate,9.28,0.02442861714753553,-0.024173044086941157
intermediate,9.3,0.024233967845691103,-0.02404555663269878
intermediate,9.32,0.024040869526060712,-0.023909024818671375
intermediate,9.34,0.023849309830285947,-0.02376365504730485
intermediate,9.36,0.02365927649848091,-0.023609654512907894
intermediate,9.38,0.023470757368447465,-0.02344723109371342
intermediate,9.4,0.023283740374897,-0.02327659324533874
intermediate,9.42,0.023098213548678054,-0.02309794989567073
intermediate,9.44,0.02291416501601043,-0.022911510341202396
intermediate,9.46,0.022731582997725194,-0.022717484144844924
intermediate,9.48,0.022550455808510905,-0.022516081035239367
intermediate,9.5,0.022370771856165587,-0.0223075108075899
intermediate,9.52,0.022192519640854984,-0.022091983226040817
intermediate,9.540000000000001,0.022015687754376432,-0.021869707927617096
intermediate,9.56,0.021840264879428885,-0.02164089432774847
intermediate,9.58,0.02166623978888844,-0.02140575152739475
intermediate,9.6,0.021493601345089923,-0.02116448822179036
intermediate,9.620000000000001,0.021322338499113958,-0.020917312610823875
intermediate,9.64,0.021152440290080007,-0.020664432311068362
intermediate,9.66,0.02098389584444466,-0.020406054269476098
intermediate,9.68,0.020816694375305884,-0.020142384678751835
intermediate,9.700000000000001,0.020650825181712542,-0.019873628894416177
intermediate,9.72,0.0204862776479797,-0.01959999135357106
intermediate,9.74,0.020323041243008974,-0.019321675495376903
intermediate,9.76,0.02016110551961476,-0.019038883683251847
intermediate,9.78,0.02000046011385546,-0.01875181712880069
intermediate,9.8,0.019841094744370277,-0.01846067581748165
intermediate,9.82,0.01968299921172119,-0.018165658436017335
intermediate,9.84,0.01952616339774014,-0.01786696230155556
intermediate,9.86,0.019370577264881467,-0.01756478329258511
intermediate,9.88,0.019216230855579587,-0.017259315781610267
intermediate,9.9,0.019063114291611626,-0.01695075256958713
intermediate,9.92,0.01891121777346523,-0.01663928482212387
intermediate,9.94,0.018760531579711363,-0.016325102007446506
intermediate,9.96,0.0186110460663822,-0.01600839183613064
intermediate,9.98,0.01846275166635388,-0.015689340202598823
intermediate,10.0,0.01831563888873418,-0.015368131128382324
intermediate,10.02,0.0181696983182551,-0.015044946707145755
intermediate,10.040000000000001,0.018024920614670314,-0.014719967051471574
intermediate,10.06,0.017881296512157415,-0.014393370241401278
intermediate,10.08,0.017738816818724773,-0.014065332274728604
intermediate,10.1,0.017597472415623393,-0.01373602701904056
intermediate,10.120000000000001,0.017457254256763213,-0.013405626165499914
intermediate,10.14,0.017318153368134255,-0.0130742991843633
intermediate,10.16,0.017180160847232114,-0.012742213282227287
intermediate,10.18,0.017043267862488373,-0.012409533360995404
intermediate,10.200000000000001,0.01690746565270526,-0.012076421978556996
intermediate,10.22,0.016772745526495048,-0.01174303931116941
intermediate,10.24,0.016639098861723624,-0.011409543117533134
intermediate,10.26,0.016506517104958845,-0.011076088704550334
intermediate,10.28,0.01637499177092302,-0.010742828894755207
intermediate,10.3,0.01624451444194987,-0.010409913995404866
intermediate,10.32,0.016115076767445814,-0.010077491769218709
intermediate,10.34,0.0159866704633555,-0.009745707406753217
intermediate,10.36,0.015859287311631637,-0.009414703500399422
intermediate,10.38,0.015732919159709032,-0.009084620019988865
intermediate,10.4,0.01560755791998283,-0.008755594289994032
intermediate,10.42,0.0154831955692909,-0.00842776096830809
intermediate,10.44,0.015359824148400343,-0.008101252026589055
intermediate,10.46,0.015237435761498115,-0.007776196732152294
intermediate,10.48,0.015116022575685681,-0.007452721631395317
intermediate,10.5,0.014995576820477703,-0.0071309505347378795
intermediate,10.52,0.014876090787304737,-0.006811004503060684
intermediate,10.540000000000001,0.014757556829019875,-0.00649300183562478
intermediate,10.56,0.014639967359409327,-0.006177058059454009
intermediate,10.58,0.014523314852706902,-0.005863285920161769
intermediate,10.6,0.014407591843112352,-0.005551795374203883
intermediate,10.620000000000001,0.014292790924313561,-0.005242693582538105
intermediate,10.64,0.014178904749012544,-0.004936084905671149
intermediate,10.66,0.014065926028455208,-0.004632070900073127
intermediate,10.68,0.013953847531964868,-0.004330750315939798
intermediate,10.700000000000001,0.013842662086479501,-0.004032219096281892
intermediate,10.72,0.013732362576092642,-0.0037365703773211576
intermediate,10.74,0.013622941941597974,-0.0034438944901718184
intermediate,10.76,0.01351439318003754,-0.0031542789637867353
intermediate,10.78,0.013406709344253554,-0.0028678085291465078
intermediate,10.8,0.013299883542443767,-0.002584565124669944
intermediate,10.82,0.0131939089377204,-0.0023046279028241697
intermediate,10.84,0.013088778747672575,-0.002028073237911924
intermediate,10.86,0.012984486243932251,-0.0017549747350142446
intermediate,10.88,0.012881024751743584,-0.0014854032400657155
intermediate,10.9,0.01277838764953576,-0.001219426851039936
intermediate,10.92,0.012676568368499208,-0.0009571109302220801
intermediate,10.94,0.012575560392165182,-0.000698518117546091
intermediate,10.96,0.012475357255988723,-0.00044370834497311774
intermediate,10.98,0.012375952546934911,-0.00019273885188831076
intermediate,11.0,0.012277339903068434,5.43357985076256e-05
intermediate,11.02,0.012179513013146433,0.0002974637018350168
intermediate,11.040000000000001,0.012082465616214554,0.0005365955942237091
intermediate,11.06,0.01198619150120627,0.0007716848330766849
intermediate,11.08,0.011890684506545356,0.0010026873769326775
intermediate,11.1,0.01179593851975156,0.0012295617644509324
intermediate,11.120000000000001,0.011701947477049383,0.0014522690925420584
intermediate,11.14,0.011608705362980011,0.0016707729936683408
intermediate,11.16,0.011516206210016314,0.0018850396123374746
intermediate,11.18,0.011424444098180933,0.0020950375808129326
intermediate,11.200000000000001,0.011333413154667387,0.002300737994064907
intermediate,11.22,0.011243107553464221,0.002502114383985168
intermediate,11.24,0.011153521514982131,0.0026991426928897094
intermediate,11.26,0.011064649305684076,0.0028918012463322886
intermediate,11.28,0.010976485237718337,0.0030800707252526057
intermediate,11.3,0.01088902366855444,0.003263934137482391
intermediate,11.32,0.010802259000622138,0.003443376788632671
intermediate,11.34,0.01071618568095305,0.0036183862523856115
intermediate,11.36,0.010630798200825355,0.0037889523402138085
intermediate,11.38,0.010546091095411146,0.003955067070550242
intermediate,11.4,0.010462058943426795,0.004116724637431709
intermediate,11.42,0.010378696366785877,0.0042739213786386464
intermediate,11.44,0.010295998030255047,0.004426655743353817
intermediate,11.46,0.01021395864111251,0.004574928259362528
intermediate,11.48,0.010132572948809385,0.004718741499816677
intermediate,11.5,0.010051835744633576,0.004858100049584971
intermediate,11.52,0.009971741861376466,0.004993010471211176
intermediate,11.540000000000001,0.009892286173002163,0.005123481270502442
intermediate,11.56,0.009813463594319513,0.005249522861769355
intermediate,11.58,0.009735269080656571,0.005371147532739328
intermediate,11.6,0.009657697627537777,0.00548836940916448
intermediate,11.620000000000001,0.00958074427036363,0.005601204419145344
intermediate,11.64,0.009504404084093029,0.005709670257191198
intermediate,11.66,0.009428672182927988,0.005813786348037863
intermediate,11.68,0.009353543720000988,0.00591357381024333
intermediate,11.700000000000001,0.009279013887064735,0.006009055419581605
intermediate,11.72,0.009205077914184507,0.006100255572254786
intermediate,11.74,0.009131731069432792,0.006187200247943228
intermediate,11.76,0.0090589686585865,0.006269916972713295
intermediate,11.78,0.008986786024826481,0.006348434781802081
intermediate,11.8,0.008915178548439545,0.0064227841822982485
intermediate,11.82,0.008844141646522767,0.006492997115737629
intermediate,11.84,0.008773670772690183,0.006559106920632403
intermediate,11.86,0.008703761416781797,0.006621148294951901
intermediate,11.88,0.008634409104574966,0.006679157258573297
intermediate,11.9,0.008565609397498052,0.006733171115719764
intermediate,11.92,0.008497357892346322,0.00678322841740374
intermediate,11.94,0.008429650221000132,0.006829368923892356
intermediate,11.96,0.008362482050145403,0.006871633567212115
intermediate,11.98,0.008295849080996294,0.006910064413709303
intermediate,12.0,0.008229747049020023,0.0069447046266825916
intermediate,12.02,0.00816417172366399,0.0069755984291038345
intermediate,12.040000000000001,0.008099118908084965,0.007002791066442806
intermediate,12.06,0.008034584438880573,0.007026328769611414
intermediate,12.08,0.007970564185822746,0.007046258718042448
intermediate,12.1,0.007907054051593441,0.007062629002917812
intermediate,12.120000000000001,0.007844049971522373,0.007075488590560706
intermediate,12.14,0.007781547913326931,0.0070848872860061205
intermediate,12.16,0.007719543876854048,0.007090875696763451
intermediate,12.18,0.007658033893824235,0.007093505196784969
intermediate,12.200000000000001,0.007597014027577561,0.0070928278906533795
intermediate,12.22,0.007536480372821778,0.007088896578001583
intermediate,12.24,0.007476429055382312,0.007081764718177198
intermediate,12.26,0.007416856231954359,0.007071486395164341
intermediate,12.280000000000001,0.007357758089856862,0.00705811628277462
intermediate,12.3,0.007299130846788576,0.0070417096101192496
intermediate,12.32,0.007240970750585927,0.007022322127373504
intermediate,12.34,0.007183274078982912,0.007000010071844814
intermediate,12.36,0.007126037139372841,0.006974830134355185
intermediate,12.38,0.007069256268572043,0.006946839425948522
intermediate,12.4,0.0070129278325854185,0.006916095444932935
intermediate,12.42,0.006957048226373835,0.006882656044267915
intermediate,12.44,0.006901613873623412,0.006846579399305926
intermediate,12.46,0.006846621226516652,0.006807923975897663
intermediate,12.48,0.006792066765505379,0.006766748498869813
intermediate,12.5,0.006737946999085467,0.006723111920883961
intermediate,12.52,0.006684258463573382,0.006677073391684911
intermediate,12.540000000000001,0.006630997722884525,0.006628692227746444
intermediate,12.56,0.006578161368313324,0.0065780278823221044
intermediate,12.58,0.0065257460183150515,0.006525139915908386
intermediate,12.6,0.006473748318289404,0.0064700879671273975
intermediate,12.620000000000001,0.006422164940365834,0.0064129317240357725
intermediate,12.64,0.006370992583190556,0.006353730895866195
intermediate,12.66,0.006320227971715243,0.006292545185207697
intermediate,12.68,0.006269867856987425,0.006229434260630621
intermediate,12.700000000000001,0.006219909015942568,0.006164457729761756
intermediate,12.72,0.006170348251197801,0.006097675112814893
intermediate,12.74,0.00612118239084727,0.006029145816581727
intermediate,12.76,0.006072408288259114,0.005958929108887815
intermediate,12.780000000000001,0.006024022821874121,0.005887084093517988
intermediate,12.8,0.0059760228950059375,0.005813669685615241
intermediate,12.82,0.00592840543564286,0.00573874458755691
intermediate,12.84,0.005881167396251224,0.005662367265311723
intermediate,12.86,0.005834305753580393,0.005584595925280973
intermediate,12.88,0.005787817508469231,0.005505488491626693
intermediate,12.9,0.005741699685654202,0.005425102584089689
intermediate,12.92,0.005695949333578887,0.005343495496299667
intermediate,12.94,0.005650563524205143,0.0052607241745798675
intermediate,12.96,0.005605539352825673,0.005176845197247898
intermediate,12.98,0.0055608739378781545,0.005091914754414581
intermediate,13.0,0.0055165644207607716,0.005005988628282028
intermediate,13.02,0.005472607965649307,0.004919122173942318
intermediate,13.040000000000001,0.00542900175931563,0.004831370300677453
intermediate,13.06,0.00538574301094766,0.0047427874537614104
intermediate,13.08,0.005342828951970723,0.004653427596764518
intermediate,13.1,0.005300256835870402,0.004563344194360551
intermediate,13.120000000000001,0.005258023938016731,0.004472590195636276
intermediate,13.14,0.005216127555489844,0.004381218017903306
intermediate,13.16,0.005174565006906946,0.004289279531011575
intermediate,13.18,0.005133333632250745,0.004196826042163907
intermediate,13.200000000000001,0.005092430792699186,0.004103908281230513
intermediate,13.22,0.005051853870456588,0.0040105763865624
intermediate,13.24,0.0050116002685860655,0.0039168798913021274
intermediate,13.26,0.004971667410843362,0.0038228677101905294
intermediate,13.280000000000001,0.0049320527415119475,0.0037285881268674186
intermediate,13.3,0.004892753725239476,0.0036340887816644174
intermediate,13.32,0.004853767846875479,0.0035394166598875566
intermediate,13.34,0.004815092611310438,0.003444618080587473
intermediate,13.36,0.004776725543316077,0.0033497386858144596
intermediate,13.38,0.004738664187386946,0.0032548234303556934
intermediate,13.4,0.004700906107583276,0.0031599165719517334
intermediate,13.42,0.004663448887375071,0.00306506166198909
intermediate,13.44,0.004626290129487451,0.0029703015366657156
intermediate,13.46,0.004589427455747229,0.002875678308625883
intermediate,13.48,0.004552858506930703,0.0027812333590609205
intermediate,13.5,0.004516580942612667,0.0026870073302719447
intermediate,13.52,0.004480592441016619,0.0025930401186908163
intermediate,13.540000000000001,0.004444890698866177,0.0024993708683551438
intermediate,13.56,0.004409473431237654,0.0024060379648332135
intermediate,13.58,0.004374338371413834,0.0023130790295944085
intermediate,13.6,0.004339483270738895,0.002220530914820742
intermediate,13.620000000000001,0.0043049058984744966,0.0021284296986548113
intermediate,13.64,0.004270604041657012,0.0020368106808794995
intermediate,13.66,0.004236575504955896,0.001945708379024455
intermediate,13.68,0.004202818110533184,0.001855156524894502
intermediate,13.700000000000001,0.0041693296979041115,0.0017651880615147772
intermediate,13.72,0.0041361081237988396,0.001675835140487461
intermediate,13.74,0.004103151262025285,0.0015871291197546824
intermediate,13.76,0.004070457003333045,0.0014991005617623124
intermediate,13.780000000000001,0.004038023255278404,0.0014117792320190235
intermediate,13.8,0.004005847942090417,0.0013251940980450823
intermediate,13.82,0.003973929004538055,0.0012393733287050634
intermediate,13.84,0.003942264399798421,0.0011543442939188414
intermediate,13.86,0.003910852101326003,0.0010701335647448776
intermediate,13.88,0.0038796900987229767,0.0009867669138298953
intermediate,13.9,0.0038487763976105395,0.0009042693162189502
intermediate,13.92,0.0038181090195012674,0.0008226649505197051
intermediate,13.94,0.0037876860016724944,0.0007419772004148837
intermediate,13.96,0.0037575053970406946,0.0006622286565165724
intermediate,13.98,0.0037275652740368695,0.0005834411185561716
intermediate,14.0,0.0036978637164829294,0.0005056355979035568
intermediate,14.02,0.0036683988234690493,0.00042883232040919216
intermediate,14.040000000000001,0.003639168709232021,0.0003530507295626613
intermediate,14.06,0.0036101715030345564,0.0002783094899612143
intermediate,14.08,0.0035814053490455604,0.00020462649108171193
intermediate,14.1,0.0035528684062213585,0.00013201885134954338
intermediate,14.120000000000001,0.0035245588481878708,6.050292249782815e-05
intermediate,14.14,0.0034964748631237177,-9.90570578963595e-06
intermediate,14.16,0.003468614653644271,-7.919220095841947e-05
intermediate,14.18,0.0034409764366866145,-0.0001473424823930396
intermediate,14.200000000000001,0.003413558443395427,-0.00021434321596285158
intermediate,14.22,0.003386358919009782,-0.0002801818083108755
intermediate,14.24,0.0033593761227508332,-0.00034484640089236466
intermediate,14.26,0.003332608327710409,-0.00040832586376971034
intermediate,14.280000000000001,0.0033060538207404914,-0.00047060978917050415
intermediate,14.3,0.00327971090234357,-0.0005316884848154104
intermediate,14.32,0.003253577886563876,-0.0005915529670226665
intermediate,14.34,0.0032276531008794784,-0.000650194953595816
intermediate,14.36,0.0032019348860952484,-0.0007076068565014744
intermediate,14.38,0.003176421596236652,-0.0007637817743437986
intermediate,14.4,0.0031511115984444384,-0.0008187134846423362
intermediate,14.42,0.0031260032728701076,-0.0008723964359199909
intermediate,14.44,0.0031010950125722535,-0.0009248257396076707
intermediate,14.46,0.0030763852234137086,-0.0009759971617723285
intermediate,14.48,0.00305187232395954,-0.0010259071146749555
intermediate,14.5,0.0030275547453758123,-0.0010745526481651746
intermediate,14.52,0.0030034309313291996,-0.0011219314409189084
intermediate,14.540000000000001,0.0029794993378873596,-0.0011680417915257068
intermediate,14.56,0.0029557584334201515,-0.0012128826094321898
intermediate,14.58,0.0029322066985015835,-0.0012564534057480968
intermediate,14.6,0.002908842625812584,-0.0012987542839213012
intermediate,14.620000000000001,0.002885664720044519,-0.0013397859302882009
intermediate,14.64,0.0028626714978035143,-0.0013795496045057962
intermediate,14.66,0.0028398614875154967,-0.0014180471298717637
intermediate,14.68,0.002817233229332024,-0.0014552808835387105
intermediate,14.700000000000001,0.0027947852750368415,-0.001491253786628836
intermediate,14.72,0.0027725161879532186,-0.0015259692942551065
intermediate,14.74,0.002750424542851979,-0.0015594313854550529
intermediate,14.76,0.0027285089258602987,-0.0015916445530431613
intermediate,14.780000000000001,0.002706767934371201,-0.00162261379338786
intermediate,14.8,0.0026852001769538184,-0.0016523445961189875
intermediate,14.82,0.00266380427326431,-0.0016808429337716022
intermediate,14.84,0.002642578853957541,-0.0017081152513718767
intermediate,14.86,0.0026215225605994243,-0.0017341684559708127
intermediate,14.88,0.0026006340455799986,-0.001759009906131435
intermediate,14.9,0.0025799119720271773,-0.0017826474013749993
intermediate,14.92,0.0025593550137211806,-0.0018050891715917766
intermediate,14.94,0.0025389618550096544,-0.0018263438664217935
intermediate,14.96,0.00251873119072348,-0.0018464205446109506
intermediate,14.98,0.0024986617260932442,-0.0018653286633477542
intermediate,15.0,0.0024787521766663585,-0.0018830780675859263
intermediate,15.02,0.0024590012682248596,-0.0018996789793579874
intermediate,15.040000000000001,0.0024394077367038657,-0.0019151419870849196
intermediate,15.06,0.0024199703281106762,-0.0019294780348868446
intermediate,15.08,0.002400687798444506,-0.0019426984118996666
intermediate,15.1,0.0023815589136168707,-0.001954814741602461
intermediate,15.120000000000001,0.0023625824493726123,-0.001965838971160395
intermediate,15.14,0.002343757191211546,-0.0019757833607877903
intermediate,15.16,0.002325081934310722,-0.00198466047313595
intermediate,15.18,0.0023065554834473226,-0.001992483162710203
intermediate,15.200000000000001,0.002288176652922167,-0.0019992645653206078
intermediate,15.22,0.002269944266483834,-0.0020050180875706056
intermediate,15.24,0.002251857157253367,-0.002009757396387883
intermediate,15.26,0.0022339141676495974,-0.0020134964086015723
intermediate,15.280000000000001,0.0022161141493150668,-0.002016249280569881
intermediate,15.3,0.002198455963042529,-0.0020180303978620854
intermediate,15.32,0.0021809384787020362,-0.0020188543649988103
intermediate,15.34,0.002163560575168607,-0.002018735995254361
intermediate,15.36,0.0021463211402504854,-0.0020176903005248545
intermediate,15.38,0.00212921907061795,-0.002015732481265727
intermediate,15.4,0.002112253271732714,-0.00201287791650218
intermediate,15.42,0.0020954226577778504,-0.002009142153915979
intermediate,15.44,0.002078726151588324,-0.002004540900011997
intermediate,15.46,0.002062162684582037,-0.0019990900103677065
intermediate,15.48,0.0020457311966914533,-0.0019928054799688458
intermediate,15.5,0.002029430636295734,-0.0019857034336342927
intermediate,15.52,0.0020132599601534514,-0.001977800116533186
intermediate,15.540000000000001,0.0019972181333358105,-0.0019691118847971487
intermediate,15.56,0.0019813041291604264,-0.0019596551962304623
intermediate,15.58,0.0019655169291255925,-0.0019494466011208708
intermediate,15.6,0.0019498555228451206,-0.0019385027331537082
intermediate,15.620000000000001,0.0019343189079836613,-0.0019268403004318272
intermediate,15.64,0.0019189060901925654,-0.0019144760766038292
intermediate,15.66,0.0019036160830462282,-0.0019014268921029246
intermediate,15.68,0.0018884479079789745,-0.0018877096254987424
intermediate,15.700000000000001,0.0018734005942224216,-0.0018733411949642341
intermediate,15.72,0.001858473178743358,-0.001858338549859806
intermediate,15.74,0.001843664706182092,-0.0018427186624366551
intermediate,15.76,0.0018289742287913276,-0.0018264985196612923
intermediate,15.780000000000001,0.0018144008063754953,-0.0018096951151630293
intermediate,15.8,0.0017999435062305911,-0.0017923254413062387
intermediate,15.82,0.0017856014030844661,-0.001774406481388999
intermediate,15.84,0.001771373579037625,-0.0017559552019697775
intermediate,15.860000000000001,0.001757259123504471,-0.0017369885453235863
intermediate,15.88,0.0017432571331550365,-0.001717523422029079
intermediate,15.9,0.0017293667118571557,-0.0016975767036878711
intermediate,15.92,0.0017155869706191255,-0.0016771652157773957
intermediate,15.94,0.0017019170275328034,-0.001656305730638415
intermediate,15.96,0.001688356007717165,-0.001635014960598302
intermediate,15.98,0.0016749030432623147,-0.0016133095512311018
intermediate,16.0,0.001661557273173934,-0.0015912060747552896
slow,0.0,1.0,1.0
slow,0.02,0.9980019986673331,0.9978024049208576
slow,0.04,0.9960079893439915,0.9952112891877024
slow,0.06,0.9940179640539353,0.9922292684239306
slow,0.08,0.9920319148370607,0.9888591054162369
slow,0.1,0.9900498337491681,0.9851037084132392
slow,0.12,0.9880717128619305,0.9809661293722463
slow,0.14,0.9860975442628618,0.9764495621550848
slow,0.16,0.9841273200552851,0.9715573406739153
slow,0.18,0.9821610323583008,0.9662929369879842
slow,0.2,0.9801986733067553,0.9606599593522768
slow,0.22,0.97824023505121,0.9546621502190479
slow,0.24,0.9762857097579092,0.9483033841932239
slow,0.26,0.9743350896087494,0.9415876659426883
slow,0.28,0.9723883668012467,0.9345191280644669
slow,0.3,0.970445533548508,0.9271020289078572
slow,0.32,0.9685065820791976,0.919340750355543
slow,0.34,0.9665715046375066,0.9112397955637629
slow,0.36,0.9646402934831231,0.9028037866626057
slow,0.38,0.9627129408911995,0.8940374624175162
slow,0.4,0.9607894391523232,0.8849456758531132
slow,0.42,0.9588697805724845,0.8755333918404254
slow,0.44,0.9569539574730466,0.865805684648665
slow,0.46,0.9550419621907145,0.8557677354626679
slow,0.48,0.9531337870775046,0.845424829867138
slow,0.5,0.951229424500714,0.8347823552988415
slow,0.52,0.9493288668428895,0.8238457984679093
slow,0.54,0.9474321065017983,0.8126207427494077
slow,0.56,0.9455391358903963,0.8011128655463472
slow,0.58,0.9436499474367985,0.7893279356253113
slow,0.6,0.9417645335842487,0.7772718104258823
slow,0.62,0.9398828867910889,0.7649504333450585
slow,0.64,0.9380049995307295,0.7523698309978559
slow,0.66,0.9361308642916188,0.739536110455293
slow,0.68,0.9342604735772135,0.7264554564609634
slow,0.7000000000000001,0.9323938199059483,0.7131341286274048
slow,0.72,0.9305308958112057,0.6995784586134738
slow,0.74,0.9286716938412872,0.6857948472839406
slow,0.76,0.9268162065593822,0.6717897618525214
slow,0.78,0.9249644265435394,0.6575697330095647
slow,0.8,0.9231163463866358,0.6431413520356111
slow,0.8200000000000001,0.9212719586963486,0.6285112679020474
slow,0.84,0.9194312560951247,0.6136861843600754
slow,0.86,0.9175942312201509,0.5986728570192149
slow,0.88,0.9157608767233256,0.5834780904165618
slow,0.9,0.9139311852712282,0.5681087350780188
slow,0.92,0.9121051495450903,0.5525716845727157
slow,0.9400000000000001,0.9102827622407668,0.5368738725618346
slow,0.96,0.9084640160687062,0.5210222698430524
slow,0.98,0.9066489037539209,0.5050238813918081
slow,1.0,0.9048374180359595,0.48888574340060287
slow,1.02,0.9030295516688768,0.47261492031753227
slow,1.04,0.9012252974212047,0.4562185018852495
slow,1.06,0.899424648075924,0.43970360018154925
slow,1.08,0.8976275964304349,0.4230773466627629
slow,1.1,0.8958341352965283,0.4063468892111411
slow,1.12,0.8940442575003573,0.38951938918740237
slow,1.1400000000000001,0.8922579558824082,0.3726020184896127
slow,1.16,0.8904752232974726,0.3556019566195588
slow,1.18,0.8886960526146174,0.33852638775776434
slow,1.2,0.8869204367171575,0.3213824978482999
slow,1.22,0.8851483685026272,0.30417747169451675
slow,1.24,0.8833798408827509,0.28691849006683484
slow,1.26,0.8816148467834161,0.2696127268237035
slow,1.28,0.8798533791446437,0.252267346046841
slow,1.3,0.8780954309205613,0.2348894991918524
slow,1.32,0.8763409950793732,0.21748632225531334
slow,1.34,0.874590064603334,0.20006493295939454
slow,1.36,0.8728426324887193,0.182632427955094
slow,1.3800000000000001,0.8710986917457983,0.16519588004512906
slow,1.4000000000000001,0.869358235398806,0.14776233542753003
slow,1.42,0.867621256485914,0.13033881096096375
slow,1.44,0.865887748059205,0.1129322914528025
slow,1.46,0.8641577031846429,0.09554972697094301
slow,1.48,0.8624311149420455,0.07819803018036105
slow,1.5,0.8607079764250577,0.06088407370537979
slow,1.52,0.8589882807411234,0.04361468751861126
slow,1.54,0.8572720210114574,0.026396656357517326
slow,1.56,0.8555591903710185,0.009236717169521992
slow,1.58,0.8538497819684817,-0.007858443413409485
slow,1.6,0.8521437889662113,-0.024882191569823638
slow,1.62,0.850441204540233,-0.041827948752579516
slow,1.6400000000000001,0.8487420218802068,-0.058689194120528386
slow,1.6600000000000001,0.8470462341893996,-0.07545946693722032
slow,1.68,0.8453538346846587,-0.09213236893580187
slow,1.7,0.8436648165963836,-0.1087015666492876
slow,1.72,0.8419791731684999,-0.12516079370540126
slow,1.74,0.8402968976584314,-0.1415038530852066
slow,1.76,0.8386179833370739,-0.15772461934475887
slow,1.78,0.836942423488768,-0.17381704079903024
slow,1.8,0.8352702114112721,-0.18977514166737872
slow,1.82,0.8336013404157352,-0.20559302417984918
slow,1.84,0.8319358038266716,-0.22126487064361403
slow,1.86,0.8302735949819326,-0.23678494546887885
slow,1.8800000000000001,0.8286147072326807,-0.2521475971535985
slow,1.9000000000000001,0.8269591339433623,-0.2673472602263676
slow,1.92,0.8253068684916822,-0.2823784571468693
slow,1.94,0.8236579042685768,-0.29723580016328593
slow,1.96,0.8220122346781866,-0.31191399312609247
slow,1.98,0.8203698531378311,-0.326407833257679
slow,2.0,0.8187307530779817,-0.3407122128772617
slow,2.02,0.8170949279422365,-0.3548221210805681
slow,2.04,0.8154623711872926,-0.3687326453737978
slow,2.06,0.8138330762829207,-0.3824389732613833
slow,2.08,0.8122070367119388,-0.3959363937870962
slow,2.1,0.8105842459701871,-0.40922029902806173
slow,2.12,0.8089646975664998,-0.4222861855412683
slow,2.14,0.8073483850226815,-0.43512965576217927
slow,2.16,0.8057353018734796,-0.4477464193550723
slow,2.18,0.8041254416665596,-0.4601322945147567
slow,2.2,0.8025187979624785,-0.47228320921933575
slow,2.22,0.8009153643346592,-0.48419520243370734
slow,2.24,0.7993151343693651,-0.4958644252635111
slow,2.2600000000000002,0.7977181016656743,-0.5072871420592566
slow,2.2800000000000002,0.7961242598354537,-0.5184597314703862
slow,2.3000000000000003,0.794533602503334,-0.5293786874490469
slow,2.32,0.7929461233066836,-0.5400406202033665
slow,2.34,0.7913618158955839,-0.5504422571000549
slow,2.36,0.7897806739328027,-0.5605804435161623
slow,2.38,0.7882026910937704,-0.5704521436398613
slow,2.4,0.7866278610665535,-0.5800544412201285
slow,2.42,0.7850561775518295,-0.5893845402652286
slow,2.44,0.7834876342628626,-0.5984397656899255
slow,2.46,0.7819222249254772,-0.6072175639113612
slow,2.48,0.7803599432780344,-0.6157155033935695
slow,2.5,0.7788007830714049,-0.6239312751406085
slow,2.52,0.7772447380689461,-0.6318626931383201
slow,2.54,0.775691802046476,-0.6395076947447412
slow,2.56,0.7741419687922484,-0.6468643410292152
slow,2.58,0.772595232106928,-0.6539308170602725
slow,2.6,0.7710515858035663,-0.6607054321423678
slow,2.62,0.7695110237075758,-0.6671866200015826
slow,2.64,0.7679735396567062,-0.6733729389204222
slow,2.66,0.7664391275010192,-0.6792630718218559
slow,2.68,0.764907781102864,-0.6848558263027699
slow,2.7,0.7633794943368531,-0.6901501346170199
slow,2.72,0.7618542610898376,-0.6951450536082924
slow,2.74,0.760332075260882,-0.699839764593002
slow,2.7600000000000002,0.7588129307612413,-0.704233573193472
slow,2.7800000000000002,0.7572968215143355,-0.708325909121662
slow,2.8000000000000003,0.7557837414557256,-0.7121163259137298
slow,2.82,0.754273684533089,-0.7156045006157278
slow,2.84,0.7527666447061963,-0.7187902334207606
slow,2.86,0.7512626159468859,-0.7216734472579367
slow,2.88,0.7497615922390413,-0.7242541873334798
slow,2.9,0.7482635675785654,-0.7265326206243704
slow,2.92,0.7467685359733571,-0.7285090353249136
slow,2.94,0.7452764914432886,-0.7301838402466455
slow,2.96,0.7437874280201796,-0.7315575641720024
slow,2.98,0.7423013397477743,-0.7326308551622012
slow,3.0,0.7408182206817179,-0.7334044798197936
slow,3.02,0.7393380648895318,-0.7338793225063681
slow,3.04,0.7378608664505911,-0.7340563845158989
slow,3.06,0.7363866194561,-0.7339367832042489
slow,3.08,0.7349153180090686,-0.733521751075355
slow,3.1,0.7334469562242892,-0.7328126348246347
slow,3.12,0.7319815282283125,-0.7318108943401731
slow,3.14,0.7305190281594247,-0.7305181016622595
slow,3.16,0.7290594501676237,-0.7289359399018602
slow,3.18,0.7276027884145955,-0.727066202118627
slow,3.2,0.7261490370736908,-0.724910790159056
slow,3.22,0.7246981903299027,-0.7224717134554247
slow,3.24,0.7232502423798424,-0.7197510877861456
slow,3.2600000000000002,0.7218051874317156,-0.7167511339981925
slow,3.2800000000000002,0.7203630197053013,-0.7134741766922671
slow,3.3000000000000003,0.7189237334319262,-0.7099226428713805
slow,3.3200000000000003,0.7174873228544433,-0.7060990605535444
slow,3.34,0.7160537822272085,-0.7020060573492735
slow,3.36,0.7146231058160574,-0.6976463590046119
slow,3.38,0.7131952878982823,-0.6930227879104108
slow,3.4,0.7117703227626098,-0.6881382615785907
slow,3.42,0.7103482047091771,-0.6829957910861361
slow,3.44,0.7089289280495107,-0.6775984794875787
slow,3.46,0.7075124871065018,-0.6719495201967336
slow,3.48,0.7060988762143844,-0.6660521953384649
slow,3.5,0.7046880897187134,-0.6599098740712659
slow,3.52,0.703280121976341,-0.6535260108814428
slow,3.54,0.701874967355394,-0.6469041438497081
slow,3.56,0.7004726202352524,-0.6400478928909888
slow,3.58,0.6990730750065256,-0.6329609579682683
slow,3.6,0.697676326071031,-0.6256471172812837
slow,3.62,0.6962823678417709,-0.6181102254309117
slow,3.64,0.6948911947429106,-0.6103542115600785
slow,3.66,0.6935028012097557,-0.6023830774720367
slow,3.68,0.6921171816887304,-0.59420089572686
slow,3.7,0.6907343306373547,-0.585811807717008
slow,3.72,0.6893542425242224,-0.5772200217228226
slow,3.74,0.6879769118289794,-0.5684298109488178
slow,3.7600000000000002,0.686602333042301,-0.5594455115416342
slow,3.7800000000000002,0.6852305006658702,-0.5502715205905266
slow,3.8000000000000003,0.6838614092123558,-0.5409122941112655
slow,3.8200000000000003,0.6824950532053901,-0.5313723450143267
slow,3.84,0.6811314271795471,-0.5216562410582545
slow,3.86,0.679770525680321,-0.5117686027890803
slow,3.88,0.6784123432641042,-0.5017141014666864
slow,3.9,0.6770568744981647,-0.4914974569789978
slow,3.92,0.675704113960626,-0.4811234357448979
slow,3.94,0.6743540562404442,-0.470596848606753
slow,3.96,0.6730066959373864,-0.45992254871344085
slow,3.98,0.6716620276620098,-0.4491054293947724
slow,4.0,0.6703200460356393,-0.4381504220281983
slow,4.0200000000000005,0.6689807456903467,-0.42706249389869244
slow,4.04,0.6676441212689289,-0.41584664605270216
slow,4.0600000000000005,0.6663101674248862,-0.4045079111470499
slow,4.08,0.6649788788224019,-0.39305135129368407
slow,4.1,0.6636502501363194,-0.38148205590115036
slow,4.12,0.6623242760521222,-0.36980513951368005
slow,4.14,0.6610009512659125,-0.35802573964877016
slow,4.16,0.6596802704843889,-0.34614901463412795
slow,4.18,0.6583622284248273,-0.3341801414448696
slow,4.2,0.6570468198150567,-0.32212431354182425
slow,4.22,0.6557340393934418,-0.3099867387118305
slow,4.24,0.6544238819088586,-0.2977726369108696
slow,4.26,0.6531163421206756,-0.28548723811091087
slow,4.28,0.651811414798732,-0.27313578015130663
slow,4.3,0.6505090947233165,-0.2607235065955996
slow,4.32,0.6492093766851473,-0.2482556645945707
slow,4.34,0.6479122554853506,-0.23573750275637945
slow,4.36,0.6466177259354396,-0.2231742690246101
slow,4.38,0.6453257828572946,-0.21057120856506623
slow,4.4,0.6440364210831413,-0.1979335616621116
slow,4.42,0.6427496354555312,-0.1852665616253863
slow,4.44,0.6414654208273197,-0.1725754327076821
slow,4.46,0.6401837720616471,-0.15986538803479053
slow,4.48,0.6389046840319161,-0.14714162754809182
slow,4.5,0.6376281516217733,-0.1344093359606821
slow,4.5200000000000005,0.636354169725087,-0.12167368072779025
slow,4.54,0.6350827332459281,-0.10893981003226395
slow,4.5600000000000005,0.633813837098549,-0.09621285078585898
slow,4.58,0.6325474762073634,-0.08349790664709235
slow,4.6000000000000005,0.631283645506926,-0.07080005605637459
slow,4.62,0.6300223399419123,-0.05812435028916198
slow,4.64,0.6287635544670984,-0.045475811527824796
slow,4.66,0.6275072840473408,-0.03285943095294784
slow,4.68,0.6262535236575559,-0.020280166854749922
slow,4.7,0.6250022682827007,-0.007742942765297619
slow,4.72,0.6237535129177523,0.00474735438780254
slow,4.74,0.6225072525676867,0.017185876105592152
slow,4.76,0.6212634822474618,0.02956781411916438
slow,4.78,0.6200221969819939,0.041888402167664956
slow,4.8,0.6187833918061408,0.05414291775224999
slow,4.82,0.61754706176468,0.06632668386540652
slow,4.84,0.6163132019122897,0.07843507069502
slow,4.86,0.6150818073135288,0.09046349730261927
slow,4.88,0.6138528730428171,0.10240743327520882
slow,4.9,0.612626394184416,0.11426240035014432
slow,4.92,0.6114023658324087,0.12602397401248747
slow,4.94,0.6101807830906798,0.13768778506432236
slow,4.96,0.6089616410728967,0.1492495211654964
slow,4.98,0.6077449349024902,0.1607049283452946
slow,5.0,0.6065306597126334,0.172049812484538
slow,5.0200000000000005,0.6053188106462242,0.1832800407676426
slow,5.04,0.6041093828558647,0.19439154310415724
slow,5.0600000000000005,0.6029023715038421,0.2053803135193453
slow,5.08,0.6016977717621094,0.2162424115133569
slow,5.1000000000000005,0.6004955788122659,0.22697396338858528
slow,5.12,0.5992957878455384,0.23757116354478305
slow,5.14,0.5980983940627613,0.24803027574156022
slow,5.16,0.596903392674358,0.258347634327873
slow,5.18,0.5957107789003211,0.26851964543814427
slow,5.2,0.5945205479701944,0.27854278815467165
slow,5.22,0.593332695123052,0.2884136156359765
slow,5.24,0.5921472156074814,0.2981287562107911
slow,5.26,0.5909641046815625,0.30768491443736257
slow,5.28,0.5897833576128504,0.31707887212780267
slow,5.3,0.5886049696783552,0.3263074893371932
slow,5.32,0.5874289361645234,0.335367705317204
slow,5.34,0.5862552523672196,0.3442565394339671
slow,5.36,0.585083913591707,0.35297109204999266
slow,5.38,0.5839149151526287,0.36150854536990157
slow,5.4,0.5827482523739896,0.3698661642497918
slow,5.42,0.5815839205891371,0.3780412969700431
slow,5.44,0.5804219151407424,0.3860313759714089
slow,5.46,0.579262231380782,0.3938339185542314
slow,5.48,0.5781048646705196,0.40144652754065735
slow,5.5,0.5769498103804866,0.40886689189972475
slow,5.5200000000000005,0.5757970638904645,0.4160927873352262
slow,5.54,0.5746466205894657,0.42312207683625097
slow,5.5600000000000005,0.5734984758757153,0.42995271119034284
slow,5.58,0.5723526251566332,0.4365827294592054
slow,5.6000000000000005,0.5712090638488149,0.4430102594169237
slow,5.62,0.5700677873780134,0.4492335179506635
slow,5.64,0.5689287911791218,0.4552508114238484
slow,5.66,0.5677920706961532,0.4610605360018075
slow,5.68,0.5666576213822246,0.4666611779399182
slow,5.7,0.5655254386995371,0.4720513138342781
slow,5.72,0.5643955181193584,0.47722961083494964
slow,5.74,0.5632678551220046,0.48219482682184667
slow,5.76,0.5621424451968224,0.4869458105433362
slow,5.78,0.5610192838421705,0.49148150171765276
slow,5.8,0.559898366565402,0.49580093109722834
slow,5.82,0.5587796888828462,0.4999032204960649
slow,5.84,0.5576632463197913,0.5037875827802814
slow,5.86,0.5565490344104648,0.507453321821989
slow,5.88,0.5554370486980182,0.5108998324166594
slow,5.9,0.554327284734507,0.5141266001641629
slow,5.92,0.5532197380808739,0.5171332013136727
slow,5.94,0.5521144043069306,0.5199193025726391
slow,5.96,0.5510112789913407,0.5224846608800557
slow,5.98,0.5499103577216015,0.5248291231442521
slow,6.0,0.5488116360940264,0.5269526259454577
slow,6.0200000000000005,0.5477151097137274,0.528855195203401
slow,6.04,0.5466207741945975,0.5305369458102143
slow,6.0600000000000005,0.5455286251592933,0.5319980812289336
slow,6.08,0.544438658239217,0.5332388930578894
slow,6.1000000000000005,0.5433508690744997,0.5342597605613046
slow,6.12,0.5422652533139831,0.5350611501664183
slow,6.140000000000001,0.5411818066152028,0.5356436149274774
slow,6.16,0.5401005246443705,0.5360077939569394
slow,6.18,0.539021403076357,0.5361544118242515
slow,6.2,0.5379444375946745,0.5360842779225723
slow,6.22,0.5368696238914595,0.5357982858038248
slow,6.24,0.5357969576674559,0.535297412482472
slow,6.26,0.5347264346319975,0.5345827177084209
slow,6.28,0.5336580505029905,0.5336553432094723
slow,6.3,0.5325918010068972,0.5325165119037434
slow,6.32,0.5315276818787178,0.5311675270824989
slow,6.34,0.5304656888619749,0.5296097715638413
slow,6.36,0.5294058177086945,0.5278447068177137
slow,6.38,0.528348064179391,0.5258738720626872
slow,6.4,0.5272924240430485,0.5236988833350056
slow,6.42,0.5262388930771054,0.521321432530376
slow,6.44,0.525187467067436,0.5187432864189988
slow,6.46,0.5241381418083354,0.5159662856343435
slow,6.48,0.5230909131025008,0.5129923436361788
slow,6.5,0.522045776761016,0.5098234456483824
slow,6.5200000000000005,0.5210027286033343,0.5064616475720556
slow,6.54,0.5199617644572618,0.5029090748744829
slow,6.5600000000000005,0.5189228801589403,0.49916792145447664
slow,6.58,0.5178860715528314,0.4952404484846647
slow,6.6000000000000005,0.5168513344916992,0.49112898323127213
slow,6.62,0.5158186648365941,0.4868359178519704
slow,6.640000000000001,0.5147880584568361,0.48236370817235974
slow,6.66,0.5137595112299983,0.47771487244166905
slow,6.68,0.5127330190418905,0.4728919900682523
slow,6.7,0.5117085777865424,0.4678977003354765
slow,6.72,0.5106861833661879,0.4627347010985958
slow,6.74,0.5096658316912476,0.4574057474632105
slow,6.76,0.5086475186803137,0.45191365044592274
slow,6.78,0.5076312402601327,0.446261275617793
slow,6.8,0.5066169923655895,0.44045154173122014
slow,6.82,0.5056047709396915,0.43448741933085894
slow,6.84,0.5045945719335512,0.4283719293492027
slow,6.86,0.5035863913063714,0.4221081416874555
slow,6.88,0.5025802250254283,0.41569917378232885
slow,6.9,0.5015760690660555,0.409148189159391
slow,6.92,0.5005739194116277,0.402458395973613
slow,6.94,0.4995737720535449,0.3956330455377432
slow,6.96,0.4985756229912165,0.38867543083916073
slow,6.98,0.4975794682320448,0.3815888850458423
slow,7.0,0.4965853037914094,0.37437678000209834
slow,7.0200000000000005,0.4955931256926514,0.367042524714716
slow,7.04,0.4946029299670569,0.35958956383016627
slow,7.0600000000000005,0.4936147126538417,0.3520213761035173
slow,7.08,0.4926284698001354,0.3443414728597121
slow,7.1000000000000005,0.49164419746096505,0.33655339644785226
slow,7.12,0.49066189169924007,0.3286607186891494
slow,7.140000000000001,0.48968154858573615,0.32066703931918455
slow,7.16,0.48870316419907944,0.3125759844251365
slow,7.18,0.4877267346257312,0.3043912048786198
slow,7.2,0.4867522559599716,0.2961163747647892
slow,7.22,0.48577972430388505,0.28775518980835646
slow,7.24,0.4848091357673432,0.2793113657971619
slow,7.26,0.483840486467991,0.2707886370039557
slow,7.28,0.4828737725312297,0.26219075460702046
slow,7.3,0.4819089900902024,0.2535214851102894
slow,7.32,0.480946135285778,0.24478460876358552
slow,7.34,0.47998520426653607,0.23598391798363214
slow,7.36,0.47902619318875106,0.22712321577645425
slow,7.38,0.4780690982163776,0.21820631416181543
slow,7.4,0.47711391552103427,0.20923703260030305
slow,7.42,0.4761606412819894,0.2002191964236998
slow,7.44,0.4752092716861444,0.191156635269247
slow,7.46,0.47425980292801995,0.18205318151842928
slow,7.48,0.47331223120973925,0.1729126687408784
slow,7.5,0.4723665527410147,0.1637389301440171
slow,7.5200000000000005,0.47142276373913083,0.15453579702903078
slow,7.54,0.4704808604289306,0.1453070972537785
slow,7.5600000000000005,0.4695408390427992,0.1360566537032217
slow,7.58,0.46860269582065023,0.1267882827679705
slow,7.6000000000000005,0.4676664270099092,0.11750579283151537
slow,7.62,0.4667320288654998,0.10821298276673288
slow,7.640000000000001,0.46579949764982814,0.09891364044222112
slow,7.66,0.46486882963276827,0.08961154123904125
slow,7.68,0.4639400210916467,0.08031044657840875
slow,7.7,0.46301306831122807,0.07101410246089455
slow,7.72,0.46208796758369997,0.06172623801767501
slow,7.74,0.4611647152086584,0.05245056407436261
slow,7.76,0.46024330749309256,0.04319077172795635
slow,7.78,0.45932374075137034,0.03395053093742076
slow,7.8,0.45840601130522357,0.024733489128420112
slow,7.82,0.45749011548373314,0.015543269812701106
slow,7.84,0.4565760496233147,0.006383471222635081
slow,7.86,0.45566381006770346,-0.0027423350386032506
slow,7.88,0.4547533931679402,-0.011830605330725708
slow,7.9,0.45384479528235583,-0.02087782529342886
slow,7.92,0.45293801277655776,-0.029880511146422827
slow,7.94,0.45203304202341466,-0.038835210971947566
slow,7.96,0.45112987940304233,-0.04773850597931658
slow,7.98,0.4502285213027893,-0.05658701175106284
slow,8.0,0.44932896411722156,-0.06537737947024504
slow,8.02,0.4484312042481095,-0.07410629712850707
slow,8.040000000000001,0.4475352381044123,-0.08277049071447086
slow,8.06,0.44664106210226434,-0.09136672538206358
slow,8.08,0.44574867266496015,-0.09989180659839753
slow,8.1,0.4448580662229411,-0.1083425812708067
slow,8.120000000000001,0.44396923921378,-0.11671593885268078
slow,8.14,0.44308218808216776,-0.12500881242772632
slow,8.16,0.44219690927989863,-0.1332181797723166
slow,8.18,0.44131339926585617,-0.1413410643955734
slow,8.2,0.4404316545059993,-0.14937453655686242
slow,8.22,0.43955167147334756,-0.1573157142603778
slow,8.24,0.4386734466479678,-0.165161764226503
slow,8.26,0.43779697651695954,-0.17290990283965993
slow,8.28,0.4369222575744412,-0.18055739707234336
slow,8.3,0.43604928632153556,-0.18810156538507491
slow,8.32,0.4351780592663567,-0.19553977860200122
slow,8.34,0.43430857292399505,-0.20286946076189194
slow,8.36,0.4334408238165043,-0.2100880899442782
slow,8.38,0.4325748084728867,-0.21719319907050927
slow,8.4,0.4317105234290797,-0.22418237667949664
slow,8.42,0.430847965227942,-0.23105326767794343
slow,8.44,0.4299871304192398,-0.2378035740648464
slow,8.46,0.4291280155596325,-0.24443105563009115
slow,8.48,0.4282706172126596,-0.2509335306269545
slow,8.5,0.42741493194872665,-0.25730887641835737
slow,8.52,0.4265609563450914,-0.2635550300966995
slow,8.540000000000001,0.4257086869858502,-0.2696699890771424
slow,8.56,0.42485812046192456,-0.2756518116641987
slow,8.58,0.4240092533710472,-0.28149861759151684
slow,8.6,0.4231620823177488,-0.28720858853473746
slow,8.620000000000001,0.4223166039133438,-0.2927799685973328
slow,8.64,0.4214728147759176,-0.29821106476933357
slow,8.66,0.42063071153031245,-0.3035002473588749
slow,8.68,0.41979029080811425,-0.30864595039648623
slow,8.700000000000001,0.418951549247639,-0.3136466720120788
slow,8.72,0.4181144834939193,-0.31850097478458117
slow,8.74,0.417279090198691,-0.3232074860642001
slow,8.76,0.41644536602038007,-0.32776489826727484
slow,8.78,0.4156133076240884,-0.332171969143724
slow,8.8,0.4147829116815813,-0.3364275220170835
slow,8.82,0.41395417487127406,-0.34053044599714594
slow,8.84,0.4131270938782182,-0.3444796961652321
slow,8.86,0.4123016653940888,-0.3482742937321199
slow,8.88,0.4114778861171705,-0.3519133261686831
slow,8.9,0.41065575275234545,-0.3553959473092925
slow,8.92,0.4098352620110789,-0.3587213774280506
slow,8.94,0.4090164106114069,-0.36188890328793155
slow,8.96,0.40819919527792264,-0.3648978781629199
slow,8.98,0.40738361274176377,-0.3677477218332439
slow,9.0,0.4065696597405991,-0.3704379205538161
slow,9.02,0.40575733301861544,-0.3729680269959957
slow,9.040000000000001,0.40494662932650477,-0.37533766016280834
slow,9.06,0.40413754542145147,-0.37754650527775796
slow,9.08,0.40333007806711874,-0.3795943136473872
slow,9.1,0.4025242240336359,-0.3814809024977401
slow,9.120000000000001,0.40171998009758597,-0.38320615478490205
slow,9.14,0.40091734304199206,-0.38477001897979374
slow,9.16,0.40011630965630496,-0.38617250882741183
slow,9.18,0.3993168767363898,-0.3874137030807114
slow,9.200000000000001,0.39851904108451414,-0.3884937452093426
slow,9.22,0.3977227995093341,-0.38941284308345614
slow,9.24,0.39692814882588245,-0.39017126863280804
slow,9.26,0.39613508585555535,-0.3907693574813952
slow,9.28,0.39534360742609986,-0.3912075085578714
slow,9.3,0.39455371037160103,-0.3914861836819941
slow,9.32,0.39376539153247,-0.39160590712736687
slow,9.34,0.39297864775542996,-0.39156726516074575
slow,9.36,0.392193475893505,-0.391370905558192
slow,9.38,0.3914098728060065,-0.39101753709835557
slow,9.4,0.3906278353585211,-0.3905079290331877
slow,9.42,0.38984736042289797,-0.3898429105363838
slow,9.44,0.38906844487723635,-0.3890233701298696
slow,9.46,0.38829108560587294,-0.3880502550886482
slow,9.48,0.3875152794993697,-0.3869245708243362
slow,9.5,0.3867410234545012,-0.3856473802477191
slow,9.52,0.38596831437424217,-0.3842198031106713
slow,9.540000000000001,0.38519714916775516,-0.38264301532778366
slow,9.56,0.3844275247503785,-0.3809182482780584
slow,9.58,0.38365943804361335,-0.379046788087026
slow,9.6,0.3828928859751121,-0.3770299748896583
slow,9.620000000000001,0.382127865478665,-0.37486920207444596
slow,9.64,0.3813643734941895,-0.37256591550902635
slow,9.66,0.3806024069677164,-0.37012161274773964
slow,9.68,0.3798419628513787,-0.36753784222151314
slow,9.700000000000001,0.37908303810339866,-0.3648162024104651
slow,9.72,0.37832562968807676,-0.36195834099963475
slow,9.74,0.3775697345757779,-0.3589659540182407
slow,9.76,0.37681534974292086,-0.3558407849628882
slow,9.78,0.37606247217196515,-0.3525846239051354
slow,9.8,0.3753110988513995,-0.3491993065838462
slow,9.82,0.3745612267757297,-0.3456867134827541
slow,9.84,0.37381285294546657,-0.3420487688936663
slow,9.86,0.3730659743671134,-0.3382874399657472
slow,9.88,0.3723205880531552,-0.3344047357413171
slow,9.9,0.37157669102204566,-0.33040270617861034
slow,9.92,0.37083428029819565,-0.32628344116193575
slow,9.94,0.3700933529119613,-0.3220490694996939
slow,9.96,0.36935390589963196,-0.31770175791069943
slow,9.98,0.36861593630341877,-0.3132437099992668
slow,10.0,0.36787944117144233,-0.30867716521951294
slow,10.02,0.367144417557721,-0.3040043978293437
slow,10.040000000000001,0.3664108625221594,-0.2992277158345819
slow,10.06,0.3656787731305365,-0.2943494599237066
slow,10.08,0.36494814645449375,-0.2893720023936629
slow,10.1,0.3642189795715233,-0.2842977460672211
slow,10.120000000000001,0.36349126956495675,-0.2791291232023476
slow,10.14,0.36276501352395324,-0.2738685943940646
slow,10.16,0.36204020854348745,-0.26851864746926346
slow,10.18,0.36131685172433853,-0.26308179637495666
slow,10.200000000000001,0.3605949401730782,-0.25756058006043253
slow,10.22,0.35987447100205955,-0.2519575613537959
slow,10.24,0.3591554413294046,-0.24627532583336048
slow,10.26,0.3584378482789939,-0.2405164806943802
slow,10.28,0.3577216889804542,-0.23468365361158536
slow,10.3,0.35700696056914744,-0.22877949159800373
slow,10.32,0.3562936601861588,-0.22280665986054204
slow,10.34,0.3555817849782862,-0.21676784065279647
slow,10.36,0.3548713320980274,-0.21066573212557393
slow,10.38,0.35416229870357024,-0.20450304717559067
slow,10.4,0.35345468195878016,-0.19828251229282362
slow,10.42,0.3527484790331891,-0.19200686640697828
slow,10.44,0.3520436871019846,-0.18567885973355094
slow,10.46,0.35134030334599775,-0.17930125261994406
slow,10.48,0.35063832495169295,-0.1728768143921063
slow,10.5,0.34993774911115527,-0.16640832220215115
slow,10.52,0.3492385730220808,-0.15989855987742654
slow,10.540000000000001,0.34854079388776404,-0.15335031677148367
slow,10.56,0.3478444089170874,-0.1467663866174085
slow,10.58,0.3471494153245103,-0.14014956638395956
slow,10.6,0.3464558103300574,-0.13350265513497248
slow,10.620000000000001,0.34576359115930777,-0.12682845289247047
slow,10.64,0.34507275504338375,-0.12012975950392975
slow,10.66,0.34438329921894,-0.11340937351413206
slow,10.68,0.34369522092815236,-0.10667009104205125
slow,10.700000000000001,0.34300851741870664,-0.09991470466319811
slow,10.72,0.342323185943788,-0.0931460022978592
slow,10.74,0.3416392237620695,-0.08636676610564459
slow,10.76,0.34095662813770156,-0.0795797713867772
slow,10.78,0.3402753963403008,-0.07278778549053082
slow,10.8,0.3395955256449391,-0.06599356673123126
slow,10.82,0.33891701333213275,-0.059199863312230525
slow,10.84,0.3382398566878317,-0.05240941225824715
slow,10.86,0.33756405300340836,-0.04562493835648151
slow,10.88,0.33688959957564707,-0.03884915310688856
slow,10.9,0.33621649370673334,-0.03208475368200192
slow,10.92,0.3355447327042427,-0.025334421896680753
slow,10.94,0.3348743138811302,-0.018600823188167418
slow,10.96,0.33420523455571977,-0.011886605606816225
slow,10.98,0.3335374920516932,-0.005194398817864828
slow,11.0,0.33287108369807955,0.0014731868854028752
slow,11.02,0.33220600682924445,0.008113561556738067
slow,11.040000000000001,0.3315422587848797,0.014724156559915854
slow,11.06,0.33087983690999206,0.021302425519284546
slow,11.08,0.3302187385548933,0.0278458452575512
slow,11.1,0.329558961075189,0.03435191672046456
slow,11.120000000000001,0.32890050183176855,0.04081816588808419
slow,11.14,0.3282433581907937,0.04724214467231511
slow,11.16,0.3275875275236895,0.053621431800409965
slow,11.18,0.3269330072071321,0.059953633684127074
slow,11.200000000000001,0.3262797946230394,0.06623638527426054
slow,11.22,0.32562788715856034,0.07246735090024911
slow,11.24,0.32497728220606403,0.07864422509459425
slow,11.26,0.3243279771631297,0.08476473340180421
slow,11.28,0.3236799694325368,0.09082663317160809
slow,11.3,0.3230332564222529,0.09682771433618018
slow,11.32,0.3223878355454255,0.10276580017112258
slow,11.34,0.32174370422037013,0.10863874803997157
slow,11.36,0.3211008598705607,0.1144444501219833
slow,11.38,0.32045929992461875,0.12018083412298
slow,11.4,0.31981902181630384,0.1258458639690324
slow,11.42,0.31918002298450265,0.13143754048277423
slow,11.44,0.318542300873219,0.13695390204213595
slow,11.46,0.3179058529315635,0.14239302522131064
slow,11.48,0.31727067661374364,0.14775302541375784
slow,11.5,0.31663676937905316,0.15303205743707446
slow,11.52,0.31600412869186256,0.15822831611955082
slow,11.540000000000001,0.31537275202160786,0.16334003686825666
slow,11.56,0.3147426368427819,0.1683654962184963
slow,11.58,0.3141137806349229,0.17330301236449264
slow,11.6,0.3134861808826053,0.17815094567115178
slow,11.620000000000001,0.31285983507542914,0.18290769916678576
slow,11.64,0.3122347407080105,0.18757171901666422
slow,11.66,0.311610895279971,0.19214149497728783
slow,11.68,0.3109882962959281,0.19661556083126952
slow,11.700000000000001,0.310366941265485,0.20099249480273107
slow,11.72,0.30974682770322076,0.2052709199531216
slow,11.74,0.30912795312868036,0.20944950455738234
slow,11.76,0.3085103150663647,0.21352696246037642
slow,11.78,0.30789391104572056,0.2175020534135249
slow,11.8,0.3072787386011312,0.22137358339159088
slow,11.82,0.30666479527190593,0.22514040488956
slow,11.84,0.3060520786022707,0.2288014171995843
slow,11.86,0.3054405861413579,0.23235556666794854
slow,11.88,0.3048303154431968,0.23580184693204195
slow,11.9,0.304221264066704,0.23913929913731535
slow,11.92,0.30361342957567317,0.2423670121342205
slow,11.94,0.3030068095387654,0.24548412265512695
slow,11.96,0.30240140152949974,0.2484898154712294
slow,11.98,0.3017972031262434,0.2513833235294585
slow,12.0,0.301194211912202,0.25416392806942484
slow,12.02,0.30059242547541,0.25683095872042183
slow,12.040000000000001,0.2999918414087204,0.25938379357853425
slow,12.06,0.29939245730979663,0.26182185926389634
slow,12.08,0.2987942707811012,0.26414463095815927
slow,12.1,0.2981972794298874,0.2663516324222286
slow,12.120000000000001,0.2976014808681888,0.2684424359943452
slow,12.14,0.2970068727128105,0.27041666256858804
slow,12.16,0.29641345258531904,0.2722739815538875
slow,12.18,0.2958212181120332,0.27401411081364035
slow,12.200000000000001,0.29523016692401416,0.27563681658603095
slow,12.22,0.2946402966570565,0.2771419133851663
slow,12.24,0.2940516049516783,0.27852926388314264
slow,12.26,0.2934640894531121,0.2797987787731657
slow,12.280000000000001,0.2928777478112948,0.2809504166138565
slow,12.3,0.29229257768085937,0.2819841836548807
slow,12.32,0.2917085767211243,0.2829001336440454
slow,12.34,0.29112574259608515,0.2836983676160166
slow,12.36,0.2905440729744046,0.2843790336628136
slow,12.38,0.28996356552940317,0.2849423266862486
slow,12.4,0.2893842179390505,0.2853884881324807
slow,12.42,0.28880602788595566,0.2857178057088646
slow,12.44,0.2882289930573573,0.2859306130832771
slow,12.46,0.2876531111451153,0.28602728956611473
slow,12.48,0.2870783798457016,0.286008259775158
slow,12.5,0.2865047968601901,0.2858739932835065
slow,12.52,0.285932359894248,0.28562500425079457
slow,12.540000000000001,0.2853610666581266,0.2852618510379029
slow,12.56,0.2847909148666524,0.284785135805387
slow,12.58,0.2842219022392174,0.2841955040958495
slow,12.6,0.2836540264997704,0.283493644400489
slow,12.620000000000001,0.2830872853768075,0.2826802877100635
slow,12.64,0.2825216766033635,0.281756207050511
slow,12.66,0.28195719791700274,0.2807222170034766
slow,12.68,0.2813938470598095,0.27957917321199877
slow,12.700000000000001,0.2808316217783797,0.27832797187161423
slow,12.72,0.28027051982381146,0.2769695492071446
slow,12.74,0.27971053895169634,0.275504880935432
slow,12.76,0.27915167692210985,0.27393498171429725
slow,12.780000000000001,0.2785939314996032,0.2722609045779983
slow,12.8,0.2780373004531941,0.2704837403594695
slow,12.82,0.27748178155635755,0.26860461709962663
slow,12.84,0.2769273725870171,0.26662469944402956
slow,12.86,0.27637407132753633,0.2645451880271953
slow,12.88,0.2758218755647093,0.2623673188448577
slow,12.9,0.27527078308975234,0.2600923626144781
slow,12.92,0.2747207916982947,0.2577216241243073
slow,12.94,0.2741718991903702,0.25525644157131167
slow,12.96,0.27362410337040793,0.25269818588827075
slow,12.98,0.2730774020472242,0.25004826006036507
slow,13.0,0.2725317930340126,0.24730809843156573
slow,13.02,0.2719872741483365,0.2444791660011532
slow,13.040000000000001,0.2714438432121196,0.24156295771068242
slow,13.06,0.27090149805163766,0.2385609977217245
slow,13.08,0.270360236497509,0.23547483868470737
slow,13.1,0.2698200563846868,0.23230606099919257
slow,13.120000000000001,0.2692809555524499,0.2290562720659152
slow,13.14,0.26874293184439435,0.22572710553092476
slow,13.16,0.2682059831084245,0.22232022052215933
slow,13.18,0.26767010719674456,0.2188373008787966
slow,13.200000000000001,0.2671353019658503,0.21528005437371603
slow,13.22,0.2666015652765202,0.21165021192941774
slow,13.24,0.26606889499380665,0.20794952682773432
slow,13.26,0.2655372889870278,0.2041797739136863
slow,13.280000000000001,0.26500674512975886,0.2003427487938199
slow,13.3,0.26447726129982396,0.19644026702937648
slow,13.32,0.2639488353792868,0.19247416332463355
slow,13.34,0.2634214652544431,0.18844629071077248
slow,13.36,0.26289514881581166,0.18435851972561243
slow,13.38,0.262369883958126,0.18021273758956075
slow,13.4,0.261845668580326,0.17601084737812878
slow,13.42,0.2613225005855494,0.17175476719135502
slow,13.44,0.26080037788112365,0.16744642932048998
slow,13.46,0.2602792983785571,0.1630877794122833
slow,13.48,0.2597592599935311,0.15868077563122557
slow,13.5,0.2592402606458915,0.15422738782008308
slow,13.52,0.25872229825964005,0.14972959665907928
slow,13.540000000000001,0.25820537076292666,0.14518939282406132
slow,13.56,0.25768947608804055,0.14060877614399894
slow,13.58,0.2571746121714024,0.13598975475815303
slow,13.6,0.2566607769535559,0.1313343442732617
slow,13.620000000000001,0.2561479683791593,0.12664456692107787
slow,13.64,0.25563618439697783,0.12192245071660139
slow,13.66,0.2551254229598748,0.11717002861733586
slow,13.68,0.2546156820248037,0.11238933768391281
slow,13.700000000000001,0.25410695955280027,0.10758241824241008
slow,13.72,0.25359925350897383,0.10275131304870015
slow,13.74,0.25309256186249957,0.09789806645515059
slow,13.76,0.2525868825866102,0.09302472358001153
slow,13.780000000000001,0.25208221365858796,0.08813332947980758
slow,13.8,0.25157855305975646,0.08322592832506116
slow,13.82,0.25107589877547265,0.07830456257965925
slow,13.84,0.25057424879511875,0.07337127218418824
slow,13.86,0.2500736011120941,0.06842809374354454
slow,13.88,0.24957395372380728,0.06347705971913276
slow,13.9,0.24907530463166816,0.05852019762596159
slow,13.92,0.24857765184107966,0.053559529234934775
slow,13.94,0.24808099336142997,0.04859706978064677
slow,13.96,0.24758532720608453,0.04363482717497361
slow,13.98,0.24709065139237796,0.03867480122675811
slow,14.0,0.24659696394160643,0.03371898286787271
slow,14.02,0.2461042628790195,0.0287693533859553
slow,14.040000000000001,0.2456125462338122,0.0238278836640936
slow,14.06,0.24512181203911731,0.018896533427742362
slow,14.08,0.24463205833199744,0.013977250499141
slow,14.1,0.24414328315343706,0.009071970059511101
slow,14.120000000000001,0.2436554845483348,0.00418261391929322
slow,14.14,0.24316866056549563,-0.0006889102033096523
slow,14.16,0.24268280925762292,-0.0055407093952312084
slow,14.18,0.24219792868131085,-0.010370906252621572
slow,14.200000000000001,0.24171401689703642,-0.015177639575865959
slow,14.22,0.2412310719691519,-0.019959065055293
slow,14.24,0.24074909196587682,-0.02471335594734037
slow,14.26,0.24026807495929065,-0.029438703740934494
slow,14.280000000000001,0.23978801902532465,-0.03413331881386173
slow,14.3,0.2393089222437545,-0.038795431078901155
slow,14.32,0.23883078269819238,-0.04342329061950604
slow,14.34,0.2383535984760795,-0.048015168314811146
slow,14.36,0.2378773676686784,-0.05256935645376264
slow,14.38,0.23740208837106502,-0.05708416933816434
slow,14.4,0.2369277586821217,-0.0615579438744396
slow,14.42,0.23645437670452904,-0.06598904015392103
slow,14.44,0.23598194054475852,-0.07037584202147201
slow,14.46,0.23551044831306472,-0.07471675763226382
slow,14.48,0.23503989812347822,-0.07901021999652623
slow,14.5,0.23457028809379762,-0.08325468751210642
slow,14.52,0.23410161634558221,-0.08744864448466201
slow,14.540000000000001,0.23363388100414417,-0.09159060163533461
slow,14.56,0.23316708019854177,-0.09567909659574411
slow,14.58,0.23270121206157102,-0.09971269439016088
slow,14.6,0.23223627472975883,-0.10368998790470545
slow,14.620000000000001,0.23177226634335513,-0.10760959834344375
slow,14.64,0.23130918504632586,-0.1114701756712426
slow,14.66,0.23084702898634518,-0.1152703990432647
slow,14.68,0.23038579631478834,-0.1190089772209771
slow,14.700000000000001,0.2299254851867238,-0.12268464897456363
slow,14.72,0.2294660937609066,-0.12629618347163102
slow,14.74,0.22900762019977045,-0.1298423806521101
slow,14.76,0.22855006266942052,-0.13332207158925072
slow,14.780000000000001,0.22809341933962582,-0.13673411883662512
slow,14.8,0.22763768838381268,-0.14007741676105212
slow,14.82,0.22718286797905662,-0.14335089186136876
slow,14.84,0.22672895630607542,-0.14655350307297124
slow,14.86,0.22627595154922167,-0.14968424205806408
slow,14.88,0.22582385189647583,-0.15274213348155596
slow,14.9,0.22537265553943867,-0.1557262352725463
slow,14.92,0.22492236067332427,-0.15863563887135992
slow,14.94,0.2244729654969523,-0.16146946946208093
slow,14.96,0.2240244682127417,-0.1642268861905562
slow,14.98,0.22357686702670262,-0.16690708236783336
slow,15.0,0.22313016014842982,-0.16950928565901519
slow,15.02,0.22268434579109508,-0.17203275825750627
slow,15.040000000000001,0.22223942217144038,-0.17447679704464478
slow,15.06,0.22179538750977068,-0.17684073373470985
slow,15.08,0.22135224002994686,-0.17912393500530877
slow,15.1,0.2209099779593782,-0.18132580261314435
slow,15.120000000000001,0.22046859952901587,-0.1834457734951791
slow,15.14,0.22002810297334566,-0.18548331985520966
slow,15.16,0.21958848653038085,-0.18743794923587914
slow,15.18,0.2191497484416548,-0.18930920457615175
slow,15.200000000000001,0.21871188695221472,-0.1910966642542887
slow,15.22,0.21827490031061408,-0.19279994211636245
slow,15.24,0.21783878676890578,-0.19441868749035932
slow,15.26,0.21740354458263497,-0.19595258518591824
slow,15.280000000000001,0.2169691720108323,-0.19740135547976628
slow,15.3,0.216535667316007,-0.19876475408691208
slow,15.32,0.21610302876413975,-0.20004257211766696
slow,15.34,0.21567125462467565,-0.20123463602056613
slow,15.36,0.21524034317051757,-0.20234080751127068
slow,15.38,0.21481029267801913,-0.20336098348753448
slow,15.4,0.21438110142697792,-0.20429509593032508
slow,15.42,0.21395276770062824,-0.2051431117911954
slow,15.44,0.21352528978563456,-0.20590503286600526
slow,15.46,0.2130986659720848,-0.2065808956550984
slow,15.48,0.21267289455348304,-0.2071707712100454
slow,15.5,0.21224797382674304,-0.20767476496706863
slow,15.52,0.21182390209218133,-0.20809301656726847
slow,15.540000000000001,0.2114006776535104,-0.20842569966377666
slow,15.56,0.2109782988178321,-0.20867302171596655
slow,15.58,0.21055676389563024,-0.2088352237708546
slow,15.6,0.2101360712007647,-0.20891258023183334
slow,15.620000000000001,0.2097162190504642,-0.2089053986148785
slow,15.64,0.20929720576531952,-0.20881401929237867
slow,15.66,0.20887902966927693,-0.20863881522474131
slow,15.68,0.2084616890896315,-0.2083801916799311
slow,15.700000000000001,0.2080451823570204,-0.2080385859411019
slow,15.72,0.20762950780541622,-0.2076144670024883
slow,15.74,0.20721466377211997,-0.20710833525372557
slow,15.76,0.20680064859775518,-0.20652072215277237
slow,15.780000000000001,0.20638746062626043,-0.20585218988761242
slow,15.8,0.20597509820488344,-0.20510333102691755
slow,15.82,0.20556355968417392,-0.2042747681598558
slow,15.84,0.20515284341797715,-0.20336715352523416
slow,15.860000000000001,0.20474294776342758,-0.20238116863016772
slow,15.88,0.20433387108094214,-0.2013175238584708
slow,15.9,0.20392561173421342,-0.20017695806896785
slow,15.92,0.20351816809020354,-0.19896023818392905
slow,15.94,0.20311153851913738,-0.19766815876783292
slow,15.96,0.2027057213944961,-0.19630154159666627
slow,15.98,0.2023007150930107,-0.19486123521797263
slow,16.0,0.2018965179946554,-0.19334811450186257
