t,Re_alpha_master,Im_alpha_master,Re_alpha_langevin,Im_alpha_langevin,n_master,n_coherent_prediction
0.0,0.0,0.0,0.0,0.0,0.0,0.0
0.01875,0.008409166217914111,-9.450349673693819e-05,0.008409166514659531,-9.45036285137522e-05,7.072285886793697e-05,7.072301240707337e-05
0.0375,0.016759101743154436,-0.00037631799155485063,0.016759101751799947,-0.0003763181301801239,0.000281009023874163,0.00028100910686228636
0.056249999999999994,0.025046021364647782,-0.0008428472139954989,0.025046021463931055,-0.0008428473262383831,0.0006280134932889272,0.0006280135827870422
0.075,0.033266225033295224,-0.0014914280055469214,0.03326622513499859,-0.0014914280909074107,0.0011088660195098569,0.0011088660924827597
0.09375,0.04141609682373263,-0.0023193326121151896,0.04141609690796971,-0.0023193326775979963,0.001720672331221846,0.0017206723871597122
0.11249999999999999,0.04949210639230134,-0.0033237710614791856,0.049492106454124773,-0.0033237710500567327,0.0024605160549727527,0.0024605160552596144
0.13125,0.0574908097511856,-0.004501893321249622,0.05749080978434125,-0.004501893217105082,0.0033254603197509576,0.003325460252197524
0.15,0.06540884997539381,-0.005850791696488253,0.06540885000268339,-0.0058507915696528745,0.004312549504729061,0.004312549420665054
0.16874999999999998,0.07324295796495865,-0.007367503328983841,0.07324295800263868,-0.007367503218680978,0.005418811071525685,0.005418811000653567
0.1875,0.08098995306204532,-0.009049012441657709,0.08098995310636907,-0.009049012332905094,0.006641257196786869,0.00664125712837293
0.20625,0.08864674360131089,-0.010892252589210066,0.08864674364737109,-0.010892252474848632,0.00797688639504856,0.007976886323258572
0.22499999999999998,0.09621032744709829,-0.012894109045795063,0.0962103274969648,-0.012894108934070952,0.00942268523150912,0.009422685162276909
0.24375,0.1036777924795043,-0.015051421163144904,0.10367779253505684,-0.01505142105631499,0.010975630005515527,0.010975629940756768
0.2625,0.1110463170056184,-0.01736098467289667,0.11104631706564698,-0.01736098456735577,0.012632688381934482,0.012632688318992162
0.28125,0.1183131701137272,-0.019819553994862425,0.11831317017757244,-0.01981955389035135,0.014390821015316923,0.014390820953879753
0.3,0.12547571198309093,-0.022423844557244884,0.12547571205100666,-0.022423844455516727,0.016246983173572278,0.016246983114872344
0.31875,0.1325313941382282,-0.025170535099936293,0.13253139421025295,-0.025170535000958918,0.018198126339519054,0.018198126283547965
0.33749999999999997,0.13947775964726195,-0.028056269960191484,0.13947775972339507,-0.028056269863534662,0.020241199789643546,0.02024119973611261
0.35625,0.14631244326949258,-0.031077661352710315,0.14631244334938887,-0.031077661258609585,0.022373152159172266,0.022373152108173013
0.375,0.1530331715497494,-0.03423129163887353,0.15303317163320027,-0.034231291547619704,0.02459093298944513,0.024590932941134666
0.39375,0.15963776286236275,-0.03751371558064826,0.15963776294961482,-0.037513715492357436,0.026891494255092106,0.026891494209598955
0.4125,0.1661241274055658,-0.040921462580258264,0.16612412749636382,-0.04092146249492391,0.029271791871880674,0.02927179182915161
0.43124999999999997,0.1724902671432374,-0.0444510389046127,0.17249026723723287,-0.04445103882231363,0.03172878718393405,0.03172878714395485
0.44999999999999996,0.17873427569729364,-0.04809892989324181,0.17873427579583456,-0.04809892981461637,0.034259448430104325,0.034259448393572846
0.46875,0.1848543381917661,-0.051861602148695715,0.18485433830074785,-0.05186160207584639,0.03686075218898381,0.03686075215848077
0.4875,0.19084873105535166,-0.05573550570988866,0.19084873118274182,-0.055735505646428395,0.03952968480417915,0.0395296847837255
0.50625,0.19671582177374966,-0.05971707620728775,0.19671582192482,-0.05971707615639572,0.042263243787426075,0.04226324378022627
0.525,0.20245406859511705,-0.06380273699688187,0.20245406876583658,-0.06380273695837504,0.04505843919806786,0.04505843920322167
0.54375,0.20806202017413347,-0.06798890126699916,0.20806202035845078,-0.06798890123945943,0.04791229499202278,0.04791229500738937
0.5625,0.21353831518667699,-0.0722719741280393,0.21353831538220344,-0.07227197411109096,0.05082185035332365,0.05082185037818357
0.5812499999999999,0.2188816819055521,-0.07664835468188251,0.21888168211251008,-0.0766483546760998,0.053784161004165,0.0537841610389551
0.6,0.2240909377274408,-0.08111443806587168,0.22409093794638127,-0.08111443807206996,0.056796300488050115,0.05679630053343657
0.61875,0.22916498865510723,-0.08566661747147371,0.22916498888569414,-0.08566661749022421,0.05985536142688636,0.059855361483196715
0.6375,0.2341028287377359,-0.09030128613747745,0.23410282897884868,-0.09030128616904719,0.06295845675248307,0.06295845681968425
0.65625,0.23890353947114804,-0.09501483931730621,0.23890353972165826,-0.09501483936188708,0.06610272091249798,0.06610272099050314
0.6749999999999999,0.2435662891576467,-0.0998036762189056,0.24356628941833114,-0.09980367627780129,0.06928531104972385,0.06928531113957838
0.69375,0.2480903322334161,-0.10466420192163212,0.24809033250341317,-0.10466420199493723,0.07250340815929021,0.0725034082608911
0.7125,0.2524750085471659,-0.10959282925796335,0.25247500882556995,-0.10959282934576048,0.0757542182122531,0.07575421832548059
0.73125,0.2567197426080046,-0.11458598067131175,0.25671974289409766,-0.1145859807734699,0.0790349732568061,0.07903497338142965
0.75,0.2608240427950165,-0.11964009004322083,0.2608240430890591,-0.1196400901589616,0.08234293249103529,0.08234293262656778
0.7687499999999999,0.26478750053414046,-0.12475160448855094,0.26478750083595026,-0.12475160461772952,0.08567538330734091,0.0856753834536467
0.7875,0.26860978943677444,-0.12991698612328303,0.26860978974581107,-0.12991698626611325,0.08902964231063841,0.08902964246775828
0.80625,0.2722906644061708,-0.1351327137994016,0.2722906647216992,-0.1351327139563294,0.09240305630769072,0.09240305647578793
0.825,0.27582996071075727,-0.14039528480791255,0.2758299610324538,-0.14039528497974682,0.09579300326814273,0.0957930034477093
0.84375,0.27922759302674965,-0.14570121655017762,0.2792275933546805,-0.14570121673788997,0.0991968932578333,0.09919689344954837
0.8624999999999999,0.282483554450769,-0.15104704817740205,0.2824835547838956,-0.15104704838067967,0.10261216934441567,0.10261216954786155
0.88125,0.2855979154783889,-0.1564293421927718,0.2855979158157705,-0.15642934241144385,0.10603630847071362,0.10603630868558868
0.8999999999999999,0.28857082295765596,-0.1618446860242305,0.2885708232984228,-0.16184468625825715,0.10946682230305693,0.10946682252916327
0.91875,0.2914024990133295,-0.16728969356176765,0.29140249935670304,-0.16728969381118844,0.11290125804956262,0.11290125828677448
0.9375,0.29409323994413666,-0.17276100666017558,0.2940932402894284,-0.1727610069250651,0.1163371992494647,0.1163371994976979
0.9562499999999999,0.2966434150939344,-0.17825529660693518,0.29664341544052003,-0.1782552968873805,0.1197722665334342,0.11977226679262512
0.975,0.29905346569771457,-0.18376926555490314,0.2990534660449984,-0.1837692658510006,0.12320411835484577,0.12320411862494275
0.9937499999999999,0.30132390370284995,-0.18929964791864048,0.3013239040507944,-0.18929964823134535,0.1266304516912742,0.12663045197292344
1.0125,0.3034553105693177,-0.19484321173820646,0.30345531091733574,-0.1948432120677465,0.13004900271957248,0.13004900301281372
1.03125,0.3054483360447518,-0.2003967600027707,0.30544833639186597,-0.20039676034870513,0.1334575474584766,0.1334575477628149
1.05,0.30730369691908793,-0.20595713193879944,0.30730369726445417,-0.20595713230079757,0.13685390238293,0.13685390269797157
1.0687499999999999,0.3090221757597827,-0.21152120426318044,0.3090221761026538,-0.2115212046409995,0.14023592501056892,0.14023592533599916
1.0875,0.3106046196270691,-0.21708589239875584,0.310604619966765,-0.21708589279222223,0.14360151445852978,0.1436015147940947
1.10625,0.3120519387707675,-0.22264815165288449,0.312051939106655,-0.22264815206187688,0.14694861197130202,0.1469486123167922
1.125,0.31336510530961215,-0.2282049783588758,0.31336510564108927,-0.22820497878330684,0.1502752014197051,0.15027520177494058
1.14375,0.31454515189403365,-0.23375341098014793,0.31454515222052,-0.23375341141994796,0.15357930977107662,0.15357931013589354
1.1624999999999999,0.31559317035285156,-0.2392905311757311,0.31559317067427906,-0.23929053163210132,0.1568590075298124,0.15685900790501833
1.18125,0.31651031032755395,-0.24481346483381997,0.3165103106431169,-0.2448134653062237,0.16011240915357727,0.16011240953864395
1.2,0.31729777788910757,-0.2503193830588361,0.3172977781980235,-0.2503193835466617,0.16333767343423064,0.16333767382858289
1.21875,0.31795683414468934,-0.2558055031270227,0.31795683444626527,-0.2558055036297799,0.16653300385521197,0.16653300425837506
1.2375,0.3184887938319558,-0.2612690894031578,0.3184887941255644,-0.261269089920451,0.16969664891983968,0.16969664933141684
1.2562499999999999,0.3188950239022816,-0.2667074542193945,0.31889502418734345,-0.26670745475089946,0.1728269024514969,0.17282690287114946
1.275,0.3191769420939804,-0.27211795871646843,0.31917694236994926,-0.2721179592619106,0.17592210386606708,0.17592210429349678
1.29375,0.3193360154964154,-0.2774980136472982,0.31933601576276716,-0.2774980142064347,0.17898063841681822,0.17898063885175297
1.3125,0.3193737591058371,-0.2828450801427146,0.3193737593621267,-0.28284508071563985,0.1820009374117206,0.1820009378541344
1.33125,0.31929173437402114,-0.2881566704400619,0.3192917346198946,-0.2881566710274851,0.18498147840391743,0.18498147885422342
1.3499999999999999,0.319091547750838,-0.29343034857685607,0.31909154798564177,-0.29343034917790356,0.18792078535707135,0.18792078581453955
1.36875,0.31877484922010685,-0.29866373104075894,0.3187748494432642,-0.2986637316547073,0.19081742877947241,0.19081742924349074
1.3875,0.31834333083193805,-0.3038544873880966,0.31834333104292833,-0.30385448801434256,0.19367002583591617,0.19367002630596566
1.40625,0.3177987252308601,-0.30900034082361044,0.3177987254292035,-0.30900034146164307,0.19647724043220502,0.19647724090783827
1.425,0.317142804180988,-0.3140990687433715,0.3171428043662331,-0.31409906939274795,0.19923778327384753,0.1992377837546691
1.4437499999999999,0.316377377089074,-0.31914850324104393,0.31637737726078946,-0.31914850390136856,0.20195041189924703,0.20195041238489778
1.4625,0.3155042895262762,-0.3241465315776986,0.3155042896840455,-0.32414653224860435,0.2046139306876863,0.20461393117782958
1.48125,0.3145254217494721,-0.32909109661463565,0.3145254218928851,-0.3290910972965286,0.20722719084190133,0.20722719133673057
1.5,0.3134426872229541,-0.3339801972130191,0.31344268735156844,-0.33398019790577815,0.20978909034801396,0.20978909084735586
1.51875,0.31225803114114037,-0.33881188859470474,0.31225803125454993,-0.33881188929740164,0.2122985739091071,0.21229857441224229
1.5374999999999999,0.3109734289534065,-0.34358428266738167,0.31097342905124453,-0.3435842833792319,0.2147546328547942,0.21475463336110975
1.55625,0.30959088489159037,-0.3482955483167374,0.3095908849735183,-0.3482955490370699,0.21715630502875402,0.2171563055377202
1.575,0.3081124305009751,-0.35294391166274874,0.30811243056667315,-0.352943912390978,0.21950267465240353,0.21950267516355337
1.59375,0.30654012317551915,-0.3575276562813952,0.30654012322468166,-0.35752765701699873,0.2217928721657561,0.22179287267866768
1.6125,0.30487604469808477,-0.3620451233921321,0.3048760447304153,-0.36204512413462925,0.22402607404583882,0.22402607456012133
1.6312499999999999,0.3031222997863869,-0.3664947120114582,0.3031222998015982,-0.366494712760394,0.22620150260305213,0.22620150311833373
1.65,0.3012810146456139,-0.3708748790718953,0.30128101464320456,-0.3708748798278761,0.2283184257551879,0.22831842627178037
1.66875,0.29935433552728496,-0.3751841395123171,0.29935433550700663,-0.3751841402745772,0.23037615678308845,0.23037615730041514
1.6875,0.29734442729728316,-0.37942106632838213,0.29734442725896515,-0.3794210670959922,0.23237405406083603,0.2323740545782235
1.70625,0.295253472011661,-0.3835842905951348,0.2952534719551419,-0.38358429136729666,0.23431152076845024,0.2343115212853169
1.7249999999999999,0.2930836675016787,-0.3876725014570393,0.29308366742680136,-0.3876725022330577,0.2361880045841484,0.23618800509998408
1.74375,0.2908372259687424,-0.39168444608613245,0.29083722587535193,-0.3916844468653887,0.2380029973567691,0.23800299787111598
1.7625,0.28851637258982427,-0.3956189296090556,0.28851637247776757,-0.3956189303909861,0.23975603475899915,0.23975603527143785
1.78125,0.28612334413398494,-0.39947481500341203,0.28612334400311146,-0.39947481578749,0.24144669592183535,0.24144669643197195
1.7999999999999998,0.2836603875906757,-0.40325102296374854,0.28366038744077454,-0.40325102374962746,0.2430746030506208,0.24307460355817292
1.8187499999999999,0.28112975881047797,-0.40694653173755363,0.2811297586410224,-0.40694653252560475,0.24463942102305997,0.24463942152817256
1.8375,0.2785337211573853,-0.41056037693503317,0.2785337209684345,-0.41056037772422577,0.2461408569716043,0.2461408574735806
1.85625,0.2758745441772006,-0.41409165130377334,0.27587454396879907,-0.4140916520932241,0.24757865984504726,0.24757866034328863
1.875,0.273154502277842,-0.41753950448036237,0.2731545020500193,-0.4175395052693034,0.24895261995674522,0.24895262045072863
1.8937499999999998,0.2703758734247932,-0.42090314271264234,0.2703758731775652,-0.4209031435003942,0.2502625685157836,0.25026256900504423
1.9124999999999999,0.2675409378516226,-0.42418182855468917,0.26754093758499436,-0.42418182934063886,0.2515083771425126,0.2515083776266287
1.93125,0.26465197678608016,-0.4273748805350451,0.26465197650005035,-0.427374881318626,0.2526899573689127,0.2526899578474928
1.95,0.26171127119227006,-0.43048167279873906,0.2617112708868268,-0.43048167357940775,0.25380726012425914,0.2538072605969258
1.96875,0.2587211005300687,-0.43350163472361053,0.25872110020447886,-0.43350163550083304,0.2548602752066776,0.2548602756729131
1.9874999999999998,0.2556837415293635,-0.436434250511814,0.25568374118294007,-0.4364342512847435,0.25584903074069804,0.25584903119977936
2.00625,0.252601466982989,-0.43927905875583023,0.2526014666160928,-0.4392790595235828,0.256773592621133,0.2567735930725244
2.025,0.2494765445592581,-0.4420356519804036,0.2494765441728227,-0.4420356527429747,0.2576340639444362,0.25763406438832215
2.0437499999999997,0.2463112356318376,-0.44470367616375345,0.24631123522637247,-0.44470367692083623,0.2584305844293824,0.2584305848656529
2.0625,0.24310779412667555,-0.4472828302326306,0.24310779370239596,-0.4472828309835893,0.2591633298232807,0.2591633302515408
2.08125,0.23986846538919349,-0.44977286553600837,0.23986846494609715,-0.44977286628005003,0.25983251129766605,0.2598325117173687
2.1,0.23659548507109987,-0.45217358529771595,0.23659548460882188,-0.4521735860335695,0.26043837483354476,0.26043837524374114
2.11875,0.23329107803568708,-0.4544848440457439,0.23329107755445944,-0.4544848447730106,0.26098120059440744,0.2609812009948684
2.1374999999999997,0.22995745728634195,-0.45670654702391134,0.22995745678598895,-0.4567065477431468,0.26146130229187486,0.26146130268294326
2.15625,0.2265968229117007,-0.45883864958446735,0.22659682239249584,-0.45883865029507354,0.26187902654166284,0.2618790269229811
2.175,0.22321136105496292,-0.4608811565568011,0.22321136051696644,-0.4608811572572243,0.26223475220808207,0.26223475257859347
2.19375,0.21980324290164285,-0.4628341215982779,0.21980324234515053,-0.462834122287589,0.26252888974003974,0.2625288900991639
2.2125,0.21637462369000945,-0.4646976465293857,0.21637462311577182,-0.4646976472077324,0.2627618805009054,0.26276188084889435
2.2312499999999997,0.21292764174378212,-0.466471880651852,0.21292764115234655,-0.4664718813192131,0.2629341960912398,0.26293419642818844
2.25,0.20946441752508935,-0.4681570200469723,0.2094644169168566,-0.46815702070300563,0.26304633766208046,0.2630463379878331
2.26875,0.20598705271031323,-0.46975330685843036,0.20598705208551008,-0.4697533075025318,0.2630988352222619,0.2630988355364469
2.2875,0.20249762928805295,-0.4712610285593251,0.20249762864680357,-0.47126102919090174,0.2630922469394134,0.26309224724164665
2.30625,0.19899820868035645,-0.4726805172038841,0.1989982080220897,-0.47268051782297493,0.2630271584352096,0.2630271587253986
2.3249999999999997,0.1954908308835387,-0.47401214866720287,0.19549083020883423,-0.474012149272845,0.26290418207640215,0.26290418235400126
2.34375,0.19197751363748652,-0.47525634186649995,0.19197751294673654,-0.47525634245735443,0.26272395625899003,0.26272395652315655
2.3625,0.18846025161314373,-0.47641355797084134,0.18846025090686908,-0.47641355854624595,0.2624871446881945,0.26248714493857733
2.38125,0.18494101562507606,-0.47748429959928074,0.18494101490397755,-0.4774843001595557,0.2621944356556135,0.26219443589257396
2.4,0.18142175186746898,-0.4784691100076435,0.18142175113207226,-0.47846911055285096,0.26184654131337803,0.2618465415370639
2.4187499999999997,0.17790438117267382,-0.4793685722610514,0.1779043804234207,-0.479368572790919,0.26144419694313176,0.26144419715344375
2.4375,0.17439079829380966,-0.4801833083965125,0.17439079753104303,-0.4801833089105043,0.26098816022311655,0.260988160419754
2.45625,0.17088287121119927,-0.4809139785754994,0.17088287043479516,-0.4809139790726974,0.2604792104932663,0.26047921067556973
2.475,0.16738244046117473,-0.4815612802256035,0.16738243967110925,-0.4815612807055706,0.25991814801738056,0.2599181481850419
2.49375,0.16389131848933572,-0.48212594717484825,0.1638913176864507,-0.48212594763765676,0.25930579324527026,0.2593057933985097
2.5124999999999997,0.16041128902957194,-0.48260874877747384,0.16041128821453338,-0.48260874922286323,0.25864298607433034,0.2586429862131026
2.53125,0.1569441065039504,-0.4830104890305621,0.15694410567732503,-0.48301048945740915,0.2579305851090953,0.2579305852327413
2.55,0.1534914954475286,-0.48333200568178214,0.15349149460985853,-0.483332006089374,0.25716946691980896,0.25716946702794685
2.56875,0.15005514995702934,-0.4835741693328173,0.15005514910885126,-0.4835741697214374,0.2563605253029246,0.2563605253958572
2.5875,0.14663673316334652,-0.48373788253746464,0.14663673230512642,-0.4837378829073906,0.2555046705428381,0.25550467062084964
2.6062499999999997,0.14323787672759877,-0.48382407889174406,0.14323787585980982,-0.48382407924299187,0.25460282867296247,0.25460282873615914
2.625,0.13986018036180864,-0.4838337221193812,0.1398601794842698,-0.4838337224517382,0.2536559407386826,0.2536559407868777
2.64375,0.1365052113705636,-0.48376780515314965,0.13650521048375236,-0.4837678054661158,0.25266496206177,0.2526649620947153
2.6625,0.13317450421996962,-0.48362734921167644,0.13317450332464983,-0.48362734950489167,0.2516308615072918,0.2516308615248939
2.68125,0.12986956012845355,-0.48341340287391116,0.12986955922533314,-0.48341340314700076,0.25055462075340323,0.25055462075554696
2.6999999999999997,0.12659184668063797,-0.4831270411505072,0.12659184577046254,-0.48312704140257784,0.24943723356375977,0.24943723354998068
2.71875,0.1233427974652615,-0.48276936455105746,0.12334279654868147,-0.48276936478167903,0.24827970506202268,0.2482797050321553
2.7375,0.12012381173610923,-0.4823414981516329,0.12012381081358636,-0.4823414983612322,0.2470830510113055,0.24708305096573682
2.75625,0.1169362540959156,-0.48184459066181595,0.1169362531678537,-0.48184459085074566,0.245848297098005,0.24584829703705885
2.775,0.113781454203538,-0.4812798134889691,0.11378145327039528,-0.48127981365730405,0.2445764782185126,0.2445764781423324
2.7937499999999997,0.11066070650494231,-0.48064835980287907,0.11066070556640009,-0.4806483599503701,0.24326863777108812,0.24326863767943407
2.8125,0.10757526998306594,-0.4799514436008948,0.10757526904011337,-0.47995144372690374,0.24192582695195894,0.24192582684459196
2.83125,0.1045263679365669,-0.479190298773567,0.10452636699019,-0.4791902988773072,0.24054910405771274,0.2405491039342908
2.85,0.10151518777651619,-0.4783661781713089,0.10151518682745,-0.47836617825269173,0.2391395337920872,0.2391395336526981
2.86875,0.0985428808462014,-0.4774803526742474,0.09854287989485698,-0.47748035273396183,0.2376981865797194,0.2376981864249208
2.8874999999999997,0.09561056226695391,-0.47653411026524084,0.09561056130952456,-0.4765341103031971,0.2362261378874381,0.23622613771638196
2.90625,0.09271931080890951,-0.4755287551039831,0.09271930982655202,-0.47552875511781134,0.2347244675514384,0.23472446735860752
2.925,0.08987016875051708,-0.4744656066020313,0.08987016772447892,-0.47446560658795667,0.2331942591027775,0.2331942588817037
2.94375,0.08706414179251652,-0.47334599850264125,0.08706414071213753,-0.4733459984576344,0.23163659910740275,0.2316365988537977
2.9625,0.08430219902088117,-0.47217127797317726,0.0843021978566769,-0.4721712778899655,0.2300525765249383,0.23005257622770928
2.9812499999999997,0.081585272751627,-0.4709428046770101,0.0815852715325202,-0.47094280455706533,0.2284432820289956,0.2284432816951093
3.0,0.07891425867974451,-0.46966194989827886,0.07891425739101143,-0.4696619497349593,0.22680980742658213,0.22680980704841822
3.01875,0.07629001567532247,-0.4683300956073524,0.07629001435049777,-0.4683300954039692,0.22515324496394692,0.22515324455069008
3.0375,0.0737133659668607,-0.46694863360120203,0.07371336460658602,-0.4669486333549865,0.2234746867638472,0.22347468631371303
3.05625,0.0711850950521962,-0.4655189645919532,0.0711850936623058,-0.46551896430204737,0.2217752241709703,0.2217752236845621
3.0749999999999997,0.0687059517875576,-0.46404249733305797,0.06870595037790146,-0.46404249700160805,0.22005594715999488,0.22005594664081807
3.09375,0.06627664849083989,-0.4625206477601674,0.06627664703997226,-0.4625206473789167,0.2183179437567411,0.2183179431946732
3.1125,0.06389786092411828,-0.4609548380880998,0.06389785944966844,-0.4609548376618643,0.21656229940413288,0.21656229880612524
3.13125,0.06157022854212286,-0.45934649600082994,0.06157022702964714,-0.45934649552268914,0.21479009644716404,0.2147900958054582
3.15,0.05929435448688598,-0.4576970537556798,0.05929435294948668,-0.4576970532279038,0.21300241350634871,0.21300241282520496
3.1687499999999997,0.057070805827914024,-0.4560079473747137,0.05707080426924796,-0.4560079467967978,0.2112003249619527,0.21120032424177
3.1875,0.05490011368631508,-0.4542806158026601,0.05490011210086905,-0.45428061516886464,0.209384900391218,0.20938489962689003
3.20625,0.052782773382841056,-0.4525165000639151,0.05278277178707299,-0.45251649938049315,0.20755720400987202,0.20755720320910215
3.225,0.05071924471726888,-0.45071704249357414,0.05071924309746117,-0.45071704175124766,0.20571829419182833,0.20571829334537534
3.24375,0.048709952070977204,-0.44888368587413985,0.048709950441463076,-0.44888368508006027,0.20386922288731296,0.20386922200306454
3.2624999999999997,0.046755284746298184,-0.4470178726990245,0.046755283097804315,-0.4470178718516409,0.20201103517735125,0.20201103425232583
3.28125,0.044855597127902554,-0.4451210443509981,0.04485559546015474,-0.44512104345340764,0.20014476873285444,0.2001447677691355
3.3,0.043011208977210315,-0.44319464034555517,0.0430112072986095,-0.44319463940322645,0.19827145334594432,0.19827145234903984
3.31875,0.04122240574126812,-0.44124009758606353,0.04122240403665477,-0.4412400965882401,0.19639211047241018,0.19639210943176066
3.3375,0.03948943875566186,-0.43925884955921674,0.039489437043265636,-0.4392588485150587,0.194507752711085,0.1945077516367693
3.3562499999999997,0.037812525668786685,-0.43725232567180233,0.03781252393977832,-0.4372523245715711,0.19261938342647633,0.19261938230993886
3.375,0.03619185065510833,-0.4352219504531205,0.036191848921177376,-0.43522194930063,0.19072799623509684,0.19072799508137347
3.39375,0.034627564824396155,-0.4331691428943438,0.03462756309143447,-0.43316914168585113,0.18883457462680409,0.18883457343450824
3.4125,0.03311978654602317,-0.4310953157230056,0.03311978481253229,-0.43109531444975907,0.18694009152380484,0.1869400902865651
3.43125,0.03166860178726027,-0.4290018746938687,0.03166860006680491,-0.42900187336450113,0.18504550885387178,0.18504550758044272
3.4499999999999997,0.03027406454930633,-0.42689021797309157,0.030274062832223086,-0.426890216575342,0.18315177720820755,0.18315177588811174
3.46875,0.028936197171807253,-0.4247617353921513,0.028936195470251162,-0.4247617339371415,0.18125983538215334,0.18125983402557957
3.4875,0.027654990816364557,-0.4226178078815431,0.02765498912589952,-0.42261780636400864,0.17937061007709287,0.1793706086794803
3.50625,0.026430405816824265,-0.42045980676947514,0.026430404139595725,-0.4204598051923133,0.17748501548154985,0.1774850140453404
3.525,0.025262372131462395,-0.4182890931847868,0.02526237047049537,-0.41828909155723265,0.1756039529453562,0.17560395147756355
3.5437499999999997,0.024150789785203065,-0.4161070174744534,0.02415078813085216,-0.4161070157829912,0.17372831066188754,0.17372830915116777
3.5625,0.023095529262277932,-0.41391491853088236,0.023095527631066443,-0.4139149167869534,0.17185896327764855,0.1718589617353079
3.58125,0.02209643204784806,-0.411714123305307,0.022096430435029884,-0.4117141214977098,0.16999677166130028,0.16999677007860103
3.5999999999999996,0.02115331100956362,-0.40950594615160474,0.021153309425383342,-0.4095059442872937,0.16814258252242112,0.16814258090627413
3.61875,0.0202659509318624,-0.40729168833896506,0.020265949378305136,-0.4072916864176532,0.16629722817853257,0.16629722652914
3.6374999999999997,0.019434108972228727,-0.40507263748507644,0.019434107447446145,-0.40507263550149564,0.16446152625107982,0.16446152456440646
3.65625,0.018657515144715607,-0.40285006701151765,0.018657513656628474,-0.40285006497760983,0.16263627938237446,0.16263627766831176
3.675,0.017935872859497992,-0.4006252356973516,0.017935871400924685,-0.4006252336007652,0.16082227503206611,0.16082227328057816
3.6937499999999996,0.01726885937650851,-0.39839938709236794,0.017268857955733886,-0.39839938494627414,0.1590202851587595,0.15902028338066485
3.7125,0.016656126382687497,-0.3961737491300802,0.016656124993474825,-0.3961737469292997,0.157231066065369,0.15723106425579902
3.7312499999999997,0.01609730046400611,-0.39394953359063467,0.016097299107512012,-0.39394953133897576,0.15545535811892827,0.15545535628075532
3.75,0.015591983658371741,-0.3917279356832605,0.015591982342936597,-0.3917279333874016,0.15369388556979416,0.153693883709347
3.76875,0.015139754011651439,-0.3895101336283808,0.015139752733822046,-0.3895101312735648,0.15194735637125434,0.15194735447759095
3.7874999999999996,0.014740166076286282,-0.38729728816084785,0.014740164846577685,-0.38729728576223305,0.15021646193272498,0.15021646001849706
3.80625,0.014392751512405868,-0.38509054223125,0.014392750329022859,-0.3850905397778507,0.14850187703121195,0.14850187508843002
3.8249999999999997,0.014097019596906499,-0.3828910205114508,0.014097018464809478,-0.3828910180134679,0.1468042595682428,0.146804257604987
3.84375,0.01385245781313628,-0.38069982909711786,0.013852456732818347,-0.3806998265547155,0.14512425047984595,0.14512424849632505
3.8625,0.013658532400666541,-0.3785180551095197,0.01365853137116095,-0.3785180525188388,0.1434624735685369,0.1434624715618714
3.8812499999999996,0.01351468891979853,-0.3763467663354982,0.013514687945418167,-0.3763467637087885,0.1418195353647807,0.14181953334434072
3.9,0.013420352845697333,-0.37418701095786516,0.013420351920750445,-0.37418700828236184,0.14019602505721332,0.14019602301298112
3.9187499999999997,0.013374930111602724,-0.37203981714646406,0.013374929237516922,-0.3720398144363788,0.13859251431584324,0.13859251225796376
3.9375,0.013377807711989464,-0.3699061928571848,0.013377806890043992,-0.36990619010586856,0.13700955727170977,0.13700955519582628
3.95625,0.01342835427262264,-0.36778712546639375,0.013428353508185588,-0.36778712267823543,0.13544769037563187,0.13544768828587622
3.9749999999999996,0.01352592064441045,-0.3656835815393221,0.013525919941322115,-0.3656835787223649,0.13390743235472682,0.13390743025745508
3.99375,0.013669840485428242,-0.36359650659206294,0.013669839844447475,-0.36359650373262264,0.132389284162092,0.13238928204795994
4.0125,0.013859430841689911,-0.36152682477302794,0.013859430265996684,-0.3615268218876917,0.1308937288703567,0.1308937267515128
4.03125,0.014093992747959033,-0.35947543874559473,0.014093992237071114,-0.35947543582418656,0.1294212317088867,0.12942122957816746
4.05,0.014372811806604827,-0.3574432293715491,0.01437281136172115,-0.35744322642497445,0.1279722399583252,0.12797223782353517
4.06875,0.014695158786682186,-0.35543105559403443,0.014695158407951025,-0.3554310526221282,0.12654718298765943,0.12654718084870886
4.0874999999999995,0.015060290212632773,-0.35343975421472706,0.01506028989911286,-0.3534397512144265,0.12514647221579317,0.12514647007036103
4.10625,0.015467448956464135,-0.3514701397169916,0.015467448705363216,-0.3514701366993125,0.12377050110572692,0.12377049896088645
4.125,0.01591586482225873,-0.3495230041664463,0.015915864634857807,-0.3495230011192135,0.12241964521089843,0.12241964305845685
4.14375,0.01640475514402394,-0.347599116984131,0.01640475502436559,-0.3475991139221174,0.12109426213582768,0.12109425998685058
4.1625,0.016933325378613678,-0.3456992249189667,0.016933325328987222,-0.34569922183629803,0.1197946916340487,0.11979468948491934
4.1812499999999995,0.017500769687682608,-0.34382405185651954,0.017500769710668062,-0.3438240487590716,0.11852125559023301,0.11852125344554623
4.2,0.01810627152946421,-0.34197429876391994,0.01810627162519993,-0.3419742956594627,0.11727425809878048,0.1172742559639511
4.21875,0.01874900423668156,-0.3401506436180651,0.018749004407411222,-0.34015064049465155,0.11605398552800394,0.11605398339519084
4.2375,0.01942813161059854,-0.33835374126684287,0.01942813185424972,-0.33835373814006814,0.1148607065411042,0.1148607044207039
4.25625,0.020142808487492374,-0.33658422347251143,0.02014280880546729,-0.3365842203329939,0.11369467223796188,0.113694670123743
4.2749999999999995,0.020892181331092594,-0.33484269877147366,0.0208921817216207,-0.3348426956295249,0.11255611617478099,0.11255611407353586
4.29375,0.021675388798694545,-0.33312975252100524,0.02167538925910841,-0.333129749374747,0.11144525450813358,0.11144525241801558
4.3125,0.022491562311510702,-0.331445946838534,0.02249156284196791,-0.3314459436859652,0.1103622860653061,0.11036228398495418
4.33125,0.023339826628843603,-0.3297918205959384,0.023339827230164346,-0.32979181744882813,0.10930739245359308,0.10930739039133512
4.35,0.024219300407026793,-0.3281678894779098,0.024219301084105176,-0.3281678863261796,0.10828073821096819,0.10828073616079488
4.3687499999999995,0.025129096773650644,-0.326574645921747,0.025129097525123024,-0.3265746427794687,0.10728247087756926,0.10728246884896471
4.3875,0.026068323862689285,-0.32501255924028477,0.026068324691672574,-0.32501255610254004,0.10631272118636116,0.1063127191765372
4.40625,0.027036085385838987,-0.3234820755951576,0.027036086290994292,-0.32348207246762856,0.10537160315726252,0.1053716011698862
4.425,0.02803148116701622,-0.3219836180945518,0.028031482146003307,-0.321983614983369,0.10445921427021221,0.10445921230906013
4.44375,0.02905360768066669,-0.3205175868689691,0.029053608737166652,-0.3205175837646378,0.10357563562375217,0.103575633682974
4.4624999999999995,0.030101558610466123,-0.3190843590982898,0.030101559739138736,-0.3190843560140296,0.10272093206393093,0.10272093015161696
4.48125,0.031174425349225307,-0.3176842891884469,0.03117442655193118,-0.3176842861147769,0.10189515240515377,0.10189515051509716
4.5,0.03227129755535212,-0.3163177087899707,0.032271298826396976,-0.31631770573490825,0.10109832955272713,0.10109832768933862
4.51875,0.03339126364203449,-0.3149849269783145,0.033391264983818315,-0.3149849239424463,0.10033048072408236,0.10033047888824828
4.5375,0.03453341131410634,-0.31368623034712406,0.034533412729389486,-0.31368622733143536,0.09959160761921203,0.0995916058121673
4.5562499999999995,0.035696828073946,-0.3124218831443952,0.035696829559395515,-0.3124218801585898,0.09888169661461989,0.09888169484242076
4.575,0.036880601699504585,-0.31119212745387,0.03688060326189161,-0.3111921244903506,0.0982007189830441,0.09820071724177891
4.59375,0.038083820777921475,-0.30999718329009956,0.03808382241069461,-0.309997180360134,0.09754863106448128,0.09754862936064279
4.6125,0.03930557514621861,-0.3088372488363883,0.03930557685250485,-0.3088372459355517,0.09692537451762118,0.09692537284876458
4.63125,0.04054495641062433,-0.3077125005622737,0.040544958186981304,-0.30771249769538456,0.09633087650354588,0.09633087487231613
4.6499999999999995,0.041801058396453115,-0.3066230934445339,0.041801060239600375,-0.3066230906160839,0.09576504992726574,0.0957650483361139
4.66875,0.04307297761189519,-0.30556916116419014,0.043072979527134535,-0.3055691583675737,0.09522779366540625,0.09522779211081231
4.6875,0.04435981373573637,-0.30455081627218294,0.044359815715592485,-0.3045508135181286,0.09471899277697747,0.0947189912648753
4.70625,0.045660670020333166,-0.30356815046552216,0.0456606720704701,-0.3035681477480942,0.09423851877372882,0.09423851730113576
4.725,0.04697465378468865,-0.30262123474490077,0.04697465589916562,-0.3026212320722194,0.09378622982640353,0.0937862283977531
4.7437499999999995,0.048300876805712295,-0.30171011969882744,0.04830087898542087,-0.3017101170703675,0.09336197103827643,0.09336196965337913
4.7625,0.04963845577047311,-0.30083483571009195,0.04963845801565461,-0.3008348331263703,0.09296557467708483,0.09296557333634299
4.78125,0.050986512692707237,-0.29999539320721397,0.05098651499706148,-0.29999539067478836,0.09259686043097295,0.09259685913766444
4.8,0.05234417529697473,-0.2991917829427011,0.05234417766735598,-0.29919178045534006,0.09225563567653264,0.09225563442770814
4.81875,0.05371057746853344,-0.2984239762087149,0.053710579896046225,-0.29842397377476093,0.09194169571663471,0.09194169451628875
4.8374999999999995,0.055084859589612636,-0.2976919251619004,0.055084862077129315,-0.29769192277585305,0.09165482407114879,0.09165482291604081
4.85625,0.05646616897074297,-0.29699556304921976,0.056466171513106095,-0.2969955607134839,0.09139479271810558,0.09139479160886424
4.875,0.05785366019550919,-0.29633480451779576,0.05785366279021795,-0.2963348022372937,0.09116136237572839,0.09116136131526022
4.89375,0.05924649549136492,-0.29570954590898096,0.05924649814481713,-0.2957095436808697,0.09095428277875879,0.09095428176637199
4.9125,0.06064384511727904,-0.2951196655241862,0.06064384782078423,-0.29511966335714396,0.09077329293858108,0.0907732919785444
4.9312499999999995,0.06204488765750234,-0.29456502396886064,0.06204489041791603,-0.29456502185977473,0.0906181214386946,0.09061812053022077
4.95,0.06344881042179998,-0.2940454644157454,0.0634488132312106,-0.2940454623702662,0.09048848669557756,0.0904884858409927
4.96875,0.06485480972164465,-0.2935608129531021,0.06485481258098316,-0.293560810970586,0.0903840972535822,0.09038409645262258
4.9875,0.06626209122531361,-0.2931108788803348,0.06626209413375317,-0.2931108769610381,0.09030465205918584,0.09030465131185916
5.00625,0.067669870263546,-0.2926954550352507,0.0676698732138459,-0.2926954531831479,0.0902498407472603,0.09024984005486629
5.0249999999999995,0.06907737210646414,-0.29231431813797243,0.06907737510566152,-0.292314316347319,0.09021934393312493,0.09021934329308877
5.04375,0.07048383230920648,-0.291967229091038,0.0704838353465673,-0.2919672273650208,0.09021283348800296,0.09021283290037974
5.0625,0.07188849692998507,-0.2916539333476322,0.07188850001037551,-0.2916539316852655,0.09022997283613793,0.09022997230121527
5.08125,0.07329062286258653,-0.2913741612288454,0.07329062598137558,-0.29137415963513613,0.09027041723950807,0.09027041675982367
5.1,0.0746894780650303,-0.29112762828655214,0.0746894812188936,-0.29112762676412585,0.09033381409335599,0.09033381367005963
5.1187499999999995,0.07608434181775643,-0.2909140356436914,0.07608434501235822,-0.2909140341920521,0.09041980321197617,0.090419802845854
5.1375,0.07747450500172498,-0.2907330703371583,0.07747450822685836,-0.2907330689603081,0.09052801712029533,0.09052801681207277
5.15625,0.07885927027696285,-0.29058440569044786,0.07885927353918158,-0.2905844043862172,0.09065808134613816,0.09065808109562004
5.175,0.0802379523739827,-0.29046770164928565,0.08023795566432967,-0.29046770042025555,0.09080961470944467,0.09080961451662228
5.19375,0.08160987825290864,-0.29038260516043196,0.08160988157251076,-0.29038260400591176,0.09098222961491678,0.0909822294795334
5.2124999999999995,0.08297438734902966,-0.2903287505214244,0.0829743906966148,-0.29032874944195175,0.09117553234183247,0.09117553226400207
5.23125,0.08433083176188066,-0.2903057597492474,0.08433083513018241,-0.2903057587468603,0.09138912333566757,0.09138912331534428
5.25,0.08567857641917889,-0.2903132429519299,0.08567857981588355,-0.29031324202523223,0.0916225974967169,0.09162259753446778
5.26875,0.0870169993101092,-0.29035079868423347,0.08701700272452702,-0.29035079783588696,0.09187554447157001,0.09187554456709643
5.2875,0.08834549158792378,-0.2904180143321411,0.08834549502462606,-0.2904180135614843,0.09214754893839014,0.09214754909214473
5.3062499999999995,0.089663457789542,-0.2905144664711859,0.08966346124255092,-0.29051446577941914,0.09243819089748113,0.09243819110909572
5.325,0.09097031594734821,-0.29063972124630433,0.090970319413304,-0.29063972063377685,0.0927470459551976,0.0927470462242384
5.34375,0.09226549773867311,-0.29079333474181,0.09226550122195676,-0.2907933342081316,0.09307368560855174,0.09307368593562101
5.3625,0.09354844864506758,-0.2909748533529542,0.09354845213579431,-0.2909748528989741,0.09341767753287696,0.09341767791658262
5.38125,0.09481862802232684,-0.2911838141659712,0.09481863152721534,-0.29118381378955643,0.09377858585751912,0.0937785862977249
5.3999999999999995,0.09607550927686302,-0.2914197453242896,0.09607551278744164,-0.29141974502394413,0.0941559714532165,0.0941559719471905
5.41875,0.09731857991358228,-0.2916821664041871,0.09731858343109502,-0.2916821661810695,0.09454939220032701,0.09454939274911606
5.4375,0.09854734166927481,-0.2919705887926758,0.0985473451917029,-0.29197058864858094,0.09495840327569223,0.0949584038801315
5.45625,0.09976131058790204,-0.2922845160605838,0.09976131410820036,-0.2922845159962884,0.09538255742456439,0.09538255808377957
5.475,0.10096001707697479,-0.29262344433338244,0.10096002060249643,-0.29262344434900484,0.09582140522719187,0.09582140594273167
5.4937499999999995,0.10214300602701783,-0.29298686266616353,0.10214300954818122,-0.2929868627585892,0.09627449538088874,0.09627449614868024
5.5125,0.10330983680871511,-0.2933742534064176,0.10330984033045035,-0.29337425357499824,0.09674137494921305,0.09674137576979054
5.53125,0.10446008338061909,-0.2937850925723635,0.10446008689732894,-0.2937850928161566,0.09722158964400553,0.09722159051559527
5.55,0.10559333429412651,-0.29421885021589744,0.10559333780228113,-0.2942188505364602,0.0977146840762527,0.09771468499922253
5.56875,0.10670919273598865,-0.29467499079385023,0.10670919623829345,-0.2946749911937286,0.09822020202019832,0.09822020299684665
5.5874999999999995,0.10780727657651767,-0.29515297353554903,0.10780728006352482,-0.29515297401442653,0.09873768667604002,0.09873768770425603
5.60625,0.10888721834153937,-0.2956522527968744,0.10888722181861973,-0.2956522533569786,0.09926668090804192,0.09926668199043635
5.625,0.10994866527688749,-0.2961722784338726,0.1099486687357829,-0.29617227907300187,0.09980672751467076,0.09980672864806703
5.64375,0.11099127929752035,-0.29671249614818773,0.11099128273971884,-0.2967124968662894,0.10035736945617998,0.10035737064083602
5.6625,0.11201473701696807,-0.29727234785341766,0.11201474044054113,-0.2972723486493747,0.1009181501127228,0.10091815134747721
5.6812499999999995,0.11301872971978655,-0.2978512720257756,0.11301873311876055,-0.2978512728975168,0.10148861352021712,0.10148861480244063
5.7,0.11400296332185879,-0.29844870405057533,0.11400296670246288,-0.2984487049999448,0.10206830460089723,0.10206830593310694
5.71875,0.11496715838397419,-0.2990640765840426,0.11496716173679136,-0.29906407760820714,0.10265676941510975,0.1026567707934613
5.7375,0.11591105001705956,-0.29969681988095986,0.11591105334585075,-0.29969682098147166,0.1032535553678296,0.10325355679414491
5.75625,0.11683438788800844,-0.300346362153702,0.11683439118715178,-0.3003463633286299,0.10385821145698865,0.10385821292880576
5.7749999999999995,0.11773693613131957,-0.30101212989876514,0.1177369393987191,-0.3010121311470582,0.10447028848050102,0.10447028999667142
5.79375,0.11861847330102038,-0.30169354823518374,0.11861847653898697,-0.3016935495578968,0.10508933925956167,0.10508934082127333
5.8125,0.1194787923185033,-0.30239004124434515,0.1194787955196087,-0.3023900426377073,0.10571491886209261,0.10571492046525088
5.83125,0.12031770036215368,-0.3031010322800586,0.12031770353131065,-0.3031010337463759,0.10634658479399199,0.10634658644117008
5.85,0.12113501883270168,-0.30382594431591853,0.12113502196292003,-0.30382594585113243,0.10698389723130025,0.10698389891829235
5.8687499999999995,0.1219305832197604,-0.30456420024324177,0.12193058631370116,-0.3045642018465577,0.10762641919844677,0.10762642092523365
5.8875,0.12270424304281274,-0.3053152232010559,0.12270424609913434,-0.3053152248704594,0.10827371678353764,0.10827371854845612
5.90625,0.1234558617374508,-0.3060784368819812,0.1234558647502747,-0.3060784386154949,0.10892535932603242,0.10892536112653739
5.925,0.12418531653299748,-0.30685326583502215,0.1241853195068299,-0.3068532676364289,0.10958091960056328,0.10958092144016729
5.94375,0.12489249837762935,-0.3076391357880587,0.12489250130409599,-0.30763913765291406,0.11023997402386831,0.11023997589782224
5.9624999999999995,0.1255773117721076,-0.3084354739167625,0.12557731465389438,-0.30843547584768777,0.11090210280642321,0.11090210471707278
5.98125,0.1262396746871666,-0.30924170916666704,0.12623967751965223,-0.3092417111600821,0.11156689015753711,0.11156689210148145
6.0,0.1268795184038565,-0.3100572725203519,0.12687952118577128,-0.3100572745747485,0.11223392443711135,0.11223392641305156
6.01875,0.12749678738841744,-0.3108815972892859,0.12749679012143075,-0.3108815994055013,0.11290279833134487,0.11290280034019073
6.0375,0.12809143916039323,-0.31171411940134874,0.12809144183897106,-0.311714121574189,0.11357310902410168,0.11357311106115478
6.0562499999999995,0.12866344411897274,-0.3125542776518702,0.12866344674700644,-0.3125542798845063,0.11424445833471492,0.11424446040294206
6.075,0.12921278542668035,-0.31340151400346056,0.12921278799841546,-0.3134015162906629,0.11491645290097573,0.11491645499561007
6.09375,0.12973945881679436,-0.31425527381807866,0.12973946133335887,-0.3142552761608303,0.11558870430004607,0.11558870642198987
6.1125,0.13024347245807044,-0.3151150061388307,0.13024347491747576,-0.3151150085352901,0.11626082921519458,0.1162608313627751
6.13125,0.13072484677657853,-0.3159801639331207,0.13072484917540866,-0.31598016637921233,0.11693244956725202,0.11693245173696805
6.1499999999999995,0.13118361427796763,-0.3168502043302829,0.13118361661980946,-0.316850206829996,0.11760319264234212,0.11760319483766439
6.16875,0.13161981939661316,-0.31772458889259747,0.131619821675979,-0.31772459143910775,0.11827269124805058,0.11827269346316446
6.1875,0.13203351828300444,-0.318602783812443,0.13203352050229178,-0.3186027864083585,0.11894058380621489,0.11894058604339919
6.20625,0.13242477865036448,-0.3194842601799447,0.13242478080656025,-0.31948426282056114,0.11960651450626274,0.11960651676166291
6.225,0.1327936795643738,-0.32036849418131613,0.1327936816584903,-0.3203684968645174,0.1202701333992912,0.12027013567164678
6.2437499999999995,0.13314031126503476,-0.32125496732774056,0.13314031329838222,-0.3212549700542845,0.12093109651967625,0.12093109880977061
6.2625,0.13346477497464873,-0.3221431666780538,0.13346477694223055,-0.32214316944267696,0.12158906599961754,0.12158906830281263
6.28125,0.1337671826795261,-0.3230325850221631,0.13376718458337516,-0.3230325878289614,0.12224371015130936,0.12224371247083841
6.3,0.13404765695512993,-0.32392272111780984,0.13404765879085814,-0.3239227239607083,0.12289470359464898,0.12289470592543555
6.31875,0.13430633073501164,-0.32481307984982116,0.13430633250463828,-0.3248130827297649,0.12354172732016012,0.12354172966325953
6.3374999999999995,0.1345433471239349,-0.3257031724482724,0.13454334882781654,-0.3257031753623201,0.12418446880145072,0.12418447115490173
6.35625,0.1347588591790659,-0.32659251665926853,0.13475886081602484,-0.32659251960303454,0.12482262206855436,0.12482262442909126
6.375,0.1349530296919641,-0.32748063691532014,0.13495303126412952,-0.3274806398932124,0.12545588778115455,0.125455890152245
6.39375,0.1351260309884548,-0.3283670645380351,0.13512603249040178,-0.3283670675429957,0.12608397332770238,0.1260839757033834
6.4125,0.13527804468611015,-0.3292513378623363,0.13527804611830516,-0.32925134089756514,0.12670659286185917,0.12670659524443093
6.4312499999999995,0.13540926149660526,-0.3301330024367979,0.13540926285605057,-0.33013300549733415,0.12732346740048764,0.12732346978592185
6.45,0.1355198809878374,-0.3310116111475367,0.1355198822740681,-0.3310116142321288,0.1279343248607996,0.127934327248137
6.46875,0.13561011136702952,-0.3318867243801941,0.13561011258054442,-0.3318867274893454,0.12853890012800945,0.12853890251769495
6.4875,0.13568016925569362,-0.33275791016858935,0.13568017039517324,-0.3327579132960858,0.12913693511215127,0.1291369374996286
6.50625,0.13573027945397992,-0.33362474430554784,0.13573028052126593,-0.33362474745527,0.12972817877665901,0.12972818116497423
6.5249999999999995,0.13576067472301176,-0.3344868105106067,0.13576067571636735,-0.3344868136757305,0.13031238720981533,0.13031238959390756
6.54375,0.13577159554144916,-0.335343700514421,0.13577159646152265,-0.33534370369629646,0.1308893236335312,0.13088932601446002
6.5625,0.13576328988338449,-0.3361950142081305,0.13576329072933757,-0.33619501740387747,0.13145875846124488,0.13145876083685212
6.58125,0.1357360129798389,-0.337040359740346,0.13573601375097483,-0.3370403629455613,0.132020469316376,0.13202047168348052
6.6,0.1356900270851219,-0.3378793536156871,0.1356900277822279,-0.33787935683474263,0.1325742410528258,0.13257424341460114
6.6187499999999995,0.13562560124669662,-0.3387116208261038,0.1356256018688116,-0.33871162405130245,0.1331198657988097,0.13311986814974822
6.6375,0.13554301106318875,-0.3395367949015181,0.13554301161100768,-0.33953679813586024,0.13365714294262365,0.13365714528493366
6.65625,0.1354425384546583,-0.3403545180399997,0.13544253892780275,-0.3403545212781265,0.13418587917576702,0.134185881505672
6.675,0.13532447142191106,-0.34116444115850986,0.13532447182065305,-0.34116444439938315,0.1347058884790424,0.1347058907958785
6.69375,0.13518910381251922,-0.34196622398532156,0.13518910413701085,-0.34196622722912307,0.13521699213876665,0.13521699444268778
6.7124999999999995,0.13503673508351507,-0.34275953513495416,0.13503673533374372,-0.34275953837588474,0.1357190187502457,0.13571902103724515
6.73125,0.13486767006434375,-0.3435440521503871,0.13486767024057783,-0.3435440553923164,0.13621180419871964,0.1362118064715202
6.75,0.13468221872130504,-0.344319461598276,0.13468221882369355,-0.3443194648345127,0.13669519167718688,0.1366951939311985
6.76875,0.13448069592080258,-0.34508545908368504,0.13448069594960083,-0.3450854623156631,0.1371690316484421,0.13716903388470394
6.7875,0.13426342119392337,-0.34584174932941536,0.1342634211494192,-0.34584175255405925,0.13763318185196405,0.1376331840684095
6.8062499999999995,0.13403071850085857,-0.3465880462022491,0.13403071838368594,-0.34658804941550647,0.13808750727413446,0.13808750946809248
6.825,0.13378291599781128,-0.3473240727442931,0.13378291580781385,-0.3473240759501921,0.13853188012247822,0.1385318822966954
6.84375,0.13352034579999916,-0.34804956123267355,0.1335203455383181,-0.3480495644240596,0.13896617981868278,0.1389661819684495
6.8625,0.13324334375237853,-0.34876425316457726,0.13324334341992972,-0.34876425634474545,0.1393902929416517,0.13939029506942469
6.88125,0.1329522491948147,-0.3494678993177773,0.13295224879371123,-0.34946790248213405,0.13980411322153458,0.13980411532456724
6.8999999999999995,0.13264740473637868,-0.350160259736026,0.13264740426628796,-0.35016026288359103,0.14020754148374268,0.14020754356128964
6.91875,0.13232915601995449,-0.35084110375357425,0.13232915548030644,-0.35084110688393383,0.1406004856180156,0.14060048766967498
6.9375,0.13199785149452506,-0.35151021000235455,0.13199785088622898,-0.35151021311020564,0.14098286053707207,0.14098286255936532
6.95625,0.13165384219292653,-0.3521673663922483,0.13165384151557147,-0.3521673694813148,0.14135458811778334,0.14135459011319604
6.975,0.13129748149882092,-0.35281237013759337,0.1312974807556901,-0.3528123732026098,0.14171559717209012,0.1417155991376484
6.9937499999999995,0.13092912493474285,-0.35344502771259073,0.13092912412621832,-0.3534450307554558,0.14206582337309423,0.1420658253101838
7.0125,0.13054912992986617,-0.3540651548638362,0.13054912905725596,-0.35406515788188714,0.14240520921648875,0.14240521112353371
7.03125,0.13015785560580578,-0.3546725765752081,0.13015785466940766,-0.35467257956440346,0.14273370395274113,0.14273370582701078
7.05,0.1297556625577921,-0.35526712703795843,0.12975566155576715,-0.35526713000099036,0.14305126352193565,0.1430512653649154
7.06875,0.1293429126316045,-0.3558486496451392,0.1293429115659404,-0.35584865257543374,0.14335785050455446,0.14335785231210643
7.0874999999999995,0.12891996872279102,-0.35641699692324247,0.12891996759219987,-0.35641699982301017,0.14365343403342123,0.1436534358068095
7.10625,0.12848719455088373,-0.35697203052671517,0.12848719335785735,-0.35697203339163,0.1439379897439948,0.14393799148073444
7.125,0.12804495446265143,-0.35751362116874674,0.1280449532079437,-0.35751362399851483,0.14421149968653735,0.1442115013865759
7.14375,0.12759361321790091,-0.3580416485880184,0.1275936119022778,-0.3580416513824905,0.14447395225958265,0.14447395392296994
7.1625,0.12713353578488895,-0.35855600149687455,0.12713353441100797,-0.35855600425197853,0.14472534213252,0.1447253437569798
7.1812499999999995,0.12666508714613664,-0.35905657751003217,0.12666508571270432,-0.35905658022877196,0.14496567015684406,0.1449656717441873
7.199999999999999,0.12618863208496608,-0.35954328311044664,0.1261886305950794,-0.3595432857876796,0.1451949432991623,0.14519494484646242
7.21875,0.1257045350052981,-0.36001603355515427,0.1257045334584112,-0.3600160361921261,0.14541317453948158,0.14541317604748707
7.2375,0.1252131597235754,-0.36047475283136476,0.1252131581217412,-0.36047475542579627,0.14562038279855746,0.14562038426610785
7.25625,0.12471486928569987,-0.36091937356982423,0.12471486763191604,-0.36091937612041164,0.14581659284079482,0.1458165942675935
7.2749999999999995,0.12421002578215407,-0.3613498369699482,0.12421002407554124,-0.36134983947972954,0.14600183518490772,0.1460018365728728
7.293749999999999,0.12369899014930373,-0.3617660927351526,0.12369898839391022,-0.3617660951998559,0.14617614601882925,0.14617614736582796
7.3125,0.12318212200685331,-0.36216809896467245,0.12318212020097206,-0.3621681013859619,0.14633956709188436,0.14633956839871912
7.33125,0.12265977945858098,-0.36255582209241916,0.12265977760439684,-0.36255582446549817,0.1464921456320177,0.14649214689581724
7.35,0.12213231893217297,-0.3629292367737698,0.12213231702979614,-0.36292923909799996,0.1466339342349756,0.14663393545531986
7.3687499999999995,0.12160009499843605,-0.3632883258071555,0.12160009304815358,-0.36328832808157446,0.146764990773344,0.14676499194962528
7.387499999999999,0.12106346020128246,-0.36363308003446243,0.12106345820651776,-0.3636330822561676,0.14688537829313786,0.14688537942404203
7.40625,0.12052276490303607,-0.3639634982323364,0.12052276286200676,-0.36396350040370307,0.1469951649072024,0.14699516599400791
7.425,0.1199783571019347,-0.36427958702760393,0.11997835501917291,-0.3642795891451896,0.14709442369965062,0.1470944247408948
7.44375,0.11943058229583042,-0.36458136076977293,0.11943058017077134,-0.36458136283489223,0.14718323260999938,0.1471832336064744
7.4624999999999995,0.1188797833068605,-0.36486884144090276,0.11887978114197575,-0.3648688434516633,0.1472616743352213,0.14726167528611847
7.481249999999999,0.11832630014051741,-0.36514205853262954,0.11832629793808123,-0.36514206048752984,0.14732983621606963,0.14732983712081046
7.5,0.11777046983734678,-0.36540104893320596,0.11777046759573177,-0.3654010508336333,0.14738781012882865,0.14738781098804074
7.51875,0.11721262631392224,-0.36564585682085887,0.11721262403770745,-0.3656458586636191,0.14743569237925833,0.14743569319166025
7.5375,0.11665310024382496,-0.3658765335279608,0.1166530979313044,-0.3658765353145733,0.14747358358447196,0.14747358435076674
7.5562499999999995,0.11609221889519451,-0.3660931374374869,0.11609221655033822,-0.36609313916560116,0.14750158856832926,0.14750158928769486
7.574999999999999,0.11553030601749746,-0.36629573384436015,0.11553030364079797,-0.3662957355141474,0.1475198162425325,0.1475198169151852
7.59375,0.11496768169771072,-0.36648439483897066,0.11496767929017768,-0.3664843964501532,0.1475283794968511,0.14752838012280223
7.6125,0.11440466223518632,-0.36665919917733,0.1144046598005079,-0.3666592007281475,0.14752739508389603,0.14752739566267395
7.63125,0.11384156002913731,-0.3668202321453333,0.11384155756510848,-0.3668202336373694,0.14751698350237297,0.14751698403462415
7.6499999999999995,0.11327868343762634,-0.36696758543908164,0.11327868094908136,-0.36696758687001796,0.14749726888566844,0.14749726937076796
7.668749999999999,0.11271633668758056,-0.3671013570170398,0.11271633417356017,-0.3671013583877257,0.14746837888129968,0.1474683793196391
7.6875,0.11215481974028925,-0.3672216509767473,0.11215481720373005,-0.3672216522863522,0.1474304445383227,0.14743044492992063
7.70625,0.11159442819721296,-0.3673285774101397,0.11159442564063052,-0.3673285786591929,0.1473836001881155,0.14738360053384508
7.725,0.11103545319469625,-0.3674222522685355,0.11103545061675027,-0.36742225345869894,0.14732798332959635,0.14732798363033323
7.7437499999999995,0.11047818128998708,-0.36750279722681156,0.1104781786954223,-0.367502798356803,0.14726373451212194,0.14726373476793866
7.762499999999999,0.10992289438718687,-0.3675703395336042,0.10992289177402366,-0.3675703406039446,0.14719099721680853,0.14719099742766356
7.78125,0.10936986961874323,-0.36762501187879465,0.10936986699098425,-0.3676250128868898,0.14710991774080184,0.14710991790571143
7.8,0.10881937927875417,-0.3676669522399029,0.10881937663660468,-0.36766695318543824,0.14702064507745496,0.1470206451962425
7.81875,0.10827169072308157,-0.36769630374576745,0.10827168806768271,-0.36769630462811,0.1469233308017357,0.14692333087419346
7.8374999999999995,0.10772706629085628,-0.36771321452829847,0.10772706362594525,-0.3677132153469049,0.14681812895172053,0.14681812897822769
7.856249999999999,0.10718576323696698,-0.3677178375753429,0.10718576056028076,-0.36771783833122446,0.146705195913078,0.14670519589387437
7.875,0.10664803363617602,-0.3677103305884111,0.10664803095276437,-0.3677103312810488,0.14658469030117335,0.14658469023692045
7.89375,0.10611412433965729,-0.3676908558292695,0.10611412164846785,-0.36769085645945704,0.14645677284608258,0.14645677273711488
7.9125,0.10558427688499453,-0.3676595799771561,0.105584274189042,-0.36765958054458037,0.1463216062755338,0.14632160612224354
7.9312499999999995,0.10505872744871368,-0.3676166739764078,0.1050587247500594,-0.36761667448107643,0.14617935519982617,0.14617935500263446
7.949999999999999,0.10453770678466066,-0.36756231288902425,0.10453770408210257,-0.3675623133312125,0.14603018599729695,0.14603018575614965
7.96875,0.10402144015737537,-0.3674966757461768,0.10402143745558072,-0.36749667612564296,0.14587426669804765,0.14587426641372098
7.9875,0.10351014731219355,-0.36741994539680173,0.10351014460925625,-0.36741994571396697,0.1457117668730852,0.14571176654548357
8.00625,0.10300404240232651,-0.3673323083602155,0.1030040397024614,-0.3673323086151509,0.14554285751753906,0.14554285714756268
8.025,0.10250333396764338,-0.36723395467478653,0.10250333127098261,-0.36723395486789895,0.14536771094161108,0.14536771052956685
8.04375,0.10200822487872979,-0.36712507774947395,0.10200822218658896,-0.3671250778810538,0.14518650065648456,0.1451865002028383
8.0625,0.10151891230439108,-0.36700587421364916,0.10151890962017861,-0.3670058742841087,0.14499940126378805,0.144999400769513
8.081249999999999,0.10103558768721166,-0.36687654376776263,0.10103558500851788,-0.36687654377791173,0.14480658834727206,0.1448065878124394
8.1,0.1005584366932422,-0.3667372890343815,0.10055843402454197,-0.36673728898564023,0.1446082383595101,0.14460823778600515
8.11875,0.10008763921098127,-0.3665883154118038,0.10008763655118923,-0.3665883153041242,0.1444045285203496,0.14440452790791894
8.1375,0.09962336930652303,-0.366429830922362,0.09962336665873554,-0.36642983075559415,0.14419563670282895,0.14419563605199423
8.15625,0.09916579521958938,-0.3662620460655313,0.09916579258559652,-0.36626204583993,0.143981741330682,0.14398174064198055
8.174999999999999,0.09871507934352773,-0.36608517367220644,0.09871507672256265,-0.3660851733874838,0.14376302127340887,0.14376302054648554
8.19375,0.09827137820419753,-0.3658994287553825,0.09827137560043059,-0.36589942841255024,0.14353965573863525,0.1435396549750319
8.2125,0.09783484246935764,-0.36570502836852087,0.0978348398809941,-0.36570502796755616,0.14331182417595423,0.1433118233752908
8.23125,0.09740561692051748,-0.36550219145582763,0.0974056143513549,-0.3655021909980386,0.14307970616758348,0.14307970533153158
8.25,0.09698384047155784,-0.36529113871260604,0.09698383792151324,-0.36529113819848086,0.1428434813354489,0.142843480464328
8.268749999999999,0.09656964615500473,-0.36507209243858646,0.09656964362519782,-0.36507209186907447,0.1426033292368679,0.14260332833155967
8.2875,0.0961631611310175,-0.36484527639633696,0.09616315862389067,-0.36484527577347203,0.14235942926834108,0.1423594283307444
8.30625,0.095764506700508,-0.3646109156741596,0.0957645042140049,-0.3646109149975965,0.1421119605732794,0.14211195960273873
8.325,0.09537379829855569,-0.3643692365388271,0.09537379583716869,-0.36436923580956976,0.14186110193872267,0.1418611009368398
8.34375,0.09499114553082078,-0.3641204663031091,0.09499114309357072,-0.364120465520823,0.14160703171097935,0.14160703067732405
8.362499999999999,0.09461665216860612,-0.36386483318287716,0.09461664975831893,-0.36386483234844774,0.1413499276956972,0.1413499266314524
8.38125,0.09425041618275179,-0.36360256616459313,0.09425041380076488,-0.36360256527884904,0.14108996707296717,0.14108996597897508
8.4,0.09389252976102985,-0.36333389486975787,0.09389252740674438,-0.36333389393275484,0.14082732630698738,0.14082732518316457
8.41875,0.0935430793269383,-0.3630590494178002,0.09354307700368407,-0.363059048431641,0.14056218105493318,0.1405621799034058
8.4375,0.09320214558243313,-0.3627782603012132,0.09320214328852301,-0.3627782592656239,0.140294706089134,0.14029470490937065
8.456249999999999,0.09286980351974815,-0.36249175824586743,0.09286980125839762,-0.36249175716287474,0.14002507520275184,0.14002507399680278
8.475,0.09254612247304542,-0.36219977409067666,0.09254612024403638,-0.3621997729606063,0.13975346113689277,0.13975345990493834
8.49375,0.09223116614129498,-0.3619025386539405,0.09223116394581186,-0.36190253747768325,0.13948003549269045,0.13948003423558514
8.5125,0.09192499263207765,-0.3616002826095761,0.09192499047239475,-0.36160028138890277,0.13920496865445633,0.1392049673738835
8.53125,0.09162765450789047,-0.36129323636654925,0.09162765238195511,-0.361293235100993,0.13892842971554892,0.13892842841076977
8.549999999999999,0.09133919881538355,-0.3609816299375839,0.09133919672585615,-0.3609816286303755,0.13865058639337755,0.13865058506716293
8.56875,0.09105966714927301,-0.360665692831672,0.09105966509478225,-0.3606656914827337,0.13837160496787404,0.13837160361989234
8.5875,0.0907890956846991,-0.36034565392323636,0.0907890936672463,-0.3603456525344312,0.13809165019744196,0.13809164882938504
8.60625,0.09052751523942683,-0.360021741343908,0.09052751326041744,-0.3600217399158189,0.1378108852565744,0.1378108838691286
8.625,0.09027495132360037,-0.3596941823643201,0.09027494938321193,-0.3596941808964709,0.13752947166405347,0.1375294702569246
8.643749999999999,0.09003142419052362,-0.359363203277693,0.09003142229158863,-0.359363201772388,0.13724756921259515,0.1372475677879484
8.6625,0.08979694890452719,-0.3590290292989395,0.08979694704598963,-0.35902902775520074,0.13696533591267981,0.136965334469625
8.68125,0.08957153538670114,-0.35869188444277106,0.08957153357086751,-0.3586918828634111,0.13668292791738917,0.13668292645833605
8.7,0.08935518848976462,-0.3583519914303836,0.08935518671623897,-0.3583519898157026,0.13640049947289193,0.13640049799796736
8.71875,0.08914790805171964,-0.358009571574908,0.08914790632120483,-0.3580095699263504,0.1361182028499606,0.13611820136030464
8.737499999999999,0.08894968896537926,-0.35766484468300563,0.08894968727937648,-0.35766484300276236,0.135836188289859,0.13583618678728954
8.75625,0.08876052124902754,-0.3573180289581258,0.08876051960614781,-0.35731802724517797,0.13555460395160826,0.13555460243513912
8.775,0.08858039010504958,-0.35696934089108157,0.08858038850775225,-0.3569693391485522,0.13527359584805154,0.13527359432033842
8.79375,0.0884092760045548,-0.3566189951793239,0.08840927445204338,-0.3566189934066496,0.13499330780701685,0.13499330626750877
8.8125,0.08824715474732167,-0.35626720461883604,0.08824715324093872,-0.3562672028183711,0.13471388140856058,0.1347138798591561
8.831249999999999,0.08809399754502234,-0.35591418002318165,0.08809399608446479,-0.3559141781963371,0.13443545594569087,0.1344354543873037
8.85,0.08794977109191912,-0.355560130130653,0.08794976967634277,-0.3555601282777461,0.13415816837433064,0.134158166807009
8.86875,0.0878144376403341,-0.35520526151361026,0.08781443627105297,-0.35520525963752825,0.1338821532657614,0.13388215169176668
8.8875,0.0876879550860776,-0.3548497785041691,0.08768795376231697,-0.35484977660381123,0.1336075427723831,0.13360754119079699
8.90625,0.08757027703872076,-0.35449388309764296,0.08757027576293616,-0.3544938811757147,0.13333446657502962,0.13333446498821838
8.924999999999999,0.08746135291369188,-0.3541377748870675,0.08746135168592516,-0.354137772943487,0.1330630518561869,0.13306305026410178
8.94375,0.08736112800574426,-0.3537816509748419,0.08736112682687952,-0.3537816490109988,0.13279342325362356,0.13279342165740368
8.9625,0.0872695435766863,-0.3534257059023785,0.08726954244751581,-0.3534257039206029,0.13252570282935652,0.13252570123077248
8.98125,0.08718653694081736,-0.3530701315812573,0.08718653586032418,-0.3530701295803731,0.13226001003919266,0.13226000843722505
9.0,0.0871120415449707,-0.35271511721013016,0.08711204051427178,-0.35271511519372734,0.13199646169132803,0.1319964600886845
9.018749999999999,0.08704598706322177,-0.35236084922397215,0.08704598608149744,-0.3523608471914468,0.13173517193027756,0.13173517032637438
9.0375,0.08698829947691422,-0.35200751121222207,0.08698829854493663,-0.3520075091660927,0.13147625219632558,0.13147625059305984
9.05625,0.0869389011690057,-0.35165528386753914,0.08693890028681707,-0.3516552818088277,0.1312198112090409,0.13121980960712712
9.075,0.0868977110104852,-0.3513043449197687,0.08689771017796559,-0.35130434284864454,0.13096595493896104,0.1309659533384917
9.09375,0.086864644450029,-0.3509548690746104,0.08686464366786636,-0.35095486699400325,0.13071478658318433,0.1307147849863239
9.112499999999999,0.08683961360784949,-0.35060702796809373,0.0868396128754122,-0.3506070258768778,0.1304664065527394,0.13046640495858108
9.13125,0.08682252736241217,-0.3502609900978226,0.08682252668028963,-0.3502609879992113,0.1302209124424485,0.13022091085333326
9.15,0.08681329144714493,-0.34991692078782133,0.08681329081494046,-0.34991691868177716,0.12997839902604766,0.12997839744186887
9.16875,0.08681180853925566,-0.3495749821272953,0.08681180795704141,-0.3495749800154434,0.12973895823167253,0.12973895665356788
9.1875,0.0868179783545547,-0.3492353329302508,0.0868179778224449,-0.34923533081483477,0.12950267913298164,0.12950267756252562
9.206249999999999,0.08683169774109323,-0.3488981286946562,0.08683169725852437,-0.348898126574387,0.12926964793972637,0.12926964637591304
9.225,0.08685286077057744,-0.3485635215484089,0.0868528603378676,-0.3485635194267857,0.12903994797874319,0.12903994642405633
9.24375,0.0868813588355485,-0.34823166022752716,0.08688135845226272,-0.34823165810378204,0.1288136596983998,0.12881365815221993
9.2625,0.08691708074073413,-0.34790269002269797,0.08691708040692155,-0.3479026878993753,0.12859086064997713,0.12859085911407342
9.28125,0.08695991279949312,-0.3475767527573859,0.08695991251488579,-0.3475767506353508,0.12837162549190934,0.12837162396682542
9.299999999999999,0.08700973892722444,-0.3472539867496059,0.08700973869156228,-0.34725398462916296,0.1281560259821114,0.1281560244680049
9.31875,0.08706644073623167,-0.34693452678024034,0.087066440549334,-0.34693452466414887,0.12794413097512713,0.12794412947386966
9.3375,0.0871298976306862,-0.3466185040749397,0.08712989749219413,-0.3466185019620585,0.12773600642869268,0.12773600493942178
9.35625,0.08719998690076802,-0.346306046264513,0.08719998681035127,-0.3463060441578877,0.12753171539525504,0.12753171392001025
9.375,0.08727658381795132,-0.34599727737767216,0.08727658377475458,-0.34599727527699564,0.12733131803610112,0.12733131657449684
9.393749999999999,0.08735956172816989,-0.3456923178077474,0.08735956173148847,-0.34569231571449116,0.12713487161705386,0.12713487016996516
9.4125,0.08744879214615814,-0.34539128430059646,0.08744879219598647,-0.34539128221686816,0.12694243051906617,0.1269424290879491
9.43125,0.08754414485067816,-0.3450942899412989,0.08754414494701605,-0.3450942878658723,0.12675404624815156,0.12675404483215766
9.45,0.08764548797787787,-0.34480144412840086,0.08764548812038535,-0.3448014420645777,0.12656976743632917,0.12656976603767295
9.46875,0.08775268811407953,-0.34451285257878583,0.08775268830232474,-0.34451285052565184,0.12638963986363366,0.1263896384815951
9.487499999999999,0.08786561038972819,-0.34422861730211923,0.08786561062249629,-0.34422861526178883,0.12621370645931673,0.12621370509511276
9.50625,0.08798411856995736,-0.3439488366053413,0.08798411884658548,-0.3439488345782852,0.12604200732314857,0.12604200597697068
9.525,0.08810807514831764,-0.34367360508122113,0.08810807546842968,-0.34367360306773653,0.12587457973633312,0.12587457840831062
9.54375,0.08823734143827687,-0.343403013604073,0.08823734180163954,-0.3434030116068284,0.12571145817692808,0.12571145686885885
9.5625,0.08837177766375769,-0.34313714933714856,0.08837177807066979,-0.3431371473551977,0.12555267434314482,0.12555267305443438
9.581249999999999,0.08851124305152772,-0.34287609572010935,0.08851124350129672,-0.34287609375633704,0.12539825716324687,0.12539825589575032
9.6,0.08865559591793756,-0.3426199324862889,0.08865559641046111,-0.34261993054051476,0.12524823282491027,0.12524823157848172
9.61875,0.08880469376098606,-0.3423687356560622,0.08880469429543551,-0.342368733729684,0.12510262478913436,0.12510262356457302
9.6375,0.08895839334690808,-0.3421225775497486,0.08895839392227604,-0.3421225756443508,0.12496145381655722,0.12496145261475537
9.65625,0.08911655079730674,-0.3418815267979319,0.08911655141352018,-0.3418815249123725,0.124824737992095,0.12482473681224773
9.674999999999999,0.08927902167941934,-0.34164564834265415,0.0892790223350918,-0.3416456464796572,0.12469249274390141,0.12469249158761272
9.69375,0.08944566108728835,-0.3414150034639586,0.08944566178237721,-0.34141500162273175,0.12456473087802444,0.12456472974473737
9.7125,0.08961632373202993,-0.34118964978055044,0.08961632446543517,-0.34118964796314977,0.1244414625969979,0.12444146148791217
9.73125,0.08979086402210318,-0.34096964127685503,0.08979086479330646,-0.3409696394837049,0.12432269553467319,0.12432269444997752
9.75,0.08996913614897563,-0.3407550283151045,0.08996913695738823,-0.3407550265464192,0.1242084347817847,0.12420843372150814
9.768749999999999,0.09015099417002728,-0.3405458576550065,0.09015099501383991,-0.3405458559122727,0.124098682916202,0.12409868188100777
9.7875,0.09033629208578192,-0.34034217248065285,0.09033629296498859,-0.34034217076264034,0.12399344003704693,0.12399343902608245
9.80625,0.09052488392676201,-0.34014401241359915,0.09052488483970211,-0.3401440107224034,0.12389270379118421,0.1238927028055638
9.825,0.09071662382593619,-0.33995141354917546,0.09071662477269989,-0.3399514118847003,0.12379646941287711,0.12379646845255197
9.84375,0.09091136610278329,-0.33976440847342965,0.09091136708277159,-0.3397644068372811,0.12370472975238815,0.12370472881834792
9.862499999999999,0.09110896533765474,-0.3395830262969246,0.09110896634987561,-0.3395830246904327,0.12361747531428156,0.1236174744072458
9.88125,0.09130927644619614,-0.3394072926838736,0.09130927749108973,-0.33940729110643597,0.1235346942925134,0.1235346934121538
9.9,0.09151215475980311,-0.33923722987690297,0.0915121558353873,-0.33923722833052194,0.12345637260371346,0.12345637175101487
9.91875,0.09171745609083283,-0.339072856739359,0.09171745719721378,-0.33907285522328773,0.12338249392952833,0.12338249310399538
9.9375,0.09192503681339112,-0.3389141887788529,0.09192503794883904,-0.3389141872945375,0.12331303974912837,0.12331303895141238
9.956249999999999,0.09213475392758015,-0.3387612381909427,0.09213475509146152,-0.3387612367385105,0.12324798938230787,0.12324798861236876
9.975,0.09234646513331912,-0.3386140138907469,0.09234646632504248,-0.3386140124704593,0.12318732002616765,0.12318731928406661
9.99375,0.09256002889891041,-0.33847252155132057,0.09256003011684792,-0.33847252016454,0.12313100679541582,0.12313100608176669
10.0125,0.09277530452407108,-0.33833676364703497,0.09277530576867833,-0.3383367622929772,0.12307902276501438,0.1230790220793663
10.03125,0.09299215221350567,-0.338206739486169,0.09299215348276632,-0.338206738166466,0.12303133900748772,0.12303133835056286
10.049999999999999,0.09321043313246216,-0.3380824452614652,0.09321043442632361,-0.3380824439757718,0.1229879246390262,0.12298792401057483
10.06875,0.09343000947760174,-0.3379638740853613,0.0934300107947198,-0.33796387283449053,0.12294874685807591,0.12294874625838913
10.0875,0.09365074453420866,-0.3378510160383154,0.09365074587327625,-0.3378510148229309,0.1229137709902321,0.12291377041950527
10.10625,0.0938725027363772,-0.33774385821358055,0.09387250409765945,-0.3377438570330788,0.12288296053127708,0.12288295998914583
10.125,0.09409514973154985,-0.3376423847588851,0.0940951511128592,-0.33764238361460724,0.12285627718895462,0.1228562766759054
10.143749999999999,0.09431855242908785,-0.33754657693054846,0.09431855383073767,-0.3375465758218911,0.122833680930127,0.12283368044580543
10.1625,0.09454257906601735,-0.33745641313400254,0.09454258048613705,-0.33745641206198923,0.12281513002199199,0.12281512956672874
10.18125,0.09476709925347392,-0.3373718689789368,0.09476710069153317,-0.3373718679435547,0.12280058107952346,0.12280058065320251
10.2,0.09499198403491767,-0.33729291732523947,0.09499198549022511,-0.33729291632663433,0.12278998910891842,0.1227899887115011
10.21875,0.09521710593730852,-0.3372195283344009,0.09521710740805041,-0.3372195273733185,0.12278330755340419,0.12278330718504053
10.237499999999999,0.09544233901689628,-0.3371516695234058,0.09544234050361657,-0.3371516685992032,0.12278048833968057,0.12278048800003522
10.25625,0.09566755891660607,-0.33708930581201246,0.09566756041704162,-0.3370893049256256,0.1227814819221256,0.12278148161138971
10.275,0.0958926429030088,-0.3370323995815668,0.09589264441719583,-0.3370323987326329,0.12278623733086548,0.12278623704879521
10.29375,0.09611746992098241,-0.33698091072381137,0.09611747144743857,-0.3369809099126487,0.12279470221648929,0.12279470196300582
10.3125,0.09634192063247522,-0.3369347966984018,0.09634192216984526,-0.33693479592479625,0.1228068228975825,0.12280682267226464
10.331249999999999,0.09656587745936843,-0.33689401258638585,0.09656587900791949,-0.33689401184984175,0.12282254440629502,0.12282254420885344
10.35,0.0967892246302375,-0.3368585111442368,0.09678922618778717,-0.3368585104457185,0.12284181053507702,0.12284181036573887
10.36875,0.09701184821085931,-0.3368282428644209,0.0970118497778697,-0.33682824220359553,0.12286456388466012,0.12286456374328797
10.3875,0.09723363615249911,-0.336803156026909,0.0972336377270345,-0.3368031554044508,0.12289074590935686,0.12289074579602684
10.40625,0.09745447831958592,-0.336783196760279,0.09745447990122219,-0.3367831961761143,0.12292029696484139,0.12292029687941684
10.424999999999999,0.097674266530572,-0.3367683090966432,0.09767426811854955,-0.33676830855074125,0.12295315635431513,0.12295315629662158
10.44375,0.09789289459037637,-0.33675843503017855,0.09789289618288992,-0.3367584345226802,0.1229892623754693,0.12298926234524035
10.4625,0.0981102583182736,-0.3367535145763159,0.09811025991593177,-0.33675351410669774,0.12302855236698544,0.12302855236398155
10.48125,0.09832625558720677,-0.336753485828063,0.09832625718771829,-0.3367534853965256,0.12307096275535508,0.12307096277925332
10.5,0.09854078634216598,-0.3367582850178379,0.09854078794567099,-0.33675828462369123,0.12311642910129353,0.12311642915164474
10.518749999999999,0.09875375263706296,-0.336767846573588,0.09875375424210119,-0.3367678462165985,0.12316488614592744,0.12316488622227587
10.5375,0.0989650586547644,-0.33678210317946167,0.09896506026021402,-0.33678210285982124,0.12321626785673866,0.12321626795899099
10.55625,0.09917461073250887,-0.336800985835952,0.09917461233861073,-0.33680098555357646,0.1232705074742281,0.12327050760237415
10.575,0.09938231738969203,-0.33682442391828105,0.09938231899429512,-0.3368244236733392,0.12332753755783765,0.12332753771156096
10.59375,0.09958808934054938,-0.33685234523752466,0.09958809094419134,-0.3368523450295691,0.12338729003072924,0.12338729020982839
10.612499999999999,0.09979183952438124,-0.336884676098969,0.09979184112518052,-0.33688467592751037,0.12344969622617925,0.12344969642993699
10.63125,0.09999348311505812,-0.3369213413620975,0.09999348471266489,-0.336921341227034,0.12351468693093022,0.12351468715920542
10.65,0.10019293754404084,-0.3369622645012311,0.10019293913766793,-0.3369622644024887,0.12358219243171435,0.12358219268429714
10.66875,0.10039012251448207,-0.3370073676650858,0.10039012410248097,-0.3370073676025274,0.12365214255923322,0.12365214283569659
10.6875,0.10058496001186158,-0.33705657173636383,0.10058496159486627,-0.3370565717098767,0.12372446673146237,0.12372446703185593
10.706249999999999,0.10077737432495926,-0.33710979639173067,0.10077737590082751,-0.337109796401018,0.12379909399930544,0.12379909432299249
10.725,0.10096729204701545,-0.3371669601609304,0.10096729361595995,-0.33716696020574916,0.12387595308766161,0.12387595343451673
10.74375,0.10115464209475729,-0.3372279804866625,0.10115464365539185,-0.3372279805665945,0.1239549724406181,0.12395497281007269
10.7625,0.1013393557109365,-0.33729277378341027,0.10133935726233084,-0.33729277389803386,0.12403608026259721,0.12403608065417251
10.78125,0.10152136647283772,-0.33736125549664314,0.10152136801522825,-0.3373612556455206,0.12411920456096495,0.1241192049744057
10.799999999999999,0.10170061030194195,-0.33743334016203697,0.1017006118335756,-0.3374333403442582,0.12420427318888361,0.12420427362320761
10.81875,0.10187702546096808,-0.3375089414622619,0.1018770269823482,-0.33750894167770784,0.12429121388394267,0.12429121433916851
10.8375,0.10205055256582425,-0.3375879722874149,0.10205055407511066,-0.3375879725357975,0.12437995431230951,0.12437995478786741
10.85625,0.10222113457883805,-0.33767034479168284,0.1022211360758004,-0.33767034507280513,0.12447042210650727,0.12447042260221457
10.875,0.10238871681526304,-0.3377559704513717,0.10238871829920541,-0.3377559707648887,0.12456254490680845,0.12456254542228642
10.893749999999999,0.10255324694041384,-0.33784476012231,0.10255324841015254,-0.33784476046723616,0.12465625040030992,0.1246562509346386
10.9125,0.10271467496512357,-0.33793662409471187,0.10271467642142439,-0.33793662447080836,0.12475146635791357,0.12475146691108208
10.93125,0.10287295324930014,-0.3380314721523476,0.1028729546904218,-0.33803147255865146,0.12484812067591608,0.12484812124690794
10.95,0.10302803648846745,-0.33812921362529136,0.10302803791459049,-0.33812921406175045,0.12494614140973206,0.12494614199854737
10.96875,0.10317988171589262,-0.3382297574481942,0.10317988312563038,-0.3382297579144027,0.12504545681457527,0.1250454574206542
10.987499999999999,0.10332844828975624,-0.33833301221385553,0.1033284496825065,-0.3383330127090846,0.1251459953798787,0.12514599600259588
11.00625,0.10347369785993056,-0.33843888637027075,0.10347369926328125,-0.3384388867507906,0.12524768595870944,0.12524768650434243
11.025,0.10361559442291746,-0.3385472879356092,0.10361559585578735,-0.33854728811081924,0.12535045758196145,0.12535045799173988
11.04375,0.10375410430274526,-0.33865812459904043,0.10375410574716222,-0.33865812467998674,0.1254542395241515,0.12545423987115875
11.0625,0.10388919607981718,-0.33877130411446704,0.10388919751226394,-0.33877130422124396,0.12555896156105237,0.1255589619235048
11.081249999999999,0.10402084058123674,-0.3388867342819361,0.10402084200098981,-0.3388867344216779,0.12566455395490386,0.12566455433758372
11.1,0.10414901101492281,-0.33900432277941084,0.10414901232451895,-0.3390043229438764,0.12577094736531633,0.1257709477428088
11.11875,0.1042736829432962,-0.3391239772904706,0.1042736838405001,-0.3391239774766361,0.1258780729321788,0.12587807324124256
11.1375,0.1043948338663995,-0.3392456055765092,0.10439483413720678,-0.339245605784995,0.1259858622411994,0.12598586243896315
11.15625,0.10451244345409419,-0.33936911553833526,0.10451244301668176,-0.3393691157595719,0.12609424741345251,0.12609424747674888
11.174999999999999,0.10462649363214568,-0.3394944152524683,0.10462649247689322,-0.33949441546519205,0.1262031611478803,0.12620316106006982
11.19375,0.10473696861541697,-0.33962141302110566,0.10473696669292538,-0.3396214131887861,0.12631253676253862,0.12631253648838314
11.2125,0.1048438546538526,-0.339750017396643,0.10484385199722615,-0.3397500174865408,0.12642230816014774,0.126422307683721
11.23125,0.104947140220888,-0.33988013724989496,0.10494713685893524,-0.33988013723029037,0.12653240991335837,0.1265324092185691
11.25,0.10504681590523192,-0.3400116818121394,0.10504681186231564,-0.3400116816531288,0.12664277727191373,0.12664277634302532
11.268749999999999,0.10514287438606933,-0.3401445607208728,0.10514286968431229,-0.34014456039423113,0.1267533461892553,0.126753345011237
11.2875,0.1052353104107928,-0.34027868406408507,0.10523530507126129,-0.3402786835428689,0.12686405334861703,0.12686405190710937
11.30625,0.10532412077162069,-0.3404139624233694,0.10532411481477344,-0.3404139616816051,0.12697483618809113,0.1269748344692809
11.325,0.10540930428098842,-0.340550306916154,0.10540929772681638,-0.34055030592865804,0.12708563292483854,0.1270856309153632
11.34375,0.10549086174593111,-0.34068762923713586,0.1054908546140189,-0.3406876279794192,0.1271963825785448,0.12719638026543922
11.362499999999999,0.10556879594163084,-0.3408258416989004,0.10556878825122186,-0.34082584014711587,0.12730702499414612,0.1273070223648187
11.38125,0.1056431115842213,-0.34096485727169995,0.10564310335430001,-0.34096485540260535,0.12741750086382225,0.1274174979060469
11.4,0.10571381530289391,-0.34110458962236007,0.10571380655227895,-0.34110458741329236,0.1275277517482487,0.1275277484501651
11.41875,0.10578091561133156,-0.3412449531523019,0.10578090635877148,-0.3412449505811584,0.1276377200971,0.1276377164472204
11.4375,0.10584442291086804,-0.34138586304896246,0.10584441314275828,-0.34138586007989435,0.12774734928523473,0.12774734525602408
11.456249999999999,0.10590434937754029,-0.34152723528762907,0.1059043390987368,-0.34152723189112794,0.1278565835911169,0.12785657916315651
11.475,0.10596070897313146,-0.3416689866801313,0.10596069821626346,-0.341668982839738,0.12796536823271015,0.12796536340121928
11.49375,0.10601351745255631,-0.3418110349281205,0.1060135062489132,-0.34181103062824775,0.12807364940580426,0.1280736441663333
11.5125,0.10606279230302856,-0.3419532986444509,0.1060627806826813,-0.34195329387029083,0.12818137428649323,0.12818136863488402
11.53125,0.10610855271193083,-0.3420956973856999,0.10610854070385184,-0.3420956921231444,0.12828849104715848,0.12828848497951417
11.549999999999999,0.10615081953417574,-0.34223815168374616,0.1061508071663571,-0.3422381459193216,0.1283949488717008,0.128394942384364
11.56875,0.106189615259084,-0.34238058307640845,0.10618960255865274,-0.3423805767972217,0.12850069797002353,0.12850069105956283
11.5875,0.10622496397680292,-0.3425229141371326,0.10622495097013289,-0.34252290733083035,0.12860568959176724,0.12860568225497176
11.60625,0.1062568913442895,-0.34266506850372824,0.10625687805710933,-0.3426650611584676,0.12870987603929934,0.12870986827317976
11.625,0.10628542455088326,-0.34280697090615164,0.10628541100837956,-0.34280696301058117,0.12881321067996135,0.12881320248175818
11.643749999999999,0.10631059228349171,-0.3429485471933285,0.10631057851040716,-0.3429485387365802,0.12891564795757537,0.12891563932477307
11.6625,0.10633242469141359,-0.3430897243590185,0.1063324107121393,-0.34308971533070926,0.12901714340321538,0.12901713433356218
11.68125,0.10635095335732653,-0.34323043057228053,0.1063509391894845,-0.34323042095695955,0.12911765365040614,0.12911764413677707
11.7,0.10636621127475754,-0.3433705952147607,0.10636619690947528,-0.34337058497301803,0.12921713645635136,0.12921712646969788
11.71875,0.10637823272162651,-0.34351014882303343,0.10637821819413865,-0.3435101379532517,0.12931555063649958,0.12931554018282176
11.737499999999999,0.1063870533401241,-0.3436490232097371,0.10638703868409842,-0.3436490117107287,0.12941285616445478,0.12941284524973243
11.75625,0.10639271005426153,-0.3437871514473258,0.10639269530193259,-0.3437871393182768,0.12950901414407298,0.12950900277425412
11.775,0.10639524103301046,-0.3439244678881523,0.10639522621530881,-0.343924455128579,0.12960398681589977,0.12960397499689666
11.79375,0.10639468565324502,-0.3440609081835924,0.10639467079992125,-0.3440608947933092,0.12969773756290381,0.1296977253005962
11.8125,0.10639108446250817,-0.34419640930221196,0.1063910696022514,-0.34419639528130924,0.12979023091551511,0.12979021821575842
11.831249999999999,0.10638447914162522,-0.3443309095469776,0.10638446430217564,-0.3443308948958106,0.12988143255597012,0.12988141942461062
11.85,0.106374912467187,-0.34446434857151625,0.10637489767544171,-0.34446433329070264,0.12997130932197418,0.12997129576486896
11.86875,0.10636242827392461,-0.3445966673954265,0.10636241355603666,-0.34459665148585245,0.13005982920968628,0.13005981523272742
11.8875,0.10634707141699741,-0.34472780841864387,0.10634705679846793,-0.34472779188147873,0.13014696137603357,0.1301469469851767
11.90625,0.10632888777152914,-0.3448577154882778,0.10632887323997915,-0.34485769827158563,0.1302326761848383,0.13023266134165953
11.924999999999999,0.10630792463241245,-0.3449863345259315,0.10630790966272276,-0.3449863158564605,0.13031694572143074,0.13031692978507112
11.94375,0.10628422910293403,-0.3451136113368968,0.10628421375590981,-0.34511359125424146,0.13039974195199103,0.13039972496211158
11.9625,0.10625784980164786,-0.3452394942231753,0.10625783407795861,-0.34523947251156023,0.1304810388754932,0.13048102068299935
11.98125,0.1062288362274203,-0.3453639328417395,0.10622882001866235,-0.34536390911326664,0.13056081160583236,0.13056079192055403
12.0,0.10619723806987696,-0.34548687723947274,0.10619722176139658,-0.34548685199124146,0.1306390355650954,0.13063901480865728
12.018749999999999,0.10616310684396621,-0.3456082808166417,0.10616309024538637,-0.34560825353230534,0.13071568886326596,0.1307156666401003
12.0375,0.10612649375613516,-0.34572809659906834,0.10612647712805276,-0.3457280675852296,0.13079074928904721,0.13079072586382823
12.05625,0.10608745119999882,-0.3458462799126287,0.10608743474745869,-0.34584624946685855,0.13086419646165526,0.1308641720815889
12.075,0.10604603260554388,-0.34596278857479346,0.10604601608487275,-0.3459627559673504,0.13093601193283427,0.1309359860439975
12.09375,0.10600229096001788,-0.3460775794726964,0.1060022747274704,-0.3460775453545464,0.13100617652147875,0.13100614964602622
12.112499999999999,0.10595628082617176,-0.3461906132879912,0.10595626483119067,-0.34619057737747605,0.13107467398901862,0.1310746459219276
12.13125,0.1059080567583476,-0.3463018509730632,0.10590804108376699,-0.346301813269009,0.13114148828243152,0.13114145903960442
12.15,0.10585767383994049,-0.34641125490185004,0.10585765866794965,-0.3464112157476614,0.1312066044387117,0.13120657429443294
12.16875,0.10580518837969051,-0.34651879152490916,0.10580517322493795,-0.34651874901856955,0.13127001056179463,0.13126997810255353
12.1875,0.1057506557728507,-0.34662442433852586,0.1057506408180387,-0.3466243787736385,0.13133169252789645,0.1313316579936367
12.206249999999999,0.1056941323659627,-0.34672812028218564,0.10569411789656852,-0.3467280721908777,0.13139163878675095,0.13139160260313623
12.225,0.10563567541828173,-0.3468298497483468,0.1056356612600159,-0.34682979793293456,0.13144984036058263,0.13144980166404102
12.24375,0.10557534137781009,-0.3469295800355116,0.10557532802247979,-0.34692952614483663,0.13150628596792058,0.1315062459981351
12.2625,0.1055131879039763,-0.34702728434875324,0.10551317557739984,-0.3470272284509541,0.13156096865711392,0.13156092750677786
12.28125,0.10544927265313292,-0.3471229353949047,0.10544926156259438,-0.3471228779511955,0.1316138811312834,0.13161383916121705
12.299999999999999,0.10538365350045939,-0.34721650713331254,0.10538364382562088,-0.3472164492164472,0.13166501700402367,0.13166497499244292
12.31875,0.10531638838059915,-0.34730797643059796,0.10531638038947339,-0.34730791828326896,0.13171437191175167,0.1317143300805981
12.3375,0.10524753579965554,-0.34739732068580165,0.1052475294186319,-0.34739726264786047,0.1317619419744866,0.13176190054395237
12.35625,0.10517715397580531,-0.347484518943375,0.10517714918547684,-0.3474844612593086,0.13180772439220032,0.13180768352745598
12.375,0.10510530101670475,-0.34756955162432546,0.10510529803708282,-0.3475694945121306,0.131851717294671,0.13185167719088198
12.393749999999999,0.10503203570973667,-0.3476524009133397,0.10503203436240453,-0.34765234423812524,0.13189392016871523,0.13189388069656927
12.4125,0.10495741614604552,-0.3477330498026499,0.10495741655986773,-0.3477329936975467,0.13193433291923287,0.13193429419677966
12.43125,0.10488150090534447,-0.347811483102454,0.1048815030053775,-0.347811427569613,0.13197295680711366,0.13197291882067913
12.45,0.10480434844828855,-0.34788768696768513,0.10480435202075615,-0.3478876319423645,0.13200979399932924,0.13200975666095666
12.46875,0.10472601665044036,-0.3479616487719194,0.10472602184262193,-0.3479615943018861,0.13204484738767652,0.13204481076009172
12.487499999999999,0.10464656393043086,-0.34803335744593683,0.10464657059172032,-0.34803330352090606,0.13207812105060412,0.13207808509628305
12.50625,0.10456604816222557,-0.3481028032042979,0.10456605624271817,-0.3481027498467879,0.13210961984462793,0.1321095845690507
12.525,0.10448452703519964,-0.3481699776289798,0.10448453659447163,-0.3481699248889279,0.13213934953482254,0.13213931498452317
12.54375,0.10440205839497547,-0.34823487373246337,0.10440206924077759,-0.34823482160557395,0.13216731690720307,0.13216728304042205
12.5625,0.10431869926053094,-0.3482974857002313,0.10431871154161844,-0.3482974342900808,0.13219352939240056,0.13219349631075655
12.581249999999999,0.10423450694747646,-0.34835780922476084,0.1042345205949094,-0.3483577585566148,0.13221799552318927,0.13221796323023938
12.6,0.10414953832367244,-0.3484158412529104,0.10414955320875711,-0.34841579132532524,0.13224072460965755,0.13224069307843628
12.61875,0.10406384962524623,-0.34847157988161886,0.10406386587423833,-0.3484715308069956,0.1322617266299679,0.13226169596366236
12.6375,0.10397749726228282,-0.3485250247348564,0.10397751473870635,-0.3485249764871915,0.1322810126535451,0.13228098280663525
12.65625,0.10389053687865311,-0.3485761764952351,0.10389055557963327,-0.3485761291099191,0.1322985943275271,0.13229856532389986
12.674999999999999,0.1038030237991126,-0.34862503713662707,0.10380304377899495,-0.34862499066080965,0.13231448412781355,0.13231445601103353
12.69375,0.10371501320201812,-0.34867161001464914,0.10371503429820597,-0.34867156434984664,0.13232869545647874,0.1323286681256473
12.7125,0.10362655931448074,-0.3487158992989167,0.10362658165361091,-0.34871585459364907,0.13234124208684558,0.1323412156701915
12.73125,0.10353771641228544,-0.348757910747318,0.10353773989253794,-0.3487578669973276,0.1323521389005527,0.13235211337458044
12.75,0.10344853807625592,-0.3487976511453728,0.10344856256992076,-0.3487976083359293,0.1323614013498982,0.13236137667864714
12.768749999999999,0.10335907713150376,-0.3488351282940361,0.10335910272549395,-0.34883508653548495,0.1323690454371465,0.1323690217144385
12.7875,0.10326938631059307,-0.3488703514118456,0.10326941286156693,-0.3488703106536759,0.13237508812637763,0.1323750652883651
12.80625,0.10317951741543714,-0.3489033305574959,0.10317954492138093,-0.3489032908601356,0.1323795467751653,0.13237952486321564
12.825,0.10308952180779254,-0.3489340770022944,0.10308955026805326,-0.34893403841640086,0.1323824394910464,0.13238241854004776
12.84375,0.1029994504019298,-0.34896260322107864,0.10299947966411267,-0.3489625656555287,0.1323837851237616,0.13238376503996713
12.862499999999999,0.10290935307258481,-0.3489889223698811,0.10290938325162945,-0.3489888859613946,0.1323836027846842,0.13238358368580602
12.88125,0.1028192795011445,-0.34901304905137914,0.10281931053294302,-0.34901301374768684,0.1323819125467446,0.1323818943837128
12.9,0.1027292785335021,-0.3490349986794615,0.10272931035199002,-0.3490349644366132,0.13237873487556248,0.1323787176046633
12.91875,0.10263939823229466,-0.34905478750281826,0.10263943087623517,-0.3490547544373342,0.13237409065629568,0.13237407436590512
12.9375,0.10254968625260101,-0.34907243308921637,0.10254971957920676,-0.3490724011241399,0.13236800160424322,0.13236798621234636
12.956249999999999,0.10246018920275278,-0.34908795359947625,0.10246022322363874,-0.349087922814384,0.13236048963394406,0.13236047519789917
12.975,0.10237095315626563,-0.3491013683211643,0.10237098784522039,-0.34910133874619126,0.13235157733143726,0.13235156386678926
12.99375,0.10228202354434499,-0.3491126975598933,0.10228205873695462,-0.34911266905595284,0.13234128785742297,0.1323412752348411
13.0125,0.10219344484517945,-0.349121962281737,0.10219348043412561,-0.3491219347556253,0.13232964463735508,0.1323296327707511
13.03125,0.10210526072112361,-0.34912918427274825,0.1021052966998758,-0.34912915770984787,0.13231667149941526,0.13231666037735754
13.049999999999999,0.1020175140636811,-0.34913438631001537,0.1020175505113924,-0.3491343606128918,0.13230239280187323,0.13230238237291728
13.06875,0.10193024707142193,-0.3491375918874589,0.101930284046703,-0.34913756696545906,0.13228683325914847,0.13228682347240192
13.0875,0.10184350114808072,-0.34913882524100814,0.10184353867207924,-0.3491388010513421,0.13227001793869544,0.13227000876881995
13.10625,0.10175731685644232,-0.3491381113818829,0.10175735493004787,-0.34913808791396156,0.13225197227473204,0.1322519637145769
13.125,0.10167173347700571,-0.3491354764746938,0.10167177252800766,-0.3491354533327951,0.13223272224081872,0.13223271410288326
13.143749999999999,0.10158679039401564,-0.3491309465518913,0.10158683032745036,-0.34913092379971167,0.13221229374001886,0.13221228604921825
13.1625,0.10150252505906467,-0.34912454915347346,0.10150256633378389,-0.34912452649522574,0.13219071332866322,0.13219070597285978
13.18125,0.10141897521796565,-0.349116311617421,0.10141901768675539,-0.3491162892646855,0.13216800748263988,0.13216800057848996
13.2,0.10133617706578735,-0.34910626253492466,0.10133622065147158,-0.349106240594409,0.1321442032321422,0.13214419683788511
13.21875,0.10125416560027964,-0.3490944313487902,0.10125421061001338,-0.34909440958778054,0.13211932795513628,0.13211932197169804
13.237499999999999,0.1011729760595348,-0.3490808472571172,0.10117302205364194,-0.3490808259413238,0.13209340890877508,0.13209340343134351
13.25625,0.10109264124543553,-0.349065540897838,0.10109268857559207,-0.34906551992076124,0.13206647385524978,0.13206646888099297
13.275,0.10101319440665835,-0.34904854277416,0.10101324286445024,-0.3490485223370772,0.13203855055356714,0.1320385461796895
13.29375,0.10093466727142623,-0.3490298843857821,0.10093471669811199,-0.34902986452259366,0.13200966714561885,0.13200966336358821
13.3125,0.10085709016756834,-0.3490095977764042,0.1008571409383155,-0.3490095783070744,0.13197985186746808,0.13197984862833317
13.331249999999999,0.10078049383363434,-0.3489877148195903,0.10078054552574628,-0.34898769599386953,0.13194913292024008,0.13194913031157654
13.35,0.10070490654469352,-0.3489642686463563,0.1007049594757083,-0.34896425033611195,0.1319175388785092,0.1319175368756486
13.36875,0.10063035689285844,-0.3489392921694217,0.10063041087435651,-0.3489392745129793,0.13188509822974348,0.13188509689038616
13.3875,0.10055687201591144,-0.34891281900254917,0.10055692687548552,-0.34891280210603226,0.13185183965332078,0.131851839016125
13.40625,0.10048447752609878,-0.348884883281497,0.10048453369786911,-0.34888486707564287,0.1318177918823945,0.13181779198686722
13.424999999999999,0.1004131995843367,-0.34885551896843214,0.1004132566231445,-0.34885550373752233,0.13178298364055976,0.13178298459362595
13.44375,0.1003430618044009,-0.3488247611326731,0.10034311999423558,-0.3488247467393618,0.1317474439040941,0.1317474456679575
13.4625,0.10027408805209587,-0.3487926445267074,0.1002741472143091,-0.3487926310375962,0.13171120148095208,0.13171120406568568
13.48125,0.10020630082729234,-0.34875920437819646,0.10020636074625726,-0.34875919187430265,0.13167428523262328,0.1316742886508257
13.5,0.10013972097023024,-0.348724476378678,0.10013978211270007,-0.3487244647542441,0.1316367240072014,0.1316367282797131
13.518749999999999,0.10007437000820742,-0.34868849599251817,0.10007443189650087,-0.3486884854220694,0.1315985466340347,0.1315985517853441
13.5375,0.10001026684117018,-0.34865129931723104,0.10001032974178786,-0.3486512898396791,0.13155978185128034,0.13155978796193304
13.55625,0.09994743059787721,-0.3486129224534644,0.0999474943554748,-0.3486129141637681,0.1315204584453272,0.13152046554969238
13.575,0.0998858791614137,-0.34857340182188706,0.09988594350927303,-0.34857339472355536,0.13148060517304241,0.1314806132198412
13.59375,0.09982562859915439,-0.34853277396773213,0.09982569404218786,-0.34853276799870897,0.13144025051187855,0.1314402595598464
13.612499999999999,0.09976669581303373,-0.34849107534725154,0.09976676186349115,-0.3484910705974777,0.13139942304578295,0.13139943305890273
13.63125,0.09970909506105777,-0.34844834277576553,0.09970916195616261,-0.34844833923503643,0.1313581510746915,0.13135816209365528
13.65,0.09965284077511506,-0.3484046129605413,0.09965290838079187,-0.34840461071205764,0.13131646285884374,0.13131647491417095
13.66875,0.09959794625399149,-0.34835992272520794,0.0995980142799326,-0.34835992189351317,0.13127438651081977,0.13127439963016024
13.6875,0.09954442296792465,-0.34831430907867045,0.09954449188290133,-0.34831430968771926,0.13123194990318648,0.13123196419745745
13.706249999999999,0.09949228318697528,-0.34826780891923204,0.09949235251101164,-0.3482678110256299,0.13118918099305826,0.1311891964047593
13.725,0.09944153663600204,-0.3482204592854118,0.09944160658323575,-0.3482204628403889,0.1311461073221166,0.13114612386062968
13.74375,0.09939219314521415,-0.34817229705481245,0.09939226362228487,-0.3481723020471463,0.13110275634200808,0.13110277398077105
13.7625,0.09934426153136107,-0.3481233590979788,0.09934433226109908,-0.3481233655231487,0.13105915529548343,0.13105917397556746
13.78125,0.09929774883952276,-0.34807368212981693,0.09929782024973827,-0.34807369008810934,0.13101533096106116,0.13101535083790256
13.799999999999999,0.09925266284382844,-0.34802330293999845,0.09925273446266497,-0.3480233124848656,0.13097131031570336,0.13097133133125471
13.81875,0.09920900891933393,-0.3479722581807821,0.09920908090641022,-0.347972269360331,0.13092711975843552,0.1309271419780734
13.8375,0.09916679244416068,-0.3479205844283641,0.09916686472761274,-0.3479205972467474,0.13088278563632044,0.13088280904843808
13.85625,0.09912601790707785,-0.34786831818150704,0.09912609022142296,-0.3478683325432447,0.13083833406386142,0.13083835854900316
13.875,0.09908668807429573,-0.34781549551168617,0.09908676084026172,-0.34781551149771334,0.13079379051343193,0.13079381621223116
13.893749999999999,0.09904880640366916,-0.34776215263479016,0.09904887920292496,-0.3477621701889958,0.13074918069646851,0.1307492074859157
13.9125,0.09901237416956718,-0.34770832528408097,0.09901244710402443,-0.3477083445094027,0.13070452955124215,0.13070455752299676
13.93125,0.0989773925068974,-0.34765404922959475,0.09897746552375511,-0.34765407014755817,0.13065986201336854,0.13065989117166946
13.95,0.0989438618040173,-0.3475993600740204,0.09894393463797967,-0.3475993825715808,0.13061520275249933,0.130615232965789
13.96875,0.09891178079471208,-0.3475442928099733,0.09891185382862043,-0.3475443170126036,0.13057057568350153,0.13057060711557145
13.987499999999999,0.09888114884673903,-0.34748888263146854,0.09888122169434897,-0.3474889084486383,0.13052600498808453,0.13052603749859307
14.00625,0.09885196333767603,-0.3474331640541426,0.09885203606156391,-0.34743319158878877,0.13048151397840396,0.13048154765108871
14.025,0.09882422144077913,-0.3473771715541408,0.09882429399564685,-0.347377200857816,0.13043712589818549,0.1304371607595495
14.04375,0.09879791971961789,-0.3473209393938994,0.09879799181248683,-0.34732097038106013,0.13039286372069842,0.1303928996526215
14.0625,0.09877305309649131,-0.3472645011805491,0.09877312509026374,-0.34726453396972284,0.13034874963584953,0.1303487867933057
14.081249999999999,0.09874961710737658,-0.3472078906875172,0.09874968868148035,-0.3472079251065121,0.1303048060720346,0.1303048442714586
14.1,0.09872760549298594,-0.34715114084492643,0.09872767672523355,-0.347151176931654,0.13026105451334263,0.1302610937965947
14.11875,0.09870701178459985,-0.3470942844295261,0.09870708265971513,-0.34709432222927417,0.1302175162956954,0.13021755669099105
14.1375,0.09868782903285575,-0.3470373539840232,0.09868789923493164,-0.3470373934141501,0.13017421249648412,0.1301742538830916
14.15625,0.0986700486751729,-0.34698038130893255,0.0986701185256342,-0.34698042251883865,0.1301311633553331,0.1301312059012145
14.174999999999999,0.0986536627352574,-0.34692339837308844,0.09865373194444828,-0.34692344118117985,0.13008838934624134,0.1300884328675586
14.19375,0.0986386616396821,-0.3468664361911459,0.09863873025519324,-0.34686648063217845,0.13004590996216236,0.1300459544925102
14.2125,0.09862503556370593,-0.34680952555022265,0.09862510358638263,-0.34680957168426624,0.13000374448819377,0.1300037900692489
14.23125,0.09861277431912455,-0.34675269701430284,0.09861284144489497,-0.3467527447199453,0.12996191198203536,0.12996195846865155
14.25,0.09860186621720679,-0.3466959802334938,0.09860193272980548,-0.34669602968081437,0.1299204305676504,0.1299204781344932
14.268749999999999,0.09859230009424524,-0.34663940506686497,0.0985923657463692,-0.34663945605697855,0.1298793186191341,0.1298793670789438
14.2875,0.09858406340568625,-0.34658300032236855,0.09858412822014583,-0.34658305287684366,0.12983859350609192,0.12983864287835914
14.30625,0.09857714331945824,-0.3465267945038096,0.09857720731125658,-0.34652684869729544,0.12979827233003796,0.12979832266936472
14.325,0.09857152674713235,-0.34647081592106943,0.09857158962876401,-0.34647087159426465,0.12975837200684276,0.12975842314523087
14.34375,0.09856719922740917,-0.3464150918167725,0.09856726124516475,-0.3464151491536768,0.12971890843834016,0.12971896055253673
14.362499999999999,0.09856414676325027,-0.3463596496712689,0.09856420771098619,-0.3463597084627881,0.12967989778414357,0.12967995068812194
14.38125,0.09856235418953845,-0.3463045158514475,0.09856241406947769,-0.34630457610190585,0.1296413551991361,0.1296414088963239
14.399999999999999,0.09856180603445874,-0.34624971633437285,0.09856186487138709,-0.346249778136494,0.12960329550703828,0.12960335006649684
14.41875,0.09856248666213166,-0.34619527695023133,0.09856254418981317,-0.3461953401096621,0.12956573339702443,0.1295657886308135
14.4375,0.09856437920699686,-0.3461412223258499,0.09856443563512517,-0.3461412870350378,0.1295286824790077,0.12952873856234315
14.456249999999999,0.09856746722425072,-0.34608757733739537,0.09856752236994039,-0.3460876433900205,0.12949215661995025,0.12949221337340672
14.475,0.09857173333013242,-0.3460343657068077,0.09857178712415064,-0.3460344331094163,0.12945616870005527,0.129456226114204
14.493749999999999,0.09857715969503596,-0.34598161073393335,0.09857721220998904,-0.3459816795794516,0.1294207312180394,0.12942078937171153
14.5125,0.09858372845443733,-0.34592933560918526,0.09858377953712817,-0.34592940563216423,0.12938585658995974,0.12938591526884752
14.53125,0.09859142082967111,-0.3458775621259684,0.09859147062780119,-0.3458776335401702,0.1293515560823349,0.12935161546390087
14.549999999999999,0.09860021827959421,-0.3458263124024395,0.09860026663193698,-0.3458263850118039,0.12931784123394935,0.12931790115022151
14.56875,0.09861010152177335,-0.3457756074062373,0.09861014834230135,-0.34577568118662966,0.12928472263920582,0.12928478305616842
14.587499999999999,0.09862105088484847,-0.3457254675477807,0.09862109620963555,-0.34572554263132205,0.12925221042910084,0.12925227144531226
14.60625,0.09863304670398079,-0.3456759132159663,0.09863309035778411,-0.34567598933591287,0.1292203147210707,0.12922037611688894
14.625,0.09864606846826134,-0.3456269633606829,0.09864611059880377,-0.34562704071040123,0.1291890444677046,0.12918910640650078
14.643749999999999,0.09866009592294492,-0.34557863721039284,0.09866013644804553,-0.34557871558172504,0.12915840886569832,0.12915847118706175
14.6625,0.09867510824545588,-0.34553095286398994,0.09867514713920209,-0.3455310321910893,0.12912841621678342,0.12912847886998277
14.681249999999999,0.09869108434893016,-0.3454839277528199,0.09869112163931255,-0.3454840081916499,0.12909907430815282,0.12909913740659365
14.7,0.09870800315529914,-0.34543757937510583,0.09870803866371726,-0.3454376606465474,0.1290703909749856,0.12907045428979716
14.71875,0.0987258428523164,-0.34539192373466576,0.09872587669095469,-0.3453920060272895,0.1290423728718716,0.12904243655595277
14.737499999999999,0.09874458187208551,-0.34534697709211515,0.0987446139775936,-0.34534706021247646,0.12901502688008196,0.12901509078698384
14.75625,0.09876419822924612,-0.3453027546274181,0.09876422857299272,-0.34530283848686777,0.12898835905001949,0.12898842311270625
14.774999999999999,0.09878466973641943,-0.3452592707627956,0.0987846983339812,-0.34525935554078385,0.12896237486776754,0.12896243921337308
14.79375,0.09880597423138342,-0.345216540071415,0.09880600093945249,-0.34521662546984083,0.12893707992878523,0.12893714432243142
14.8125,0.09882808900134393,-0.3451745755761996,0.09882811390486537,-0.34517466177501327,0.12891247864634625,0.12891254322948784
14.831249999999999,0.09885099153305738,-0.34513339054247316,0.09885101459664465,-0.3451334773630197,0.12888857564143305,0.12888864028347607
14.85,0.09887465904525497,-0.3450929972180883,0.09887468024647583,-0.3450930845470287,0.12886537477792906,0.12886543939602557
14.868749999999999,0.09889906862555907,-0.3450534070101924,0.09889908796548665,-0.3450534950476786,0.1288428793123574,0.12884294404502342
14.8875,0.09892419738545677,-0.3450146315615689,0.09892421475830958,-0.34501471999440775,0.128821092668879,0.1288211572783677
14.90625,0.0989500220696803,-0.3449766809308384,0.09895003753701906,-0.3449767699270901,0.12880001710306682,0.1288000817179059
14.924999999999999,0.09897651958542261,-0.3449395653992607,0.09897653313493752,-0.3449396547979709,0.12877965505707745,0.12877971956355472
14.94375,0.09900366669986607,-0.34490329430936983,0.09900367832030443,-0.3449033839738979,0.12876000829617734,0.1287600725975964
14.962499999999999,0.09903144013672255,-0.3448678760895938,0.0990314498098024,-0.3448679662388432,0.12874107794521422,0.1287411421891473
14.98125,0.09905981663045042,-0.34483331948719326,0.09905982428193534,-0.34483340979670984,0.1287228653515186,0.12872292929879353
15.0,0.09908877276460404,-0.3447996316584222,0.0990887783902528,-0.34479972227441885,0.12870537073260088,0.128705434483389
